Experiments,BL_OD<--AC_OD,BL_OD<--BA_OD,BL_OD<--BC_OD,BL_OD<--BL_OD,BL_OD<--BT_OD,BL_OD<--BV_OD,BL_OD<--CC_OD,BL_OD<--DF_OD,BL_OD<--delarc_OD,BL_OD<--pH,AC_OD,BA_OD,BC_OD,BL_OD,BT_OD,BV_OD,CC_OD,DF_OD,wt_OD,delarc_OD,parc-_OD,parc+_OD,pH
5comm11delarcaTc_1,0.08595594951275576,-0.06538832930928987,-0.0159186208098317,0.2461494298923112,-0.033344249505873606,0.022711118027648847,0.013410275361865107,0.0018661440018078541,-0.22431867757933618,-0.04495360283666979,1.0,1.0,1.0,1.0,1.0,1.0,1.0,1.0,0.0,1.0,0.0,0.0,0.0997489321824637
5comm11delarcaTc_2,0.10667862620528629,-0.03473807020315334,-0.020003331141627348,0.2180675724209489,-0.06520507064162065,0.03859190035004005,0.030024155963860127,0.012381736028372592,-0.22388872003628182,-0.07573936290310128,1.0,1.0,1.0,1.0,1.0,1.0,1.0,1.0,0.0,1.0,0.0,0.0,0.0997489321824637
5comm11delarcaTc_3,0.09568206554886115,-0.07035837623979087,-0.030765318780246638,0.18547493919973138,-0.041970585631206626,0.03167231867332822,0.028911999371712623,0.01679387282134722,-0.2146891430789686,-0.014582335301067513,1.0,1.0,1.0,1.0,1.0,1.0,1.0,1.0,0.0,1.0,0.0,0.0,0.0997489321824637
5comm11delarcaTc_4,0.07420179089207365,-0.023506613332049345,-0.022929160986095678,0.18037500756792732,-0.04623184955678881,0.022651012917656612,0.01814350093512431,0.03132947007072684,-0.1960926597180736,-0.05177106220032209,1.0,1.0,1.0,1.0,1.0,1.0,1.0,1.0,0.0,1.0,0.0,0.0,0.0997489321824637
6comm11delarcaTc_1,0.15728029729110068,-0.20400891003725316,0.027989553648411575,0.2861376222198749,-0.0532413069996983,0.07418910491361243,0.10419304971299749,0.05242775902961908,-0.4328104403214123,0.24656613523019072,1.0,1.0,1.0,1.0,1.0,1.0,1.0,1.0,0.0,1.0,0.0,0.0,0.294943607271727
6comm11delarcaTc_2,0.20013420462041442,-0.2256217837661667,0.030891828444259976,0.2799064186353075,-0.07304193672683576,0.08104535127139607,0.09283195030713538,0.08315072472895615,-0.4565590387813585,0.24598514595433418,1.0,1.0,1.0,1.0,1.0,1.0,1.0,1.0,0.0,1.0,0.0,0.0,0.294943607271727
6comm11delarcaTc_3,0.1539814931012528,-0.1860254043138222,0.0349648199667749,0.3440621082901793,-0.069418600987562,0.042387026886901144,0.08485173258485028,0.05262023137801368,-0.42562441685439467,0.22692387463524935,1.0,1.0,1.0,1.0,1.0,1.0,1.0,1.0,0.0,1.0,0.0,0.0,0.294943607271727
6comm11delarcaTc_4,0.18361091593118473,-0.20113899231119,0.01064531770008414,0.29757580401173434,-0.06197510367785784,0.0633284094200834,0.08726403030809828,0.07684362190127698,-0.43697531120892125,0.23954417261295013,1.0,1.0,1.0,1.0,1.0,1.0,1.0,1.0,0.0,1.0,0.0,0.0,0.294943607271727
7comm11delarcaTc_1,0.1005713995946976,-0.19896220470292736,-0.00017577030493513412,0.2426859000515516,-0.05880067667195007,0.06146362766704481,0.03872188149060569,0.0042089065245312154,-0.5393058231432475,0.013787768666591977,1.0,1.0,1.0,1.0,1.0,1.0,1.0,1.0,0.0,1.0,0.0,0.0,0.5477367110758552
7comm11delarcaTc_2,0.16757054397795831,-0.23791872778623976,-0.014640906354331448,0.2231004374263727,-0.06304259120972584,0.007939560819093297,0.08974277456452988,-0.004335047124439606,-0.5255550197187973,0.021333984577542393,1.0,1.0,1.0,1.0,1.0,1.0,1.0,1.0,0.0,1.0,0.0,0.0,0.5477367110758552
7comm11delarcaTc_3,0.18322594468360356,-0.26772459349676,-0.0023230703081935727,0.2813207965097188,-0.07098961410193663,0.0583444052894154,0.04694630041232574,-0.0053658066204060675,-0.5977993458558034,0.038559992659998966,1.0,1.0,1.0,1.0,1.0,1.0,1.0,1.0,0.0,1.0,0.0,0.0,0.5477367110758552
7comm11delarcaTc_4,0.10916951110708002,-0.2221287403907626,-0.0010200554634565914,0.1895697372086832,-0.10803679382914433,0.04563528811518587,0.06946494835874308,-0.02272240451861011,-0.4441259124587573,0.048389431043001606,1.0,1.0,1.0,1.0,1.0,1.0,1.0,1.0,0.0,1.0,0.0,0.0,0.5477367110758552
8comm11delarcaTc_1,0.10644533785545955,-0.16401459369241547,0.01590898904504012,0.23307297467699523,-0.026313337540739907,0.08036918756592534,0.08426850788740688,-0.02760135793936965,-0.35964414347651547,-0.07815564684934267,1.0,1.0,1.0,1.0,1.0,1.0,1.0,1.0,0.0,1.0,0.0,0.0,0.8453285927693228
8comm11delarcaTc_2,0.13449982202773836,-0.1970904241903159,0.0019710911126078496,0.19440617580898106,-0.0032865513091825975,0.05044978595095808,0.06092908519077236,-0.0346177140230556,-0.2761999350498715,-0.06672541798618825,1.0,1.0,1.0,1.0,1.0,1.0,1.0,1.0,0.0,1.0,0.0,0.0,0.8453285927693228
8comm11delarcaTc_3,0.11027348478041264,-0.1647892012568596,0.0038056318093415177,0.2431047678880555,-0.04192638565421753,0.025655045393530435,0.05940946452238637,-0.02592606940752138,-0.27792701657901975,-0.06734380396366445,1.0,1.0,1.0,1.0,1.0,1.0,1.0,1.0,0.0,1.0,0.0,0.0,0.8453285927693228
8comm11delarcaTc_4,0.1520007413735046,-0.12440656424581033,0.005259951309746371,0.19245127012791197,-0.01027652208733818,0.0568523243519113,0.04799474922211274,-0.029386653768141632,-0.35961270919677035,-0.06654066955468255,1.0,1.0,1.0,1.0,1.0,1.0,1.0,1.0,0.0,1.0,0.0,0.0,0.8453285927693228
delarc_pH4_0,-0.019246514338757036,0.02614830653993008,-0.0035389152970974856,-0.0750800682928251,0.012664513683513456,-0.015939919214047818,-0.008274098173512713,-0.00613360722751721,-0.022672183871998094,-0.023591596757912114,0.0,0.0,0.0,0.0,0.0,0.0,0.0,0.0,0.0,1.0,0.0,0.0,0.0032572508755295392
delarc_pH4_1,-0.017432456478152586,0.030837643913843703,-0.005208737731141888,-0.07031913894876514,0.012020723873587404,-0.016447823484954625,-0.013828578912855492,-0.006729664801741425,-0.02231800682356824,-0.02623804360182713,0.0,0.0,0.0,0.0,0.0,0.0,0.0,0.0,0.0,1.0,0.0,0.0,-0.004437627208196163
delarc_pH4_2,-0.031427308673282035,0.044973841759416724,-0.007760515127978894,-0.06925096322579878,0.015284274189287555,-0.014507902988597103,-0.01428889938265733,-0.0047840712737777956,-0.029901781027488746,-0.02400074469209041,0.0,0.0,0.0,0.0,0.0,0.0,0.0,0.0,0.0,1.0,0.0,0.0,0.0011803763326671925
delarc_pH5_0,-0.03923591909363218,0.029959793537045303,0.0006986336142796541,-0.06674656698885173,0.014181441363028211,-0.01036194625067646,-0.016426319582387806,-0.002970970088373059,-0.03139039316295607,-0.013371823359604764,0.0,0.0,0.0,0.0,0.0,0.0,0.0,0.0,0.0,1.0,0.0,0.0,0.08114687964645667
delarc_pH5_1,-0.03580128161560583,0.04592065314114417,-0.01005796589969617,-0.06987022085965651,0.016800686108839252,-0.012336186039382994,-0.009430453961553132,-0.003078471559869207,-0.04288790523277029,-0.014922937177445581,0.0,0.0,0.0,0.0,0.0,0.0,0.0,0.0,0.0,1.0,0.0,0.0,0.11230826956373989
delarc_pH5_2,-0.03829122515354792,0.04831715035940642,-0.0031954071116026346,-0.07684895628415371,0.013208075837110698,-0.013216458285308404,-0.01631612051035399,-0.003912639549892882,-0.026355903987651284,-0.01905259778156229,0.0,0.0,0.0,0.0,0.0,0.0,0.0,0.0,0.0,1.0,0.0,0.0,0.09911694942295314
delarc_pH6_0,-0.03912138722715495,0.050279302460586886,0.003058664874862068,-0.1212199826858452,0.016647141925666645,-0.02311299607157707,-0.01948336635716259,-0.02010120292963541,-0.03312267408260833,0.050512417223628446,0.0,0.0,0.0,0.0,0.0,0.0,0.0,0.0,0.0,1.0,0.0,0.0,0.2884225051673924
delarc_pH6_1,-0.05124874887785511,0.04722412051592508,-0.005085671575658992,-0.11123313934380268,0.016450767862489044,-0.019214072348954888,-0.02373125551754366,-0.01334509326995391,-0.04674352920330738,0.07126253883759288,0.0,0.0,0.0,0.0,0.0,0.0,0.0,0.0,0.0,1.0,0.0,0.0,0.29127362738877827
delarc_pH6_2,-0.049104452787534045,0.056896924154590016,-0.0029367154083498157,-0.11237415631261208,0.014196199435011849,-0.012307089291431981,-0.022076653597228556,-0.012112462012421183,-0.04592662946766486,0.05008096533382068,0.0,0.0,0.0,0.0,0.0,0.0,0.0,0.0,0.0,1.0,0.0,0.0,0.2957269459022493
delarc_pH7_0,-0.030784138160474272,0.042049558373249106,-0.010045927358872218,-0.06929609536962665,0.023554109285545084,-0.019914338534050013,-0.029896835567348682,-0.0025130726781714234,-0.043035654743080555,0.004218312285273621,0.0,0.0,0.0,0.0,0.0,0.0,0.0,0.0,0.0,1.0,0.0,0.0,0.5922068579302491
delarc_pH7_1,-0.033167701193091016,0.05815406069807384,-0.006632937590551116,-0.09065216973100021,0.018347931630585502,-0.011185322352482572,-0.025145820846538183,-0.010152546406278145,-0.0444085711054504,0.009179006340387074,0.0,0.0,0.0,0.0,0.0,0.0,0.0,0.0,0.0,1.0,0.0,0.0,0.5480973412378645
delarc_pH7_2,-0.04673809010575971,0.0645445455983281,-0.01099548807205713,-0.09534076441565284,0.02038640204290657,-0.02335345588422016,-0.032150877726709715,0.00739534738878517,-0.04579354874101347,0.02638185933313292,0.0,0.0,0.0,0.0,0.0,0.0,0.0,0.0,0.0,1.0,0.0,0.0,0.5469120935714209
delarc_pH8_0,-0.04364190533757211,0.0468629490442412,-0.004272301605619165,-0.04873242924880721,0.014178927659016594,-0.028207592813541054,-0.015942057171107634,-0.0058193824027219536,-0.026329379115739588,-0.023760912065272755,0.0,0.0,0.0,0.0,0.0,0.0,0.0,0.0,0.0,1.0,0.0,0.0,0.8455353071301549
delarc_pH8_1,-0.048703318746031635,0.04699739880535913,-0.00960404011056475,-0.07406378915938347,0.023939033267695618,-0.015355048081230208,-0.016030402773910244,-0.001239701013445209,-0.0352496107197974,-0.006354603936247855,0.0,0.0,0.0,0.0,0.0,0.0,0.0,0.0,0.0,1.0,0.0,0.0,0.8378107178569503
delarc_pH8_2,-0.028191537940469774,0.043733058177825544,-0.012075515154587189,-0.0554210939327174,0.01781629543710986,-0.023269246195078544,-0.027218455066094577,-0.007564519413382464,-0.03500392130009182,-0.008469147562737702,0.0,0.0,0.0,0.0,0.0,0.0,0.0,0.0,0.0,1.0,0.0,0.0,0.8442380625189879
delarc_pH9_0,-0.026028322987258434,0.04675877993561975,-0.005916079119981633,-0.04642490125099279,0.008320743485718318,-0.007805343236693224,-0.016562469836486425,-0.005328791316031764,-0.05346883511170746,-0.029208863029742363,0.0,0.0,0.0,0.0,0.0,0.0,0.0,0.0,0.0,1.0,0.0,0.0,1.003926186226973
delarc_pH9_1,-0.05219161315456682,0.037993869283843955,-0.005817420540134544,-0.046463794586775096,0.01834945882225166,-0.019751290806933587,-0.015217381273193853,-0.0010462236651421896,-0.029095358713327545,-0.02242432783357799,0.0,0.0,0.0,0.0,0.0,0.0,0.0,0.0,0.0,1.0,0.0,0.0,0.9964236708955914
delarc_pH9_2,-0.024561137899594465,0.05369180849955781,-0.010773134163945264,-0.06153149326655853,0.012147897536987844,-0.016575646014155253,-0.024197752593976003,0.002787370122159302,-0.039350778858136884,-0.02730120373727835,0.0,0.0,0.0,0.0,0.0,0.0,0.0,0.0,0.0,1.0,0.0,0.0,0.9996501428774356
AC_pH4_0,0.01785222764572372,0.04455223029803323,-0.010600712882030919,-0.1422766325655191,0.026667859095108246,-0.02765404865348145,-0.02229371882367717,-0.004092701379128775,0.026002106934623875,-0.043820684479306565,1.0,0.0,0.0,0.0,0.0,0.0,0.0,0.0,0.0,0.0,0.0,0.0,-0.0016139570379183382
AC_pH4_1,0.014307060436062188,0.04233720706370861,-0.008457698503752116,-0.11282968379921562,0.02464641934827618,-0.02396859075550152,-0.015663690953313013,-0.0005267095254005308,0.033430685752435865,-0.08893908056875933,1.0,0.0,0.0,0.0,0.0,0.0,0.0,0.0,0.0,0.0,0.0,0.0,0.0004845233155374915
AC_pH4_2,0.016718318663213567,0.03579176053566777,-0.003862594174140173,-0.1267813399353105,0.01757533241954187,-0.029260813798755402,-0.016278611612708677,0.00047697465056958124,0.02907099644127099,-0.059114104493966584,1.0,0.0,0.0,0.0,0.0,0.0,0.0,0.0,0.0,0.0,0.0,0.0,0.001874459798070219
AC_pH5_0,0.018726701409272527,0.0460554258144744,-0.004905752420587383,-0.11702194572223922,0.024283248040339222,-0.02556052399920704,-0.02142479758345239,-0.00975845571202429,0.02121636114852584,-0.06727434369856895,1.0,0.0,0.0,0.0,0.0,0.0,0.0,0.0,0.0,0.0,0.0,0.0,0.05114127579932972
AC_pH5_1,0.016050266263925517,0.05003629793210522,-0.006903042184674868,-0.117272817434986,0.021518215596999818,-0.020475959066382568,-0.02141321765582846,-0.0073964424455619385,0.027108995882875245,-0.07691637124785262,1.0,0.0,0.0,0.0,0.0,0.0,0.0,0.0,0.0,0.0,0.0,0.0,0.02446646428818786
AC_pH5_2,0.015227904721446656,0.051575607427841307,-0.009360252660091802,-0.11890230569259623,0.026954255104064944,-0.01986348511894112,-0.022981653953699964,-0.007609535407517916,0.03335257221580199,-0.08405718087583133,1.0,0.0,0.0,0.0,0.0,0.0,0.0,0.0,0.0,0.0,0.0,0.0,0.039343210450552515
AC_pH6_0,0.023474491844358656,0.04990038006606957,-0.003361441104308419,-0.22816512507710454,0.03500026214098477,-0.041186775344464445,-0.028333660777577242,-0.010947245564716669,0.045470656699541465,0.022484382884171986,1.0,0.0,0.0,0.0,0.0,0.0,0.0,0.0,0.0,0.0,0.0,0.0,0.16172687662413934
AC_pH6_1,0.025974241585835167,0.05333698511893011,2.6673924825757344e-05,-0.25933084041811527,0.031721822295094966,-0.03611024101143299,-0.024684589357803707,-0.017261471205350497,0.04148017367024138,0.049183173361031896,1.0,0.0,0.0,0.0,0.0,0.0,0.0,0.0,0.0,0.0,0.0,0.0,0.20214567479932488
AC_pH6_2,0.02605639090032681,0.051545545790425466,-0.009961270679031378,-0.24705566333849802,0.03673007881673782,-0.034096572208420745,-0.028516757561136852,-0.007420152696659383,0.038270096274335745,0.03878423048831198,1.0,0.0,0.0,0.0,0.0,0.0,0.0,0.0,0.0,0.0,0.0,0.0,0.19208393008372077
AC_pH7_0,0.03648653158999007,0.10035987409884513,-0.01758214083135776,-0.32979767294114704,0.04965877554986787,-0.053899985691127555,-0.0807241202979956,0.007701150378131343,0.05312401609657251,0.09900949031276547,1.0,0.0,0.0,0.0,0.0,0.0,0.0,0.0,0.0,0.0,0.0,0.0,0.4761566893788473
AC_pH7_1,0.03957292189740617,0.1409641525214133,-0.015935280028244726,-0.3451405445899329,0.04415872547613536,-0.05295260423025036,-0.05315450654000693,-0.002478302273008487,0.04765435363692434,0.06164700276015895,1.0,0.0,0.0,0.0,0.0,0.0,0.0,0.0,0.0,0.0,0.0,0.0,0.48226683949395216
AC_pH7_2,0.04107627248634463,0.09337138819386778,-0.014100589368330396,-0.3540231439114912,0.046831929699882216,-0.04905574354869516,-0.039198177168145776,-0.0014923178412668094,0.0501794947683811,0.0907468140696216,1.0,0.0,0.0,0.0,0.0,0.0,0.0,0.0,0.0,0.0,0.0,0.0,0.4811025384560845
AC_pH8_0,0.03901243036531883,0.09902979638427496,-0.02031692440662047,-0.3436140274475126,0.047955899056776066,-0.04864175171064942,-0.04746604441057729,-0.003116731016856174,0.052985643348454126,0.0885076346098567,1.0,0.0,0.0,0.0,0.0,0.0,0.0,0.0,0.0,0.0,0.0,0.0,0.6161936979692529
AC_pH8_1,0.04495071174657863,0.11140126692941008,-0.020388108920305962,-0.345973029024899,0.04806073879256196,-0.05489683390756989,-0.05305373964547787,0.008838294335519492,0.056189581457039596,0.06920704532252704,1.0,0.0,0.0,0.0,0.0,0.0,0.0,0.0,0.0,0.0,0.0,0.0,0.6417698578516113
AC_pH8_2,0.04301575335795464,0.12114559136088124,-0.024880286444626417,-0.32107989994890024,0.05355399038237723,-0.05891414576776974,-0.03948447894912376,-0.011977335826048386,0.04913561094633262,0.053821128184866646,1.0,0.0,0.0,0.0,0.0,0.0,0.0,0.0,0.0,0.0,0.0,0.0,0.6440713470669853
AC_pH9_0,0.035131335695800577,0.10809130512299421,-0.019526208546822483,-0.28732236811405293,0.04594074998617821,-0.051511589486313895,-0.05556379531712635,0.0008972179772251299,0.05298002805074921,0.03521925203097255,1.0,0.0,0.0,0.0,0.0,0.0,0.0,0.0,0.0,0.0,0.0,0.0,0.7292859280132171
AC_pH9_1,0.04080108173515485,0.10816812605475602,-0.016953858366317076,-0.2976553373889107,0.03199501718677905,-0.04916317785563676,-0.038045502665412165,-0.0031113946753675496,0.05215011424425504,0.03615085794468936,1.0,0.0,0.0,0.0,0.0,0.0,0.0,0.0,0.0,0.0,0.0,0.0,0.7412574926289346
AC_pH9_2,0.036941141311241245,0.12124736452070269,-0.017981050554662946,-0.2817951639336737,0.038859988200356764,-0.050169440092842875,-0.04504571050688948,-0.009997333400356386,0.040605275352364,0.031670855502395526,1.0,0.0,0.0,0.0,0.0,0.0,0.0,0.0,0.0,0.0,0.0,0.0,0.747526246417331
BA_pH4_0,-0.03927164177653259,-0.00451119513615318,-0.0046738054052643165,-0.06250401573417627,0.0161191347229254,-0.02193081725955657,-0.014220042096288955,-0.0029251492047763393,0.01675726484669291,-0.018503815424426095,0.0,1.0,0.0,0.0,0.0,0.0,0.0,0.0,0.0,0.0,0.0,0.0,-0.0016139574737368786
BA_pH4_1,-0.029657656963833646,-0.004492407680853554,-0.0058332036544933245,-0.07659351691684646,0.021881076384173782,-0.02605306906099229,-0.01626373664071054,-0.003216664298316059,0.022272564773650274,-0.01770746869439988,0.0,1.0,0.0,0.0,0.0,0.0,0.0,0.0,0.0,0.0,0.0,0.0,0.00048452299554619434
BA_pH4_2,-0.04769782358456565,-0.0029318672208034466,-0.010782744017146203,-0.04812189154853315,0.015557242738002018,-0.015933129961156974,-0.015591948657580044,-0.006478546300660012,0.01712934426153483,-0.02081271865931542,0.0,1.0,0.0,0.0,0.0,0.0,0.0,0.0,0.0,0.0,0.0,0.0,0.0018744598294293093
BA_pH5_0,-0.042198426245266325,-0.004169597807137863,-0.006468776629670807,-0.08970007565965792,0.018834259402330803,-0.012206466814260124,-0.013577769837220723,-0.00534622482955456,0.033334121805332274,-0.014165115807124458,0.0,1.0,0.0,0.0,0.0,0.0,0.0,0.0,0.0,0.0,0.0,0.0,0.0511412745403946
BA_pH5_1,-0.03137768569240428,-0.00455602741273849,-0.007878842127873846,-0.0704202638606986,0.014205692629937242,-0.018135426235587702,-0.023756879242541995,-0.004552974713480343,0.02413914035843766,-0.013330816177084393,0.0,1.0,0.0,0.0,0.0,0.0,0.0,0.0,0.0,0.0,0.0,0.0,0.024466462930343342
BA_pH5_2,-0.04547960914752405,-0.005236146312368953,-0.00636339896277565,-0.0751746925375546,0.015106567774453886,-0.006154258259288643,-0.016210617149734624,-0.0028138545600940373,0.018762092554698816,-0.012100165867368168,0.0,1.0,0.0,0.0,0.0,0.0,0.0,0.0,0.0,0.0,0.0,0.0,0.03934321135483189
BA_pH6_0,-0.045408031927097754,-0.010430241316232996,-0.0017877003072720497,-0.07800428380096414,0.025358099226394423,-0.02729983391807131,-0.02824479619729454,-0.015891912643919176,0.011639822326276614,0.03440479609062489,0.0,1.0,0.0,0.0,0.0,0.0,0.0,0.0,0.0,0.0,0.0,0.0,0.16172687666300212
BA_pH6_1,-0.060307809652193754,-0.011651343471654085,-0.009476883892050906,-0.0856194335853924,0.028718330092404206,-0.027066799472288593,-0.02627671011683086,-0.012023538794854417,0.017331389928965463,0.05070871649633932,0.0,1.0,0.0,0.0,0.0,0.0,0.0,0.0,0.0,0.0,0.0,0.0,0.20214567404454245
BA_pH6_2,-0.05651944218608349,-0.014808485618104111,-0.010427488434816832,-0.08740741883607016,0.012534361111162148,-0.016526538839806676,-0.015818996573595902,-0.013226203356829027,0.02064792401278796,0.04588820625380006,0.0,1.0,0.0,0.0,0.0,0.0,0.0,0.0,0.0,0.0,0.0,0.0,0.19208393160174653
BA_pH7_0,-0.064838426756956,-0.011265000814329023,-0.01595086652664063,-0.07835610898211601,0.021083687632547123,-0.031126454738171203,-0.012442824879418248,-0.0019610576525978434,0.02855835178138121,0.030634618423393246,0.0,1.0,0.0,0.0,0.0,0.0,0.0,0.0,0.0,0.0,0.0,0.0,0.47615668850189524
BA_pH7_1,-0.08762399544332015,-0.008634481872229472,-0.007473781540503971,-0.06947351913575246,0.024877396906199663,-0.014468801798622892,-0.02104643833054149,-0.019360895653295775,0.03145562001058588,0.036084814461191064,0.0,1.0,0.0,0.0,0.0,0.0,0.0,0.0,0.0,0.0,0.0,0.0,0.48226683981394347
BA_pH7_2,-0.05591802471560305,-0.010340784859398138,-0.007566289620312011,-0.07802792211225176,0.03821584459515693,-0.028358267500753633,-0.021223380015353146,-0.02535689459465767,0.02360780337744433,0.02930383297817214,0.0,1.0,0.0,0.0,0.0,0.0,0.0,0.0,0.0,0.0,0.0,0.0,0.48110253833913064
BA_pH8_0,-0.05053149285118866,-0.005774952754702257,-0.011514910423480301,-0.05957691331394016,0.02682582258287331,-0.031598818022352836,-0.03687946558970472,-0.0022982879606602,0.023700346839006826,0.011984589026592996,0.0,1.0,0.0,0.0,0.0,0.0,0.0,0.0,0.0,0.0,0.0,0.0,0.6161936980952847
BA_pH8_1,-0.05162178810766858,-0.0056615121954161195,-0.010275354651005373,-0.06645280976658284,0.029149641224952495,-0.02954607849940658,-0.02969955234423929,0.0028205232921501844,0.028163062004453464,-0.0025402134247934044,0.0,1.0,0.0,0.0,0.0,0.0,0.0,0.0,0.0,0.0,0.0,0.0,0.6417698583743298
BA_pH8_2,-0.05018299672874097,-0.006209000263201156,-0.007623511396915367,-0.05068378885074153,0.015699759150004905,-0.02731882699765265,-0.01878526642513664,-0.006806125702417419,0.02231780624826965,-0.0060721315010248324,0.0,1.0,0.0,0.0,0.0,0.0,0.0,0.0,0.0,0.0,0.0,0.0,0.64407134594908
BA_pH9_0,-0.04414488099070023,-0.00583665318949067,-0.0043969261051034145,-0.05511392864398661,0.019288574897724647,-0.019551807844039537,-0.021584737596061564,-0.006628857428693903,0.01681078928279812,-0.014505654730145695,0.0,1.0,0.0,0.0,0.0,0.0,0.0,0.0,0.0,0.0,0.0,0.0,0.7292859295671521
BA_pH9_1,-0.04316057937503186,-0.006057417174072371,-0.007996947082245479,-0.06704550811130067,0.025471502932436437,-0.02483440560005281,-0.029144321558187188,-0.010723344381574709,0.030708498620711587,-0.002881560738238953,0.0,1.0,0.0,0.0,0.0,0.0,0.0,0.0,0.0,0.0,0.0,0.0,0.741257491587475
BA_pH9_2,-0.048713627949195065,-0.006066898666322234,-0.010080322232907234,-0.0529764032833602,0.020647454352887434,-0.016853291550651194,-0.025253627720977303,-0.00463720934222574,0.01883976919940956,-0.010569925274214019,0.0,1.0,0.0,0.0,0.0,0.0,0.0,0.0,0.0,0.0,0.0,0.0,0.74752624576109
BC_pH4_0,-0.04505352182799707,0.04091296942661638,-0.00033324421099994544,-0.07685025319092623,0.018139357885507787,-0.01430036468917261,-0.026969909639624156,-0.0033347159012666223,0.022338729099492017,-0.05021312440138149,0.0,0.0,1.0,0.0,0.0,0.0,0.0,0.0,0.0,0.0,0.0,0.0,-0.0016139570379183382
BC_pH4_1,-0.03598597955687539,0.04844757981436409,-0.00033096990507581943,-0.09363369586715554,0.022601811250914698,-0.024018372250315938,-0.027158935591983405,-0.0076483835057234014,0.022760472662099032,-0.04069760818641796,0.0,0.0,1.0,0.0,0.0,0.0,0.0,0.0,0.0,0.0,0.0,0.0,0.0004845233155374915
BC_pH4_2,-0.04695345663060636,0.03672389700279936,-0.0002472248349500748,-0.08400941031620553,0.015013887374864329,-0.023206906684714815,-0.017903138730351046,-0.005727381455185622,0.03132157371500911,-0.04067592203779065,0.0,0.0,1.0,0.0,0.0,0.0,0.0,0.0,0.0,0.0,0.0,0.0,0.001874459798070219
BC_pH5_0,-0.029833894949001464,0.03330593250772875,-0.0010256317970545393,-0.12484344139614187,0.019064954471490952,-0.019650312683180623,-0.01743886668720971,-0.0030223973589422943,0.049270906515581456,-0.0414913312981472,0.0,0.0,1.0,0.0,0.0,0.0,0.0,0.0,0.0,0.0,0.0,0.0,0.05114127579932972
BC_pH5_1,-0.034936058275077654,0.03365991367634547,-0.00028037258464357154,-0.08355725188051229,0.02793853574837356,-0.018749204273538097,-0.014850495724898322,-0.00743425206564691,0.020156711520141233,-0.057611600305561145,0.0,0.0,1.0,0.0,0.0,0.0,0.0,0.0,0.0,0.0,0.0,0.0,0.02446646428818786
BC_pH5_2,-0.0264718368831698,0.03431385385277477,-0.0006113396973713597,-0.07682473417452497,0.01584861568782641,-0.025313031196432266,-0.019820519390151548,-0.011558591158169769,0.027749955742012545,-0.052976446818236426,0.0,0.0,1.0,0.0,0.0,0.0,0.0,0.0,0.0,0.0,0.0,0.0,0.039343210450552515
BC_pH6_0,-0.06691773029651657,0.04784662388589071,-0.0013717539673266201,-0.11384226462722795,0.02337003056040925,-0.028081710100497894,-0.0201300622364911,-0.015385881550205144,0.03217094134336904,0.006677733267374016,0.0,0.0,1.0,0.0,0.0,0.0,0.0,0.0,0.0,0.0,0.0,0.0,0.16172687662413934
BC_pH6_1,-0.0838043823838234,0.05102405922082456,-0.003202284516199774,-0.11597671574548536,0.020549037387675564,-0.02620200028885965,-0.018002159568359672,-0.02247350222836047,0.02713553097301527,0.03528834308497606,0.0,0.0,1.0,0.0,0.0,0.0,0.0,0.0,0.0,0.0,0.0,0.0,0.20214567479932488
BC_pH6_2,-0.08517332890880822,0.03935088608211473,-0.0034380793895410445,-0.1113701687036487,0.022500551743432882,-0.016976093998502778,-0.020581927423000988,-0.018544297723261556,0.01442058962000453,0.04414779439366059,0.0,0.0,1.0,0.0,0.0,0.0,0.0,0.0,0.0,0.0,0.0,0.0,0.19208393008372077
BC_pH7_0,-0.07790363637001618,0.06801047492367418,0.0017624920930551444,-0.17377771524145552,0.03272188394087488,-0.034072744633354565,-0.02502905243683768,-0.0011994849558433773,0.02996476651290836,0.04385893550377501,0.0,0.0,1.0,0.0,0.0,0.0,0.0,0.0,0.0,0.0,0.0,0.0,0.4761566893788473
BC_pH7_1,-0.0928048032032245,0.09174644965030579,0.002112667262554168,-0.16250662214244188,0.02700258241561444,-0.04531543188890362,-0.02105979891453424,-0.009963553913504538,0.0286867463029921,0.046437682514281375,0.0,0.0,1.0,0.0,0.0,0.0,0.0,0.0,0.0,0.0,0.0,0.0,0.48226683949395216
BC_pH7_2,-0.10885782505507055,0.07015196906119261,0.0013526310544946926,-0.14340052878484122,0.058440234491439605,-0.02008970419795294,-0.05350108280292024,-0.030219727060960037,0.03934889521409312,0.05111106269102056,0.0,0.0,1.0,0.0,0.0,0.0,0.0,0.0,0.0,0.0,0.0,0.0,0.4811025384560845
BC_pH8_0,-0.08731223965104182,0.07098691963874129,0.0020244285269923877,-0.15629616819403094,0.029770285948382123,-0.02830855971526193,-0.0344115243188065,0.007371942000058681,0.04032349878922104,0.020187341456665946,0.0,0.0,1.0,0.0,0.0,0.0,0.0,0.0,0.0,0.0,0.0,0.0,0.6161936979692529
BC_pH8_1,-0.08575677218037131,0.08500374809312432,0.0012506601408771873,-0.13940102559473858,0.03336677421127324,-0.034705128232827016,-0.03681978284988714,-0.0031964173969691216,0.03375751289255592,0.010836357014334717,0.0,0.0,1.0,0.0,0.0,0.0,0.0,0.0,0.0,0.0,0.0,0.0,0.6417698578516113
BC_pH8_2,-0.06887657940347233,0.06897975742614461,0.0013950658492420042,-0.16862609865629805,0.019189562388979228,-0.04301532047598258,-0.03416509107241164,-0.003453972830801555,0.03845346477854511,0.054455140231420174,0.0,0.0,1.0,0.0,0.0,0.0,0.0,0.0,0.0,0.0,0.0,0.0,0.6440713470669853
BC_pH9_0,-0.11616169306611562,0.07804295635620213,0.0006879291910192243,-0.13173395134589594,0.03671104350410725,-0.036036304654553535,-0.03308197137656743,0.01243117051523017,0.04113003530782526,0.012346712838777382,0.0,0.0,1.0,0.0,0.0,0.0,0.0,0.0,0.0,0.0,0.0,0.0,0.7292859280132171
BC_pH9_1,-0.10375992908061522,0.06291050717072641,0.0008701893752035917,-0.15261665383596784,0.041236563434662386,-0.03568733655969086,-0.03120771702500465,0.0028420318930369327,0.04355144783733008,0.036196822680370964,0.0,0.0,1.0,0.0,0.0,0.0,0.0,0.0,0.0,0.0,0.0,0.0,0.7412574926289346
BC_pH9_2,-0.09317517325484558,0.07577601694542428,0.0009576778891293903,-0.11704175469829985,0.03750102600325709,-0.03283651824554672,-0.0357938630465904,-0.003790170997786136,0.03201140837743877,0.0007272774815235423,0.0,0.0,1.0,0.0,0.0,0.0,0.0,0.0,0.0,0.0,0.0,0.0,0.747526246417331
BL_pH4_0,-0.11071564297637214,0.08121920433705268,-0.0076720554972796295,0.17806846743530555,0.02712502969550374,-0.037994223305064696,-0.0323268073991589,-0.009336824675455047,0.04934144168768239,-0.12200310023299057,0.0,0.0,0.0,1.0,0.0,0.0,0.0,0.0,0.0,0.0,0.0,0.0,-0.0016139570379183382
BL_pH4_1,-0.0782471376106791,0.06605258612772044,-0.008427974810499863,0.17957074228026293,0.024200938956245137,-0.03207179536111654,-0.030148441040807435,-0.007283371417256805,0.03127419968621563,-0.12938754319537268,0.0,0.0,0.0,1.0,0.0,0.0,0.0,0.0,0.0,0.0,0.0,0.0,0.0004845233155374915
BL_pH4_2,-0.10041016087138457,0.08156937808243804,-0.009290975486130823,0.17620196582425546,0.026999091338771194,-0.025430692235088873,-0.031801000786540315,-0.0034894626178657265,0.032768051208442305,-0.13169867017873282,0.0,0.0,0.0,1.0,0.0,0.0,0.0,0.0,0.0,0.0,0.0,0.0,0.001874459798070219
BL_pH5_0,-0.08647509214508793,0.06177728771515514,-0.0021024679923025143,0.18310264479530888,0.02729642318683149,-0.029148415974138864,-0.040994378401209494,0.0014464584713720727,0.032557030397912724,-0.10453688090343194,0.0,0.0,0.0,1.0,0.0,0.0,0.0,0.0,0.0,0.0,0.0,0.0,0.05114127579932972
BL_pH5_1,-0.08233046904854154,0.051914151423894196,-0.006264165323632568,0.1654244204505306,0.025023340717281985,-0.030178539469109283,-0.028953103274916826,-0.005368804373656925,0.04213079458750459,-0.11978280374739811,0.0,0.0,0.0,1.0,0.0,0.0,0.0,0.0,0.0,0.0,0.0,0.0,0.02446646428818786
BL_pH5_2,-0.0707740925633065,0.0486425584429146,-0.0020984885493374387,0.17653180041714855,0.03508419305976966,-0.031451574500002286,-0.030409384290485276,-0.004569543811452135,0.042956915612777945,-0.13915460399109064,0.0,0.0,0.0,1.0,0.0,0.0,0.0,0.0,0.0,0.0,0.0,0.0,0.039343210450552515
BL_pH6_0,-0.17062760223836998,0.11291332887809559,0.0015114641298904425,0.2777518762283675,0.06109300621501777,-0.04380541742171929,-0.03064812435039684,0.006247965215664842,0.06287303775872873,0.0841781151148936,0.0,0.0,0.0,1.0,0.0,0.0,0.0,0.0,0.0,0.0,0.0,0.0,0.16172687662413934
BL_pH6_1,-0.1698282039598764,0.11907208720262603,0.013983830678398196,0.3092947358095451,0.0674877516552806,-0.048884073512466736,-0.06913256633783811,0.0047195976178931185,0.06139587510863079,0.18901496595541098,0.0,0.0,0.0,1.0,0.0,0.0,0.0,0.0,0.0,0.0,0.0,0.0,0.20214567479932488
BL_pH6_2,-0.187963921998263,0.1268421356570299,0.006106948666679478,0.3054159938738398,0.07125008907978947,-0.05030914908072548,-0.04882029283143905,0.019402041896853756,0.06628193662825807,0.1390845434736136,0.0,0.0,0.0,1.0,0.0,0.0,0.0,0.0,0.0,0.0,0.0,0.0,0.19208393008372077
BL_pH7_0,-0.27832015407595617,0.16474186995066703,-0.026013444158370088,0.27605017655974495,0.1147947324998677,-0.1030981991087775,-0.13937411177377013,0.02916092704981565,0.05839754990990394,0.13842346391357155,0.0,0.0,0.0,1.0,0.0,0.0,0.0,0.0,0.0,0.0,0.0,0.0,0.4761566893788473
BL_pH7_1,-0.26419077577960226,0.16559342893812318,-0.038536808133611225,0.27337476485611306,0.12312369142699502,-0.11104387513078427,-0.13283051916033675,0.032285430638686476,0.0566531837840929,0.11652791644608515,0.0,0.0,0.0,1.0,0.0,0.0,0.0,0.0,0.0,0.0,0.0,0.0,0.48226683949395216
BL_pH7_2,-0.2651522216067205,0.17964466247100216,-0.0314965696385859,0.2712501821934205,0.09123699564648714,-0.11283664927615422,-0.13386659028939898,0.02277104686783707,0.05434807718690972,0.1476879162033615,0.0,0.0,0.0,1.0,0.0,0.0,0.0,0.0,0.0,0.0,0.0,0.0,0.4811025384560845
BL_pH8_0,-0.2849630341776039,0.14038130904669346,-0.019800666227288866,0.20085845624704077,0.06790987944878311,-0.08033513888635713,-0.10423778425456716,0.007490789866398852,0.061320101827302055,-0.020805613400576555,0.0,0.0,0.0,1.0,0.0,0.0,0.0,0.0,0.0,0.0,0.0,0.0,0.6161936979692529
BL_pH8_1,-0.27500418878403377,0.15140267216317033,-0.030971013296233568,0.19574860153881748,0.07131901820635665,-0.0995817806393556,-0.10776092864734972,0.015678459063334312,0.05357384314436627,-0.006867284682862786,0.0,0.0,0.0,1.0,0.0,0.0,0.0,0.0,0.0,0.0,0.0,0.0,0.6417698578516113
BL_pH8_2,-0.28417759339730064,0.16211094406635865,-0.023645932907643535,0.19885780438132902,0.07636878249599884,-0.0953445621179012,-0.13462765844660285,0.006232419470325111,0.06485200878394685,-0.0031137888546547117,0.0,0.0,0.0,1.0,0.0,0.0,0.0,0.0,0.0,0.0,0.0,0.0,0.6440713470669853
BL_pH9_0,-0.26442673198919264,0.13777108752695116,-0.026654051207005973,0.19311355932170277,0.06490814392981323,-0.08360623094050781,-0.10696839986409508,-0.003386462124712442,0.06012927578195281,0.0013728356559801372,0.0,0.0,0.0,1.0,0.0,0.0,0.0,0.0,0.0,0.0,0.0,0.0,0.7292859280132171
BL_pH9_1,-0.26701819230640383,0.14083777292388608,-0.027899592770263548,0.19205687927649073,0.07740223109195737,-0.09001643592167809,-0.11834826067090033,0.01704065735735322,0.06254351562941853,-0.012610838503941247,0.0,0.0,0.0,1.0,0.0,0.0,0.0,0.0,0.0,0.0,0.0,0.0,0.7412574926289346
BL_pH9_2,-0.2620887979763843,0.1488484364796592,-0.020395550926661364,0.19467159497268174,0.05464602293973062,-0.0730385138317133,-0.10205266053180982,0.020663569784196815,0.051894763538047,-0.03825248322571101,0.0,0.0,0.0,1.0,0.0,0.0,0.0,0.0,0.0,0.0,0.0,0.0,0.747526246417331
BT_pH4_0,-0.026406794677933918,0.039253583367023136,-0.0041829254664480665,-0.0983688631495866,-0.00544262845231139,-0.014921802252369085,-0.013590720164711065,-0.00808290890256024,0.023493045561177574,-0.02741406104446429,0.0,0.0,0.0,0.0,1.0,0.0,0.0,0.0,0.0,0.0,0.0,0.0,-0.0016139570379183382
BT_pH4_1,-0.027854438959418443,0.04236837565008064,-0.0032675831145404467,-0.06815059696648107,-0.005034966828382532,-0.017978868482472456,-0.015827692221931138,-0.007409710162521708,0.020650990998939328,-0.05315958334618936,0.0,0.0,0.0,0.0,1.0,0.0,0.0,0.0,0.0,0.0,0.0,0.0,0.0004845233155374915
BT_pH4_2,-0.032317693726686046,0.04271817827313815,-0.005771142031754488,-0.0739155034283581,-0.006667827818056811,-0.01633285983060689,-0.009513732070184274,-0.008801575935567208,0.02671847664872589,-0.051780391485713756,0.0,0.0,0.0,0.0,1.0,0.0,0.0,0.0,0.0,0.0,0.0,0.0,0.001874459798070219
BT_pH5_0,-0.03560798550510536,0.032453050704106035,-0.006214009161795612,-0.06887008892088804,-0.006959553733468056,-0.027092329748784724,-0.021246877720822458,-0.0016586606423168093,0.025026818028772654,-0.025494436823317534,0.0,0.0,0.0,0.0,1.0,0.0,0.0,0.0,0.0,0.0,0.0,0.0,0.05114127579932972
BT_pH5_1,-0.040160968563640896,0.03362680871323075,-0.010266774930464833,-0.0753630474780727,-0.005000016737891282,-0.018404882775376673,-0.017864509729425545,-0.009544906379331064,0.023435868380753243,-0.01612164325242781,0.0,0.0,0.0,0.0,1.0,0.0,0.0,0.0,0.0,0.0,0.0,0.0,0.02446646428818786
BT_pH5_2,-0.028677719598636027,0.029027233221770626,-0.008667226966632446,-0.0809539448826209,-0.005566656595986825,-0.016602422402280825,-0.014027577513504936,-0.01092503791593987,0.028082560842613822,-0.02735327981088472,0.0,0.0,0.0,0.0,1.0,0.0,0.0,0.0,0.0,0.0,0.0,0.0,0.039343210450552515
BT_pH6_0,-0.05402069894151519,0.047977370792271004,-0.01183476682671386,-0.09415943458838308,-0.009006630425219948,-0.01958715473261216,-0.026097646002941156,-0.013684813289538675,0.02709884026857174,0.01765085700575424,0.0,0.0,0.0,0.0,1.0,0.0,0.0,0.0,0.0,0.0,0.0,0.0,0.16172687662413934
BT_pH6_1,-0.0632811999252147,0.052172939075238026,-0.005683504165676623,-0.10936528053539603,-0.011189332870037661,-0.033555590207081126,-0.028874296604696183,-0.018059818147398213,0.03068887404287638,0.05148312663659454,0.0,0.0,0.0,0.0,1.0,0.0,0.0,0.0,0.0,0.0,0.0,0.0,0.20214567479932488
BT_pH6_2,-0.0770261923329014,0.0497769208981291,-0.006932221129941552,-0.10159764935222007,-0.01018356487802837,-0.021073553988143152,-0.018345835214966664,-0.007321979660216881,0.017015970201919913,0.040024022561214526,0.0,0.0,0.0,0.0,1.0,0.0,0.0,0.0,0.0,0.0,0.0,0.0,0.19208393008372077
BT_pH7_0,-0.08635944156138148,0.0692881675335862,-0.013924437451945701,-0.05335683071054519,-0.012510542095355367,-0.03872696881384954,-0.032569496108866905,-0.006637295567956958,0.027620475547307212,0.011512294940893411,0.0,0.0,0.0,0.0,1.0,0.0,0.0,0.0,0.0,0.0,0.0,0.0,0.4761566893788473
BT_pH7_1,-0.08982862571132896,0.07875487815183789,-0.009939347842060353,-0.07085657699802972,-0.014966811667317928,-0.02681165538363806,-0.03397002282916852,-0.007741422748355117,0.021786241171800568,0.017909269600539755,0.0,0.0,0.0,0.0,1.0,0.0,0.0,0.0,0.0,0.0,0.0,0.0,0.48226683949395216
BT_pH7_2,-0.07029133272438269,0.05496527956069812,-0.00546111087881676,-0.06495109669702209,-0.014984158018360963,-0.029041525390728015,-0.02448973286613498,-0.009247236890799329,0.010866970157088793,0.016969870794969404,0.0,0.0,0.0,0.0,1.0,0.0,0.0,0.0,0.0,0.0,0.0,0.0,0.4811025384560845
BT_pH8_0,-0.09898651463910939,0.09746841927990317,-0.011928177239049388,-0.10234208744586162,-0.006734852661257205,-0.03884450795695834,-0.03097242401183947,-0.006145151990020407,0.03483055461441045,0.027990659368426905,0.0,0.0,0.0,0.0,1.0,0.0,0.0,0.0,0.0,0.0,0.0,0.0,0.6161936979692529
BT_pH8_1,-0.05900211909664391,0.06529893855645282,-0.007021438073690817,-0.10090821476734205,-0.007813403778102086,-0.02416149414468395,-0.02672942344261252,-0.0064620896793254065,0.024477279396808663,0.006657882295953839,0.0,0.0,0.0,0.0,1.0,0.0,0.0,0.0,0.0,0.0,0.0,0.0,0.6417698578516113
BT_pH8_2,-0.06328003861576968,0.06333104524316024,-0.011020594508103701,-0.07729031160473823,-0.006945829524294189,-0.030612630787427007,-0.035831095309037234,-0.00785978976475156,0.026959861683375805,0.006885300379894346,0.0,0.0,0.0,0.0,1.0,0.0,0.0,0.0,0.0,0.0,0.0,0.0,0.6440713470669853
BT_pH9_0,-0.05911207581829767,0.05207520308620903,-0.009971013351384062,-0.09666676334510357,-0.006819690789865412,-0.023478695028663978,-0.02633706664140134,-0.0067864875353710824,0.026791428122669457,0.01464107883365258,0.0,0.0,0.0,0.0,1.0,0.0,0.0,0.0,0.0,0.0,0.0,0.0,0.7292859280132171
BT_pH9_1,-0.0701455129687067,0.04721040441695114,-0.01870414380186602,-0.06158339273629952,-0.007264010705377744,-0.022948839236455763,-0.020256638891347076,-0.002174418378297403,0.02679266142456428,-0.006590180421329063,0.0,0.0,0.0,0.0,1.0,0.0,0.0,0.0,0.0,0.0,0.0,0.0,0.7412574926289346
BT_pH9_2,-0.06704203052284279,0.0744629241032121,-0.015642893421666134,-0.09663805280042732,-0.007278232937273772,-0.0243354450903185,-0.019772530455628167,-0.00484361298625236,0.025303887586797705,0.00012190401473122949,0.0,0.0,0.0,0.0,1.0,0.0,0.0,0.0,0.0,0.0,0.0,0.0,0.747526246417331
BV_pH4_0,-0.0493244977388531,0.043865203352887995,-0.0048372550539510385,-0.08183545165411803,0.01782814505591017,0.004404201640383057,-0.026410298674650813,-0.0033456271174161357,0.021486303796991707,-0.05749480632741166,0.0,0.0,0.0,0.0,0.0,1.0,0.0,0.0,0.0,0.0,0.0,0.0,-0.0016139570379183382
BV_pH4_1,-0.042701140288263564,0.04497954904547205,-0.011323389230377002,-0.09039262126645316,0.023191121617413088,0.005368577970758727,-0.02427048299866526,-0.01024161232149472,0.01854363101089131,-0.0488177157736019,0.0,0.0,0.0,0.0,0.0,1.0,0.0,0.0,0.0,0.0,0.0,0.0,0.0004845233155374915
BV_pH4_2,-0.05291479640032936,0.03803978606329664,-0.00686265927132057,-0.07722434490352223,0.010656936152878662,0.0031092967416929155,-0.013048642064323242,-0.0058660042180639265,0.02987285338909082,-0.061426507714002036,0.0,0.0,0.0,0.0,0.0,1.0,0.0,0.0,0.0,0.0,0.0,0.0,0.001874459798070219
BV_pH5_0,-0.04369449821057852,0.03828626798789786,-0.004459703809217267,-0.08187356110338283,0.013193966157977353,0.005745135846993195,-0.011873964273735235,-0.007755230617426016,0.01790109607431552,-0.06113359052040006,0.0,0.0,0.0,0.0,0.0,1.0,0.0,0.0,0.0,0.0,0.0,0.0,0.05114127579932972
BV_pH5_1,-0.05019530962221325,0.04493086002443147,-0.01486610354167288,-0.09279646426034363,0.020600272335274058,0.004742998438684838,-0.023757546665551868,-0.008287550930095757,0.026105199136325846,-0.04214043766746054,0.0,0.0,0.0,0.0,0.0,1.0,0.0,0.0,0.0,0.0,0.0,0.0,0.02446646428818786
BV_pH5_2,-0.05550479957428964,0.03425422374321067,-0.007697067179757614,-0.09585197405727663,0.029333430723813572,0.005552572096171585,-0.02421468842045768,-0.005952846404650941,0.031169115632124572,-0.04675204971319308,0.0,0.0,0.0,0.0,0.0,1.0,0.0,0.0,0.0,0.0,0.0,0.0,0.039343210450552515
BV_pH6_0,-0.07562154397854338,0.04853892142034094,-0.008617974141531667,-0.15103270357555668,0.027023428479290533,0.004757380190750826,-0.019587492587287793,-0.013955793415560674,0.029181854198484316,0.023649840300659763,0.0,0.0,0.0,0.0,0.0,1.0,0.0,0.0,0.0,0.0,0.0,0.0,0.16172687662413934
BV_pH6_1,-0.09616360265761614,0.06573671644675018,-0.013070177360559284,-0.1615700728126356,0.03359296794170919,0.005847684144973753,-0.03196115214620595,-0.019391989001761315,0.03607671741477173,0.04523882584484374,0.0,0.0,0.0,0.0,0.0,1.0,0.0,0.0,0.0,0.0,0.0,0.0,0.20214567479932488
BV_pH6_2,-0.0729936646386657,0.051036751213604986,0.0028737278784746714,-0.15886044964680204,0.023799463611744023,0.005190615812721459,-0.022747452035546303,-0.02308300746280862,0.03058933776276915,0.028530595309060557,0.0,0.0,0.0,0.0,0.0,1.0,0.0,0.0,0.0,0.0,0.0,0.0,0.19208393008372077
BV_pH7_0,-0.12496535877494706,0.07739159466131873,-0.021952038418663583,-0.20112692103356777,0.05446413912769893,0.010571745306901309,-0.04203580528619173,0.0030817288816299103,0.04884001958345913,0.06006681373099918,0.0,0.0,0.0,0.0,0.0,1.0,0.0,0.0,0.0,0.0,0.0,0.0,0.4761566893788473
BV_pH7_1,-0.10276814540807644,0.09844926866014367,-0.021044874944440694,-0.21374992733335368,0.0374458728366248,0.011736389609134711,-0.04122831529411284,0.009261058196830362,0.032843706416695026,0.0533908849225744,0.0,0.0,0.0,0.0,0.0,1.0,0.0,0.0,0.0,0.0,0.0,0.0,0.48226683949395216
BV_pH7_2,-0.11480263389889962,0.10863900212732994,-0.013055380746803206,-0.23239920149111873,0.043059505881012775,0.011719443244130706,-0.054037271167516054,0.018668551746269926,0.041073216945742785,0.05547068473032634,0.0,0.0,0.0,0.0,0.0,1.0,0.0,0.0,0.0,0.0,0.0,0.0,0.4811025384560845
BV_pH8_0,-0.09516940145712832,0.07187538753628084,-0.017412345481469582,-0.2218141453049105,0.04668058948591352,0.011944382329997805,-0.03788212578257789,0.005718402765367342,0.04480081603983822,0.05559435820126016,0.0,0.0,0.0,0.0,0.0,1.0,0.0,0.0,0.0,0.0,0.0,0.0,0.6161936979692529
BV_pH8_1,-0.10029641132842264,0.07233060423365754,-0.01725216987178378,-0.18862755913530352,0.03886594289184912,0.012442023517644922,-0.03952935232294966,0.02157989401289302,0.04122915102411871,0.023593794731018337,0.0,0.0,0.0,0.0,0.0,1.0,0.0,0.0,0.0,0.0,0.0,0.0,0.6417698578516113
BV_pH8_2,-0.10575518659396989,0.09410987634778668,-0.01854847988478192,-0.2010071591522706,0.0406269946232762,0.011805084856308027,-0.04087188573392189,0.0045813414235801805,0.05204405414102518,0.027351277822871573,0.0,0.0,0.0,0.0,0.0,1.0,0.0,0.0,0.0,0.0,0.0,0.0,0.6440713470669853
BV_pH9_0,-0.10388459670195437,0.07082800915545741,-0.015272061116993424,-0.14454509971582372,0.030324708401508964,0.008997417685130365,-0.03935764913730648,0.004712824278875537,0.038172033602047864,0.014360339060101817,0.0,0.0,0.0,0.0,0.0,1.0,0.0,0.0,0.0,0.0,0.0,0.0,0.7292859280132171
BV_pH9_1,-0.09969714620069638,0.09344304421228236,-0.009732776738541284,-0.17475436571499575,0.04443016108125448,0.00875668798451838,-0.04185396378212001,-0.008923582768310673,0.04352260743875218,0.009145252023540112,0.0,0.0,0.0,0.0,0.0,1.0,0.0,0.0,0.0,0.0,0.0,0.0,0.7412574926289346
BV_pH9_2,-0.10760922628657325,0.08747087874409297,-0.01088580082575588,-0.1771222469737024,0.03654900426328507,0.008851485961805216,-0.0446752252097687,0.007821977620377488,0.04211069545182195,0.021824374744749582,0.0,0.0,0.0,0.0,0.0,1.0,0.0,0.0,0.0,0.0,0.0,0.0,0.747526246417331
CC_pH4_0,-0.0520313046394807,0.03995549941111518,-0.0006213596714255605,-0.07928723033679566,0.016126454800934248,-0.019565133912407835,0.010103531402090318,-0.012704387842880001,0.02338786514961849,-0.06102801682832449,0.0,0.0,0.0,0.0,0.0,0.0,1.0,0.0,0.0,0.0,0.0,0.0,0.0032572508755295392
CC_pH4_1,-0.030733085037411567,0.0400657960233967,-0.005553293756978668,-0.09037034452528411,0.014191923462583323,-0.020428036369545308,0.008185237769199452,-0.0026613257303024123,0.022819505125365177,-0.07118045942857862,0.0,0.0,0.0,0.0,0.0,0.0,1.0,0.0,0.0,0.0,0.0,0.0,-0.004437627208196163
CC_pH4_2,-0.03625027091120897,0.04202975394366228,-0.005618631308898331,-0.13446637443955173,0.020500259681645296,-0.010432078538705477,0.007569576424101125,-0.012441730019838919,0.015617960870832854,-0.022172548169594096,0.0,0.0,0.0,0.0,0.0,0.0,1.0,0.0,0.0,0.0,0.0,0.0,0.0011803763326671925
CC_pH5_0,-0.0590101143701569,0.045796489385159116,-0.005022956020725164,-0.10726363397810769,0.023581349184817593,-0.023020665866687245,0.009876520089481188,-0.006047922196271627,0.030727746380169108,-0.04528089507523439,0.0,0.0,0.0,0.0,0.0,0.0,1.0,0.0,0.0,0.0,0.0,0.0,0.08114687964645667
CC_pH5_1,-0.061784032763832306,0.04460992453214915,-0.005114664511917078,-0.11022803727132471,0.02821322087522435,-0.023303382778135324,0.007998964384846067,-0.01345156160588174,0.02516726844903568,-0.027771781777720092,0.0,0.0,0.0,0.0,0.0,0.0,1.0,0.0,0.0,0.0,0.0,0.0,0.11230826956373989
CC_pH5_2,-0.044810610189224075,0.038017489951427855,-0.007459666320001301,-0.11935754529564925,0.02613356751268325,-0.025142728197590815,0.010513313140558159,-0.004012785668930282,0.024695393346735962,-0.034240510977561714,0.0,0.0,0.0,0.0,0.0,0.0,1.0,0.0,0.0,0.0,0.0,0.0,0.09911694942295314
CC_pH6_0,-0.08203483757765398,0.06089909033120975,-0.004082404491694077,-0.20823415465045556,0.03645304614516056,-0.036865975540941176,0.014857256503208823,-0.016407410247332378,0.026803300688448165,0.0729480063724939,0.0,0.0,0.0,0.0,0.0,0.0,1.0,0.0,0.0,0.0,0.0,0.0,0.2884225051673924
CC_pH6_1,-0.0853672465451224,0.07874175862044744,-0.00241806215201707,-0.21732354878528928,0.03525604253229888,-0.036493949809152146,0.015214447560517676,-0.012898263327534439,0.03501461870158496,0.0546101207367104,0.0,0.0,0.0,0.0,0.0,0.0,1.0,0.0,0.0,0.0,0.0,0.0,0.29127362738877827
CC_pH6_2,-0.07370258382157141,0.08867489558685085,-0.012232975130090888,-0.23622555531520886,0.03303553664611409,-0.04367860652992259,0.01574315362002538,-0.015158282247088529,0.030817286345459844,0.07706304837787605,0.0,0.0,0.0,0.0,0.0,0.0,1.0,0.0,0.0,0.0,0.0,0.0,0.2957269459022493
CC_pH7_0,-0.12130389775028048,0.12097216046860683,-0.017504592388868333,-0.24969421654048812,0.04250425033473774,-0.046852676943349464,0.02403643087200497,0.007368018387857343,0.04870110864548578,0.056109332420822715,0.0,0.0,0.0,0.0,0.0,0.0,1.0,0.0,0.0,0.0,0.0,0.0,0.5922068579302491
CC_pH7_1,-0.07538466631029936,0.07441731867663885,-0.012301359747172056,-0.22740981366080437,0.02621490114247021,-0.03607318031358654,0.02228478955185931,0.0031019138953769982,0.033812346487994416,0.05567366780996647,0.0,0.0,0.0,0.0,0.0,0.0,1.0,0.0,0.0,0.0,0.0,0.0,0.5480973412378645
CC_pH7_2,-0.07282964827533328,0.1047534031631506,-0.011803836243470077,-0.2378264778755281,0.03545093983695235,-0.04451257221319753,0.025613691359758377,0.012095267311872349,0.020735312107059613,0.0326598383611797,0.0,0.0,0.0,0.0,0.0,0.0,1.0,0.0,0.0,0.0,0.0,0.0,0.5469120935714209
CC_pH8_0,-0.07057093531217265,0.07255402538115563,-0.01129311473959166,-0.17575978753521387,0.03366128681025104,-0.02625617329557629,0.01598667166155317,0.003926937191382696,0.02748788363745679,-0.0054008762668008425,0.0,0.0,0.0,0.0,0.0,0.0,1.0,0.0,0.0,0.0,0.0,0.0,0.8455353071301549
CC_pH8_1,-0.0650692537026075,0.06450644828541123,-0.012332285797304436,-0.2069082710677353,0.029131610424703237,-0.02670538051337328,0.015806641131639477,0.008834682545098274,0.04972713813469137,0.007344587651364831,0.0,0.0,0.0,0.0,0.0,0.0,1.0,0.0,0.0,0.0,0.0,0.0,0.8378107178569503
CC_pH8_2,-0.10366246149794241,0.10109741722355069,-0.007255503498827635,-0.17803580978804306,0.03595089464488885,-0.03848919607617932,0.01584032825801683,0.00537678118187772,0.03641380407483033,-0.002900336989728004,0.0,0.0,0.0,0.0,0.0,0.0,1.0,0.0,0.0,0.0,0.0,0.0,0.8442380625189879
CC_pH9_0,-0.0833862969396717,0.08459955651272576,-0.01369070673847328,-0.1598015619085534,0.03454002972327821,-0.03605791499271341,0.014283575311951012,0.0173048958218778,0.03628144096664111,-0.0297371004578536,0.0,0.0,0.0,0.0,0.0,0.0,1.0,0.0,0.0,0.0,0.0,0.0,1.003926186226973
CC_pH9_1,-0.08890139064022703,0.072757897928924,-0.008130488886457418,-0.13409627445447053,0.03730709484373422,-0.03230327809148509,0.014021658385577403,0.007190533685295479,0.027081951616817847,-0.030591787094979183,0.0,0.0,0.0,0.0,0.0,0.0,1.0,0.0,0.0,0.0,0.0,0.0,0.9964236708955914
CC_pH9_2,-0.11653500563222105,0.08641099313638456,-0.008762937452968049,-0.11659462571791984,0.04047335943207145,-0.02879153360977121,0.014264858695475946,-0.001133927740966497,0.02660582427583311,-0.031601087853474465,0.0,0.0,0.0,0.0,0.0,0.0,1.0,0.0,0.0,0.0,0.0,0.0,0.9996501428774356
DF_pH4_0,-0.038412741151759806,0.032290403049682136,-0.010438477694988249,-0.0955860831450833,0.02084347105463562,-0.012289179872478484,-0.015397739648090105,-0.00290021052988975,0.0214753216723709,-0.03524883783138964,0.0,0.0,0.0,0.0,0.0,0.0,0.0,1.0,0.0,0.0,0.0,0.0,-0.0016139570379183382
DF_pH4_1,-0.05759901601416261,0.0439962106457223,-0.0074133332029147,-0.08103048472705744,0.022830304960193847,-0.02104407104704044,-0.014452592864551625,-0.0029162488375668945,0.02223595522911004,-0.0402707970984604,0.0,0.0,0.0,0.0,0.0,0.0,0.0,1.0,0.0,0.0,0.0,0.0,0.0004845233155374915
DF_pH4_2,-0.029735764463472626,0.04949708708521464,-0.006743637738425447,-0.0988639711677704,0.020705128378518258,-0.025782671467117643,-0.01775279109285254,-0.0018183293371744787,0.024817548129383634,-0.04998667104007759,0.0,0.0,0.0,0.0,0.0,0.0,0.0,1.0,0.0,0.0,0.0,0.0,0.001874459798070219
DF_pH5_0,-0.05350057615210182,0.051436494408661264,-0.014040320091273472,-0.09455519426857,0.017461037274612033,-0.024278451637162465,-0.016032892509728024,-0.004695926117508309,0.02515040664893129,-0.022608652300727755,0.0,0.0,0.0,0.0,0.0,0.0,0.0,1.0,0.0,0.0,0.0,0.0,0.05114127579932972
DF_pH5_1,-0.03381543165396737,0.04287189040009095,-0.0030583999281668154,-0.07787391612913622,0.012162216651131928,-0.02384676494109242,-0.019192813555507556,-0.003949038334514785,0.015652824061234357,-0.044614638396255346,0.0,0.0,0.0,0.0,0.0,0.0,0.0,1.0,0.0,0.0,0.0,0.0,0.02446646428818786
DF_pH5_2,-0.03145394504718158,0.03473153977695366,-0.012236122125354793,-0.09219691280801984,0.018477466959182336,-0.01958826847941331,-0.013950337241606221,-0.0039670389680110905,0.022539931885574172,-0.03802038584309428,0.0,0.0,0.0,0.0,0.0,0.0,0.0,1.0,0.0,0.0,0.0,0.0,0.039343210450552515
DF_pH6_0,-0.06345386327568281,0.04614019761590855,-0.0035605381931299784,-0.0997712804000501,0.01641979564993602,-0.028618545319237142,-0.02693945514443128,-0.009460808474408543,0.012431654271305256,0.021148770141374805,0.0,0.0,0.0,0.0,0.0,0.0,0.0,1.0,0.0,0.0,0.0,0.0,0.16172687662413934
DF_pH6_1,-0.061547445782419795,0.03914507393644233,-0.010096156091793726,-0.14094606914881452,0.02084107971871677,-0.025532446355437454,-0.025267172188133652,-0.013158306735365288,0.031205500297896236,0.04969185988135312,0.0,0.0,0.0,0.0,0.0,0.0,0.0,1.0,0.0,0.0,0.0,0.0,0.20214567479932488
DF_pH6_2,-0.08408856783669605,0.066421497574319,-0.009093583438383497,-0.11887157566885914,0.023199156358352176,-0.032281606045511106,-0.024934504572302108,-0.012770201528201934,0.03430993918288985,0.02244536350683674,0.0,0.0,0.0,0.0,0.0,0.0,0.0,1.0,0.0,0.0,0.0,0.0,0.19208393008372077
DF_pH7_0,-0.11816512478677475,0.07367927020496647,-0.02218835907664312,-0.12743210315096953,0.0311850087672634,-0.0334114222439087,-0.030838160924208557,-0.00890410798561314,0.04053041942498606,0.05988050592658312,0.0,0.0,0.0,0.0,0.0,0.0,0.0,1.0,0.0,0.0,0.0,0.0,0.4761566893788473
DF_pH7_1,-0.0837268831738797,0.08418683209739948,-0.019497884643547556,-0.14391480594549486,0.021136189702007434,-0.030704190751294727,-0.02778168174883593,-0.008272841031784599,0.02021752797998488,0.05269366384281413,0.0,0.0,0.0,0.0,0.0,0.0,0.0,1.0,0.0,0.0,0.0,0.0,0.48226683949395216
DF_pH7_2,-0.08459995695146855,0.04949225929646713,-0.01666524035856128,-0.11309102391783639,0.03176823475114677,-0.028468181140639856,-0.03417770227336365,-0.008628745560088883,0.033841399280759306,0.03486488408854473,0.0,0.0,0.0,0.0,0.0,0.0,0.0,1.0,0.0,0.0,0.0,0.0,0.4811025384560845
DF_pH8_0,-0.0888997779098218,0.062383716952703595,-0.01868462367307233,-0.08842774472928241,0.021669022026269337,-0.024449783174483024,-0.036858876080292736,-0.002739178309945957,0.03064686729370252,0.009696295136666817,0.0,0.0,0.0,0.0,0.0,0.0,0.0,1.0,0.0,0.0,0.0,0.0,0.6161936979692529
DF_pH8_1,-0.06819665745832028,0.05509117909788114,-0.009772293756756444,-0.11385230403798428,0.027370064694272438,-0.027144168907290565,-0.033891962619255415,-0.0024114954001877606,0.02758810748386642,0.00955544843621876,0.0,0.0,0.0,0.0,0.0,0.0,0.0,1.0,0.0,0.0,0.0,0.0,0.6417698578516113
DF_pH8_2,-0.07553757994395237,0.06049029900246988,-0.010288474779657048,-0.11317147770370153,0.02337609021398037,-0.0291514164585944,-0.019776459686134173,-0.0015642460160281352,0.026277859637756706,0.0036813232663047033,0.0,0.0,0.0,0.0,0.0,0.0,0.0,1.0,0.0,0.0,0.0,0.0,0.6440713470669853
DF_pH9_0,-0.07761643187831278,0.06510821803432446,-0.013008655639284333,-0.11075907394168495,0.025520024333230182,-0.031009463098952954,-0.02885499256460562,-0.0022423092729371486,0.03283796786371132,0.004360633512311004,0.0,0.0,0.0,0.0,0.0,0.0,0.0,1.0,0.0,0.0,0.0,0.0,0.7292859280132171
DF_pH9_1,-0.06886167837144888,0.09580793203867,-0.012139003421787335,-0.155763243905714,0.028158284954564728,-0.027600197700540653,-0.026739312294141754,-0.002352657224173131,0.032289148206296164,0.0015366548198558682,0.0,0.0,0.0,0.0,0.0,0.0,0.0,1.0,0.0,0.0,0.0,0.0,0.7412574926289346
DF_pH9_2,-0.08269284510458619,0.07024972040692103,-0.010981167033719626,-0.12907631478920253,0.03496373363406114,-0.031036120778678556,-0.03451140984811862,-0.0024104520646126386,0.04185814405993923,0.007972629050440758,0.0,0.0,0.0,0.0,0.0,0.0,0.0,1.0,0.0,0.0,0.0,0.0,0.747526246417331
comm11_4_1,0.0853512380004901,-0.05807993558518914,0.018583464698623053,0.30019821025552634,-0.04815237237990875,0.0282621012956066,0.030706867160599522,-0.008434585528448224,0.057654141260553946,-0.3994283765833825,1.0,1.0,1.0,1.0,1.0,1.0,1.0,1.0,0.0,0.0,0.0,0.0,-0.0016139570379183382
comm11_4_2,0.0654128848117493,-0.02750049293527137,0.00023514223973387837,0.1912077497063286,-0.045772641616185064,0.036374933834228185,0.04522825890058733,-5.319618296039992e-05,0.05741877993730749,-0.3152329885574949,1.0,1.0,1.0,1.0,1.0,1.0,1.0,1.0,0.0,0.0,0.0,0.0,0.0004845233155374915
comm11_4_3,0.07142230264478079,-0.04054401951720534,0.0069436993316301775,0.27892155924245066,-0.04084374785423278,0.04078741533519781,0.05137755318058899,-0.01451817724408339,0.053721329209435224,-0.39951389343680255,1.0,1.0,1.0,1.0,1.0,1.0,1.0,1.0,0.0,0.0,0.0,0.0,0.001874459798070219
comm11_4_4,0.08458112466310999,-0.048724470998605975,0.003779902331450057,0.26311443526702727,-0.06620054793827558,0.0369425283210433,0.021314856339569973,-0.008255468674166056,0.053732448364405515,-0.33145149555867126,1.0,1.0,1.0,1.0,1.0,1.0,1.0,1.0,0.0,0.0,0.0,0.0,0.0053181834532889495
comm11_5_1,0.10570666186471023,-0.02447464263269111,-0.004719025565959185,0.26825426315159895,-0.0750084870830988,0.05626368386832918,0.017031482638305295,-0.018723281971381418,0.05721629470829728,-0.35085874415448176,1.0,1.0,1.0,1.0,1.0,1.0,1.0,1.0,0.0,0.0,0.0,0.0,0.05114127579932972
comm11_5_2,0.10334814921790815,-0.06633926831226311,-0.002508184405691597,0.22411629398758331,-0.047533369339273664,0.02882326117149837,0.02996047065795764,-0.012984262531542261,0.05589866305417988,-0.29655329312886236,1.0,1.0,1.0,1.0,1.0,1.0,1.0,1.0,0.0,0.0,0.0,0.0,0.02446646428818786
comm11_5_3,0.1120665037069146,-0.06480003491408477,-0.030325560960918655,0.2653372189050298,-0.0911311681520032,0.06064660151165141,0.04366042070981601,0.002844473469759458,0.06345369378104807,-0.3382315958392523,1.0,1.0,1.0,1.0,1.0,1.0,1.0,1.0,0.0,0.0,0.0,0.0,0.039343210450552515
comm11_5_4,0.12177033006294588,-0.062472293930452186,0.004885563149481361,0.25193792614316485,-0.08027122691597627,0.04197586185420338,0.03745588060751882,0.014159621866014976,0.05550400452688335,-0.36685609663998636,1.0,1.0,1.0,1.0,1.0,1.0,1.0,1.0,0.0,0.0,0.0,0.0,0.02826352230444504
comm11_6_1,0.3686362659700377,-0.13620130329109406,0.0631145399902016,0.4755144978245802,-0.11057515081018209,0.13008990145288413,0.11087532709069227,0.03150353114080171,0.10315784415756557,0.1728385460534659,1.0,1.0,1.0,1.0,1.0,1.0,1.0,1.0,0.0,0.0,0.0,0.0,0.16172687662413934
comm11_6_2,0.4314963807481461,-0.10174700265507337,0.07660825504880886,0.5444585754062333,-0.10329863702513922,0.17319995129561944,0.11758859617554623,0.08384123578546163,0.12266565608144125,0.32160473002039863,1.0,1.0,1.0,1.0,1.0,1.0,1.0,1.0,0.0,0.0,0.0,0.0,0.20214567479932488
comm11_6_3,0.5052551269478609,-0.11291807773725493,0.05000051626571169,0.541872313771721,-0.10972115030917137,0.17323962163747006,0.14268073326341157,0.09652837590921833,0.12347231818848971,0.23949461531825367,1.0,1.0,1.0,1.0,1.0,1.0,1.0,1.0,0.0,0.0,0.0,0.0,0.19208393008372077
comm11_6_4,0.3802317680361801,-0.15473724453143128,0.06346706289514575,0.5213917347076149,-0.12693461897540023,0.18196183569364904,0.1453312169711875,0.18838172281403906,0.1271411541626667,0.3203128280923904,1.0,1.0,1.0,1.0,1.0,1.0,1.0,1.0,0.0,0.0,0.0,0.0,0.19174196501252805
comm11_7_1,0.48212602051177433,-0.42710868237783073,0.10346716595327728,0.5594172433464101,-0.14824355241559126,0.1700938185984674,0.17586820525684102,0.10064467406386267,0.1461718812426957,0.3788653336291241,1.0,1.0,1.0,1.0,1.0,1.0,1.0,1.0,0.0,0.0,0.0,0.0,0.4761566893788473
comm11_7_2,0.45672139708398146,-0.4603498030490364,0.06996036344410285,0.6234502500465711,-0.21893203174209463,0.1985520768359952,0.1764508736230757,0.14470194819261845,0.16369851729346685,0.3677052591040568,1.0,1.0,1.0,1.0,1.0,1.0,1.0,1.0,0.0,0.0,0.0,0.0,0.48226683949395216
comm11_7_3,0.4850268869150592,-0.44969225412558617,0.13536386951763668,0.5663807210573196,-0.19924090716906862,0.2754660241334172,0.1492277793161085,0.04390583025251072,0.15750495321319796,0.3617377810386699,1.0,1.0,1.0,1.0,1.0,1.0,1.0,1.0,0.0,0.0,0.0,0.0,0.4811025384560845
comm11_7_4,0.47312331508399685,-0.49345645914826064,0.08921511384091625,0.5635723789740841,-0.18923635309116676,0.24012596596558783,0.14787372926452563,0.11169737754835063,0.1553649851388256,0.42740063057240585,1.0,1.0,1.0,1.0,1.0,1.0,1.0,1.0,0.0,0.0,0.0,0.0,0.4811025384560845
comm11_8_1,0.46471219622327586,-0.4477780439959758,0.08327365298107589,0.5718920625357524,-0.2536902949027717,0.1936140455848173,0.253213620390743,-0.09149336398822135,0.12711022760962012,0.1929716184083372,1.0,1.0,1.0,1.0,1.0,1.0,1.0,1.0,0.0,0.0,0.0,0.0,0.6161936979692529
comm11_8_2,0.43507593155757557,-0.5976571541656132,0.13320249224243605,0.6037004622132719,-0.2053929088240409,0.20603014091232227,0.2396967934849469,-0.10501737193933323,0.15295204925350847,0.14947356831525332,1.0,1.0,1.0,1.0,1.0,1.0,1.0,1.0,0.0,0.0,0.0,0.0,0.6417698578516113
comm11_8_3,0.4366983116280448,-0.4982991029544856,0.08000237980817,0.5293262005309858,-0.19333347493337222,0.238521606100966,0.21887782274219,-0.09539731400856831,0.14907396494532404,0.1392366078864459,1.0,1.0,1.0,1.0,1.0,1.0,1.0,1.0,0.0,0.0,0.0,0.0,0.6440713470669853
comm11_8_4,0.3847612105714886,-0.4181586473119324,0.11455970513796353,0.5290322856062458,-0.15637017105625048,0.14623605911336512,0.24511552746529167,-0.08940372944526048,0.13985541286675823,0.12344299545430612,1.0,1.0,1.0,1.0,1.0,1.0,1.0,1.0,0.0,0.0,0.0,0.0,0.6395779816459941
comm11_9_1,0.3140534385739137,-0.567355096351922,0.08300905332050246,0.5436275905301876,-0.16930482916898382,0.17222398038953546,0.21871345459726516,-0.06932806746912715,0.12074678175515775,0.08590905111040108,1.0,1.0,1.0,1.0,1.0,1.0,1.0,1.0,0.0,0.0,0.0,0.0,0.7292859280132171
comm11_9_2,0.35561907576963964,-0.4754787130580973,0.07884660348944043,0.4789862404617927,-0.1611612549310793,0.2089705731201431,0.14845980393254887,-0.056608076621170914,0.11242578590288757,0.003964964949890323,1.0,1.0,1.0,1.0,1.0,1.0,1.0,1.0,0.0,0.0,0.0,0.0,0.7412574926289346
comm11_9_3,0.39044447943851673,-0.4354110640591093,0.053590802798938485,0.4754714623745532,-0.17949273958356796,0.16447086600708252,0.1301561801844155,-0.10112000725556002,0.1197375009577397,0.05939207932385413,1.0,1.0,1.0,1.0,1.0,1.0,1.0,1.0,0.0,0.0,0.0,0.0,0.747526246417331
comm11_9_4,0.3852135693055132,-0.4828898315066877,0.08081216997547966,0.44603563864189,-0.21876905489793935,0.21056633430614094,0.20502499826495413,-0.09401765251208259,0.11706544207166067,0.046117606353338655,1.0,1.0,1.0,1.0,1.0,1.0,1.0,1.0,0.0,0.0,0.0,0.0,0.7409024335149471
