Experiments,CC_OD<--AC_OD,CC_OD<--BA_OD,CC_OD<--BC_OD,CC_OD<--BL_OD,CC_OD<--BT_OD,CC_OD<--BV_OD,CC_OD<--CC_OD,CC_OD<--DF_OD,CC_OD<--delarc_OD,CC_OD<--pH,AC_OD,BA_OD,BC_OD,BL_OD,BT_OD,BV_OD,CC_OD,DF_OD,wt_OD,delarc_OD,parc-_OD,parc+_OD,pH
5comm11delarcaTc_1,0.02216048794798553,0.0322562915003737,-0.0731870431832605,0.01296622343563839,-0.01626172756912875,0.0025887591650446333,0.09393908930259108,-0.021012922317376767,-0.07432262336804896,-0.042245923519974755,1.0,1.0,1.0,1.0,1.0,1.0,1.0,1.0,0.0,1.0,0.0,0.0,0.0997489321824637
5comm11delarcaTc_2,0.0353286198302901,0.029347046980300256,-0.07820501862007762,0.014823224922267553,-0.012735968505629625,-0.010994131508556642,0.09812796226500167,-0.01746796220166447,-0.0824553288112435,-0.0388878331512071,1.0,1.0,1.0,1.0,1.0,1.0,1.0,1.0,0.0,1.0,0.0,0.0,0.0997489321824637
5comm11delarcaTc_3,0.02746537389557646,0.03535162765978147,-0.055086479423537275,0.02323855914676602,-0.020721485528983577,-0.01343610452402019,0.11518570595380409,-0.02622624853220971,-0.09111091599819943,-0.05777942140414582,1.0,1.0,1.0,1.0,1.0,1.0,1.0,1.0,0.0,1.0,0.0,0.0,0.0997489321824637
5comm11delarcaTc_4,0.01732084154794195,0.03527499621121578,-0.05613830097171518,0.011336862694208878,-0.0222938517465904,-0.009263284936061373,0.10124618941811722,-0.014931536485572624,-0.061637251800958734,-0.06403405250434803,1.0,1.0,1.0,1.0,1.0,1.0,1.0,1.0,0.0,1.0,0.0,0.0,0.0997489321824637
6comm11delarcaTc_1,0.045559288804854645,0.018614789377746126,-0.05757560343390493,0.09431887468226945,-0.045091998555808865,-0.013422434663845472,0.15278242651201057,-0.036289531602321755,-0.09415439856299404,0.10559043089079712,1.0,1.0,1.0,1.0,1.0,1.0,1.0,1.0,0.0,1.0,0.0,0.0,0.294943607271727
6comm11delarcaTc_2,0.03584414235139064,0.02210154683526564,-0.046141811780145654,0.07502801592259305,-0.03856939909595024,-0.006347870005993168,0.1452281435628158,-0.022187116370414903,-0.11194501195639452,0.11732120398563613,1.0,1.0,1.0,1.0,1.0,1.0,1.0,1.0,0.0,1.0,0.0,0.0,0.294943607271727
6comm11delarcaTc_3,0.06873384145483294,0.03635364112459406,-0.052837508527572144,0.049656597129777866,-0.04526928357704056,-0.0035580506389859437,0.19112629974028095,-0.05919290476109141,-0.13506042148892605,0.12037963299293315,1.0,1.0,1.0,1.0,1.0,1.0,1.0,1.0,0.0,1.0,0.0,0.0,0.294943607271727
6comm11delarcaTc_4,0.059611547908836805,0.018887907880986023,-0.05502847947570009,0.07699489713165622,-0.06770895671828288,-0.007373717523271056,0.1592553750009519,-0.016394082624768918,-0.11061614751684194,0.1127034993852367,1.0,1.0,1.0,1.0,1.0,1.0,1.0,1.0,0.0,1.0,0.0,0.0,0.294943607271727
7comm11delarcaTc_1,0.1007344543451504,-0.03610346812770054,-0.04452672463381137,0.06865934742032548,-0.07004750875644791,-0.004238311853361032,0.16148530090065752,-0.02451722799046167,-0.16767282907000702,0.05588324948836564,1.0,1.0,1.0,1.0,1.0,1.0,1.0,1.0,0.0,1.0,0.0,0.0,0.5477367110758552
7comm11delarcaTc_2,0.1207669267340806,-0.04766607225138656,-0.051758388702140154,0.05714892863726204,-0.061906821744455734,-0.0002508827778207071,0.16503314521826762,-0.04397419810376087,-0.16693084084206142,0.0691944855547247,1.0,1.0,1.0,1.0,1.0,1.0,1.0,1.0,0.0,1.0,0.0,0.0,0.5477367110758552
7comm11delarcaTc_3,0.07154758652824017,-0.02357450133032651,-0.04731663684492283,0.06985747739576491,-0.08319594192065542,-0.003999171688261889,0.15840568399056792,-0.028982481097336855,-0.11859101139920078,0.0455052780888408,1.0,1.0,1.0,1.0,1.0,1.0,1.0,1.0,0.0,1.0,0.0,0.0,0.5477367110758552
7comm11delarcaTc_4,0.07532716262437728,-0.027591982211350743,-0.05072107150290243,0.05412192201580972,-0.08544548153077533,-0.001490008774031279,0.1758032545537445,-0.01745097568860966,-0.12606325215366468,0.043166714390112174,1.0,1.0,1.0,1.0,1.0,1.0,1.0,1.0,0.0,1.0,0.0,0.0,0.5477367110758552
8comm11delarcaTc_1,0.06545793290761219,-0.04898223508189877,-0.02151013448156173,0.02941683217255479,-0.02594664128370704,0.006027100354625398,0.11293737893498947,-0.058907994052607805,-0.0888945551652907,-0.032717073170022815,1.0,1.0,1.0,1.0,1.0,1.0,1.0,1.0,0.0,1.0,0.0,0.0,0.8453285927693228
8comm11delarcaTc_2,0.04307650184947187,-0.03724309469461845,-0.016961010297679383,0.03783005076106233,-0.03205258961777081,0.006176242122436754,0.10970397798162276,-0.05384619718999602,-0.07081905271088625,-0.04898421706894979,1.0,1.0,1.0,1.0,1.0,1.0,1.0,1.0,0.0,1.0,0.0,0.0,0.8453285927693228
8comm11delarcaTc_3,0.039220476784672505,-0.026986986226756535,-0.014900523516470969,0.028255867283062435,-0.04354969355449807,-0.0005407705359444351,0.11477617174579319,-0.03837905497442041,-0.07224062495232236,-0.048774250918422316,1.0,1.0,1.0,1.0,1.0,1.0,1.0,1.0,0.0,1.0,0.0,0.0,0.8453285927693228
8comm11delarcaTc_4,0.052013513487257544,-0.015266176172046236,-0.0172103381198426,0.045785727740832324,-0.03609592334676088,0.004797503013042329,0.09951356854765557,-0.05722820455248912,-0.08585486142891054,-0.053574198034045326,1.0,1.0,1.0,1.0,1.0,1.0,1.0,1.0,0.0,1.0,0.0,0.0,0.8453285927693228
delarc_pH4_0,-0.007092921779612485,-0.0019462469800213442,0.010143101163431192,-0.00615450542668164,0.007332911724123454,-0.00010012780346543192,-0.033905994556540545,0.01262058089755516,-0.01571117982875718,-0.028305006117823175,0.0,0.0,0.0,0.0,0.0,0.0,0.0,0.0,0.0,1.0,0.0,0.0,0.0032572508755295392
delarc_pH4_1,-0.00924522690728064,-0.002986011014056758,0.010676247558718465,-0.00610795008256505,0.0056293877477899355,0.0010295651110051119,-0.03294765862059253,0.0074049470891528165,-0.01502067296391191,-0.02155201645395921,0.0,0.0,0.0,0.0,0.0,0.0,0.0,0.0,0.0,1.0,0.0,0.0,-0.004437627208196163
delarc_pH4_2,-0.008006876736838855,-0.0030319109485160726,0.007248556556827996,-0.0077229435399741595,0.006875658476543007,0.0003992832231375828,-0.032764146556348905,0.012569433103376272,-0.014690151315020477,-0.023996290308929493,0.0,0.0,0.0,0.0,0.0,0.0,0.0,0.0,0.0,1.0,0.0,0.0,0.0011803763326671925
delarc_pH5_0,-0.007624405274754797,-0.009492121731619474,0.010873078565700385,-0.007785719652133791,0.008308156068112865,-0.0008379551328961622,-0.03484418388749675,0.014813567105144181,-0.01723617519530387,-0.019293629451472633,0.0,0.0,0.0,0.0,0.0,0.0,0.0,0.0,0.0,1.0,0.0,0.0,0.08114687964645667
delarc_pH5_1,-0.009412157435638264,-0.007583415538639479,0.01617732340672418,-0.007364792822374273,0.008562019044614356,0.00022142841966579815,-0.04265976053176692,0.006664253416896354,-0.01779245073866585,-0.009931835665812959,0.0,0.0,0.0,0.0,0.0,0.0,0.0,0.0,0.0,1.0,0.0,0.0,0.11230826956373989
delarc_pH5_2,-0.009157436731899078,-0.009128828545850095,0.009298467204764323,-0.006553995220456272,0.007099105107355055,0.003187227270100265,-0.03544263759425477,0.01314761776639068,-0.019677564069810933,-0.015891344051646154,0.0,0.0,0.0,0.0,0.0,0.0,0.0,0.0,0.0,1.0,0.0,0.0,0.09911694942295314
delarc_pH6_0,-0.015656756238060322,0.0017300405294593914,0.015333724187929991,-0.004798268742413947,0.011935987654951926,0.0016114659317890592,-0.09385133383805741,0.009895127579853263,-0.031296930847304824,0.041977555217403595,0.0,0.0,0.0,0.0,0.0,0.0,0.0,0.0,0.0,1.0,0.0,0.0,0.2884225051673924
delarc_pH6_1,-0.015016904719599078,-0.0030924445111304524,0.01618330068612957,-0.0079940378359195,0.014751366014470874,0.003439168316494348,-0.09151511837839676,0.012561436490580924,-0.03186672463243746,0.0394305700081927,0.0,0.0,0.0,0.0,0.0,0.0,0.0,0.0,0.0,1.0,0.0,0.0,0.29127362738877827
delarc_pH6_2,-0.00930077270047901,-0.00612233403341278,0.01596497942602424,-0.011329320075354822,0.010015534632940493,0.005293837740268233,-0.09129694409506475,0.013475783272018734,-0.03572706770242961,0.045906915690587906,0.0,0.0,0.0,0.0,0.0,0.0,0.0,0.0,0.0,1.0,0.0,0.0,0.2957269459022493
delarc_pH7_0,-0.01333600119181463,0.004390663912762766,0.013104684749395462,-0.016576239760641168,0.011283426305643563,-0.001291652581573504,-0.06823486906587671,0.023084734319304318,-0.02817449269148157,0.012630357138974512,0.0,0.0,0.0,0.0,0.0,0.0,0.0,0.0,0.0,1.0,0.0,0.0,0.5922068579302491
delarc_pH7_1,-0.01240864841206728,-0.0012651656033552216,0.012899533800740277,-0.012569831227377542,0.011799960692018349,-0.00031428610060728487,-0.08051095247238309,0.0147839766427996,-0.02396307979599046,0.028429104498506563,0.0,0.0,0.0,0.0,0.0,0.0,0.0,0.0,0.0,1.0,0.0,0.0,0.5480973412378645
delarc_pH7_2,-0.026501514012925328,0.008280401233300245,0.011643151960477393,-0.015918582890628145,0.014548120889812704,0.0019174377794337022,-0.08629262642388276,0.020274060404171113,-0.017661950838671104,0.026592113268865358,0.0,0.0,0.0,0.0,0.0,0.0,0.0,0.0,0.0,1.0,0.0,0.0,0.5469120935714209
delarc_pH8_0,-0.02398421234744804,0.006246545389395854,0.008223485292806088,-0.010881768024486043,0.01511372643087626,-0.0009448543779106567,-0.03970097906604086,0.022962583462991137,-0.02244013697769412,-0.017713778448574573,0.0,0.0,0.0,0.0,0.0,0.0,0.0,0.0,0.0,1.0,0.0,0.0,0.8455353071301549
delarc_pH8_1,-0.01110036648384741,0.003285401954376341,0.007156491020248959,-0.010310561543573503,0.010848616756417831,0.0018872232234064975,-0.03320532850172048,0.01245403819434021,-0.022770270735086147,-0.02136463274986929,0.0,0.0,0.0,0.0,0.0,0.0,0.0,0.0,0.0,1.0,0.0,0.0,0.8378107178569503
delarc_pH8_2,-0.021692996729448764,0.007287105528496044,0.009339163615773227,-0.009026391830133354,0.011800858985997087,-0.00028897675574230677,-0.039334904624695854,0.016925535572834476,-0.02375351544945379,-0.014375266784538878,0.0,0.0,0.0,0.0,0.0,0.0,0.0,0.0,0.0,1.0,0.0,0.0,0.8442380625189879
delarc_pH9_0,-0.013864688170851088,0.0020985517861402546,0.0052946065586951105,-0.004713302296383874,0.007784888955116595,-0.0009885423630476003,-0.02602438993094004,0.007953061397774552,-0.012418921369775807,-0.02824065343203509,0.0,0.0,0.0,0.0,0.0,0.0,0.0,0.0,0.0,1.0,0.0,0.0,1.003926186226973
delarc_pH9_1,-0.014709682868004009,0.005514381438615206,0.008723269204771063,-0.008788147165197067,0.007480878714249348,0.0010231385956032443,-0.02730685333488508,0.00911845933969902,-0.021576751631421403,-0.02259808115873729,0.0,0.0,0.0,0.0,0.0,0.0,0.0,0.0,0.0,1.0,0.0,0.0,0.9964236708955914
delarc_pH9_2,-0.009749686581123138,-0.00045497399157561026,0.008073457709068189,-0.004789037607994903,0.008529033579094254,0.0007164599258533638,-0.03235736968056501,0.008690680547354179,-0.015489712794129133,-0.02628824002635868,0.0,0.0,0.0,0.0,0.0,0.0,0.0,0.0,0.0,1.0,0.0,0.0,0.9996501428774356
AC_pH4_0,0.012340044335502644,-0.010907688127000534,0.007973657948997516,-0.00683315958554411,0.011627067130605653,0.001151098285234817,-0.05326846674681928,0.01485472965216183,0.009206963372619255,-0.04926363257195234,1.0,0.0,0.0,0.0,0.0,0.0,0.0,0.0,0.0,0.0,0.0,0.0,-0.0016139570379183382
AC_pH4_1,0.018292702117367925,-0.00820374030235183,0.011683108024299142,-0.0030129953350304913,0.010576209500330782,0.00016204808119927414,-0.07244169324363138,0.01953824010738374,0.008506893801259931,-0.04822016161613409,1.0,0.0,0.0,0.0,0.0,0.0,0.0,0.0,0.0,0.0,0.0,0.0,0.0004845233155374915
AC_pH4_2,0.013356414856794088,-0.007425347147711918,0.009085076102258073,-0.0019200118611890668,0.00903537108350302,-0.004051626696474042,-0.057217987496912,0.01698438655311727,0.00924642352802355,-0.05021208765066189,1.0,0.0,0.0,0.0,0.0,0.0,0.0,0.0,0.0,0.0,0.0,0.0,0.001874459798070219
AC_pH5_0,0.014820531080274474,-0.008228313487286316,0.012668243700881366,-0.00882126146967968,0.013037436606929352,0.001775582625287706,-0.06752987490481009,0.0185020156608611,0.009232417492742609,-0.04857616619642257,1.0,0.0,0.0,0.0,0.0,0.0,0.0,0.0,0.0,0.0,0.0,0.0,0.05114127579932972
AC_pH5_1,0.014231738001108165,-0.010121075506625776,0.00995138094952816,-0.005890564574232407,0.009610322766998053,0.00038109663145049664,-0.06214568650380342,0.018962705387916088,0.009221857460620615,-0.04732116170956389,1.0,0.0,0.0,0.0,0.0,0.0,0.0,0.0,0.0,0.0,0.0,0.0,0.02446646428818786
AC_pH5_2,0.014964883633605807,-0.0085108981149919,0.009988471889848133,-0.002662591678697777,0.01375737147172913,-0.0006859265619119564,-0.07149208662960595,0.02072485512901988,0.01176253403668575,-0.05096599963088723,1.0,0.0,0.0,0.0,0.0,0.0,0.0,0.0,0.0,0.0,0.0,0.0,0.039343210450552515
AC_pH6_0,0.008508613488596417,-0.026540209498033734,0.015491372392634335,-0.010537468022970564,0.010686644788973194,0.006995861282440548,-0.10048042769746286,0.02144566075739693,0.010976594386865263,0.0003339715626941088,1.0,0.0,0.0,0.0,0.0,0.0,0.0,0.0,0.0,0.0,0.0,0.0,0.16172687662413934
AC_pH6_1,0.016010136546000187,-0.016842727715392473,0.010886142164489014,-0.005352688624786779,0.01706919921055922,0.0031105382738472963,-0.14531906066158706,0.01926731921904518,0.013471625528966443,0.024580127945088816,1.0,0.0,0.0,0.0,0.0,0.0,0.0,0.0,0.0,0.0,0.0,0.0,0.20214567479932488
AC_pH6_2,0.011760200370589027,-0.018767715550290987,0.014851905674086476,-0.006303493781318969,0.016212853431276486,0.003476897178865645,-0.14063098601065577,0.02792930945035313,0.007886685674969595,0.02046495568483015,1.0,0.0,0.0,0.0,0.0,0.0,0.0,0.0,0.0,0.0,0.0,0.0,0.19208393008372077
AC_pH7_0,0.025520394429888415,-0.0017349530410264477,0.011546559225281942,-0.011004807951293235,0.0284150781669735,0.0019258850976905744,-0.2112845621457445,0.03258195948432726,0.011474900761335763,0.04944015724331385,1.0,0.0,0.0,0.0,0.0,0.0,0.0,0.0,0.0,0.0,0.0,0.0,0.4761566893788473
AC_pH7_1,0.024428680901942036,-0.0046321856230497355,0.016432939433016935,-0.01674659507824918,0.01544236382611258,0.0031951393055952293,-0.20458218691657984,0.03604484531451422,0.01909692631852206,0.04820068356216601,1.0,0.0,0.0,0.0,0.0,0.0,0.0,0.0,0.0,0.0,0.0,0.0,0.48226683949395216
AC_pH7_2,0.026659744699364125,-0.004690570107296754,0.013395122703387522,-0.012298500152284527,0.025133515517632272,0.002481895542258154,-0.22287498894410776,0.04808852861260834,0.016289303543390293,0.04469656184477651,1.0,0.0,0.0,0.0,0.0,0.0,0.0,0.0,0.0,0.0,0.0,0.0,0.4811025384560845
AC_pH8_0,0.028963169232010835,0.0029731964698547263,0.016121725642689218,-0.010822348475112056,0.01601989326047023,-0.006121077168044512,-0.21142706193637265,0.044742585561724134,0.015398444636502182,0.04103208488926455,1.0,0.0,0.0,0.0,0.0,0.0,0.0,0.0,0.0,0.0,0.0,0.0,0.6161936979692529
AC_pH8_1,0.035898367550386036,0.003370867808065981,0.017150779025548183,-0.012885419964314557,0.025728300327192175,-0.0028859507218610657,-0.2277072649406592,0.03734467531665755,0.021134728629840536,0.03973152887481062,1.0,0.0,0.0,0.0,0.0,0.0,0.0,0.0,0.0,0.0,0.0,0.0,0.6417698578516113
AC_pH8_2,0.038025902124202766,0.006016918270767708,0.01714923723104774,-0.013983107417335975,0.029383048694327726,0.003272536852720962,-0.2328278128935388,0.03913568212843055,0.01159303839551285,0.039115168662063535,1.0,0.0,0.0,0.0,0.0,0.0,0.0,0.0,0.0,0.0,0.0,0.0,0.6440713470669853
AC_pH9_0,0.03747111757164416,0.010808365256626807,0.010824979803140235,-0.015945057576400752,0.03062021167351581,-0.003089614219700349,-0.2238019402560008,0.024965956349168785,0.01820723291101825,0.04681935927506698,1.0,0.0,0.0,0.0,0.0,0.0,0.0,0.0,0.0,0.0,0.0,0.0,0.7292859280132171
AC_pH9_1,0.03724677437025568,0.006571250390767563,0.013707541977865221,-0.017759196063118945,0.026723003091351328,-0.00035193729194124107,-0.23545427251637543,0.04910871196588825,0.017226732911785014,0.039862004857328104,1.0,0.0,0.0,0.0,0.0,0.0,0.0,0.0,0.0,0.0,0.0,0.0,0.7412574926289346
AC_pH9_2,0.034708220354564806,0.005893893873663212,0.010850823352356322,-0.016055961186673656,0.02545183048953059,-0.0015109154700463554,-0.18386418605142316,0.023569065444981278,0.012339578754794989,0.025498262557717366,1.0,0.0,0.0,0.0,0.0,0.0,0.0,0.0,0.0,0.0,0.0,0.0,0.747526246417331
BA_pH4_0,-0.015481468898689616,-0.003124343513146691,0.00905324789644826,-0.005772233207244426,0.00890235567667886,-0.004507627502569686,-0.04614360812929987,0.018720211408242742,0.009445921586542998,-0.034211844182269566,0.0,1.0,0.0,0.0,0.0,0.0,0.0,0.0,0.0,0.0,0.0,0.0,-0.0016139574737368786
BA_pH4_1,-0.013500774908385686,-0.0035342016759450034,0.005555090088721201,-0.0025700791464592127,0.010751218654053369,-0.004236033221646009,-0.04301681097860084,0.00858075636064472,0.008051084694655045,-0.029199638848962345,0.0,1.0,0.0,0.0,0.0,0.0,0.0,0.0,0.0,0.0,0.0,0.0,0.00048452299554619434
BA_pH4_2,-0.012537528574466704,-0.004242093711686525,0.009135122286540495,-0.007300220033579062,0.011353531706592312,0.0016605795934067464,-0.05195799915818499,0.01191761908323869,0.006958546577750341,-0.028106946777451142,0.0,1.0,0.0,0.0,0.0,0.0,0.0,0.0,0.0,0.0,0.0,0.0,0.0018744598294293093
BA_pH5_0,-0.02028022508349512,-0.00019261309148176932,0.011235553705963587,-0.008436765723011415,0.009616381722482165,-0.0001974440398423578,-0.060616877496687926,0.018080737903896398,0.008138403578398184,-0.020466540490540305,0.0,1.0,0.0,0.0,0.0,0.0,0.0,0.0,0.0,0.0,0.0,0.0,0.0511412745403946
BA_pH5_1,-0.009661909896556449,-0.0011119058137030713,0.012096771079662214,-0.004048771038955157,0.006079215467502566,-0.004109815623428997,-0.047795576511619045,0.0137963046953487,0.004540020176614431,-0.03290372140017217,0.0,1.0,0.0,0.0,0.0,0.0,0.0,0.0,0.0,0.0,0.0,0.0,0.024466462930343342
BA_pH5_2,-0.014083174738790031,0.001209987939699835,0.011752839412985612,-0.00407279784264772,0.012965721264684005,-0.005056954785857512,-0.06611643343293312,0.02118151416566789,0.006406848351572357,-0.02730693919968831,0.0,1.0,0.0,0.0,0.0,0.0,0.0,0.0,0.0,0.0,0.0,0.0,0.03934321135483189
BA_pH6_0,-0.018774661302930956,-0.0012927769343166256,0.01932282302963912,-0.012612897523719331,0.01774212989794171,-0.001699180143338669,-0.1148782175872475,0.022554516809202892,0.005599494424506859,0.020919380464955516,0.0,1.0,0.0,0.0,0.0,0.0,0.0,0.0,0.0,0.0,0.0,0.0,0.16172687666300212
BA_pH6_1,-0.021412464816568662,-0.006520330001316642,0.017923383794259274,-0.015367687308411721,0.012735185116205526,0.005582621884026119,-0.11791676292904532,0.020417872801139623,0.0070661816940359445,0.03437261090036887,0.0,1.0,0.0,0.0,0.0,0.0,0.0,0.0,0.0,0.0,0.0,0.0,0.20214567404454245
BA_pH6_2,-0.03428299324050465,-0.0054045368083145305,0.021865832143483442,-0.017084710873238255,0.012257225437838904,0.005936756726739036,-0.12012374517882406,0.03136394103381621,0.007338319147086659,0.03501452274661026,0.0,1.0,0.0,0.0,0.0,0.0,0.0,0.0,0.0,0.0,0.0,0.0,0.19208393160174653
BA_pH7_0,-0.042071601659180995,-0.009072132393231859,0.010942015509708258,-0.015788494300947566,0.020873972332793405,-0.002658247136531156,-0.09010587958821459,0.031074653995608024,0.011516779611575538,0.02216954461410237,0.0,1.0,0.0,0.0,0.0,0.0,0.0,0.0,0.0,0.0,0.0,0.0,0.47615668850189524
BA_pH7_1,-0.04005622772358197,-0.01222228012898046,0.02102358447904091,-0.01948301201848232,0.020531230952550213,-0.0011641384385850135,-0.0960942034698699,0.03420824254215088,0.011056900121899242,0.019080514663061047,0.0,1.0,0.0,0.0,0.0,0.0,0.0,0.0,0.0,0.0,0.0,0.0,0.48226683981394347
BA_pH7_2,-0.039723503499231094,-0.01220613731233322,0.012248453312938142,-0.017377413817296693,0.013496678960003443,0.0004608273474783011,-0.09046205760293599,0.034671880044447996,0.004083799330072233,0.03168808437154993,0.0,1.0,0.0,0.0,0.0,0.0,0.0,0.0,0.0,0.0,0.0,0.0,0.48110253833913064
BA_pH8_0,-0.03259494090209836,-0.007181104799003707,0.013686214924243321,-0.019711177035477822,0.020683740691443825,-0.003661572418540069,-0.0883466752575022,0.03239210943701556,0.014050009592395763,0.00756400690221673,0.0,1.0,0.0,0.0,0.0,0.0,0.0,0.0,0.0,0.0,0.0,0.0,0.6161936980952847
BA_pH8_1,-0.04622897851159391,-0.008528235057854786,0.013074188342965816,-0.022738072963674427,0.01662327558915738,-0.0017576433168521718,-0.06875645568675322,0.03931365691894747,0.010681935669550592,0.0051969401508002834,0.0,1.0,0.0,0.0,0.0,0.0,0.0,0.0,0.0,0.0,0.0,0.0,0.6417698583743298
BA_pH8_2,-0.04797397794485416,-0.010092543197552796,0.009874323743759938,-0.019162987423858243,0.014006377927371827,-0.003521341211567432,-0.06173301454522121,0.03769440825998216,0.010655093938719643,0.007134271587913287,0.0,1.0,0.0,0.0,0.0,0.0,0.0,0.0,0.0,0.0,0.0,0.0,0.64407134594908
BA_pH9_0,-0.045061540554743255,-0.0071190392865758895,0.01191913893264111,-0.012492542319181985,0.016058686782970375,-0.0015499963140641546,-0.05694190226242189,0.03214498929092256,0.010442971622814304,-0.010520154906679758,0.0,1.0,0.0,0.0,0.0,0.0,0.0,0.0,0.0,0.0,0.0,0.0,0.7292859295671521
BA_pH9_1,-0.012137664050046034,-0.006625976346676119,0.009505923230241495,-0.0155905751842479,0.012701198243859993,0.001343231624619954,-0.07508648337593868,0.027043025961813887,0.006353487614845938,-0.0106255565837795,0.0,1.0,0.0,0.0,0.0,0.0,0.0,0.0,0.0,0.0,0.0,0.0,0.741257491587475
BA_pH9_2,-0.039722588246526275,-0.007749407059391552,0.009426813733095866,-0.012076264191520114,0.009596777995643407,-0.009141623148816112,-0.05353544091907047,0.037738762752092245,0.011495758643596556,-0.009152178424410521,0.0,1.0,0.0,0.0,0.0,0.0,0.0,0.0,0.0,0.0,0.0,0.0,0.74752624576109
BC_pH4_0,-0.013434249361541695,-0.0067723549116888776,-0.003053742772595877,-0.009267403030889515,0.015487837201520879,-0.0014828569650569042,-0.03859081605469565,0.018789725671319858,0.008760918436430232,-0.03355644504377699,0.0,0.0,1.0,0.0,0.0,0.0,0.0,0.0,0.0,0.0,0.0,0.0,-0.0016139570379183382
BC_pH4_1,-0.013682582223099538,-0.002119520939177955,-0.0026944789169963614,-0.004564085064820298,0.009098163717628819,0.0006134556308287476,-0.04044940775371684,0.014599690533637917,0.007736093590704159,-0.03165671730424157,0.0,0.0,1.0,0.0,0.0,0.0,0.0,0.0,0.0,0.0,0.0,0.0,0.0004845233155374915
BC_pH4_2,-0.01072610422199511,-0.004754583130276803,-0.0028741108447961194,-0.006722444910201768,0.010409413517159205,-0.0008362010993448133,-0.039226370871006326,0.01838136134041554,0.0075353030613421095,-0.03430565166125155,0.0,0.0,1.0,0.0,0.0,0.0,0.0,0.0,0.0,0.0,0.0,0.0,0.001874459798070219
BC_pH5_0,-0.012928730877946413,-0.008137304358407047,-0.0032204005089790932,-0.00545240034956647,0.006910830735552892,0.0004377388093701513,-0.0429695448530433,0.01892823056327989,0.010162271904333942,-0.02685007997525289,0.0,0.0,1.0,0.0,0.0,0.0,0.0,0.0,0.0,0.0,0.0,0.0,0.05114127579932972
BC_pH5_1,-0.01396074489508148,-0.007760479422286153,-0.0015862396248089879,-0.004465974691202459,0.012991135763409345,0.0005534986917779815,-0.029020764213865215,0.013451169448317557,0.004099219794202919,-0.03742020812847287,0.0,0.0,1.0,0.0,0.0,0.0,0.0,0.0,0.0,0.0,0.0,0.0,0.02446646428818786
BC_pH5_2,-0.01483529863960069,-0.004807098784342247,-0.002646109149892531,-0.006554537734077515,0.012110162598445358,0.0017969829512193148,-0.03634979696083895,0.014863009398560157,0.004186084468889496,-0.03088278484328285,0.0,0.0,1.0,0.0,0.0,0.0,0.0,0.0,0.0,0.0,0.0,0.0,0.039343210450552515
BC_pH6_0,-0.02296503414926321,-0.006835935580210112,-0.00852984427595916,-0.010656769273741899,0.013795922008474636,-0.0019971874647814296,-0.06889791541520265,0.02500697719014209,0.008029060812626521,0.009931339796369332,0.0,0.0,1.0,0.0,0.0,0.0,0.0,0.0,0.0,0.0,0.0,0.0,0.16172687662413934
BC_pH6_1,-0.017177111455138127,-0.0101487087797495,-0.009207445360598681,-0.010039264907878216,0.010588100039217946,0.00318770167681024,-0.08988349489877809,0.021646511840289862,0.006822417826371512,0.031091906142157864,0.0,0.0,1.0,0.0,0.0,0.0,0.0,0.0,0.0,0.0,0.0,0.0,0.20214567479932488
BC_pH6_2,-0.014239662657896786,-0.013339907472609014,-0.008388891568326432,-0.010503871384097018,0.01081772536808706,0.002044113394500607,-0.08193992213062619,0.02256072905218309,0.007969508309868853,0.02190079115331173,0.0,0.0,1.0,0.0,0.0,0.0,0.0,0.0,0.0,0.0,0.0,0.0,0.19208393008372077
BC_pH7_0,-0.01772774447352909,-0.0033426775803546537,-0.0024023632908685396,-0.011465661402933461,0.019068207935146658,-0.003014556081540398,-0.1236985432347991,0.020876353322173996,0.014573912027636138,0.044013684276572394,0.0,0.0,1.0,0.0,0.0,0.0,0.0,0.0,0.0,0.0,0.0,0.0,0.4761566893788473
BC_pH7_1,-0.027588631805366554,0.0048626164316058,-0.002419816567461289,-0.012485754412963335,0.016707223041954888,0.000627104355751174,-0.1179382705933961,0.029588259969655754,0.007808126549681891,0.03771975421058215,0.0,0.0,1.0,0.0,0.0,0.0,0.0,0.0,0.0,0.0,0.0,0.0,0.48226683949395216
BC_pH7_2,-0.02835596271577979,0.009493885261168625,-0.002416489073379047,-0.01032761998504967,0.02468741427600869,-0.00386542044164937,-0.12281234075882189,0.028677284430267045,0.008329516358511606,0.033470345863100624,0.0,0.0,1.0,0.0,0.0,0.0,0.0,0.0,0.0,0.0,0.0,0.0,0.4811025384560845
BC_pH8_0,-0.031558608429243226,0.010303008391258672,-0.00374270367719557,-0.0144754494387535,0.02016739035612377,-0.008583501141376636,-0.09462976082177507,0.025163880654043798,0.013868319163726562,0.020368036968714517,0.0,0.0,1.0,0.0,0.0,0.0,0.0,0.0,0.0,0.0,0.0,0.0,0.6161936979692529
BC_pH8_1,-0.04369060902937274,0.014630694397441723,-0.003798948887573636,-0.012426098221001903,0.022140931434747147,-0.003964260621704971,-0.08807331427729326,0.02470385918353239,0.012802874089076951,0.0145554839771079,0.0,0.0,1.0,0.0,0.0,0.0,0.0,0.0,0.0,0.0,0.0,0.0,0.6417698578516113
BC_pH8_2,-0.02265323566799255,0.0013922782583445639,-0.0035633563587401554,-0.011390985150862,0.010068734832027035,-0.0027185997057139226,-0.07474068780039922,0.022937240764225385,0.005513518901197646,0.012035704086251231,0.0,0.0,1.0,0.0,0.0,0.0,0.0,0.0,0.0,0.0,0.0,0.0,0.6440713470669853
BC_pH9_0,-0.02891702690698288,0.0159920627038683,-0.003760545613527622,-0.01408153001755557,0.018890541373529347,-0.0016985600436632722,-0.09941946547043144,0.030597145207752682,0.012115411930110143,0.007162577326956163,0.0,0.0,1.0,0.0,0.0,0.0,0.0,0.0,0.0,0.0,0.0,0.0,0.7292859280132171
BC_pH9_1,-0.023114969502152555,0.00911381076839145,-0.003925281223719534,-0.00666498892940581,0.008238423697235386,-0.0011701228938308422,-0.0703056154079209,0.01859623780185559,0.008056294476087,-0.0019431753907575395,0.0,0.0,1.0,0.0,0.0,0.0,0.0,0.0,0.0,0.0,0.0,0.0,0.7412574926289346
BC_pH9_2,-0.028729804177647048,0.007039839065704576,-0.003983266905921958,-0.015086241762821927,0.017558046929821696,-0.002010910555507745,-0.062408962784000946,0.02117584674563461,0.010553231925258168,-0.007227166399926596,0.0,0.0,1.0,0.0,0.0,0.0,0.0,0.0,0.0,0.0,0.0,0.0,0.747526246417331
BL_pH4_0,-0.009142759532222282,-0.005398231282951714,0.01001009062661425,0.009301525151923949,0.009686859401155507,0.0007617843532732316,-0.051902318501581814,0.020632736432902594,0.006104879270955595,-0.05317395499917558,0.0,0.0,0.0,1.0,0.0,0.0,0.0,0.0,0.0,0.0,0.0,0.0,-0.0016139570379183382
BL_pH4_1,-0.009881017295259014,-0.006197414712413498,0.012321062604896724,0.009312486681965708,0.007855137817095965,-0.0006382242055690812,-0.05226069751367703,0.013055802890727214,0.00469994546379894,-0.04138647059687293,0.0,0.0,0.0,1.0,0.0,0.0,0.0,0.0,0.0,0.0,0.0,0.0,0.0004845233155374915
BL_pH4_2,-0.010899138367107222,-0.003277856052205291,0.011615284551744876,0.009319564519935979,0.0077150984998266,-0.001151711865247268,-0.05161276948678752,0.017521576958192182,0.009069663937426295,-0.0514191015610856,0.0,0.0,0.0,1.0,0.0,0.0,0.0,0.0,0.0,0.0,0.0,0.0,0.001874459798070219
BL_pH5_0,-0.016630625765284766,-0.007269013500671184,0.01305614418927175,0.009699982072672121,0.008271625879544605,0.005059046403191092,-0.05249984779703916,0.016779336246874423,0.005610652164070179,-0.045196688757936025,0.0,0.0,0.0,1.0,0.0,0.0,0.0,0.0,0.0,0.0,0.0,0.0,0.05114127579932972
BL_pH5_1,-0.012379458783771436,-0.009767347591240769,0.011469545380981721,0.010232692884038325,0.008033241480183992,0.002644307047290645,-0.05150403096229243,0.017098765232822975,0.005402816430938875,-0.04434992012031295,0.0,0.0,0.0,1.0,0.0,0.0,0.0,0.0,0.0,0.0,0.0,0.0,0.02446646428818786
BL_pH5_2,-0.009905110098289975,-0.00787548800950627,0.010374257164531508,0.010203410531191724,0.01014728351354437,8.735315762865025e-05,-0.049553837965688,0.01446512465830892,0.00612450290005654,-0.04718688485961731,0.0,0.0,0.0,1.0,0.0,0.0,0.0,0.0,0.0,0.0,0.0,0.0,0.039343210450552515
BL_pH6_0,-0.013687546333024768,-0.018284604953065435,0.025724040120586995,0.012756983757666922,0.00908453540896754,0.00528568997149072,-0.12687366952173126,0.01933122362399919,0.009469923464500388,0.014074035387982253,0.0,0.0,0.0,1.0,0.0,0.0,0.0,0.0,0.0,0.0,0.0,0.0,0.16172687662413934
BL_pH6_1,-0.006585679566386439,-0.010860381134603494,0.01754149383865297,0.013198695218433502,0.014059188366493046,0.004613152381144055,-0.15977782465385917,0.018834804971803624,0.006777036275876604,0.039080126026706054,0.0,0.0,0.0,1.0,0.0,0.0,0.0,0.0,0.0,0.0,0.0,0.0,0.20214567479932488
BL_pH6_2,-0.017076884412773604,-0.015567862588871755,0.013301425748707156,0.013165664583768536,0.013394809116852344,0.010408381910073447,-0.14186198158447794,0.02172083491186166,0.007155176474834266,0.03224104724682706,0.0,0.0,0.0,1.0,0.0,0.0,0.0,0.0,0.0,0.0,0.0,0.0,0.19208393008372077
BL_pH7_0,-0.025267897661390676,-0.00029294714625196095,0.017688260083997865,0.016760323042778857,0.016818896473749824,0.002534112885452644,-0.17559160166247945,0.02860898458024325,0.00989245398668572,0.045730026551906985,0.0,0.0,0.0,1.0,0.0,0.0,0.0,0.0,0.0,0.0,0.0,0.0,0.4761566893788473
BL_pH7_1,-0.034062071832443544,0.007835160767578562,0.021394431967713422,0.017442720998888425,0.021302297214734485,0.0050323765727934315,-0.1808592499459527,0.03377025953170075,0.0050691966323748875,0.039955489227305276,0.0,0.0,0.0,1.0,0.0,0.0,0.0,0.0,0.0,0.0,0.0,0.0,0.48226683949395216
BL_pH7_2,-0.020758659683431137,0.0031531270606058605,0.016468383069909383,0.01742372512817382,0.013803131115551957,0.002053225273468895,-0.18062101067433578,0.041634313281696374,0.008068546113436636,0.035655830300605415,0.0,0.0,0.0,1.0,0.0,0.0,0.0,0.0,0.0,0.0,0.0,0.0,0.4811025384560845
BL_pH8_0,-0.02764226749893683,0.0061877810340577166,0.01308280426381237,0.021101319498342014,0.02680758329037496,-0.0014199035688627361,-0.1765988098418987,0.037885684718519615,0.015605081508503014,0.021871338229646663,0.0,0.0,0.0,1.0,0.0,0.0,0.0,0.0,0.0,0.0,0.0,0.0,0.6161936979692529
BL_pH8_1,-0.026276859475917225,0.016715820377854556,0.012353107710571395,0.021977929730454208,0.022919807514914757,-0.0023530772687745823,-0.15522265525089338,0.02620171160872459,0.009075496743595144,0.011489329806974402,0.0,0.0,0.0,1.0,0.0,0.0,0.0,0.0,0.0,0.0,0.0,0.0,0.6417698578516113
BL_pH8_2,-0.02362320790684823,0.01579312494682635,0.01306631210239847,0.01907718679665223,0.021927062218968306,-0.002944869457531477,-0.16711921500563418,0.028441434715894748,0.008612093840442274,0.023650689382389508,0.0,0.0,0.0,1.0,0.0,0.0,0.0,0.0,0.0,0.0,0.0,0.0,0.6440713470669853
BL_pH9_0,-0.023200699223822955,0.013735319066731987,0.01099564337804306,0.016998445420809413,0.017006040911959563,-0.0018182102582700883,-0.13679733248214926,0.033820417877185455,0.005934067843279436,0.00020692032427810505,0.0,0.0,0.0,1.0,0.0,0.0,0.0,0.0,0.0,0.0,0.0,0.0,0.7292859280132171
BL_pH9_1,-0.04269591851559791,0.004787102977482036,0.01306584096574427,0.01621530971935261,0.03035632825071883,-0.005529593285274409,-0.13050420740968546,0.02681028939459635,0.014668689965391939,0.009706768981262067,0.0,0.0,0.0,1.0,0.0,0.0,0.0,0.0,0.0,0.0,0.0,0.0,0.7412574926289346
BL_pH9_2,-0.03412923646002563,0.01384107549917763,0.013400927983710299,0.019111720950383205,0.02217956716402272,-0.002360457580728943,-0.1287639421306591,0.023597955240250525,0.00873020186757102,0.0012727990091535365,0.0,0.0,0.0,1.0,0.0,0.0,0.0,0.0,0.0,0.0,0.0,0.0,0.747526246417331
BT_pH4_0,-0.008971396227336852,-0.003585891636371935,0.009388151201773836,-0.0074676033010220395,-0.007381736237515252,0.0012059657386524355,-0.038015405234789634,0.013876995245176979,0.005661099352468939,-0.027829568151830016,0.0,0.0,0.0,0.0,1.0,0.0,0.0,0.0,0.0,0.0,0.0,0.0,-0.0016139570379183382
BT_pH4_1,-0.006371830145666457,-0.0040965662827796255,0.005712643855899248,-0.007554994464001578,-0.004776417565451046,0.0016450282985992406,-0.03226255825649866,0.007782870985911755,0.004143808904184921,-0.027341373570303883,0.0,0.0,0.0,0.0,1.0,0.0,0.0,0.0,0.0,0.0,0.0,0.0,0.0004845233155374915
BT_pH4_2,-0.011879863900881587,-0.0023445537598783387,0.008568275236403165,-0.008405286643259308,-0.005644857122805781,-0.0007502188417129224,-0.03269388172289601,0.013099864862919988,0.005019737395822355,-0.028088603853956676,0.0,0.0,0.0,0.0,1.0,0.0,0.0,0.0,0.0,0.0,0.0,0.0,0.001874459798070219
BT_pH5_0,-0.009827203416650228,-0.010005364596398303,0.00639511955578042,-0.000574707074657731,-0.005773297274971137,0.0004453940093314838,-0.040052588965298376,0.008455171488407676,0.0073253521738249954,-0.019507262386968763,0.0,0.0,0.0,0.0,1.0,0.0,0.0,0.0,0.0,0.0,0.0,0.0,0.05114127579932972
BT_pH5_1,-0.005225171428578704,-0.005924445608246099,0.013344882327617831,-0.010871233167531696,-0.006762664661256841,0.0010679424690771032,-0.03699667152452648,0.00849206086602467,0.00610366235325194,-0.026347751174648496,0.0,0.0,0.0,0.0,1.0,0.0,0.0,0.0,0.0,0.0,0.0,0.0,0.02446646428818786
BT_pH5_2,-0.012991433478486927,-0.0011478571499616878,0.010163558482232948,-0.006747973946267334,-0.006471943899017316,0.002060763340888788,-0.03605065195249273,0.010098314232992657,0.006044810084200909,-0.02807697507178249,0.0,0.0,0.0,0.0,1.0,0.0,0.0,0.0,0.0,0.0,0.0,0.0,0.039343210450552515
BT_pH6_0,-0.01306678194512168,-0.011991064251683978,0.015232792650956822,-0.011978161764108453,-0.01172852184724711,0.0024793589226496607,-0.06437835072612633,0.016347943448117408,0.004530261659427831,0.011433134608821055,0.0,0.0,0.0,0.0,1.0,0.0,0.0,0.0,0.0,0.0,0.0,0.0,0.16172687662413934
BT_pH6_1,-0.010821839473311504,-0.010534570258080394,0.017616889310858978,-0.013912521490938556,-0.0116555453936124,0.003948576673764087,-0.08881983620094377,0.01626764995491375,0.00615070963015213,0.02864109815513391,0.0,0.0,0.0,0.0,1.0,0.0,0.0,0.0,0.0,0.0,0.0,0.0,0.20214567479932488
BT_pH6_2,-0.01475027896008333,-0.017790081324764406,0.013547448276380157,-0.0068938955807370025,-0.012460463620600824,0.0012380720581859337,-0.07623012596073198,0.018797889047848952,0.004949345220912896,0.026472701835749755,0.0,0.0,0.0,0.0,1.0,0.0,0.0,0.0,0.0,0.0,0.0,0.0,0.19208393008372077
BT_pH7_0,-0.034819548523013034,0.004561153272592016,0.013080607937426183,-0.011444845609366894,-0.012332380708388017,0.0021520934391604817,-0.08837668115222504,0.02502702277538408,0.00948400945119236,0.029549180893328687,0.0,0.0,0.0,0.0,1.0,0.0,0.0,0.0,0.0,0.0,0.0,0.0,0.4761566893788473
BT_pH7_1,-0.021433384970802334,0.00502962330558702,0.011395976282757422,-0.014197100544975989,-0.012771106780020766,0.0018605453792311572,-0.08381240754955165,0.013559894359508612,0.005986008647950773,0.03126256353950694,0.0,0.0,0.0,0.0,1.0,0.0,0.0,0.0,0.0,0.0,0.0,0.0,0.48226683949395216
BT_pH7_2,-0.021285706417149174,-0.0014598482897322962,0.015571811476965314,-0.013421583555881746,-0.013706826804327254,0.004658147841084586,-0.0884848159154796,0.022154131527564933,0.006936980185260914,0.025918320574564866,0.0,0.0,0.0,0.0,1.0,0.0,0.0,0.0,0.0,0.0,0.0,0.0,0.4811025384560845
BT_pH8_0,-0.018444534047587734,0.009058687973706781,0.00918607718321373,-0.00995693757947858,-0.013717863132529288,0.0023916401233240636,-0.06626775846431922,0.013950070896611102,0.007718466041184476,0.0029627619397259598,0.0,0.0,0.0,0.0,1.0,0.0,0.0,0.0,0.0,0.0,0.0,0.0,0.6161936979692529
BT_pH8_1,-0.03215015607521586,0.0077425769999947235,0.012069949837927908,-0.012523894872941563,-0.012296805929028149,0.0007505940604428551,-0.058996142116375265,0.02223104155784392,0.008979097153869986,0.0010743503756416224,0.0,0.0,0.0,0.0,1.0,0.0,0.0,0.0,0.0,0.0,0.0,0.0,0.6417698578516113
BT_pH8_2,-0.03255534782944976,0.001590220373447823,0.01136587862026594,-0.016365896823471813,-0.01228083298561852,0.0015533455879346506,-0.0472422079344118,0.018016793017842526,0.009684410056544707,0.0031142489220339635,0.0,0.0,0.0,0.0,1.0,0.0,0.0,0.0,0.0,0.0,0.0,0.0,0.6440713470669853
BT_pH9_0,-0.028897469042111993,0.005362418523341741,0.009469631805347845,-0.016323424125110488,-0.01001653270006342,-0.0035562762574029537,-0.048170079468830444,0.02236362351185602,0.007473197999693778,-0.0008244791120270511,0.0,0.0,0.0,0.0,1.0,0.0,0.0,0.0,0.0,0.0,0.0,0.0,0.7292859280132171
BT_pH9_1,-0.022373094479452175,0.006713288204703965,0.010457485413644463,-0.0165623026852415,-0.009623343799587179,0.0016459060172833832,-0.062308293404462534,0.019006137487417817,0.007693667790002149,0.002231159884199176,0.0,0.0,0.0,0.0,1.0,0.0,0.0,0.0,0.0,0.0,0.0,0.0,0.7412574926289346
BT_pH9_2,-0.02506261243292576,0.0009784090649539038,0.011922675645302819,-0.01097206726943588,-0.009640298592655557,-0.0052030950933492385,-0.05422514329826379,0.02051685632591176,0.005837305981827819,0.002728580673751623,0.0,0.0,0.0,0.0,1.0,0.0,0.0,0.0,0.0,0.0,0.0,0.0,0.747526246417331
BV_pH4_0,-0.00809244655335889,-0.005213432526620835,0.00965694350828214,-0.0054850392333110395,0.012453396964170362,0.00017431054891937507,-0.05518997331615538,0.01215575451294527,0.009957938337313904,-0.03353684113988572,0.0,0.0,0.0,0.0,0.0,1.0,0.0,0.0,0.0,0.0,0.0,0.0,-0.0016139570379183382
BV_pH4_1,-0.009982762960717083,-0.0012880135283036087,0.006688627066677839,-0.00046640231031114677,0.010107889575580054,0.00011926504763086231,-0.04702680469693049,0.015252866482605106,0.0018849885223797803,-0.038409042070397054,0.0,0.0,0.0,0.0,0.0,1.0,0.0,0.0,0.0,0.0,0.0,0.0,0.0004845233155374915
BV_pH4_2,-0.010945490038670274,-0.004333717558107785,0.009136189030199915,-0.004612550990372573,0.012163402559944305,0.00012843931296273404,-0.04634329250912467,0.007794410336924636,0.006255092034825003,-0.03236187102971599,0.0,0.0,0.0,0.0,0.0,1.0,0.0,0.0,0.0,0.0,0.0,0.0,0.001874459798070219
BV_pH5_0,-0.012450825104327953,-0.011857276421505952,0.009948652082568276,-0.0038508684884594854,0.010755015017120572,-0.00025552100846138967,-0.05698740713561521,0.027759140632520236,0.005466078512127632,-0.031646376951273696,0.0,0.0,0.0,0.0,0.0,1.0,0.0,0.0,0.0,0.0,0.0,0.0,0.05114127579932972
BV_pH5_1,-0.016956384292115337,-0.0037286263475518515,0.011926959313391505,-0.008871547947536506,0.007805801702298872,8.029836290718401e-05,-0.043181452522479485,0.017152432180819632,0.005346861175443653,-0.03269373057632829,0.0,0.0,0.0,0.0,0.0,1.0,0.0,0.0,0.0,0.0,0.0,0.0,0.02446646428818786
BV_pH5_2,-0.017268044451535073,-0.006241988192069466,0.010354874872845475,-0.006556989974747209,0.007578657683410234,-8.391477613021507e-05,-0.042121378900483245,0.0173303418090243,0.0031186973101095007,-0.029229644336434,0.0,0.0,0.0,0.0,0.0,1.0,0.0,0.0,0.0,0.0,0.0,0.0,0.039343210450552515
BV_pH6_0,-0.02014874013869659,-0.00542323147473128,0.015298488910471942,-0.010781074682372094,0.011188025430411747,-0.0031691180240443866,-0.09501237421893796,0.021247536186128856,0.006786226218505559,0.016894872768012725,0.0,0.0,0.0,0.0,0.0,1.0,0.0,0.0,0.0,0.0,0.0,0.0,0.16172687662413934
BV_pH6_1,-0.0247438917392055,-0.002001956163034977,0.012649755023986749,0.003862044725810057,0.013869445289120725,-0.004056871011853216,-0.1072203714246659,0.015448151653146613,0.005544220428488663,0.023530084526206814,0.0,0.0,0.0,0.0,0.0,1.0,0.0,0.0,0.0,0.0,0.0,0.0,0.20214567479932488
BV_pH6_2,-0.019696707713174756,-0.01978427064422842,0.01174366766880469,-0.010096948652669946,0.012678567413848055,-0.0057073240935721446,-0.09531736995721155,0.02119486913489907,0.008311881915180253,0.03355424621385401,0.0,0.0,0.0,0.0,0.0,1.0,0.0,0.0,0.0,0.0,0.0,0.0,0.19208393008372077
BV_pH7_0,-0.04086734450320997,0.001632882305724629,0.013467814476462081,-0.012367654888252928,0.020797623052140286,0.006329382370914457,-0.14438909502618982,0.03639487596289458,0.008060767831402305,0.047821359552807446,0.0,0.0,0.0,0.0,0.0,1.0,0.0,0.0,0.0,0.0,0.0,0.0,0.4761566893788473
BV_pH7_1,-0.017395746730591945,0.0041927579826796825,0.014098877113454205,-0.014666412361927894,0.014049573735556684,0.0031320438094680093,-0.13892506400781238,0.021026023909773518,0.008064713598401082,0.04330384405329823,0.0,0.0,0.0,0.0,0.0,1.0,0.0,0.0,0.0,0.0,0.0,0.0,0.48226683949395216
BV_pH7_2,-0.022770835043781478,0.001103033454704058,0.01655000798232124,-0.018817155751824865,0.031612916601842025,0.007417485910143865,-0.1804637909912423,0.037024036695087414,0.016820415773874393,0.04840449651652622,0.0,0.0,0.0,0.0,0.0,1.0,0.0,0.0,0.0,0.0,0.0,0.0,0.4811025384560845
BV_pH8_0,-0.031437815826527944,0.0074325632349507,0.016284911031075548,-0.01287963196199954,0.015246429640151887,0.002946101620833834,-0.12162307447556443,0.02797705101071978,0.00968931590925659,0.023244761056671653,0.0,0.0,0.0,0.0,0.0,1.0,0.0,0.0,0.0,0.0,0.0,0.0,0.6161936979692529
BV_pH8_1,-0.03194830914605005,0.004751565330155679,0.015064799344146871,-0.021660763325432878,0.021212187606699597,0.003198259087360425,-0.11781935533954074,0.03145328760349556,0.008323977650143208,0.02430496249783217,0.0,0.0,0.0,0.0,0.0,1.0,0.0,0.0,0.0,0.0,0.0,0.0,0.6417698578516113
BV_pH8_2,-0.03696008645241027,0.005765820026255981,0.00936306197722645,-0.015490817879529105,0.01437491652191333,0.0031801874773657824,-0.09935068843187765,0.02926547649660674,0.007026013151904487,0.01970672857765432,0.0,0.0,0.0,0.0,0.0,1.0,0.0,0.0,0.0,0.0,0.0,0.0,0.6440713470669853
BV_pH9_0,-0.03905385808138501,0.00409708862800313,0.012032616844542487,-0.016030365691176086,0.027450389353983588,0.0026835111722998003,-0.10608052322656199,0.030121431726678877,0.009673670857243806,0.011986651170755855,0.0,0.0,0.0,0.0,0.0,1.0,0.0,0.0,0.0,0.0,0.0,0.0,0.7292859280132171
BV_pH9_1,-0.034134467794337195,0.011468417918835972,0.006025235470910758,-0.011545234457994607,0.016627388584488274,0.002221175936941544,-0.0886816893655645,0.026555023530862577,0.010614281818270682,-0.00226952062231367,0.0,0.0,0.0,0.0,0.0,1.0,0.0,0.0,0.0,0.0,0.0,0.0,0.7412574926289346
BV_pH9_2,-0.0266949464245092,0.008571641709169615,0.009259357496731629,-0.018349016619512167,0.02257066625003379,0.00281328190340782,-0.09937839717442253,0.021827745871901835,0.010542046462955031,0.005718231762597419,0.0,0.0,0.0,0.0,0.0,1.0,0.0,0.0,0.0,0.0,0.0,0.0,0.747526246417331
CC_pH4_0,-0.0314618820446017,-0.004875956960832292,0.013212852081304169,-0.011026978217895425,0.018501622433490728,-0.00667223582044244,0.10040070207485849,0.023275961381504718,0.01917113105766475,-0.18364460485035797,0.0,0.0,0.0,0.0,0.0,0.0,1.0,0.0,0.0,0.0,0.0,0.0,0.0032572508755295392
CC_pH4_1,-0.03568815523697791,-0.012392283185364924,0.012766571007972669,-0.014685632882174109,0.018620931996265428,-0.0018996487074005217,0.10342413469217719,0.027418166412718832,0.014796777068556323,-0.17548025003107992,0.0,0.0,0.0,0.0,0.0,0.0,1.0,0.0,0.0,0.0,0.0,0.0,-0.004437627208196163
CC_pH4_2,-0.028251197563140124,-0.011891858267000597,0.012652240749499152,-0.013301055506985307,0.020371737233464315,-0.0010181102137405273,0.10327061788492795,0.02753358190656519,0.011172160365234085,-0.18365750545413115,0.0,0.0,0.0,0.0,0.0,0.0,1.0,0.0,0.0,0.0,0.0,0.0,0.0011803763326671925
CC_pH5_0,-0.03122955058549491,-0.0572941344959216,0.02138486408253969,-0.01993556014444355,0.02729680333478863,-0.0016184557192837413,0.12688702942074642,0.0400390525458826,0.021445829220440072,-0.13629145008683932,0.0,0.0,0.0,0.0,0.0,0.0,1.0,0.0,0.0,0.0,0.0,0.0,0.08114687964645667
CC_pH5_1,-0.025012818338632906,-0.05292512861859943,0.029906447914165798,-0.025476445785581902,0.0333375283805451,0.008354947813989027,0.15943698634778194,0.048024966834649525,0.02503051063967059,-0.08644341917521238,0.0,0.0,0.0,0.0,0.0,0.0,1.0,0.0,0.0,0.0,0.0,0.0,0.11230826956373989
CC_pH5_2,-0.04731643421150259,-0.04173635867505294,0.021668002852238712,-0.020800342857280912,0.03172885600335733,0.00752295471014171,0.13658934645405366,0.04409653828378119,0.02139608045624894,-0.1059124536479256,0.0,0.0,0.0,0.0,0.0,0.0,1.0,0.0,0.0,0.0,0.0,0.0,0.09911694942295314
CC_pH6_0,-0.05322980485051749,0.031204105233571137,0.04346130497500542,-0.04003552085699755,0.05927033256541978,0.020239917993262083,0.39995368637377404,0.07608553274230948,0.048701928631989674,0.32229596086929585,0.0,0.0,0.0,0.0,0.0,0.0,1.0,0.0,0.0,0.0,0.0,0.0,0.2884225051673924
CC_pH6_1,-0.047901829387790154,0.03834942067193841,0.03809675483680938,-0.03393198288045825,0.05791042853329005,0.02259817739695554,0.39596541877916974,0.08611887026112529,0.04940855384004585,0.30194565211858027,0.0,0.0,0.0,0.0,0.0,0.0,1.0,0.0,0.0,0.0,0.0,0.0,0.29127362738877827
CC_pH6_2,-0.04635570051847027,0.007956457432744134,0.03648406220093856,-0.026504085679619545,0.05915691880144827,0.012227050152040361,0.3947008147429797,0.08875075333893463,0.046617782693963654,0.33648146950690405,0.0,0.0,0.0,0.0,0.0,0.0,1.0,0.0,0.0,0.0,0.0,0.0,0.2957269459022493
CC_pH7_0,-0.12050552968249609,0.04355142127985702,0.018686285643210707,-0.07687434365679306,0.06927266471685192,-0.015886956428825535,0.2569460381478396,0.08112921054950792,0.026922035345038328,0.09899037260795011,0.0,0.0,0.0,0.0,0.0,0.0,1.0,0.0,0.0,0.0,0.0,0.0,0.5922068579302491
CC_pH7_1,-0.12499742803983797,0.059581378294640906,0.019277690620586763,-0.06654452155840218,0.06784185767659676,-0.02422111044850445,0.28558882184782186,0.07856218630032938,0.02873477613674882,0.13707608242843142,0.0,0.0,0.0,0.0,0.0,0.0,1.0,0.0,0.0,0.0,0.0,0.0,0.5480973412378645
CC_pH7_2,-0.1115745645990271,0.05131286121499927,0.023421255752909927,-0.06911041919293855,0.06158608803029536,-0.026828456094144325,0.288384697009283,0.07433550979122117,0.033382496831169284,0.1381041432416026,0.0,0.0,0.0,0.0,0.0,0.0,1.0,0.0,0.0,0.0,0.0,0.0,0.5469120935714209
CC_pH8_0,-0.14600949441669908,0.019499612464569514,0.019944673763972746,-0.05938448415198566,0.05194673312271179,-0.014807576286485016,0.14388214234596766,0.038348941416378415,0.02362239618218787,-0.08167650124058126,0.0,0.0,0.0,0.0,0.0,0.0,1.0,0.0,0.0,0.0,0.0,0.0,0.8455353071301549
CC_pH8_1,-0.14675204174405818,0.029461373965681083,0.019010437955300365,-0.06381842690509867,0.03653433829961021,-0.007405758853191915,0.1498668097233926,0.055452729784276185,0.026430908404999284,-0.09407676678525442,0.0,0.0,0.0,0.0,0.0,0.0,1.0,0.0,0.0,0.0,0.0,0.0,0.8378107178569503
CC_pH8_2,-0.14308525426151314,0.03938620391286627,0.017598971458982024,-0.05853693234754485,0.040029246639612166,-0.01601336853163641,0.146079675221674,0.060852709200698886,0.025090651680087752,-0.11446753351534111,0.0,0.0,0.0,0.0,0.0,0.0,1.0,0.0,0.0,0.0,0.0,0.0,0.8442380625189879
CC_pH9_0,-0.1279402955224657,0.010253694521101274,0.016705584156164986,-0.04436187155129713,0.0338669634549676,-0.0024242819676621136,0.11676075095098222,0.04564742310478797,0.019931534782618936,-0.13155889093055914,0.0,0.0,0.0,0.0,0.0,0.0,1.0,0.0,0.0,0.0,0.0,0.0,1.003926186226973
CC_pH9_1,-0.1383217790130141,0.027900882511521168,0.014737001121418713,-0.04765243845784266,0.02996789319531829,-0.002135224342852348,0.11840451516848784,0.06129332262349478,0.01984142172818436,-0.14715498354903458,0.0,0.0,0.0,0.0,0.0,0.0,1.0,0.0,0.0,0.0,0.0,0.0,0.9964236708955914
CC_pH9_2,-0.12199230849348087,0.03118212088775498,0.013049464140229092,-0.0492296537240137,0.03922046345410585,0.0013011151966740085,0.12347328994807827,0.03715787627096491,0.02266421241290948,-0.15994596895852897,0.0,0.0,0.0,0.0,0.0,0.0,1.0,0.0,0.0,0.0,0.0,0.0,0.9996501428774356
DF_pH4_0,-0.006179863482652962,-0.001183443954923069,0.011168073338415957,-0.0055478631359848945,0.003661146654504472,0.0012816559136642706,-0.03242845386276831,-0.007898052416579879,0.0035461993361620794,-0.0295387870348666,0.0,0.0,0.0,0.0,0.0,0.0,0.0,1.0,0.0,0.0,0.0,0.0,-0.0016139570379183382
DF_pH4_1,-0.00806058191947396,-0.005296859681788509,0.007648841360199227,-0.002393596845719478,0.006731716503956071,-0.0011656003064759405,-0.03317860907308109,-0.009113137403746016,0.004763227278852594,-0.02305478782889069,0.0,0.0,0.0,0.0,0.0,0.0,0.0,1.0,0.0,0.0,0.0,0.0,0.0004845233155374915
DF_pH4_2,-0.0074901871432793195,-0.004576307219230448,0.00986825617749001,-0.007403853030308432,0.008000840604224286,0.002479668286952959,-0.033407662429077466,-0.01032822239091215,0.002456134143690377,-0.022718054961068962,0.0,0.0,0.0,0.0,0.0,0.0,0.0,1.0,0.0,0.0,0.0,0.0,0.001874459798070219
DF_pH5_0,-0.0064384737107700315,-0.011367308765386597,0.00885055469106073,-0.007990275267916529,0.004926027672304569,0.0011862667396907568,-0.022983097412178053,-0.010306960453643748,0.004609126927655027,-0.023605247906146008,0.0,0.0,0.0,0.0,0.0,0.0,0.0,1.0,0.0,0.0,0.0,0.0,0.05114127579932972
DF_pH5_1,-0.010439718384396933,-0.005866144588217138,0.010136889882142777,-0.00838778018111201,0.006726578758908033,0.0020791944049541712,-0.024849495824588376,-0.012552035173158284,0.0030674459201121794,-0.023034323158410742,0.0,0.0,0.0,0.0,0.0,0.0,0.0,1.0,0.0,0.0,0.0,0.0,0.02446646428818786
DF_pH5_2,-0.00924794645473847,-0.0019613904844078675,0.00952904050451015,-0.009293072525735782,0.003720198730108045,0.0025119130513833257,-0.03189780457775392,-0.00789414447610793,0.0022126746431762436,-0.02079885772277561,0.0,0.0,0.0,0.0,0.0,0.0,0.0,1.0,0.0,0.0,0.0,0.0,0.039343210450552515
DF_pH6_0,-0.017931807604010988,-0.0051552928761457615,0.011786295873436914,-0.007950374869245064,0.009196977129449016,0.0031963867332745837,-0.06474811913334237,-0.01678924514871577,0.007083133194372868,0.01819265796519492,0.0,0.0,0.0,0.0,0.0,0.0,0.0,1.0,0.0,0.0,0.0,0.0,0.16172687662413934
DF_pH6_1,-0.011315351945206362,-0.01204218930554698,0.00851623671726607,-0.008495854673623715,0.009752588520616131,0.002338025845567007,-0.07054191462027473,-0.017548722155068235,0.004488639784470686,0.03172915296649318,0.0,0.0,0.0,0.0,0.0,0.0,0.0,1.0,0.0,0.0,0.0,0.0,0.20214567479932488
DF_pH6_2,-0.016598903856179476,-0.0025735168159008027,0.008584118005819619,-0.00046015069394817734,0.008317583534137708,0.00290290056383642,-0.07900288555467419,-0.016294215021897915,0.004182565838260495,0.027823115135239357,0.0,0.0,0.0,0.0,0.0,0.0,0.0,1.0,0.0,0.0,0.0,0.0,0.19208393008372077
DF_pH7_0,-0.018544767769357273,0.005739252718529947,0.008236735290240334,-0.008726393630444678,0.0076060439712044015,0.0008924583424611574,-0.06317985757284432,-0.01922101536198803,0.0034432990051320063,0.0206348568382268,0.0,0.0,0.0,0.0,0.0,0.0,0.0,1.0,0.0,0.0,0.0,0.0,0.4761566893788473
DF_pH7_1,-0.02800653687870616,0.011866540952646377,0.011978374497317097,-0.013268698031872347,0.010048964011746096,0.00022595318418967941,-0.06383261242861173,-0.02049525207799414,0.007219302416475408,0.021144576451599437,0.0,0.0,0.0,0.0,0.0,0.0,0.0,1.0,0.0,0.0,0.0,0.0,0.48226683949395216
DF_pH7_2,-0.02241744536602789,-0.0019342931407584766,0.01009051154124672,-0.005086064458338786,0.007100382193457337,0.001414396082678728,-0.0640557109722463,-0.02053813316575859,0.0041735698035715715,0.028133398493772128,0.0,0.0,0.0,0.0,0.0,0.0,0.0,1.0,0.0,0.0,0.0,0.0,0.4811025384560845
DF_pH8_0,-0.020768137340757834,0.006122015331790822,0.009772581445741587,-0.014114517850254703,0.0096829674249191,0.002153501012868693,-0.055720809049114736,-0.015043917708908738,0.00458934263933612,0.010207585229072719,0.0,0.0,0.0,0.0,0.0,0.0,0.0,1.0,0.0,0.0,0.0,0.0,0.6161936979692529
DF_pH8_1,-0.020768315835106795,0.007914655726585212,0.01006133712909144,-0.016632895392628952,0.007654354785083105,0.0004797695595366147,-0.04359628341859206,-0.01515260413936947,0.00579530929741652,0.0011252834226774134,0.0,0.0,0.0,0.0,0.0,0.0,0.0,1.0,0.0,0.0,0.0,0.0,0.6417698578516113
DF_pH8_2,-0.020821123241912577,0.004198510282996879,0.008157876735532898,-0.017849449734203517,0.01337238143481638,0.0002088036571386385,-0.04377324307711958,-0.014771092807793098,0.004412793396142027,0.003745154489094958,0.0,0.0,0.0,0.0,0.0,0.0,0.0,1.0,0.0,0.0,0.0,0.0,0.6440713470669853
DF_pH9_0,-0.01724409861419269,0.005073231539243589,0.007802285143255214,-0.011470521033498578,0.008744459604216819,-0.0023764720935698434,-0.041103786406127496,-0.012606547493487597,0.005093093177141702,-0.005031032895608603,0.0,0.0,0.0,0.0,0.0,0.0,0.0,1.0,0.0,0.0,0.0,0.0,0.7292859280132171
DF_pH9_1,-0.02106679610948524,0.0012519595550332704,0.009095595933942368,-0.010299703863894812,0.00870767571153524,0.0019449638716026168,-0.039450196797412865,-0.013147927907336019,0.004735787054625057,-0.004890745789136576,0.0,0.0,0.0,0.0,0.0,0.0,0.0,1.0,0.0,0.0,0.0,0.0,0.7412574926289346
DF_pH9_2,-0.021520278763694126,0.012018862700940151,0.009909872999718492,-0.013124199344614599,0.006510094625207229,-0.0014212281396612527,-0.04312532517502246,-0.012190602699537638,0.004271774742063945,-0.004448359810706715,0.0,0.0,0.0,0.0,0.0,0.0,0.0,1.0,0.0,0.0,0.0,0.0,0.747526246417331
comm11_4_1,0.04648422066425985,0.022170352014490285,-0.022327026460906896,-0.004756736857563497,-0.02620415650900333,0.0017232382821384833,0.102387778016526,-0.06490905396782022,0.01039568974909818,-0.12808369379652582,1.0,1.0,1.0,1.0,1.0,1.0,1.0,1.0,0.0,0.0,0.0,0.0,-0.0016139570379183382
comm11_4_2,0.048238574030566146,0.005938414938737758,-0.01605715092104535,-0.012347718483069915,-0.016741418734385186,0.0021450972372321813,0.08655072828025921,-0.05591837371512236,0.010117769141519524,-0.11504531095462402,1.0,1.0,1.0,1.0,1.0,1.0,1.0,1.0,0.0,0.0,0.0,0.0,0.0004845233155374915
comm11_4_3,0.045517578546018546,0.004340850046845963,-0.028041988018464865,-0.013965666322037577,-0.026867206718256372,-0.0010581518694474962,0.11793968496636652,-0.06717043028810345,0.009377702609028505,-0.10319176207640739,1.0,1.0,1.0,1.0,1.0,1.0,1.0,1.0,0.0,0.0,0.0,0.0,0.001874459798070219
comm11_4_4,0.037089609751356355,0.021057859614754645,-0.026234200906524757,0.0017523495087643033,-0.030824020955377528,0.0026546504599568614,0.11686271068351545,-0.051577636505750445,0.009130730701752169,-0.14303144111571342,1.0,1.0,1.0,1.0,1.0,1.0,1.0,1.0,0.0,0.0,0.0,0.0,0.0053181834532889495
comm11_5_1,0.04685876498758064,0.04724135840210414,-0.047564209254822964,0.00986400820522407,-0.03858680676304452,-0.011499159319336405,0.12089374640237782,-0.07445032442059449,0.0103060892076515,-0.10690241837519748,1.0,1.0,1.0,1.0,1.0,1.0,1.0,1.0,0.0,0.0,0.0,0.0,0.05114127579932972
comm11_5_2,0.06277625393264158,0.009070410986491684,-0.03625107872922419,0.014072974051409604,-0.015430651439465174,0.005802060803196029,0.09943765935042626,-0.07019113903014881,0.01139746235906268,-0.14380334114969662,1.0,1.0,1.0,1.0,1.0,1.0,1.0,1.0,0.0,0.0,0.0,0.0,0.02446646428818786
comm11_5_3,0.03857642968392769,0.009310927163232525,-0.03703485150543122,-0.0036887785601530877,-0.034450418783969275,0.0038564624921823636,0.13312211469828109,-0.07958568787025083,0.012572709509556223,-0.10118871926623596,1.0,1.0,1.0,1.0,1.0,1.0,1.0,1.0,0.0,0.0,0.0,0.0,0.039343210450552515
comm11_5_4,0.0649081817311842,0.01853031737780522,-0.023287691525436697,-0.01136258973309811,-0.03502855126725752,-0.0069588280528399115,0.11814119675621877,-0.06370219581375788,0.012148848726495126,-0.145443851682813,1.0,1.0,1.0,1.0,1.0,1.0,1.0,1.0,0.0,0.0,0.0,0.0,0.02826352230444504
comm11_6_1,0.06203512717488869,0.05743162172279604,-0.07311128116916338,0.06663366611424389,-0.05377101385206711,-0.025272741553869663,0.19249288314669996,-0.09334154465180093,0.015258327619699032,0.04082278919755481,1.0,1.0,1.0,1.0,1.0,1.0,1.0,1.0,0.0,0.0,0.0,0.0,0.16172687662413934
comm11_6_2,0.12033985994412037,0.048090836437135596,-0.06468712562872296,0.08471791213418803,-0.06031977616422609,-0.01580198865763479,0.22903161929783653,-0.10388313608375661,0.014239057624186185,0.09702925583798155,1.0,1.0,1.0,1.0,1.0,1.0,1.0,1.0,0.0,0.0,0.0,0.0,0.20214567479932488
comm11_6_3,0.08372710647233556,0.11804797887878045,-0.0820931112763735,0.06985249319058116,-0.045427274997751003,-0.02378726226976142,0.19704231738203976,-0.07758619137498064,0.014304081684221393,0.09096533226365548,1.0,1.0,1.0,1.0,1.0,1.0,1.0,1.0,0.0,0.0,0.0,0.0,0.19208393008372077
comm11_6_4,0.10164649825259718,0.06801541298410207,-0.06586995252327102,0.0928752458540966,-0.057316558944851013,-0.022035569353180975,0.20162553501649474,-0.09809818843966753,0.020755718069900154,0.10291699682625578,1.0,1.0,1.0,1.0,1.0,1.0,1.0,1.0,0.0,0.0,0.0,0.0,0.19174196501252805
comm11_7_1,0.19290369811508332,-0.0024945447240126042,-0.049504614211416435,0.07283202548101345,-0.08282435829396886,0.0029321527768574342,0.24751687669018077,-0.2293958659922076,0.025497345129159556,0.09825453600416,1.0,1.0,1.0,1.0,1.0,1.0,1.0,1.0,0.0,0.0,0.0,0.0,0.4761566893788473
comm11_7_2,0.1939157018569076,0.006866824711247799,-0.07044603684841168,0.07430752801526662,-0.11073321566198263,-0.0002995527076595706,0.26714474734571836,-0.22489858016822212,0.027190212944785703,0.1102358745506701,1.0,1.0,1.0,1.0,1.0,1.0,1.0,1.0,0.0,0.0,0.0,0.0,0.48226683949395216
comm11_7_3,0.13356034450207677,-0.0014826812675101356,-0.05175952546587009,0.045133149529270736,-0.08036655921823066,-0.006486293105054242,0.2520380966462518,-0.15344260849043445,0.020327928806402027,0.1162324097486334,1.0,1.0,1.0,1.0,1.0,1.0,1.0,1.0,0.0,0.0,0.0,0.0,0.4811025384560845
comm11_7_4,0.13248041868559082,0.002297901946180701,-0.06289004056284246,0.08304622131409933,-0.07277798709150848,0.0006706921876225928,0.24457950817036403,-0.2130889655479089,0.02698636001866797,0.1324501525652696,1.0,1.0,1.0,1.0,1.0,1.0,1.0,1.0,0.0,0.0,0.0,0.0,0.4811025384560845
comm11_8_1,0.1613389493804425,-0.04629617248611203,-0.03576614923213365,0.08490655944227118,-0.08360823889485682,0.004010615930943145,0.20634963446671306,-0.19579008094116074,0.025984562903075763,0.09799108292451938,1.0,1.0,1.0,1.0,1.0,1.0,1.0,1.0,0.0,0.0,0.0,0.0,0.6161936979692529
comm11_8_2,0.14638195305885549,-0.06058942450701423,-0.050760900045127545,0.08271325886365959,-0.08648073589292596,0.012016326123848554,0.2273495923284866,-0.14773613501254107,0.02621050913372765,0.059672588993056226,1.0,1.0,1.0,1.0,1.0,1.0,1.0,1.0,0.0,0.0,0.0,0.0,0.6417698578516113
comm11_8_3,0.16367098741941968,-0.03405325180208108,-0.03617805674084988,0.07836575276592908,-0.07240434570248118,0.012881265997876529,0.2105229488537525,-0.1915926854756822,0.02638051180897847,0.05025282176312707,1.0,1.0,1.0,1.0,1.0,1.0,1.0,1.0,0.0,0.0,0.0,0.0,0.6440713470669853
comm11_8_4,0.17748078419416946,-0.06751862370409072,-0.03961454446726155,0.07566179797680968,-0.084947141665692,-0.0011831680505597231,0.20923416678181292,-0.1544270483638747,0.02585205013661281,0.06912475351315071,1.0,1.0,1.0,1.0,1.0,1.0,1.0,1.0,0.0,0.0,0.0,0.0,0.6395779816459941
comm11_9_1,0.1533507997091637,-0.06275402386404533,-0.03738834283264029,0.05642936370710073,-0.06813087203853725,0.01638811217722199,0.2041602190310116,-0.1634473258165805,0.02955336159125538,0.045221221812585685,1.0,1.0,1.0,1.0,1.0,1.0,1.0,1.0,0.0,0.0,0.0,0.0,0.7292859280132171
comm11_9_2,0.1767554004598187,-0.09958377781896038,-0.032350787273051386,0.0665156183294628,-0.0850809350156772,0.030463995361680405,0.19302751559333925,-0.15399291844522253,0.024857388295273734,0.04792967142147498,1.0,1.0,1.0,1.0,1.0,1.0,1.0,1.0,0.0,0.0,0.0,0.0,0.7412574926289346
comm11_9_3,0.15928710079878447,-0.08248679686590785,-0.03559718749030372,0.07064373715740183,-0.07945446359003774,0.023897223970346635,0.21072062096173844,-0.16075875605061726,0.02618284812505843,0.030697185936505385,1.0,1.0,1.0,1.0,1.0,1.0,1.0,1.0,0.0,0.0,0.0,0.0,0.747526246417331
comm11_9_4,0.1634876875317676,-0.05736081038014558,-0.03970218530228443,0.0678196161997039,-0.07727008581121006,0.03438241130014396,0.1816236175711611,-0.16886550771264847,0.02552560418763238,0.03904435142525473,1.0,1.0,1.0,1.0,1.0,1.0,1.0,1.0,0.0,0.0,0.0,0.0,0.7409024335149471
