Experiments,delarc_OD<--AC_OD,delarc_OD<--BA_OD,delarc_OD<--BC_OD,delarc_OD<--BL_OD,delarc_OD<--BT_OD,delarc_OD<--BV_OD,delarc_OD<--CC_OD,delarc_OD<--DF_OD,delarc_OD<--delarc_OD,delarc_OD<--pH,AC_OD,BA_OD,BC_OD,BL_OD,BT_OD,BV_OD,CC_OD,DF_OD,wt_OD,delarc_OD,parc-_OD,parc+_OD,pH
5comm11delarcaTc_1,0.03878723238392369,0.0973675942097021,-0.024938757523246417,-0.019080990240301767,0.0016386617793013212,-0.0027557839898635517,-0.07691809854510685,-0.05555896202993134,0.2958005055809475,-0.18774389648810036,1.0,1.0,1.0,1.0,1.0,1.0,1.0,1.0,0.0,1.0,0.0,0.0,0.0997489321824637
5comm11delarcaTc_2,0.0039002781652885863,0.10046747059439835,-0.03654608341986718,-0.0016332390224156148,0.0015667320787906625,0.0015844250203150792,-0.04877514944047383,-0.059060527294388286,0.2945039736754868,-0.1894103751874164,1.0,1.0,1.0,1.0,1.0,1.0,1.0,1.0,0.0,1.0,0.0,0.0,0.0997489321824637
5comm11delarcaTc_3,0.015724777026992775,0.10890985871624688,-0.02871934406945239,-0.0028252296781410354,-0.007121044126055807,-0.009540828719087274,-0.06459424474964971,-0.05661996592969997,0.30120400307862005,-0.1898204763865341,1.0,1.0,1.0,1.0,1.0,1.0,1.0,1.0,0.0,1.0,0.0,0.0,0.0997489321824637
5comm11delarcaTc_4,0.011238937799049456,0.08510442932176848,-0.030002159647967507,-0.0019381530250868072,0.0041227050651998646,0.00335286609828472,-0.06661136477456793,-0.043742688188086375,0.2904616558721857,-0.18538872337049767,1.0,1.0,1.0,1.0,1.0,1.0,1.0,1.0,0.0,1.0,0.0,0.0,0.0997489321824637
6comm11delarcaTc_1,-0.010020271367190976,0.17405757469732477,-0.023350034919769856,0.025990730001712627,-4.609582702742563e-06,0.004139508877921357,-0.0579164876529704,-0.10586010699200889,0.44406276043585463,0.023870799126832383,1.0,1.0,1.0,1.0,1.0,1.0,1.0,1.0,0.0,1.0,0.0,0.0,0.294943607271727
6comm11delarcaTc_2,-0.0003436813770752967,0.17525855410844085,-0.017888286168808516,0.04839251030560421,-0.0057008473980038,0.003271007796182586,-0.0675602993166641,-0.12929075547615473,0.44243026065599655,0.026401399495485044,1.0,1.0,1.0,1.0,1.0,1.0,1.0,1.0,0.0,1.0,0.0,0.0,0.294943607271727
6comm11delarcaTc_3,-0.0037639647438798335,0.16060348694091262,-0.03433935936216424,0.03309814740296291,-0.004124384266526797,0.008449163958430294,-0.05111629275767053,-0.10867912058435056,0.4443364143177219,0.030505771719567164,1.0,1.0,1.0,1.0,1.0,1.0,1.0,1.0,0.0,1.0,0.0,0.0,0.294943607271727
6comm11delarcaTc_4,0.008883189779260876,0.14297137181072134,-0.020175680330266118,0.028619839818743255,-0.0008994862331968224,-0.011720287138191258,-0.06482072985690576,-0.09055133981387253,0.45251110971783814,0.030151874870871724,1.0,1.0,1.0,1.0,1.0,1.0,1.0,1.0,0.0,1.0,0.0,0.0,0.294943607271727
7comm11delarcaTc_1,-0.02513944201333366,0.20241737702780435,-0.030372648159770848,0.034605629949466046,0.00010807345094888139,-0.010288858316514807,-0.06518230099716914,-0.10137145376561776,0.5417177251329562,0.19107916245398965,1.0,1.0,1.0,1.0,1.0,1.0,1.0,1.0,0.0,1.0,0.0,0.0,0.5477367110758552
7comm11delarcaTc_2,-0.03765932828673847,0.1943521295147746,-0.02937876267925551,0.04504456377223782,0.0033082231531000607,-0.009641192030647523,-0.06927189393373936,-0.08589780626980507,0.5378357260965785,0.1888816054262545,1.0,1.0,1.0,1.0,1.0,1.0,1.0,1.0,0.0,1.0,0.0,0.0,0.5477367110758552
7comm11delarcaTc_3,-0.02868539054189687,0.19237475882405816,-0.02040964956597788,0.05193317066473158,0.0010880392554985451,-0.02418295923215541,-0.058692758384606095,-0.09358688705236365,0.5403557896460204,0.17737915114945046,1.0,1.0,1.0,1.0,1.0,1.0,1.0,1.0,0.0,1.0,0.0,0.0,0.5477367110758552
7comm11delarcaTc_4,-0.0359531220016272,0.1968932934048707,-0.03031111934667694,0.04151224102905911,0.00037351225462296377,-0.01700546548499362,-0.08360298733915324,-0.08517721736965622,0.5610562370992873,0.1897878925170264,1.0,1.0,1.0,1.0,1.0,1.0,1.0,1.0,0.0,1.0,0.0,0.0,0.5477367110758552
8comm11delarcaTc_1,-0.03228045872048192,0.1574404210969806,-0.03033061185365787,0.04517601077404359,-0.0065034012658440575,-0.0344478743661033,-0.060712971902735856,-0.05862509312837023,0.6128112447496665,0.2517921961260879,1.0,1.0,1.0,1.0,1.0,1.0,1.0,1.0,0.0,1.0,0.0,0.0,0.8453285927693228
8comm11delarcaTc_2,-0.04520423518331802,0.16609667022995975,-0.030664440703618807,0.052892901609935185,0.002516678224277231,-0.028087017954043718,-0.07083962285972158,-0.047756035942584284,0.6023519815042938,0.24301258258440567,1.0,1.0,1.0,1.0,1.0,1.0,1.0,1.0,0.0,1.0,0.0,0.0,0.8453285927693228
8comm11delarcaTc_3,-0.04007530590924232,0.151160448372526,-0.02594459501459548,0.04233783046431517,-0.0038475104008355997,-0.03452393767869343,-0.06287426580715437,-0.042156058303687884,0.6134626621461433,0.24678019364081,1.0,1.0,1.0,1.0,1.0,1.0,1.0,1.0,0.0,1.0,0.0,0.0,0.8453285927693228
8comm11delarcaTc_4,-0.024967567956318014,0.1576551293225392,-0.02179396815031119,0.05041177877184489,-0.004647746506430532,-0.041300070063089535,-0.07234763804094299,-0.049516970635108334,0.6003387749413757,0.25048773982602623,1.0,1.0,1.0,1.0,1.0,1.0,1.0,1.0,0.0,1.0,0.0,0.0,0.8453285927693228
delarc_pH4_0,-0.005856474278413728,-0.03463815330244276,0.001554726064205175,0.0002931652444860242,0.0018197665055808795,-0.002544406647591489,0.015666388678971844,0.011520390358308083,0.2147236153969298,-0.24439720436930645,0.0,0.0,0.0,0.0,0.0,0.0,0.0,0.0,0.0,1.0,0.0,0.0,0.0032572508755295392
delarc_pH4_1,-0.0008650635174759101,-0.033436795687707875,0.0016909629649118237,-0.0023278601127474205,0.00027230418975586083,-0.0002974581993792352,0.011474467182289004,0.011896101927951626,0.21443468677851818,-0.24485377379490633,0.0,0.0,0.0,0.0,0.0,0.0,0.0,0.0,0.0,1.0,0.0,0.0,-0.004437627208196163
delarc_pH4_2,-0.00012111684388440807,-0.034004606165639724,0.0010795368877765945,-6.960051620136288e-05,0.001476412245436855,-0.0021154706252981778,0.009025032457126221,0.01024525983016128,0.21328909327964424,-0.24070436010137197,0.0,0.0,0.0,0.0,0.0,0.0,0.0,0.0,0.0,1.0,0.0,0.0,0.0011803763326671925
delarc_pH5_0,0.0023896154340194643,-0.03746822390138456,-0.0022234123929039287,0.0017087647731861316,0.00020199294242522031,-0.004118078454681064,0.01633790877364252,0.013104824341995568,0.23928147502081548,-0.1950339579096306,0.0,0.0,0.0,0.0,0.0,0.0,0.0,0.0,0.0,1.0,0.0,0.0,0.08114687964645667
delarc_pH5_1,0.00030937676763405115,-0.04185706798311161,6.843148042326155e-05,0.008319848217070101,-0.002085776806039652,-0.013745281189356164,0.017710449021795523,0.019229198872395187,0.24976523162635123,-0.18156500305251586,0.0,0.0,0.0,0.0,0.0,0.0,0.0,0.0,0.0,1.0,0.0,0.0,0.11230826956373989
delarc_pH5_2,0.0026403393734084567,-0.04643340830650667,-0.0014227427639391097,0.005343096758360444,-0.0007125254023982121,-0.007124883747133226,0.017866215482354158,0.022458543414654947,0.24322208059060832,-0.1889870784423597,0.0,0.0,0.0,0.0,0.0,0.0,0.0,0.0,0.0,1.0,0.0,0.0,0.09911694942295314
delarc_pH6_0,0.002377009883361024,-0.06759480730751936,-0.008263937817157613,0.004939391874586757,-0.0002173032635903866,-0.0144270558549982,0.020478035354095956,0.02955705801348971,0.36808816164570013,-0.016791189271632746,0.0,0.0,0.0,0.0,0.0,0.0,0.0,0.0,0.0,1.0,0.0,0.0,0.2884225051673924
delarc_pH6_1,0.0002084373156337634,-0.06765740472256492,-0.009687470936256914,0.003393963023858228,-0.0015027721671630504,-0.020595558586165956,0.021224466263438064,0.03770159776444021,0.37257053873056295,-0.010227967733112372,0.0,0.0,0.0,0.0,0.0,0.0,0.0,0.0,0.0,1.0,0.0,0.0,0.29127362738877827
delarc_pH6_2,-0.0010934984295264557,-0.07609885132588122,-0.010097748399104758,0.0035779123591340046,0.0007699530280154765,-0.01909032598137856,0.026709674003979434,0.0317720885809673,0.37672343989915175,-0.0011396955569153307,0.0,0.0,0.0,0.0,0.0,0.0,0.0,0.0,0.0,1.0,0.0,0.0,0.2957269459022493
delarc_pH7_0,0.02186635642595912,-0.0679369477984374,0.008727920068346938,-0.011828374503909247,0.0010711867337965424,0.00918972700024429,0.030438599632648035,0.024199331576895456,0.5209418002386456,0.20188505586479674,0.0,0.0,0.0,0.0,0.0,0.0,0.0,0.0,0.0,1.0,0.0,0.0,0.5922068579302491
delarc_pH7_1,0.013051082538035897,-0.06214948824647329,0.0037131010668109326,-0.012482338516932466,0.005833054284524659,0.0026730411183898827,0.02330575432871346,0.028249906329033174,0.5151329238801872,0.18561980442265458,0.0,0.0,0.0,0.0,0.0,0.0,0.0,0.0,0.0,1.0,0.0,0.0,0.5480973412378645
delarc_pH7_2,0.01546628047671656,-0.06774864221882562,0.0037224006709521184,-0.012950817808184936,0.005112990688370617,0.0055821891064229264,0.0253286646047364,0.033892869090904366,0.5104079771122854,0.18336528118375847,0.0,0.0,0.0,0.0,0.0,0.0,0.0,0.0,0.0,1.0,0.0,0.0,0.5469120935714209
delarc_pH8_0,0.014008257532411299,-0.07171937749923574,0.009738256821165907,-0.020742802703348173,0.002049547747263448,0.01835256309208014,0.024683137815445674,0.016342769059474068,0.5659202249194294,0.26863185008744833,0.0,0.0,0.0,0.0,0.0,0.0,0.0,0.0,0.0,1.0,0.0,0.0,0.8455353071301549
delarc_pH8_1,0.018722586703851175,-0.07385328078480517,0.01491179360643677,-0.023549311903669785,-0.0006356145862651924,0.018047201035787216,0.02808059070097364,0.018180923011639837,0.5661130160287671,0.25974776426654145,0.0,0.0,0.0,0.0,0.0,0.0,0.0,0.0,0.0,1.0,0.0,0.0,0.8378107178569503
delarc_pH8_2,0.016873543292445975,-0.07242925129425914,0.008256000147565544,-0.024362964004116215,0.0017815748237721327,0.013501690985715915,0.029776483087436016,0.01882780916907865,0.5731246310237633,0.26166331843513513,0.0,0.0,0.0,0.0,0.0,0.0,0.0,0.0,0.0,1.0,0.0,0.0,0.8442380625189879
delarc_pH9_0,0.01036005399878258,-0.07509946601141404,0.015348149337198419,-0.02600768568237192,-0.0005019861297762901,0.02018295337810463,0.03167008872346387,0.015667218353761277,0.5922417893123042,0.2939537128028662,0.0,0.0,0.0,0.0,0.0,0.0,0.0,0.0,0.0,1.0,0.0,0.0,1.003926186226973
delarc_pH9_1,0.01590520508425391,-0.07628878675644163,0.012956653596914326,-0.028775233598830913,-0.001985183333897076,0.023862887746451993,0.03283858581810543,0.014264603572209253,0.5845838071438282,0.29738288802297225,0.0,0.0,0.0,0.0,0.0,0.0,0.0,0.0,0.0,1.0,0.0,0.0,0.9964236708955914
delarc_pH9_2,0.016516264006495477,-0.07676559449537938,0.014278946917342106,-0.025594379818471867,-0.0015613603559525074,0.021203364664283787,0.0314003562838163,0.014272436220198859,0.5933665588093193,0.2889486016689435,0.0,0.0,0.0,0.0,0.0,0.0,0.0,0.0,0.0,1.0,0.0,0.0,0.9996501428774356
AC_pH4_0,-0.0014688672433080883,-0.014195174856678297,0.002073576463305432,-0.0022875541675349935,-0.00011683717693971605,-7.789357848789327e-05,0.005701043268908625,0.009486388262847194,-0.05549798679335609,-0.04438895707464088,1.0,0.0,0.0,0.0,0.0,0.0,0.0,0.0,0.0,0.0,0.0,0.0,-0.0016139570379183382
AC_pH4_1,-0.0012925924579410444,-0.013262878316252131,0.002394291567413703,-0.0012056309729814526,-0.00031787495574225617,0.0003495236453802682,0.005184442054318346,0.007678674346078995,-0.05838126063265878,-0.04191895705688259,1.0,0.0,0.0,0.0,0.0,0.0,0.0,0.0,0.0,0.0,0.0,0.0,0.0004845233155374915
AC_pH4_2,-0.0017489390949840125,-0.013691807330950448,0.003192387486443572,-0.0010894218767466752,0.0006241692602634428,0.0004129654331051774,0.005687408026145853,0.009957038640328071,-0.06067749602963097,-0.04343856732887418,1.0,0.0,0.0,0.0,0.0,0.0,0.0,0.0,0.0,0.0,0.0,0.0,0.001874459798070219
AC_pH5_0,-0.002188199497759343,-0.01658442807586297,0.004129036931402011,-0.0007970973201419999,-0.00039548251372964493,0.00124049309803092,0.006379480909394182,0.0042163011788026155,-0.06017285128002582,-0.036599516316276524,1.0,0.0,0.0,0.0,0.0,0.0,0.0,0.0,0.0,0.0,0.0,0.0,0.05114127579932972
AC_pH5_1,-0.0016322740232167046,-0.015643118762451672,0.003446083418701007,6.091931591863275e-05,0.0001105104872713916,0.0024088442131229067,0.006399269998073579,0.005510861381240514,-0.05778920861123048,-0.043644150274441296,1.0,0.0,0.0,0.0,0.0,0.0,0.0,0.0,0.0,0.0,0.0,0.0,0.02446646428818786
AC_pH5_2,-0.0016043573423572214,-0.015349903064577475,0.003912208142649867,-0.0025607737315737696,-0.00012004945913086747,0.0016053815024054566,0.007092508735216182,0.007756245664280392,-0.060908118563339754,-0.040595404630445926,1.0,0.0,0.0,0.0,0.0,0.0,0.0,0.0,0.0,0.0,0.0,0.0,0.039343210450552515
AC_pH6_0,-0.0016726034669124557,-0.01958066134997036,0.004237978866566783,-0.002692685788092406,-0.00040815857441529006,0.0007614644811205244,0.008918321628285491,0.00863934126885041,-0.07409792649357215,-0.024877333263664137,1.0,0.0,0.0,0.0,0.0,0.0,0.0,0.0,0.0,0.0,0.0,0.0,0.16172687662413934
AC_pH6_1,-0.0012952841202849934,-0.019901567061796136,0.003432631567120552,-0.002058339614583099,-0.0009383234875681612,0.0006869763791885067,0.008732845394507699,0.008434473058289807,-0.07903657200705745,-0.01882910248540018,1.0,0.0,0.0,0.0,0.0,0.0,0.0,0.0,0.0,0.0,0.0,0.0,0.20214567479932488
AC_pH6_2,-0.001186991853882437,-0.020484405973035358,0.0038344221043845883,-0.002092498365951622,-0.0002050514195276352,0.0003764532830404198,0.008195947428112445,0.008684378907732342,-0.0765558223588311,-0.02133869461553252,1.0,0.0,0.0,0.0,0.0,0.0,0.0,0.0,0.0,0.0,0.0,0.0,0.19208393008372077
AC_pH7_0,-0.003450244141985541,-0.020705056938788165,0.004193141003665717,-0.005390838530400527,-0.00023990716299284956,0.002536755343494208,0.006169722115863923,0.011328815915014431,-0.10702672411080291,0.011812073834564372,1.0,0.0,0.0,0.0,0.0,0.0,0.0,0.0,0.0,0.0,0.0,0.0,0.4761566893788473
AC_pH7_1,-0.003228741610503714,-0.019896305394561394,0.004192635034737379,-0.0026910407290510504,-1.2393580830615825e-05,0.0024607064996076664,0.006144920597257821,0.01002562683885512,-0.11031359710285196,0.012545926632440604,1.0,0.0,0.0,0.0,0.0,0.0,0.0,0.0,0.0,0.0,0.0,0.0,0.48226683949395216
AC_pH7_2,-0.004008513055741788,-0.02143958089468272,0.004249281194061041,-0.004871290604705396,0.0002922864193501675,0.0017277087659939487,0.006897177838760874,0.010593806317319038,-0.10662212091538567,0.01240898214928482,1.0,0.0,0.0,0.0,0.0,0.0,0.0,0.0,0.0,0.0,0.0,0.0,0.4811025384560845
AC_pH8_0,-0.004666672224259896,-0.0190472640518261,0.004580426060635111,-0.004005983837920686,0.0003564049465500781,0.0012205178169128687,0.006971644832874121,0.01025307136385337,-0.11596264529163418,0.019528237595830274,1.0,0.0,0.0,0.0,0.0,0.0,0.0,0.0,0.0,0.0,0.0,0.0,0.6161936979692529
AC_pH8_1,-0.004759103479268758,-0.020670354985024616,0.004197137190595915,-0.005661603474746581,-0.0003088262288466741,0.0037774421177480533,0.007721986602181974,0.009392485093811286,-0.115130692794919,0.020669267286101113,1.0,0.0,0.0,0.0,0.0,0.0,0.0,0.0,0.0,0.0,0.0,0.0,0.6417698578516113
AC_pH8_2,-0.004238626770675183,-0.020185249668100605,0.003613288953252461,-0.004783576445087142,-0.00010100714862346667,0.002362563292617384,0.008190868960126585,0.010269539628339848,-0.11657161265125741,0.020671549131688862,1.0,0.0,0.0,0.0,0.0,0.0,0.0,0.0,0.0,0.0,0.0,0.0,0.6440713470669853
AC_pH9_0,-0.00409228130527165,-0.019945344545109118,0.003144936059480129,-0.0044568080908578365,0.00022766518366077598,0.0021656585168903287,0.007023964819052945,0.009900215870660282,-0.1198460516673715,0.025105782561004156,1.0,0.0,0.0,0.0,0.0,0.0,0.0,0.0,0.0,0.0,0.0,0.0,0.7292859280132171
AC_pH9_1,-0.004218343086540701,-0.0186827135377604,0.003755211561270383,-0.003392849975953932,0.00019655657203301174,0.002365350402567699,0.006963418113148731,0.010252256723849672,-0.12262312124766729,0.024611971883670144,1.0,0.0,0.0,0.0,0.0,0.0,0.0,0.0,0.0,0.0,0.0,0.0,0.7412574926289346
AC_pH9_2,-0.003994861957819566,-0.020202484785214712,0.005433031246875939,-0.004465441681120707,0.00016397003246390113,0.002442951762805815,0.007877826946585077,0.008033347381683797,-0.12055641230033792,0.02449581074973812,1.0,0.0,0.0,0.0,0.0,0.0,0.0,0.0,0.0,0.0,0.0,0.0,0.747526246417331
BA_pH4_0,2.1575242280960857e-05,0.006732800588335678,0.002973505773622057,-0.003277377207642016,0.0005601953650298311,-0.00023446676523789092,0.007479827310080114,0.008789957803876503,-0.06889779884287198,-0.05492048215363983,0.0,1.0,0.0,0.0,0.0,0.0,0.0,0.0,0.0,0.0,0.0,0.0,-0.0016139574737368786
BA_pH4_1,-9.879850175069623e-05,0.0038178894514946824,0.002697421788521434,-0.0014417787835649832,0.0002843273398668872,0.00014784346780051337,0.0056947744281395625,0.005161159676702125,-0.06810877858458654,-0.04892632318822586,0.0,1.0,0.0,0.0,0.0,0.0,0.0,0.0,0.0,0.0,0.0,0.0,0.00048452299554619434
BA_pH4_2,0.001941414093193801,0.006007354372059518,0.0021072758021561987,-0.0035497367705987853,0.0002059494412463644,0.0014106140480093332,0.005513809002611948,0.0031179053433563397,-0.06599985327814585,-0.05152699496920989,0.0,1.0,0.0,0.0,0.0,0.0,0.0,0.0,0.0,0.0,0.0,0.0,0.0018744598294293093
BA_pH5_0,4.5096323541974594e-05,0.005530657355228195,0.002361291702026906,-0.002248391897782036,-8.42503231504676e-05,-4.3460451390432045e-05,0.005439202276908834,0.007397975830928139,-0.07162685991629311,-0.047543523258165174,0.0,1.0,0.0,0.0,0.0,0.0,0.0,0.0,0.0,0.0,0.0,0.0,0.0511412745403946
BA_pH5_1,-0.0018011254687672063,0.00483147178898039,0.0010113754641750585,-0.0014811067574697996,0.0007033050610967304,-8.290487786998312e-06,0.006577227459005688,0.008216308637157731,-0.07085101150462161,-0.047970417077936554,0.0,1.0,0.0,0.0,0.0,0.0,0.0,0.0,0.0,0.0,0.0,0.0,0.024466462930343342
BA_pH5_2,-0.0009992959965830254,0.006782916862031687,0.002300374627761219,-0.0033602030964001374,0.00024228556000667923,0.0010016944680524907,0.006800247414604477,0.008227605285203972,-0.07287594951041368,-0.04889193850043028,0.0,1.0,0.0,0.0,0.0,0.0,0.0,0.0,0.0,0.0,0.0,0.0,0.03934321135483189
BA_pH6_0,-0.0012575900457475488,0.007431999524326427,0.004126776965415996,-0.0011949308443328607,-0.00040460069542345913,0.0003176768642404797,0.0053681136343790145,0.006348810655915219,-0.08902270258282839,-0.03248581636211146,0.0,1.0,0.0,0.0,0.0,0.0,0.0,0.0,0.0,0.0,0.0,0.0,0.16172687666300212
BA_pH6_1,-0.001060015053852744,0.0077914191426142415,0.002883926072846288,-0.0035757983281560555,-5.0451836508253184e-05,0.0011768159756193983,0.005428466644624005,0.007183288552838821,-0.09663817664365408,-0.023911737412538218,0.0,1.0,0.0,0.0,0.0,0.0,0.0,0.0,0.0,0.0,0.0,0.0,0.20214567404454245
BA_pH6_2,-0.0025640538723572435,0.007308591790497301,-0.00035418885233609603,-0.0018362281309521713,0.0009475740498822665,0.002078218155581019,0.006146366625376369,0.009135295466884323,-0.1000649678124034,-0.02156887030633895,0.0,1.0,0.0,0.0,0.0,0.0,0.0,0.0,0.0,0.0,0.0,0.0,0.19208393160174653
BA_pH7_0,0.0009640355570160814,0.0086933045818106,0.002047084210359532,-0.00602689504299475,0.001219044314778371,0.0018342335716537792,0.006670720674421477,0.010460789271670838,-0.14088260187403015,0.014248021829711353,0.0,1.0,0.0,0.0,0.0,0.0,0.0,0.0,0.0,0.0,0.0,0.0,0.47615668850189524
BA_pH7_1,0.0017168393925480236,0.008716853795492129,0.0030473281669875845,-0.005737211892138355,0.00011271117174106997,0.0004790863913038492,0.005279901614007742,0.009738576609803281,-0.13911786213355218,0.014991513978204,0.0,1.0,0.0,0.0,0.0,0.0,0.0,0.0,0.0,0.0,0.0,0.0,0.48226683981394347
BA_pH7_2,3.371541914732613e-05,0.00864531962443953,0.0035107880150494373,-0.006246557770215948,0.0005865666820951123,0.0007368460006040065,0.006072943657636643,0.009532177386724433,-0.13840288293912356,0.014758821037476475,0.0,1.0,0.0,0.0,0.0,0.0,0.0,0.0,0.0,0.0,0.0,0.0,0.48110253833913064
BA_pH8_0,0.0016160625672858695,0.009328165263261485,0.0016393981485263143,-0.005571293736929482,0.0003969473877678747,0.002629370721785919,0.007640836115764536,0.010913743632643119,-0.15245214044237915,0.023086647456106935,0.0,1.0,0.0,0.0,0.0,0.0,0.0,0.0,0.0,0.0,0.0,0.0,0.6161936980952847
BA_pH8_1,0.0005759035601564061,0.00923206637572983,0.0019320077578658655,-0.005322819857493688,0.0004424141800921896,0.0013037045397188362,0.0075324312921451475,0.009743151535158567,-0.15069608812584823,0.024484965856308515,0.0,1.0,0.0,0.0,0.0,0.0,0.0,0.0,0.0,0.0,0.0,0.0,0.6417698583743298
BA_pH8_2,0.0005119244041650209,0.009831320274135346,0.0019977111822885017,-0.005950822814003281,-0.0004147285773702308,0.002466796656017717,0.007698455673197044,0.009593757284076316,-0.15116537467131144,0.024658697702638486,0.0,1.0,0.0,0.0,0.0,0.0,0.0,0.0,0.0,0.0,0.0,0.0,0.64407134594908
BA_pH9_0,-0.0005282274406889212,0.009333226468576037,0.002637132104972133,-0.004998896024797273,0.0005720419598662329,0.0018527282320934789,0.00744433110822802,0.008538711375516395,-0.15431402892036275,0.028690718240712,0.0,1.0,0.0,0.0,0.0,0.0,0.0,0.0,0.0,0.0,0.0,0.0,0.7292859295671521
BA_pH9_1,0.0004686436348635239,0.01040284606749597,0.003505176318728406,-0.006673316236423409,0.0007674193220294036,0.0029448973679024244,0.007510961838390516,0.008694829160104629,-0.15633725727543885,0.0279435369161808,0.0,1.0,0.0,0.0,0.0,0.0,0.0,0.0,0.0,0.0,0.0,0.0,0.741257491587475
BA_pH9_2,-0.0003960271795158821,0.009400893704074879,0.0056856856754292605,-0.0053659803128760794,0.0002712615611760507,0.0026352334670398563,0.006437480365452559,0.00910519840924636,-0.1566355415190691,0.02808953294287558,0.0,1.0,0.0,0.0,0.0,0.0,0.0,0.0,0.0,0.0,0.0,0.0,0.74752624576109
BC_pH4_0,0.0013051727802857107,-0.01409498861626438,0.000992848850462748,-0.0020959591088087664,0.00023414610520653106,0.0023859165576489067,0.004411698576548827,0.008175731997774993,-0.05939114783607098,-0.04269568229661038,0.0,0.0,1.0,0.0,0.0,0.0,0.0,0.0,0.0,0.0,0.0,0.0,-0.0016139570379183382
BC_pH4_1,0.0020661501035742144,-0.010339335610523174,0.0010066512283747615,-0.0032756513357162483,0.0003092865095190375,0.002399943914750348,0.004339987968459078,0.006096175018212067,-0.060656630954826644,-0.042718839621090375,0.0,0.0,1.0,0.0,0.0,0.0,0.0,0.0,0.0,0.0,0.0,0.0,0.0004845233155374915
BC_pH4_2,0.0013240994261982662,-0.011464215973797053,0.0010615572130874445,-0.0014856563054996986,8.349795056425986e-05,0.0014148243970197184,0.0026002549671608464,0.009283863960400868,-0.06069442425328102,-0.042896064089854115,0.0,0.0,1.0,0.0,0.0,0.0,0.0,0.0,0.0,0.0,0.0,0.0,0.001874459798070219
BC_pH5_0,0.0024324133668256844,-0.01672971820053847,0.0009584482370511339,-0.0014203140107185946,9.642566351786867e-05,0.0020513041641401202,0.006465709737461548,0.008804024266807925,-0.06019988172404147,-0.043230674396390494,0.0,0.0,1.0,0.0,0.0,0.0,0.0,0.0,0.0,0.0,0.0,0.0,0.05114127579932972
BC_pH5_1,0.001250038215809542,-0.014735763597747554,0.0011347729842300005,-0.0017178202809199044,-0.00019290471206540643,0.003456882257824359,0.005474651935307877,0.006270986160506374,-0.06052562932605328,-0.04118747657164932,0.0,0.0,1.0,0.0,0.0,0.0,0.0,0.0,0.0,0.0,0.0,0.0,0.02446646428818786
BC_pH5_2,0.001505512102790502,-0.015636678785085678,0.0011205057751225384,-0.00439506926290367,0.0008676734987808306,0.00161777925880059,0.006953499414350674,0.009151620796841122,-0.06257430954633848,-0.039382796132046254,0.0,0.0,1.0,0.0,0.0,0.0,0.0,0.0,0.0,0.0,0.0,0.0,0.039343210450552515
BC_pH6_0,0.0015547400421422467,-0.01831665818458018,0.0020531751555593115,-0.0029055904629437814,0.0003364334287850754,0.0029669673514107014,0.007481153853561568,0.010166354292760721,-0.07779370946890633,-0.026315128676917245,0.0,0.0,1.0,0.0,0.0,0.0,0.0,0.0,0.0,0.0,0.0,0.0,0.16172687662413934
BC_pH6_1,0.0029020468890666963,-0.017396065106858375,0.002663474032736344,-0.003652294602083124,0.00012201530453951325,0.0014999246370533234,0.007286013999710915,0.010656342917810315,-0.08701550203496992,-0.01783821896204482,0.0,0.0,1.0,0.0,0.0,0.0,0.0,0.0,0.0,0.0,0.0,0.0,0.20214567479932488
BC_pH6_2,0.00264189478819785,-0.019072983922517817,0.0029281823191305858,-0.0024809136889551,-0.0004563625513211539,0.002859666123986244,0.005705613293077635,0.009849288534858952,-0.08157139039233975,-0.021175257105218327,0.0,0.0,1.0,0.0,0.0,0.0,0.0,0.0,0.0,0.0,0.0,0.0,0.19208393008372077
BC_pH7_0,0.002567313294047896,-0.019657768331792044,0.0005233165589363677,-0.004260431136126104,1.717537641525224e-05,0.0019221793212320496,0.008709706887602805,0.009707201706326525,-0.11321184922981527,0.012910892773905525,0.0,0.0,1.0,0.0,0.0,0.0,0.0,0.0,0.0,0.0,0.0,0.0,0.4761566893788473
BC_pH7_1,0.0029879109626230996,-0.020285188989794773,0.00024050914884909293,-0.005035042510084485,0.0007657726594935283,0.00288824127096197,0.00821646162349245,0.01238760078406852,-0.11629775772762041,0.013359230034377265,0.0,0.0,1.0,0.0,0.0,0.0,0.0,0.0,0.0,0.0,0.0,0.0,0.48226683949395216
BC_pH7_2,0.002594928929339285,-0.01904956804021545,0.00033269572517146366,-0.004047984704375269,0.000326558636582416,0.0019721047296796155,0.007384327675175409,0.011000422961685968,-0.11450355034807454,0.013217801594215895,0.0,0.0,1.0,0.0,0.0,0.0,0.0,0.0,0.0,0.0,0.0,0.0,0.4811025384560845
BC_pH8_0,0.004788612347582113,-0.018068691945594285,-0.00019647800566061652,-0.005266918698730676,-0.00031928715174612887,0.00243750214252783,0.007929731004911919,0.00922729740972104,-0.12228488500189524,0.02098085522003796,0.0,0.0,1.0,0.0,0.0,0.0,0.0,0.0,0.0,0.0,0.0,0.0,0.6161936979692529
BC_pH8_1,0.0024641183213047375,-0.02037347563906856,-0.0003810466388645388,-0.004237085823779521,-0.0003761514503022909,0.0033802891749402744,0.009038898099375808,0.011507598054797752,-0.12189179347909014,0.020096386190017922,0.0,0.0,1.0,0.0,0.0,0.0,0.0,0.0,0.0,0.0,0.0,0.0,0.6417698578516113
BC_pH8_2,0.0049769732258889985,-0.020686141301108442,-0.0016833567538339174,-0.0047323403151138975,-0.00022451344715512407,0.0037882122170665986,0.0077407594154710385,0.008583652817684669,-0.12067117063247633,0.022135661644456177,0.0,0.0,1.0,0.0,0.0,0.0,0.0,0.0,0.0,0.0,0.0,0.0,0.6440713470669853
BC_pH9_0,0.0037628077877604445,-0.020001862324450326,-0.0012594917238406514,-0.004028779695863309,-5.310961733693716e-05,0.003465939795841342,0.007635259706041086,0.008146777554698613,-0.12317583271990651,0.024736028749333772,0.0,0.0,1.0,0.0,0.0,0.0,0.0,0.0,0.0,0.0,0.0,0.0,0.7292859280132171
BC_pH9_1,0.0038168900427611,-0.018770761133536044,4.6673541807610345e-05,-0.005161223719301431,0.00024052383783070854,0.003059207511984784,0.0070772200790436375,0.008790989560277561,-0.122501113233359,0.02262933065547891,0.0,0.0,1.0,0.0,0.0,0.0,0.0,0.0,0.0,0.0,0.0,0.0,0.7412574926289346
BC_pH9_2,0.004290209140466608,-0.01944208137691021,-0.0010314477623804767,-0.005307848213807398,0.0003828398462222956,0.0035034628795540847,0.006643974418225497,0.009037366195217422,-0.12345907408582127,0.024610336316020595,0.0,0.0,1.0,0.0,0.0,0.0,0.0,0.0,0.0,0.0,0.0,0.0,0.747526246417331
BL_pH4_0,0.001386530537806129,-0.01715296119775461,0.002784170699508293,0.0013015677196824037,-0.0003129860912652128,0.003297349911021148,0.005678893204616464,0.006128901385742683,-0.0599875747250474,-0.043896154349912765,0.0,0.0,0.0,1.0,0.0,0.0,0.0,0.0,0.0,0.0,0.0,0.0,-0.0016139570379183382
BL_pH4_1,0.0012265492619379704,-0.011025357673997465,0.0011985363357740904,0.0011200070259687698,4.1500854751337627e-05,0.0005326831891484887,0.005091509164675422,0.007304541219187819,-0.06289726914028111,-0.04336496312333189,0.0,0.0,0.0,1.0,0.0,0.0,0.0,0.0,0.0,0.0,0.0,0.0,0.0004845233155374915
BL_pH4_2,-0.0004061547861151071,-0.011999188428339752,0.0022226128111714903,0.0010592201481694765,0.0005214683031258368,0.0015946791515402173,0.004137576789311742,0.007187431746202964,-0.06000991784441083,-0.04507999077682262,0.0,0.0,0.0,1.0,0.0,0.0,0.0,0.0,0.0,0.0,0.0,0.0,0.001874459798070219
BL_pH5_0,0.00044165997401527805,-0.016626746366205425,0.0030388576828915136,0.0004001623805126422,-0.0002086819870316473,0.002832764743462852,0.0062825423381898705,0.00530117742393328,-0.059961399478918834,-0.0422725995970161,0.0,0.0,0.0,1.0,0.0,0.0,0.0,0.0,0.0,0.0,0.0,0.0,0.05114127579932972
BL_pH5_1,0.0014941287980131488,-0.017517614351666492,0.0036716000509002932,0.001049023132933223,-0.00034260925391446027,0.0010051613657370846,0.006196941911526349,0.0076385723345953485,-0.06032851021493907,-0.04363895666907015,0.0,0.0,0.0,1.0,0.0,0.0,0.0,0.0,0.0,0.0,0.0,0.0,0.02446646428818786
BL_pH5_2,0.0007456433862123806,-0.01786119018559871,0.0030885995147020913,0.0009977729561860154,0.00013805900578913393,0.0017541724832161605,0.006756542980185021,0.007330072638781173,-0.059137441924894646,-0.04458449376018151,0.0,0.0,0.0,1.0,0.0,0.0,0.0,0.0,0.0,0.0,0.0,0.0,0.039343210450552515
BL_pH6_0,0.0007222083988397027,-0.016853805291263957,0.00341971557425416,-0.0008396525932071002,-0.0002916712313890459,0.00016738235950469968,0.004054721438366434,0.009109678469274353,-0.07057379636913538,-0.02968704366084675,0.0,0.0,0.0,1.0,0.0,0.0,0.0,0.0,0.0,0.0,0.0,0.0,0.16172687662413934
BL_pH6_1,0.0006539818838886604,-0.01782266955984676,0.004319331403011861,-0.0016651869654331524,-0.0008258197683355087,-0.0008491726219654071,0.005639657242142635,0.007308498345639393,-0.07514587718183581,-0.02238500562779929,0.0,0.0,0.0,1.0,0.0,0.0,0.0,0.0,0.0,0.0,0.0,0.0,0.20214567479932488
BL_pH6_2,0.0001990430478168583,-0.02017901463677054,0.0029102276095553576,-0.0007733659292368784,-0.0013432354836360285,0.0025624362994795253,0.005404965556834057,0.00996486886040024,-0.07364767270972546,-0.02587051542961727,0.0,0.0,0.0,1.0,0.0,0.0,0.0,0.0,0.0,0.0,0.0,0.0,0.19208393008372077
BL_pH7_0,0.0015218169533688106,-0.020826793442601747,0.002009700267859126,0.0007991571270901225,-0.00015359001963035043,0.0015791727634875668,0.008357331914746243,0.012072044254645054,-0.11875675217612928,0.012625649470997893,0.0,0.0,0.0,1.0,0.0,0.0,0.0,0.0,0.0,0.0,0.0,0.0,0.4761566893788473
BL_pH7_1,0.0016381915269986442,-0.022340043582346127,0.003373980619337247,0.0009996668281762498,-0.0007603648952815851,0.0021135460196629813,0.008856098753116702,0.00960888941893759,-0.11809705321717519,0.013834825642406944,0.0,0.0,0.0,1.0,0.0,0.0,0.0,0.0,0.0,0.0,0.0,0.0,0.48226683949395216
BL_pH7_2,0.0026187658601481,-0.021709938849443975,0.004312087514478227,0.0009614628423815198,0.0002224051174910167,0.0010223092754249995,0.008046591265693953,0.009027853666440296,-0.11838321272526746,0.013109413127050452,0.0,0.0,0.0,1.0,0.0,0.0,0.0,0.0,0.0,0.0,0.0,0.0,0.4811025384560845
BL_pH8_0,0.003692992355512536,-0.02212317289217659,0.0047112604263036114,0.0030434953915360187,1.753375582073011e-05,0.0017693702034328287,0.00916002464035283,0.007463363467351251,-0.13287772645768908,0.024370596294655746,0.0,0.0,0.0,1.0,0.0,0.0,0.0,0.0,0.0,0.0,0.0,0.0,0.6161936979692529
BL_pH8_1,0.0025962277242670894,-0.02173431253384637,0.0038457003268210777,0.002519698117090309,-0.00033297589858588973,0.0024040159971817675,0.007687212183423664,0.011226729093038517,-0.13507190504475783,0.02608734722046748,0.0,0.0,0.0,1.0,0.0,0.0,0.0,0.0,0.0,0.0,0.0,0.0,0.6417698578516113
BL_pH8_2,-0.0003994808443214579,-0.018671986655048704,0.0038404404436764524,0.0025246466761050033,-0.00018817268635915765,0.0021054159234399367,0.009011112189163334,0.009040649361584495,-0.1340414123050869,0.026006525081946796,0.0,0.0,0.0,1.0,0.0,0.0,0.0,0.0,0.0,0.0,0.0,0.0,0.6440713470669853
BL_pH9_0,0.003111649259277014,-0.020161177431759627,0.0030041429821563805,0.0028367316074993294,-0.0004843944181566669,0.0030342194437980646,0.007231427573639414,0.006332894223539726,-0.13521187836790216,0.02953412229357207,0.0,0.0,0.0,1.0,0.0,0.0,0.0,0.0,0.0,0.0,0.0,0.0,0.7292859280132171
BL_pH9_1,0.003646589206612628,-0.020907407824112025,0.0027985460764687995,0.002684679514849964,-0.0002451313287019749,0.0027298199514979916,0.008197470032002612,0.009479954560165819,-0.13796158720293775,0.02880480411826917,0.0,0.0,0.0,1.0,0.0,0.0,0.0,0.0,0.0,0.0,0.0,0.0,0.7412574926289346
BL_pH9_2,0.0037278985879991362,-0.021523621315541475,0.003784987547475359,0.00474580619889109,-8.188748813193733e-05,0.002600623638085698,0.008581343879518302,0.008209970347259355,-0.13772850530222064,0.026911121127398116,0.0,0.0,0.0,1.0,0.0,0.0,0.0,0.0,0.0,0.0,0.0,0.0,0.747526246417331
BT_pH4_0,0.00133716064626756,-0.011200904813797577,0.0016223862224622912,-0.002363877992915071,-0.00028346138155978614,0.0014574529943258867,0.0026103373260601705,0.006148889304503151,-0.05696399541895674,-0.04313624944537879,0.0,0.0,0.0,0.0,1.0,0.0,0.0,0.0,0.0,0.0,0.0,0.0,-0.0016139570379183382
BT_pH4_1,0.0008280022409947028,-0.013352517310691914,0.0022776892068593403,-0.0016774483284224637,-0.0004733878568462701,9.984866108583363e-05,0.006624673281026922,0.008851835964166598,-0.06123050292953849,-0.04272045586987034,0.0,0.0,0.0,0.0,1.0,0.0,0.0,0.0,0.0,0.0,0.0,0.0,0.0004845233155374915
BT_pH4_2,0.0008063606950251962,-0.012592049963448357,0.0013581186435792773,-0.0015785446017980587,-0.0003382608229699343,0.0008696916667015657,0.0047616293248922935,0.0037260999530553817,-0.055546600642897515,-0.04223870666859591,0.0,0.0,0.0,0.0,1.0,0.0,0.0,0.0,0.0,0.0,0.0,0.0,0.001874459798070219
BT_pH5_0,0.0013915260298096625,-0.015027141208234044,0.003479591688222212,-0.0017100034216823794,-0.0004990783754898158,-0.0005289671796819442,0.004734092102102613,0.009900137197388253,-0.0631822677904173,-0.03933015199297149,0.0,0.0,0.0,0.0,1.0,0.0,0.0,0.0,0.0,0.0,0.0,0.0,0.05114127579932972
BT_pH5_1,0.0008735173973052422,-0.01433719002034353,0.0025333801138660186,-0.0007236527165640953,-0.00038877851127282307,0.002066157878093097,0.006644085363849349,0.0073283788464639475,-0.0610360578228922,-0.043732102841300795,0.0,0.0,0.0,0.0,1.0,0.0,0.0,0.0,0.0,0.0,0.0,0.0,0.02446646428818786
BT_pH5_2,-0.0011659113139561976,-0.01287701694537764,0.0036722942020582126,-0.0010013206748534806,-0.00044896148145198863,0.0017112509161233908,0.005821017915301997,0.0064329831626104275,-0.06040214436371688,-0.04251445384615142,0.0,0.0,0.0,0.0,1.0,0.0,0.0,0.0,0.0,0.0,0.0,0.0,0.039343210450552515
BT_pH6_0,-0.0004524712329325454,-0.015758047677252605,0.004679976118647536,-0.0012407422802694478,0.0011757005200437873,0.0006542181806719824,0.006035960099619369,0.006413072807633356,-0.07371485623490555,-0.028565072487715802,0.0,0.0,0.0,0.0,1.0,0.0,0.0,0.0,0.0,0.0,0.0,0.0,0.16172687662413934
BT_pH6_1,0.0016325800412374993,-0.017017362341284748,0.002987894180190304,-0.0013642481131398154,-0.0001543178409337998,0.001557839659407087,0.007585786879062654,0.006294475964715946,-0.08280398147747571,-0.0194909298962549,0.0,0.0,0.0,0.0,1.0,0.0,0.0,0.0,0.0,0.0,0.0,0.0,0.20214567479932488
BT_pH6_2,0.00028736622761125114,-0.018071863878032435,0.0048259669153586674,-0.0014789580132650298,0.00041557321729867333,1.749380451181638e-05,0.006308110822802004,0.008777510705201523,-0.07978224692299317,-0.02207121577437805,0.0,0.0,0.0,0.0,1.0,0.0,0.0,0.0,0.0,0.0,0.0,0.0,0.19208393008372077
BT_pH7_0,0.0037388351138519208,-0.01738106811824052,0.0015950386517721677,-0.005071160038528235,-0.0011726602782373844,0.0014107296810201974,0.006431936297727666,0.009854795731928039,-0.11349278999573509,0.013314080220525682,0.0,0.0,0.0,0.0,1.0,0.0,0.0,0.0,0.0,0.0,0.0,0.0,0.4761566893788473
BT_pH7_1,0.0021860864013433456,-0.019457528438905015,0.0028452102742765263,-0.0034781525478414883,-0.001434310341010922,0.0023461484649906993,0.008209932916190316,0.008016918880622026,-0.1133620592344391,0.013355490978321305,0.0,0.0,0.0,0.0,1.0,0.0,0.0,0.0,0.0,0.0,0.0,0.0,0.48226683949395216
BT_pH7_2,0.0007851877970540038,-0.017556001346396365,0.0018390578096327576,-0.00285463401156923,-0.0014282916972170698,0.0006616538212351173,0.005894182139764664,0.008705093128525694,-0.10909408349219875,0.012275573629076065,0.0,0.0,0.0,0.0,1.0,0.0,0.0,0.0,0.0,0.0,0.0,0.0,0.4811025384560845
BT_pH8_0,0.003176748224574587,-0.018600803497044936,0.002443468839578006,-0.004265007409064665,-0.0013201268470805618,0.002134584965913192,0.007647078445424204,0.007870882895329721,-0.12182851699221393,0.021969428468981513,0.0,0.0,0.0,0.0,1.0,0.0,0.0,0.0,0.0,0.0,0.0,0.0,0.6161936979692529
BT_pH8_1,0.0008223816647153831,-0.018436500835029977,0.003061347717176315,-0.004257039077094068,-0.0014518027039973657,0.00160288846363192,0.007918923869729044,0.00887309428466403,-0.12235269942523344,0.02344714312611715,0.0,0.0,0.0,0.0,1.0,0.0,0.0,0.0,0.0,0.0,0.0,0.0,0.6417698578516113
BT_pH8_2,0.0021401478738888456,-0.018766429349780088,0.001087648425575183,-0.004280565763297288,-0.0015399250841659055,0.0022477456020272295,0.00813373630137547,0.008103533341022935,-0.12214051217326649,0.024242357930735398,0.0,0.0,0.0,0.0,1.0,0.0,0.0,0.0,0.0,0.0,0.0,0.0,0.6440713470669853
BT_pH9_0,0.002656371920653013,-0.017174968635258473,0.0026881620490356623,-0.004491842638539233,-0.0007817001284464545,0.0033941244431163952,0.007963888752071754,0.006798042534324138,-0.1285003340875973,0.026675992904473905,0.0,0.0,0.0,0.0,1.0,0.0,0.0,0.0,0.0,0.0,0.0,0.0,0.7292859280132171
BT_pH9_1,0.003955699616800185,-0.01795151052267655,0.0021222267202709033,-0.005364506740285002,-0.0006612945283236723,0.0033311662660992667,0.007218867550077646,0.008139351198206779,-0.12773695088761008,0.026174688826760516,0.0,0.0,0.0,0.0,1.0,0.0,0.0,0.0,0.0,0.0,0.0,0.0,0.7412574926289346
BT_pH9_2,0.002547217361305072,-0.019013985434304114,0.0035814827551012454,-0.005078178174469783,-0.0006486560307119199,0.0036993915425694505,0.006430334448814393,0.007607791184083274,-0.1272222524800379,0.02732459190261105,0.0,0.0,0.0,0.0,1.0,0.0,0.0,0.0,0.0,0.0,0.0,0.0,0.747526246417331
BV_pH4_0,-5.011660249336841e-05,-0.013002723228672278,0.0034269172827834653,-0.002990596093561339,0.0005861838518277452,0.0003585350408178313,0.007083748543392057,0.007568025093363678,-0.057498082550161526,-0.0462541542250825,0.0,0.0,0.0,0.0,0.0,1.0,0.0,0.0,0.0,0.0,0.0,0.0,-0.0016139570379183382
BV_pH4_1,0.0022360380253066197,-0.013931478650673575,0.002178912535309791,-0.0016290983687276435,-0.00010908442994822671,0.0003778162169391709,0.006865062920943546,0.007513871795457341,-0.05819704445645861,-0.04607725847431498,0.0,0.0,0.0,0.0,0.0,1.0,0.0,0.0,0.0,0.0,0.0,0.0,0.0004845233155374915
BV_pH4_2,0.0007728094478016319,-0.013096035466245982,0.0029058880844841845,-0.002570187264810439,0.00021091375014056318,0.0004429325696242897,0.004667746052145958,0.008891260138024455,-0.058021314432439595,-0.04497627576489164,0.0,0.0,0.0,0.0,0.0,1.0,0.0,0.0,0.0,0.0,0.0,0.0,0.001874459798070219
BV_pH5_0,0.001229179958286494,-0.01688578930238019,0.004108248469622238,-0.001210397617972416,0.0003033233887475468,0.00043606908101102604,0.006140695496097858,0.008176414334903591,-0.06536963003809036,-0.037700376656392344,0.0,0.0,0.0,0.0,0.0,1.0,0.0,0.0,0.0,0.0,0.0,0.0,0.05114127579932972
BV_pH5_1,0.0010310545725666967,-0.014218829957687336,0.002274869197736616,-0.0030616394398005125,0.0001566020334544386,0.0007812451830376758,0.00745848259848097,0.006976919310248415,-0.06074132980616844,-0.04142963662338645,0.0,0.0,0.0,0.0,0.0,1.0,0.0,0.0,0.0,0.0,0.0,0.0,0.02446646428818786
BV_pH5_2,0.002295920107027759,-0.014692906474937564,0.0031206493338812947,-0.003443080445994503,0.00045485284665356513,0.0005132168612402426,0.00782101787302805,0.006527990371636723,-0.06347638673108558,-0.03989353664867256,0.0,0.0,0.0,0.0,0.0,1.0,0.0,0.0,0.0,0.0,0.0,0.0,0.039343210450552515
BV_pH6_0,0.0005041176760974141,-0.017121556329986326,0.003105958327651023,-0.0010087891441324483,-0.0005137023264947154,0.0037748144809966492,0.006855798353967459,0.009978630063326461,-0.08397332951102568,-0.02237420455107222,0.0,0.0,0.0,0.0,0.0,1.0,0.0,0.0,0.0,0.0,0.0,0.0,0.16172687662413934
BV_pH6_1,0.0023318578464829416,-0.01686061103706775,0.0021176880468492918,-0.004289992652509526,0.000814955584380937,0.004523706130035545,0.003983680304625759,0.009463761811671047,-0.08623948160396973,-0.016617827193568583,0.0,0.0,0.0,0.0,0.0,1.0,0.0,0.0,0.0,0.0,0.0,0.0,0.20214567479932488
BV_pH6_2,0.0009134955412667727,-0.017511643657217857,0.005294899648946264,-0.0029636288822992986,0.00012332851796046558,0.003071734189339307,0.0068692401861367,0.00943550057385279,-0.08913400360261614,-0.016871185281678386,0.0,0.0,0.0,0.0,0.0,1.0,0.0,0.0,0.0,0.0,0.0,0.0,0.19208393008372077
BV_pH7_0,0.001809250174657159,-0.019995942119023075,0.0038039204057144084,-0.0030640989930733405,-0.0003541344954915677,-4.438147758660074e-05,0.00709057157130345,0.009361829313894976,-0.11197901595059945,0.012599738684037458,0.0,0.0,0.0,0.0,0.0,1.0,0.0,0.0,0.0,0.0,0.0,0.0,0.4761566893788473
BV_pH7_1,0.0025813383932994753,-0.021312275107788006,0.003763202827261843,-0.003998209322276325,-0.0002493042045313396,-0.0002925390912138881,0.008944641782537751,0.011716974970439206,-0.11581188927364089,0.01388579616566067,0.0,0.0,0.0,0.0,0.0,1.0,0.0,0.0,0.0,0.0,0.0,0.0,0.48226683949395216
BV_pH7_2,0.001818706875909929,-0.019778087288141254,0.005066396811086198,-0.0031494052351816832,0.0006120077779759531,-0.0007000420631273937,0.005100222923185513,0.011265105025275895,-0.11393088469848688,0.012923716935126678,0.0,0.0,0.0,0.0,0.0,1.0,0.0,0.0,0.0,0.0,0.0,0.0,0.4811025384560845
BV_pH8_0,0.0038590457387592462,-0.018630220705400345,0.0038408035720172125,-0.0048333209688248835,-0.0003814971317415657,-0.001976795653286186,0.007770239918128304,0.009649093125177465,-0.120590409864874,0.020520799143806744,0.0,0.0,0.0,0.0,0.0,1.0,0.0,0.0,0.0,0.0,0.0,0.0,0.6161936979692529
BV_pH8_1,0.0011895265397818188,-0.019852768613592437,0.004855926156691883,-0.0034319985981868663,-0.00018241696707580517,-0.0017624954037044353,0.008447921949884167,0.009251771672912268,-0.11990925988749318,0.02062153032454459,0.0,0.0,0.0,0.0,0.0,1.0,0.0,0.0,0.0,0.0,0.0,0.0,0.6417698578516113
BV_pH8_2,0.0034268315039251178,-0.018464902244184327,0.004085599699098131,-0.004716363497402358,0.00021486750763395683,-0.001490457296047521,0.006684069785734882,0.009184419467397356,-0.12136656395929016,0.021670236205277228,0.0,0.0,0.0,0.0,0.0,1.0,0.0,0.0,0.0,0.0,0.0,0.0,0.6440713470669853
BV_pH9_0,0.003242437888098799,-0.020381301515128302,0.003691382936161498,-0.0046538155104803,0.00022849903158519738,-0.001686514413551144,0.007435711596323094,0.010096645322830779,-0.1221987028549547,0.023453394762523803,0.0,0.0,0.0,0.0,0.0,1.0,0.0,0.0,0.0,0.0,0.0,0.0,0.7292859280132171
BV_pH9_1,0.00444224640403105,-0.019821681768997852,0.005035340902598008,-0.0044572798648606195,-2.563723727413015e-05,-0.0017040630575755336,0.007968191883486252,0.009067689789378124,-0.12577902225210613,0.024501952313534595,0.0,0.0,0.0,0.0,0.0,1.0,0.0,0.0,0.0,0.0,0.0,0.0,0.7412574926289346
BV_pH9_2,-5.4929360099460276e-05,-0.017769872698446983,0.004460010846023973,-0.004821962753067846,3.5938134659890274e-05,-0.0013931411990652889,0.007955727454112922,0.009830356492944382,-0.12176115461017774,0.022746765113071263,0.0,0.0,0.0,0.0,0.0,1.0,0.0,0.0,0.0,0.0,0.0,0.0,0.747526246417331
CC_pH4_0,-0.00021994338087413524,-0.010254373579569489,0.0031455225367908904,-0.0023170828462942793,-8.28624127999593e-05,0.0011222796563221064,-0.0019508803927380095,0.005622604071446087,-0.05546827759350773,-0.04036924894494207,0.0,0.0,0.0,0.0,0.0,0.0,1.0,0.0,0.0,0.0,0.0,0.0,0.0032572508755295392
CC_pH4_1,0.0008271224991134986,-0.012998344217953473,0.0025364245668701496,-0.0007578994690076165,-0.0001268431317547101,0.0018732979537352265,-0.002621696623771086,0.00824630864288496,-0.05541913731509577,-0.04233149579118775,0.0,0.0,0.0,0.0,0.0,0.0,1.0,0.0,0.0,0.0,0.0,0.0,-0.004437627208196163
CC_pH4_2,5.308172625044203e-05,-0.0107147055313639,0.002167305230446483,-0.001601611881152443,0.0002540831397409021,0.0006144566963548242,-0.00211864096638949,0.007002364675635876,-0.05549416869473848,-0.04093442728095081,0.0,0.0,0.0,0.0,0.0,0.0,1.0,0.0,0.0,0.0,0.0,0.0,0.0011803763326671925
CC_pH5_0,0.0023031781354676127,-0.01607175775196242,0.0025345917232334615,-0.00183530834948887,-0.00017772837420520585,0.0009969204081141428,-0.0034930842888096104,0.006247928815529398,-0.056792379803955545,-0.03448462340008954,0.0,0.0,0.0,0.0,0.0,0.0,1.0,0.0,0.0,0.0,0.0,0.0,0.08114687964645667
CC_pH5_1,0.0015418106382307807,-0.01726584241765997,0.0036329859333193836,-0.0020131185934271515,0.0002795452948497679,0.0017574762229038323,-0.003799319549099258,0.00859565529162469,-0.06062350954860449,-0.03287794615830417,0.0,0.0,0.0,0.0,0.0,0.0,1.0,0.0,0.0,0.0,0.0,0.0,0.11230826956373989
CC_pH5_2,0.0017976246118221607,-0.01426573353212165,0.002458961398705192,-0.004346172518056373,-7.652939661689422e-05,0.0007460747602517187,-0.0037193825938131495,0.006741702378444047,-0.05636326144084983,-0.033745546583086254,0.0,0.0,0.0,0.0,0.0,0.0,1.0,0.0,0.0,0.0,0.0,0.0,0.09911694942295314
CC_pH6_0,0.0027521454640056773,-0.02050359446069469,0.003972814378693053,-0.004031954861205558,0.00016276471964691032,0.0009498405974844226,-0.00366168076577394,0.01164030954160768,-0.08348273727718905,-0.008570170222741107,0.0,0.0,0.0,0.0,0.0,0.0,1.0,0.0,0.0,0.0,0.0,0.0,0.2884225051673924
CC_pH6_1,0.0007828505920327237,-0.018508220419449647,0.0029239275112100268,-0.003926060734235724,-0.0007096653658410772,0.0025342453141575265,-0.003759508865035098,0.011305930556162544,-0.08228102485284856,-0.009134736622319272,0.0,0.0,0.0,0.0,0.0,0.0,1.0,0.0,0.0,0.0,0.0,0.0,0.29127362738877827
CC_pH6_2,0.0005404865061459347,-0.018758257245240006,0.004384940885331319,-0.0032076663621093916,0.00033202445053536,0.0007821531431830434,-0.0037909375357887023,0.00929448383657829,-0.0833503997018156,-0.006999090862986834,0.0,0.0,0.0,0.0,0.0,0.0,1.0,0.0,0.0,0.0,0.0,0.0,0.2957269459022493
CC_pH7_0,0.0018875401823417006,-0.019469011270481607,0.004864850338224484,-0.003832808512708417,-0.0002482464091609343,0.002396534499914749,-0.004288012035514998,0.010292639162229455,-0.11133078514395844,0.01895503628351118,0.0,0.0,0.0,0.0,0.0,0.0,1.0,0.0,0.0,0.0,0.0,0.0,0.5922068579302491
CC_pH7_1,0.003033191309027052,-0.02009866213021071,0.0035599922583155,-0.004260425282561261,0.001475469123410142,0.0015337432046299397,-0.004347192810281463,0.011361456455095951,-0.11049801182325765,0.017468176809665947,0.0,0.0,0.0,0.0,0.0,0.0,1.0,0.0,0.0,0.0,0.0,0.0,0.5480973412378645
CC_pH7_2,0.0028398527788079313,-0.020563791931971262,0.004123682590282483,-0.003488387433083162,-0.0004890882709751974,0.0016119769822968107,-0.004236497700862263,0.009691824773731436,-0.10855970791581537,0.01829787324142197,0.0,0.0,0.0,0.0,0.0,0.0,1.0,0.0,0.0,0.0,0.0,0.0,0.5469120935714209
CC_pH8_0,0.002220783321915762,-0.016866921053632453,0.004033926304267799,-0.004786555239039921,0.00032360725752685304,0.0028714906424283987,-0.004379820379873981,0.007682739000605501,-0.12044957920423022,0.028578066463865664,0.0,0.0,0.0,0.0,0.0,0.0,1.0,0.0,0.0,0.0,0.0,0.0,0.8455353071301549
CC_pH8_1,0.0029180642695206672,-0.018353382258311565,0.0026137266688696726,-0.004171468598525163,-0.00015465370581849793,0.0034431460564551155,-0.004370348450282346,0.007776251056272051,-0.12025315791854392,0.029779559955324813,0.0,0.0,0.0,0.0,0.0,0.0,1.0,0.0,0.0,0.0,0.0,0.0,0.8378107178569503
CC_pH8_2,0.0018934326683697506,-0.01760340572375318,0.00472516402926134,-0.0043604195247525755,0.0004150313074174128,0.003178452493056006,-0.004961229397550872,0.007482668154913444,-0.12006208039334289,0.02852012350021498,0.0,0.0,0.0,0.0,0.0,0.0,1.0,0.0,0.0,0.0,0.0,0.0,0.8442380625189879
CC_pH9_0,0.003447087054019389,-0.016450179433045185,0.0044691031167040695,-0.004924333055868098,-0.00040993563506914235,0.0031524343561867008,-0.004886079867896825,0.0075064246121632015,-0.12286768224738212,0.030190898184867004,0.0,0.0,0.0,0.0,0.0,0.0,1.0,0.0,0.0,0.0,0.0,0.0,1.003926186226973
CC_pH9_1,0.0018675910616698483,-0.01762173805547797,0.004331099831539653,-0.005506344593089561,-0.0004946366470793016,0.0030117618972840513,-0.005376833670813105,0.007038774519510891,-0.12292605579709226,0.03490411854794492,0.0,0.0,0.0,0.0,0.0,0.0,1.0,0.0,0.0,0.0,0.0,0.0,0.9964236708955914
CC_pH9_2,0.0027206089509570087,-0.015987738377374154,0.0036156216263771037,-0.00650528320475765,0.0008501717318659251,0.0034286907347648044,-0.005756028048370194,0.008882371663399362,-0.12339601346817998,0.03137533550515124,0.0,0.0,0.0,0.0,0.0,0.0,1.0,0.0,0.0,0.0,0.0,0.0,0.9996501428774356
DF_pH4_0,0.0011825462430715568,-0.013416053753184234,0.003680722538543784,-0.0016728423017522566,0.00023240623590738816,0.0011215837429399066,0.007852688418782276,-0.00302445331669372,-0.05469186135851172,-0.04203699909879461,0.0,0.0,0.0,0.0,0.0,0.0,0.0,1.0,0.0,0.0,0.0,0.0,-0.0016139570379183382
DF_pH4_1,0.0012490079325178404,-0.0137408482534406,0.005245217736000597,-0.0030846661620813863,-0.00043064181571421503,0.0019316270202398302,0.006274893752744664,-0.0024364002583467438,-0.05421692860110299,-0.04156352391304529,0.0,0.0,0.0,0.0,0.0,0.0,0.0,1.0,0.0,0.0,0.0,0.0,0.0004845233155374915
DF_pH4_2,0.0016381517668133199,-0.014160426469600714,0.0033484825103179254,-0.001153657148065775,-0.00016091825521510656,0.0007378496747949846,0.00768315431216489,-0.002822310922910337,-0.05460106997143316,-0.04128151773191664,0.0,0.0,0.0,0.0,0.0,0.0,0.0,1.0,0.0,0.0,0.0,0.0,0.001874459798070219
DF_pH5_0,-0.0010556289456460784,-0.013326974841563598,0.003484618333370789,-0.001766455523345781,0.00028753889967565927,0.001669135375515275,0.0068923650131277395,-0.003302606496474017,-0.05784148853434167,-0.03581276621507562,0.0,0.0,0.0,0.0,0.0,0.0,0.0,1.0,0.0,0.0,0.0,0.0,0.05114127579932972
DF_pH5_1,0.00089755055697068,-0.013312294496142347,0.003055834109368532,-0.00270091097963893,0.00029631299493105434,0.0014942749395318651,0.004822040462623472,-0.0021632392453434673,-0.05577281163924415,-0.03738901905148572,0.0,0.0,0.0,0.0,0.0,0.0,0.0,1.0,0.0,0.0,0.0,0.0,0.02446646428818786
DF_pH5_2,0.0001167661988216908,-0.012595955386109976,0.002831276755618012,-0.0006567917375460914,0.0005301912938771047,0.0011375700131706563,0.006580321646254997,-0.0034825122842322208,-0.057242213920082746,-0.037990914973551816,0.0,0.0,0.0,0.0,0.0,0.0,0.0,1.0,0.0,0.0,0.0,0.0,0.039343210450552515
DF_pH6_0,0.000694730583092441,-0.016938123417937236,0.003573042325999425,-0.0026565153929202457,-0.001072313115000725,0.0023714615793331804,0.008148293038425238,-0.004024009016220983,-0.06377556798898656,-0.027093261287588134,0.0,0.0,0.0,0.0,0.0,0.0,0.0,1.0,0.0,0.0,0.0,0.0,0.16172687662413934
DF_pH6_1,0.0012634542195693306,-0.017655119461857754,0.0014153548524431562,-0.0038515293986901,-0.0006543730126450897,0.002888132285164749,0.007735052131440329,-0.0051236320011641655,-0.06641575090587139,-0.02037385159455564,0.0,0.0,0.0,0.0,0.0,0.0,0.0,1.0,0.0,0.0,0.0,0.0,0.20214567479932488
DF_pH6_2,-6.318003263162485e-05,-0.016626210794176744,0.00482619040929105,-0.004446358437771384,-0.00019910627409167945,0.0027597572751667195,0.00685766669638131,-0.004507967583511186,-0.06775825634112823,-0.021614797803694786,0.0,0.0,0.0,0.0,0.0,0.0,0.0,1.0,0.0,0.0,0.0,0.0,0.19208393008372077
DF_pH7_0,0.004811621541562291,-0.019838401956240766,0.0032975239533445107,-0.002504119279429965,-0.0003946091947348228,0.002350769966192867,0.006705340457189341,-0.00758965861376213,-0.0978369723317092,0.010226242817614388,0.0,0.0,0.0,0.0,0.0,0.0,0.0,1.0,0.0,0.0,0.0,0.0,0.4761566893788473
DF_pH7_1,0.002638120725750924,-0.01873401179909706,0.00302637178612792,-0.00473832412906315,-0.0001017273573771769,0.0006804428541142,0.009697656767523807,-0.007826695497269215,-0.09450565233016793,0.009091555821182935,0.0,0.0,0.0,0.0,0.0,0.0,0.0,1.0,0.0,0.0,0.0,0.0,0.48226683949395216
DF_pH7_2,0.003868559365687164,-0.020689962389676467,0.0031133312602405956,-0.002352421886247138,-0.0003475637086059733,0.0025001618565748574,0.008560941909318385,-0.007471732845448927,-0.09926595755812265,0.011312381829256596,0.0,0.0,0.0,0.0,0.0,0.0,0.0,1.0,0.0,0.0,0.0,0.0,0.4811025384560845
DF_pH8_0,0.0029118277812781547,-0.019030685389171475,0.004697785944394442,-0.0037136670420675187,-0.0012684426877809616,0.0036319013684988017,0.008467967852788128,-0.005244285138728825,-0.11201634611934422,0.020791680543966917,0.0,0.0,0.0,0.0,0.0,0.0,0.0,1.0,0.0,0.0,0.0,0.0,0.6161936979692529
DF_pH8_1,0.0029272533013768817,-0.021027449848859202,0.004316296221121496,-0.005150428229699965,-0.00035341265732827525,0.003717567629140357,0.008667972094338871,-0.004929665213693742,-0.11310206142456636,0.02416166524200336,0.0,0.0,0.0,0.0,0.0,0.0,0.0,1.0,0.0,0.0,0.0,0.0,0.6417698578516113
DF_pH8_2,0.0038572264397921767,-0.01836603209376335,0.0024794058987627865,-0.00417536597860896,4.7243591397999516e-05,0.0030533849285996474,0.009071879920590184,-0.005567145509564358,-0.1146482957996752,0.023475435716302496,0.0,0.0,0.0,0.0,0.0,0.0,0.0,1.0,0.0,0.0,0.0,0.0,0.6440713470669853
DF_pH9_0,0.004665108909425529,-0.018854890818019276,0.0039115106670752796,-0.005971836525460951,-0.000698823783060779,0.004600090055685975,0.008635472637479718,-0.0045157790507959275,-0.11927504970732589,0.026731934709393463,0.0,0.0,0.0,0.0,0.0,0.0,0.0,1.0,0.0,0.0,0.0,0.0,0.7292859280132171
DF_pH9_1,0.0023797379563684044,-0.018574499445764916,0.0047115197032690055,-0.00495957562133022,-0.0009162055247503768,0.004205430059329324,0.009270677760891294,-0.004321994813887968,-0.12056489468106764,0.02799754214189623,0.0,0.0,0.0,0.0,0.0,0.0,0.0,1.0,0.0,0.0,0.0,0.0,0.7412574926289346
DF_pH9_2,0.004100380403840023,-0.017648355163957758,0.003764738829239556,-0.004631148641524106,-0.00042616880782272494,0.0037548946815988294,0.008070494425685512,-0.004221896989190061,-0.12041847609307457,0.026883274469038723,0.0,0.0,0.0,0.0,0.0,0.0,0.0,1.0,0.0,0.0,0.0,0.0,0.747526246417331
comm11_4_1,-0.0011373921240801401,0.010433239339972316,0.0014854307707561107,0.0008628590510267281,-0.00025471535794760903,0.0005532100148822959,-0.004139156288912765,-0.0032674818664141314,-0.060658523256526056,-0.04464973316892334,1.0,1.0,1.0,1.0,1.0,1.0,1.0,1.0,0.0,0.0,0.0,0.0,-0.0016139570379183382
comm11_4_2,-0.0005180528800448644,0.010356142428582129,0.00039895815936767513,0.0002544253198025024,1.6750042205271213e-05,5.4963107180337185e-05,-0.0025649775086861587,-0.0016414966361354235,-0.06350497216877081,-0.043624002616852516,1.0,1.0,1.0,1.0,1.0,1.0,1.0,1.0,0.0,0.0,0.0,0.0,0.0004845233155374915
comm11_4_3,0.0005385438992601369,0.010672054485944297,0.0006861548473977529,0.0006438932737902474,-0.0001787310490465694,0.0010668834914331856,-0.0036813831288853432,-0.0028698695110885987,-0.06406609392360502,-0.04358371501869482,1.0,1.0,1.0,1.0,1.0,1.0,1.0,1.0,0.0,0.0,0.0,0.0,0.001874459798070219
comm11_4_4,-0.00029709749328701434,0.010458014258386002,0.0005292648490032424,0.0006516396772602334,-0.0006162520408954313,0.0010251438739183156,-0.0037882416557682604,-0.0037320208727665573,-0.061830514645122965,-0.043172198872527344,1.0,1.0,1.0,1.0,1.0,1.0,1.0,1.0,0.0,0.0,0.0,0.0,0.0053181834532889495
comm11_5_1,-0.0010262505685829603,0.010897271194211813,-2.050434603639277e-05,0.0005870852595114191,-0.0002656859758755437,0.001030757398061132,-0.0038301114446443072,-0.0030568947772616913,-0.06275423368196126,-0.042333695862604215,1.0,1.0,1.0,1.0,1.0,1.0,1.0,1.0,0.0,0.0,0.0,0.0,0.05114127579932972
comm11_5_2,0.00018127357020326245,0.011948529097211101,0.0017174473696428803,-0.00068857593299902,-0.0007737963751930263,0.000808856590934423,-0.004364721550727668,-0.002463233232822107,-0.06118538229604777,-0.045952660126368644,1.0,1.0,1.0,1.0,1.0,1.0,1.0,1.0,0.0,0.0,0.0,0.0,0.02446646428818786
comm11_5_3,-0.0010992511386132761,0.011578015419452083,0.0007692631925253763,-0.0003037599773834583,-0.0001050756248119073,0.0006056879776651452,-0.0046011412945454536,-0.0025526205093964276,-0.06225165681913497,-0.0428117241119237,1.0,1.0,1.0,1.0,1.0,1.0,1.0,1.0,0.0,0.0,0.0,0.0,0.039343210450552515
comm11_5_4,-0.001784264411291351,0.009920038398679182,4.2774777697480566e-05,0.0010667046588724084,-7.64715736326965e-05,0.0009365450866196471,-0.002937812361380329,-0.003057170625290145,-0.0638945331991367,-0.04098807365997977,1.0,1.0,1.0,1.0,1.0,1.0,1.0,1.0,0.0,0.0,0.0,0.0,0.02826352230444504
comm11_6_1,-0.0004348336678484214,0.012859485612615297,-0.0009213885065654048,-0.0006626339240566537,0.000321049928341222,0.0024704246579304984,-0.004420372522233622,-0.0050026158178630075,-0.07779986967859062,-0.027181508967895875,1.0,1.0,1.0,1.0,1.0,1.0,1.0,1.0,0.0,0.0,0.0,0.0,0.16172687662413934
comm11_6_2,0.0002582011979235245,0.01566951639302399,0.0003137582159884592,0.0006087792761947787,0.0001045258578075019,0.0026527164431045885,-0.005600495952302994,-0.005740903925312601,-0.09269572979244202,-0.016342630600151807,1.0,1.0,1.0,1.0,1.0,1.0,1.0,1.0,0.0,0.0,0.0,0.0,0.20214567479932488
comm11_6_3,0.0006969528499504799,0.01523816840156265,-0.0016127771487378553,0.00025812631229991565,0.0004604645640305841,0.003057433253397112,-0.004941497470211725,-0.004148030349093934,-0.08977186504184553,-0.020009238257518283,1.0,1.0,1.0,1.0,1.0,1.0,1.0,1.0,0.0,0.0,0.0,0.0,0.19208393008372077
comm11_6_4,-0.00012257054610097029,0.015006026562465276,-0.000249302891771431,-0.001312265583192525,-0.0008739890895136027,0.004557075882735459,-0.002957235581201056,-0.004535407707419083,-0.0902588223277227,-0.020025772103310923,1.0,1.0,1.0,1.0,1.0,1.0,1.0,1.0,0.0,0.0,0.0,0.0,0.19174196501252805
comm11_7_1,-0.0014903999670692137,0.014681518166933371,0.0003393806889653201,0.002373727285505636,-0.00049105315995605,0.0017094809464786376,-0.004384935686931663,-0.0056911951319678945,-0.12093992939785768,0.013121143544659665,1.0,1.0,1.0,1.0,1.0,1.0,1.0,1.0,0.0,0.0,0.0,0.0,0.4761566893788473
comm11_7_2,-0.0021702503809786383,0.019289207126459353,-0.0007872010338241649,0.0009564487879043038,0.0009687214531004436,-0.00031596011603655905,-0.006134607201523106,-0.006981923482988191,-0.11833396581851918,0.012737267990799052,1.0,1.0,1.0,1.0,1.0,1.0,1.0,1.0,0.0,0.0,0.0,0.0,0.48226683949395216
comm11_7_3,-0.0007325656096572482,0.014124482447362462,0.0009037669974824643,0.0015327942824882022,-0.0002413814109952572,0.0011695504042765381,-0.0053943776784707645,-0.007663833119137132,-0.11778679390640359,0.013316094706887788,1.0,1.0,1.0,1.0,1.0,1.0,1.0,1.0,0.0,0.0,0.0,0.0,0.4811025384560845
comm11_7_4,-0.0017408153852042946,0.01495620329256939,0.0005072147763617675,0.001764260206533514,-0.00010817658561079505,0.000409914958088296,-0.004325273413535046,-0.005617521254588726,-0.12005896732211109,0.013440897841330457,1.0,1.0,1.0,1.0,1.0,1.0,1.0,1.0,0.0,0.0,0.0,0.0,0.4811025384560845
comm11_8_1,-0.002200872925636561,0.016680984009543192,-0.0003445282327416165,0.003776320424740731,-0.000583690493974997,-0.0008991699179877397,-0.003974613073565388,-0.005626017132207104,-0.1279923784352191,0.020391702890882022,1.0,1.0,1.0,1.0,1.0,1.0,1.0,1.0,0.0,0.0,0.0,0.0,0.6161936979692529
comm11_8_2,-0.0027762137215746486,0.01716611937174331,-0.00032231618366811697,0.0033269655064720157,2.6850568373565967e-05,-0.00024580346339422464,-0.006050313675533171,-0.005241121720198704,-0.1277011127081578,0.02104468313977122,1.0,1.0,1.0,1.0,1.0,1.0,1.0,1.0,0.0,0.0,0.0,0.0,0.6417698578516113
comm11_8_3,-0.0033265256128557357,0.014901940279194843,0.00021731844333850768,0.002065021884830102,0.000554666904651601,0.00037554497142200746,-0.00637680909555891,-0.005188030781953231,-0.12531102057789328,0.02131563069865755,1.0,1.0,1.0,1.0,1.0,1.0,1.0,1.0,0.0,0.0,0.0,0.0,0.6440713470669853
comm11_8_4,-0.0032643781723859524,0.0161482087166413,-9.466355585533696e-05,0.0027252241961010135,0.00012735089206177209,-0.000639340369759693,-0.004829556739524655,-0.003993378825809644,-0.1286194732210234,0.021667744144797323,1.0,1.0,1.0,1.0,1.0,1.0,1.0,1.0,0.0,0.0,0.0,0.0,0.6395779816459941
comm11_9_1,-0.00262059146700346,0.017681304763840593,-0.00024107976290194846,0.0022579336409335577,0.0010549408302682889,-0.0021832128776156385,-0.005305035609104064,-0.0048123990250346456,-0.13364216446714555,0.02703804108759631,1.0,1.0,1.0,1.0,1.0,1.0,1.0,1.0,0.0,0.0,0.0,0.0,0.7292859280132171
comm11_9_2,-0.003604765019339063,0.0141844384437022,0.00017902430551855293,0.0024712944063155556,-5.1429673381473945e-05,-0.0006874614589564179,-0.004878378853039897,-0.005212432258640942,-0.12775774161857753,0.024585188840232468,1.0,1.0,1.0,1.0,1.0,1.0,1.0,1.0,0.0,0.0,0.0,0.0,0.7412574926289346
comm11_9_3,-0.0026995539041640973,0.017380782859804843,-0.000558767847554839,0.0037412741440145873,-0.0006386643081255593,-0.001259587607144015,-0.006030382726989364,-0.005098547648800457,-0.13055566902312896,0.024946853175921282,1.0,1.0,1.0,1.0,1.0,1.0,1.0,1.0,0.0,0.0,0.0,0.0,0.747526246417331
comm11_9_4,-0.002993728449649138,0.015846409371689615,-4.9368710783513385e-05,0.003072831612890181,0.0005260061926167939,-0.0013606181918926856,-0.004820984923483237,-0.005433461562446926,-0.12948379788304806,0.02392444921738428,1.0,1.0,1.0,1.0,1.0,1.0,1.0,1.0,0.0,0.0,0.0,0.0,0.7409024335149471
