Experiments,AC_OD<--AC_OD,AC_OD<--BA_OD,AC_OD<--BC_OD,AC_OD<--BL_OD,AC_OD<--BT_OD,AC_OD<--BV_OD,AC_OD<--CC_OD,AC_OD<--DF_OD,AC_OD<--parc+_OD,AC_OD<--pH,AC_OD,BA_OD,BC_OD,BL_OD,BT_OD,BV_OD,CC_OD,DF_OD,wt_OD,delarc_OD,parc-_OD,parc+_OD,pH
5comm11parc_1,0.07274596457410118,0.024937373428888947,-0.024102556415550085,0.003995188970280731,-0.00752687611495671,-0.023145334385335444,-0.021586405957198664,-0.02008296669663295,-0.03288814151578625,-0.02446704118634048,1.0,1.0,1.0,1.0,1.0,1.0,1.0,1.0,0.0,0.0,0.0,1.0,0.0997489321824637
5comm11parc_2,0.06967854547435823,0.02411125192823617,-0.023257247326166727,0.005661480204890606,0.0006517001403414692,-0.024964658420370975,-0.023877217262659383,-0.020454914892173333,-0.037264402996262797,-0.022405332247524157,1.0,1.0,1.0,1.0,1.0,1.0,1.0,1.0,0.0,0.0,0.0,1.0,0.0997489321824637
5comm11parc_3,0.08302155983674783,0.03197380299963381,-0.025086686957789508,0.0037459271708908297,-0.00858049086092607,-0.028023858475296398,-0.022300094474592934,-0.019481089544361053,-0.04386644524400649,-0.023523419624113518,1.0,1.0,1.0,1.0,1.0,1.0,1.0,1.0,0.0,0.0,0.0,1.0,0.0997489321824637
5comm11parc_4,0.07668030793576135,0.048766142285388454,-0.0318393476890481,0.012710020077293334,-0.013409801987202269,-0.028605083372929826,-0.03326201460607674,-0.020117449423541187,-0.038344838024805435,-0.024698730716886726,1.0,1.0,1.0,1.0,1.0,1.0,1.0,1.0,0.0,0.0,0.0,1.0,0.0997489321824637
6comm11parc_1,0.07771770867640555,0.052813883660280184,-0.03656282698492641,0.001162779645427414,-0.006080692118924596,-0.03907480826358432,-0.02691181232747825,-0.052821202525949996,-0.04529627304524184,-0.03004660425626713,1.0,1.0,1.0,1.0,1.0,1.0,1.0,1.0,0.0,0.0,0.0,1.0,0.294943607271727
6comm11parc_2,0.061566225403676865,0.03827726421472819,-0.03372785669953926,0.010466807287024414,-0.012964877636860243,-0.033814994083798455,-0.016907012896693278,-0.04257190521158603,-0.04317253890568796,-0.032250959011523604,1.0,1.0,1.0,1.0,1.0,1.0,1.0,1.0,0.0,0.0,0.0,1.0,0.294943607271727
6comm11parc_3,0.08832281216979028,0.015628109976001413,-0.03186435625119054,0.0054580619801645695,-0.008778051612493782,-0.032820444016352944,-0.0193398361928437,-0.04808144231205401,-0.05469774190660404,-0.018926959374676585,1.0,1.0,1.0,1.0,1.0,1.0,1.0,1.0,0.0,0.0,0.0,1.0,0.294943607271727
6comm11parc_4,0.07144790230885796,0.023643511323177296,-0.03189425662969764,0.006842997197223748,-0.014451403982289453,-0.02558845446971447,-0.03283444666992063,-0.04760929245177818,-0.03064181949295427,-0.02401458467316368,1.0,1.0,1.0,1.0,1.0,1.0,1.0,1.0,0.0,0.0,0.0,1.0,0.294943607271727
7comm11parc_1,0.09100700653441575,0.04960767245325057,-0.020699432482538017,0.017020512519647247,-0.020042499559728998,-0.033030454147121184,-0.014646901339292527,-0.0013168247870129057,-0.09670123302904159,0.02411673888240172,1.0,1.0,1.0,1.0,1.0,1.0,1.0,1.0,0.0,0.0,0.0,1.0,0.5477367110758552
7comm11parc_2,0.111918311515904,0.08006009574169697,-0.039057289702088924,0.010031031091576034,-0.02192115078153817,-0.026011846572484662,-0.02423022205414979,-0.01790245200952758,-0.10982029393801224,0.03224840175360441,1.0,1.0,1.0,1.0,1.0,1.0,1.0,1.0,0.0,0.0,0.0,1.0,0.5477367110758552
7comm11parc_3,0.08919507646852214,0.05733453552846027,-0.021505874278752706,0.012588879976259624,-0.025422152977274817,-0.035530617515677994,-0.019025344103574753,-0.0023309109521948736,-0.09751110985389222,0.03752210275310537,1.0,1.0,1.0,1.0,1.0,1.0,1.0,1.0,0.0,0.0,0.0,1.0,0.5477367110758552
7comm11parc_4,0.08819462018330458,0.05825676722694998,-0.03266662749421336,0.017946373417001706,-0.011535154744658778,-0.03637422739163689,-0.03176220496387585,-0.0016517800578604548,-0.08520869866337465,0.030115517533343773,1.0,1.0,1.0,1.0,1.0,1.0,1.0,1.0,0.0,0.0,0.0,1.0,0.5477367110758552
8comm11parc_1,0.12325648867565653,0.01729351011469313,-0.043253360920302235,0.004551544936130879,-0.030035035469285827,-0.041456318888003406,-0.02382790740579366,-0.012470965492336648,-0.1784324845493488,0.146398966262198,1.0,1.0,1.0,1.0,1.0,1.0,1.0,1.0,0.0,0.0,0.0,1.0,0.8453285927693228
8comm11parc_2,0.14855270227822273,0.013479147255420685,-0.03973276201959536,0.026942722833027,-0.022648749921632842,-0.040251246705327336,-0.014689949311963896,-0.03855554449655439,-0.16400823650314758,0.09293635385515896,1.0,1.0,1.0,1.0,1.0,1.0,1.0,1.0,0.0,0.0,0.0,1.0,0.8453285927693228
8comm11parc_3,0.14266662099115224,0.01304931998576807,-0.03500438784289618,0.012716906822246047,-0.015154672491809596,-0.043555442119098224,-0.029682424241757904,-0.050600126946102005,-0.11369670293415371,0.08128534604025922,1.0,1.0,1.0,1.0,1.0,1.0,1.0,1.0,0.0,0.0,0.0,1.0,0.8453285927693228
8comm11parc_4,0.1344784985191148,0.023329102939561662,-0.0334255424498216,0.008819856752196084,-0.016394544041351124,-0.03792480146431405,-0.020544186472568827,-0.027821163645257118,-0.1416394756604796,0.07314669278652772,1.0,1.0,1.0,1.0,1.0,1.0,1.0,1.0,0.0,0.0,0.0,1.0,0.8453285927693228
parc+_pH4_0,-0.03241109081746443,-0.01064226764861656,0.006650823997738567,-0.0017253976137093885,0.0004496371195368147,0.008062675569368447,0.007023467721174592,0.009499352085201638,-0.018151536728052985,-0.020876460951631485,0.0,0.0,0.0,0.0,0.0,0.0,0.0,0.0,0.0,0.0,0.0,1.0,0.0032572508755295392
parc+_pH4_1,-0.03199030523552843,-0.010567280301905197,0.0060176963002785385,-0.001067336018642654,0.00031886822017638557,0.008174404215229593,0.007908547493102758,0.006409990649832331,-0.013676291470942287,-0.023649090782779717,0.0,0.0,0.0,0.0,0.0,0.0,0.0,0.0,0.0,0.0,0.0,1.0,-0.004437627208196163
parc+_pH4_2,-0.03329841842307993,-0.011938113779153514,0.005607320390965629,-0.0011932798329254857,0.0007049095889796384,0.006950370159162126,0.007428792242122733,0.0072765143847335935,-0.011697267787935943,-0.021961626026617446,0.0,0.0,0.0,0.0,0.0,0.0,0.0,0.0,0.0,0.0,0.0,1.0,0.0011803763326671925
parc+_pH5_0,-0.02809808423985606,-0.010029839269168998,0.007315946788243623,-0.0017156038336131887,0.0031183835183796675,0.008501179712298123,0.005111275626265485,0.00231753743213156,-0.02059655812771424,-0.018045037019511923,0.0,0.0,0.0,0.0,0.0,0.0,0.0,0.0,0.0,0.0,0.0,1.0,0.08114687964645667
parc+_pH5_1,-0.03834618168194657,-0.010278330696341787,0.008148342835838379,-0.002067147441532301,0.0019422994051938476,0.00679813034184601,0.005654841959476471,0.004763759598135948,-0.011553710603519628,-0.017182800703398556,0.0,0.0,0.0,0.0,0.0,0.0,0.0,0.0,0.0,0.0,0.0,1.0,0.11230826956373989
parc+_pH5_2,-0.038027151861916415,-0.011801538731416929,0.005669829336845357,-0.0006043392905722499,0.000932740089686021,0.008073936341249423,0.006816335981306823,0.00716069599856501,-0.01742301107424757,-0.012918292262955851,0.0,0.0,0.0,0.0,0.0,0.0,0.0,0.0,0.0,0.0,0.0,1.0,0.09911694942295314
parc+_pH6_0,-0.047836059706042634,-0.010496276898876479,0.00825384550606427,0.00011197690892478678,0.0022311440515129467,0.011159076506029006,0.004230638295412063,0.007851251362134583,-0.023845113651907963,-0.0037812789966878676,0.0,0.0,0.0,0.0,0.0,0.0,0.0,0.0,0.0,0.0,0.0,1.0,0.2884225051673924
parc+_pH6_1,-0.043536236567989633,-0.011816584305918735,0.008524329038741795,-0.0022834794142324,0.0017545525016991988,0.009430011991897354,0.006618089322810587,0.006616505045929681,-0.024998530201289972,-0.0024294546862011364,0.0,0.0,0.0,0.0,0.0,0.0,0.0,0.0,0.0,0.0,0.0,1.0,0.29127362738877827
parc+_pH6_2,-0.05012086160480977,-0.010100355067330856,0.008929797462795092,-0.0024973322159570197,0.0010490709705197295,0.008977972265818845,0.007479788426147854,0.010109122691918975,-0.02277296732139328,-0.0031750350218752153,0.0,0.0,0.0,0.0,0.0,0.0,0.0,0.0,0.0,0.0,0.0,1.0,0.2957269459022493
parc+_pH7_0,-0.06753363411063734,-0.015826039309410945,0.01021275934641776,-0.0065190601235498545,0.0006129430801324224,0.01376095240854699,0.009558883396827658,0.013242707591017953,-0.024361562717543996,0.014731254964742974,0.0,0.0,0.0,0.0,0.0,0.0,0.0,0.0,0.0,0.0,0.0,1.0,0.5922068579302491
parc+_pH7_1,-0.06216894380910242,-0.013544484441695006,0.007561109712266404,-0.005922566564834636,0.0034687489400739256,0.012687197523596497,0.010459561751264591,0.012915681799792727,-0.0278811347047272,0.010304030505535394,0.0,0.0,0.0,0.0,0.0,0.0,0.0,0.0,0.0,0.0,0.0,1.0,0.5480973412378645
parc+_pH7_2,-0.061330487561290684,-0.013453579949943917,0.009787966485904612,-0.004222760482326801,0.0016312696185448896,0.00922710350026255,0.007825115177294483,0.012109527667255504,-0.029116231972432655,0.015421278138199579,0.0,0.0,0.0,0.0,0.0,0.0,0.0,0.0,0.0,0.0,0.0,1.0,0.5469120935714209
parc+_pH8_0,-0.08845896202099063,-0.015466110244717286,0.01153576686654402,-0.007380760143632474,0.006460441877336604,0.011663167764959131,0.008347825986211714,0.015463843833169214,-0.03351523147491009,0.039229220961746955,0.0,0.0,0.0,0.0,0.0,0.0,0.0,0.0,0.0,0.0,0.0,1.0,0.8455353071301549
parc+_pH8_1,-0.07707261344174976,-0.012540104361655919,0.010851491143845994,-0.00405793685304082,0.003964278056569722,0.013214683534334538,0.007304081174990406,0.010127573575338594,-0.042419899381373236,0.03850765107928411,0.0,0.0,0.0,0.0,0.0,0.0,0.0,0.0,0.0,0.0,0.0,1.0,0.8378107178569503
parc+_pH8_2,-0.08639431972542536,-0.01084929069099219,0.009528009572430796,-0.00515986666245305,0.004976099368346776,0.011698641853164075,0.008949634849053362,0.014967354830840362,-0.035076859480013024,0.03523979902753362,0.0,0.0,0.0,0.0,0.0,0.0,0.0,0.0,0.0,0.0,0.0,1.0,0.8442380625189879
parc+_pH9_0,-0.05517183433084385,-0.012719201750081517,0.008189437642045643,-0.00501415516047374,0.0026526525422282845,0.012474056466118148,0.006601628452215506,0.008313418999314308,-0.046380708860638366,0.02893391052665918,0.0,0.0,0.0,0.0,0.0,0.0,0.0,0.0,0.0,0.0,0.0,1.0,1.003926186226973
parc+_pH9_1,-0.08383291032975135,-0.011142956361822456,0.011511486976043034,-0.006837139704629134,0.007083244369081831,0.011312947057835435,0.006412188444772494,0.018456097399087056,-0.038718906053058486,0.033635152728985186,0.0,0.0,0.0,0.0,0.0,0.0,0.0,0.0,0.0,0.0,0.0,1.0,0.9964236708955914
parc+_pH9_2,-0.06368603568362152,-0.00866447235579076,0.008436608563946643,-0.008548949665349463,0.006273944398955156,0.008292212105639601,0.0047625992042214975,0.01156286307975002,-0.039506834206049855,0.02895726537088985,0.0,0.0,0.0,0.0,0.0,0.0,0.0,0.0,0.0,0.0,0.0,1.0,0.9996501428774356
AC_pH4_0,0.12945682726476507,-0.024530474729835987,0.014640653823380884,-0.02183802818636531,0.007738558703466603,0.018085049013404745,0.018822852075099948,0.020516869025709837,0.01507000379750262,-0.230083108306255,1.0,0.0,0.0,0.0,0.0,0.0,0.0,0.0,0.0,0.0,0.0,0.0,-0.0016139570379183382
AC_pH4_1,0.13797075990425503,-0.034477383538108794,0.014244396040297067,-0.02151036706955536,0.004807592980239706,0.01708123768477336,0.02012709039870812,0.02361950146439283,0.017514850145772753,-0.23149847401710955,1.0,0.0,0.0,0.0,0.0,0.0,0.0,0.0,0.0,0.0,0.0,0.0,0.0004845233155374915
AC_pH4_2,0.136767241663259,-0.03455176447234724,0.015205845606067903,-0.023062582346408258,0.008816234409485174,0.016950798515716323,0.01578732794717602,0.021622532065147936,0.018112558163702493,-0.2277689877039065,1.0,0.0,0.0,0.0,0.0,0.0,0.0,0.0,0.0,0.0,0.0,0.0,0.001874459798070219
AC_pH5_0,0.1372412592366986,-0.02702773605351863,0.015398801315737813,-0.02484846395642861,0.009108973995822925,0.01637369616686002,0.014009550575004972,0.021260259718350737,0.013484234503753812,-0.22712137126080367,1.0,0.0,0.0,0.0,0.0,0.0,0.0,0.0,0.0,0.0,0.0,0.0,0.05114127579932972
AC_pH5_1,0.13506252041653447,-0.03293139369753392,0.012171076142593568,-0.015179881586328792,0.006062192144277306,0.01416921391111353,0.021355939977194958,0.016386452391743654,0.017984521320980523,-0.22720143866117876,1.0,0.0,0.0,0.0,0.0,0.0,0.0,0.0,0.0,0.0,0.0,0.0,0.02446646428818786
AC_pH5_2,0.14003572171472986,-0.025292919741376593,0.011941097599008809,-0.019493794494672957,0.007037300125736256,0.014784410846946034,0.01978073402753343,0.017643959747384422,0.012200363346416021,-0.230757670721606,1.0,0.0,0.0,0.0,0.0,0.0,0.0,0.0,0.0,0.0,0.0,0.0,0.039343210450552515
AC_pH6_0,0.18671328153947128,-0.04493532692284687,0.027471471082257178,-0.018125871249839012,0.018812850146837857,0.0266974899140389,0.033965391393588944,0.03967271115954803,0.016977521545537142,-0.15646975349310943,1.0,0.0,0.0,0.0,0.0,0.0,0.0,0.0,0.0,0.0,0.0,0.0,0.16172687662413934
AC_pH6_1,0.2318246658211169,-0.02819261101276979,0.038943837362787,-0.021100876383159474,0.021711405724610975,0.037823993743437784,0.035381190812458156,0.03698090102037658,0.025005645682306395,-0.09018125472185406,1.0,0.0,0.0,0.0,0.0,0.0,0.0,0.0,0.0,0.0,0.0,0.0,0.20214567479932488
AC_pH6_2,0.21876013682588288,-0.04572495255943227,0.03756065107882022,-0.01943552900753592,0.02772712145810543,0.041595955967255266,0.040717626435925136,0.03901389254338067,0.02277236610974954,-0.11313031374436357,1.0,0.0,0.0,0.0,0.0,0.0,0.0,0.0,0.0,0.0,0.0,0.0,0.19208393008372077
AC_pH7_0,0.3763879040434309,-0.07616312157200729,0.04809279059100409,-0.04672049816697836,0.05079084406080455,0.049467362074748326,0.09116689997360755,0.07628277047982682,0.041727418523767705,0.10433841311413312,1.0,0.0,0.0,0.0,0.0,0.0,0.0,0.0,0.0,0.0,0.0,0.0,0.4761566893788473
AC_pH7_1,0.3793891337513925,-0.05706144982867917,0.04266827441428018,-0.047091687303846316,0.04800365553925867,0.04210913667050393,0.08278981807763161,0.07674011236947516,0.041606061539572206,0.10889826805047366,1.0,0.0,0.0,0.0,0.0,0.0,0.0,0.0,0.0,0.0,0.0,0.0,0.48226683949395216
AC_pH7_2,0.37017481992750073,-0.05917394017719705,0.04320247377228479,-0.04264121167361736,0.04657104090827962,0.04626860673336881,0.08381203469212935,0.06928751116051624,0.04441301761761955,0.11562615681925544,1.0,0.0,0.0,0.0,0.0,0.0,0.0,0.0,0.0,0.0,0.0,0.0,0.4811025384560845
AC_pH8_0,0.4316622685349506,-0.0630254097185705,0.050002586637502136,-0.058203458076585904,0.05164746326758809,0.035114492744855265,0.059455496821066614,0.08008744157688773,0.050424571876292644,0.2187171983346343,1.0,0.0,0.0,0.0,0.0,0.0,0.0,0.0,0.0,0.0,0.0,0.0,0.6161936979692529
AC_pH8_1,0.44335330034727644,-0.07017685455472573,0.05103477218066871,-0.05578234461986502,0.04482198850940103,0.038764323736338514,0.05738752619403859,0.08450765996361558,0.05415816699519104,0.2369469549506902,1.0,0.0,0.0,0.0,0.0,0.0,0.0,0.0,0.0,0.0,0.0,0.0,0.6417698578516113
AC_pH8_2,0.44566932395424536,-0.07376474783148455,0.05325560325999624,-0.05958189076217622,0.04936362042375233,0.04013534983539062,0.05568646524101495,0.08815612847066444,0.05501413832702069,0.23370267745431345,1.0,0.0,0.0,0.0,0.0,0.0,0.0,0.0,0.0,0.0,0.0,0.0,0.6440713470669853
AC_pH9_0,0.4791452094912529,-0.06007986315242622,0.048905991728862966,-0.06206419350336427,0.05235441440635403,0.04186241340054118,0.04453409239163866,0.091028484420284,0.05964118506921374,0.28937199875550423,1.0,0.0,0.0,0.0,0.0,0.0,0.0,0.0,0.0,0.0,0.0,0.0,0.7292859280132171
AC_pH9_1,0.4821599325213744,-0.070215182327058,0.04963843274861573,-0.05953794630973236,0.04815379201232092,0.04307853776799595,0.043527438933758614,0.09539679941761749,0.06138313831194588,0.30475102159640055,1.0,0.0,0.0,0.0,0.0,0.0,0.0,0.0,0.0,0.0,0.0,0.0,0.7412574926289346
AC_pH9_2,0.48478528075891997,-0.06777936440933012,0.05737951632751074,-0.06609348428638086,0.046182911196804566,0.04642925538122656,0.050053191283798745,0.09517913071195717,0.05628507839920727,0.3019718306349672,1.0,0.0,0.0,0.0,0.0,0.0,0.0,0.0,0.0,0.0,0.0,0.0,0.747526246417331
BA_pH4_0,-0.05159972587519364,0.005143283288116042,0.007235460647422334,-0.0059497996290092895,0.0005413203119583756,0.00810183993176274,0.00862426199666832,0.010920101353979627,0.00907627327772586,-0.04421381077688673,0.0,1.0,0.0,0.0,0.0,0.0,0.0,0.0,0.0,0.0,0.0,0.0,-0.0016139574737368786
BA_pH4_1,-0.06301185658930433,0.006090014042413751,0.006765004100035068,-0.0035437528902421815,0.002563545158051927,0.0066682319634634515,0.007689716751160829,0.008329543562039087,0.011167533436547153,-0.03483877518902654,0.0,1.0,0.0,0.0,0.0,0.0,0.0,0.0,0.0,0.0,0.0,0.0,0.00048452299554619434
BA_pH4_2,-0.06281250244411438,0.005402247695171315,0.009609920848970829,-0.004748072052455468,0.00203179602065812,0.009495790995981383,0.007151605057651583,0.011673127373923427,0.006443161910966685,-0.03636787100978519,0.0,1.0,0.0,0.0,0.0,0.0,0.0,0.0,0.0,0.0,0.0,0.0,0.0018744598294293093
BA_pH5_0,-0.0529821544950423,0.006568955675415371,0.00935877896845341,-0.0060869289481121575,0.001467643551852392,0.006279149557585301,0.006814053048906119,0.01217220571216034,0.00462210469757733,-0.04033460602488207,0.0,1.0,0.0,0.0,0.0,0.0,0.0,0.0,0.0,0.0,0.0,0.0,0.0511412745403946
BA_pH5_1,-0.056324268862929044,0.0063947538675173474,0.006550799528865713,-0.0018757740424379062,0.00132413856037285,0.009554370641708375,0.008946951039783334,0.010350104944537517,0.002936297455883545,-0.03997816860675812,0.0,1.0,0.0,0.0,0.0,0.0,0.0,0.0,0.0,0.0,0.0,0.0,0.024466462930343342
BA_pH5_2,-0.06630518515472827,0.007040783165265684,0.006688685532173386,-0.0036287795136804163,0.0032211930839263878,0.009715868378786937,0.009692126483373021,0.014179168081153997,0.010796980793061465,-0.04352163632278856,0.0,1.0,0.0,0.0,0.0,0.0,0.0,0.0,0.0,0.0,0.0,0.0,0.03934321135483189
BA_pH6_0,-0.07334726703879625,0.006333932750250983,0.009492192827165128,-0.0027992123478780633,0.0007158207666614782,0.011529308921940947,0.0025846616292129402,0.01363513958842858,0.0076546136435607206,-0.027919986214002837,0.0,1.0,0.0,0.0,0.0,0.0,0.0,0.0,0.0,0.0,0.0,0.0,0.16172687666300212
BA_pH6_1,-0.09179876901047385,0.006721564068094546,0.006779502260944117,-0.003119465405850307,0.003981855087306188,0.006901975295141987,0.006677536410482036,0.021568185949455133,0.010783118040341402,-0.02061629816889763,0.0,1.0,0.0,0.0,0.0,0.0,0.0,0.0,0.0,0.0,0.0,0.0,0.20214567404454245
BA_pH6_2,-0.0865945865408234,0.006876888440355011,0.012145660336574783,-0.005449420168347981,0.005004476759096849,0.01212068588675364,0.005900010594531248,0.012004039650378018,0.008433540811681232,-0.022562091243655786,0.0,1.0,0.0,0.0,0.0,0.0,0.0,0.0,0.0,0.0,0.0,0.0,0.19208393160174653
BA_pH7_0,-0.15361235592514277,0.00735627737382184,0.01699750520126975,-0.007548987277500003,0.005324410185541796,0.009720080894944461,0.01037605573139761,0.024017748558974785,0.01224052080479653,0.023007948793794798,0.0,1.0,0.0,0.0,0.0,0.0,0.0,0.0,0.0,0.0,0.0,0.0,0.47615668850189524
BA_pH7_1,-0.14940240420725034,0.0075408886567406045,0.013055341804157128,-0.008682830913559246,0.007670047741545285,0.009287378358776155,0.011710295254445596,0.025548134350582306,0.019992071126142277,0.011160282227008243,0.0,1.0,0.0,0.0,0.0,0.0,0.0,0.0,0.0,0.0,0.0,0.0,0.48226683981394347
BA_pH7_2,-0.14615641220756198,0.0074647587343402546,0.015375279740470907,-0.009964638977595,0.012037895270015883,0.013572192308695417,0.011249690285843352,0.01886504891288021,0.013751956047895161,0.011683434411559415,0.0,1.0,0.0,0.0,0.0,0.0,0.0,0.0,0.0,0.0,0.0,0.0,0.48110253833913064
BA_pH8_0,-0.15758310935905448,0.008802588915695317,0.013572351496828639,-0.009934609130672787,0.013582362062905147,0.011632770351741624,0.009514012017651745,0.02605467301347981,0.00933366751217324,0.022904497645795347,0.0,1.0,0.0,0.0,0.0,0.0,0.0,0.0,0.0,0.0,0.0,0.0,0.6161936980952847
BA_pH8_1,-0.17789772419987812,0.009660591593255169,0.016162145231728965,-0.012623783200979233,0.009426088878965897,0.01200835781900779,0.0092070530290189,0.027900378150136573,0.016768367120429225,0.037267730104858454,0.0,1.0,0.0,0.0,0.0,0.0,0.0,0.0,0.0,0.0,0.0,0.0,0.6417698583743298
BA_pH8_2,-0.17433172150312556,0.009250984684280728,0.015728480474132556,-0.015387800844467203,0.004642707911198557,0.01325323677905228,0.01003759717811709,0.027966072842802687,0.016050226419516228,0.04066942058503627,0.0,1.0,0.0,0.0,0.0,0.0,0.0,0.0,0.0,0.0,0.0,0.0,0.64407134594908
BA_pH9_0,-0.19924096618657525,0.011388456578487938,0.017286051370851374,-0.008017081647463465,0.015352787773894224,0.011235867570275847,0.00896620495487814,0.02859708582901437,0.019016773958245047,0.04329402418564196,0.0,1.0,0.0,0.0,0.0,0.0,0.0,0.0,0.0,0.0,0.0,0.0,0.7292859295671521
BA_pH9_1,-0.19740726976452963,0.009273980953123257,0.01292527485800826,-0.007322082017426902,0.016751474056230942,0.009577848383265988,0.008668179970396605,0.020300791197172968,0.019640212368382058,0.05547079452192006,0.0,1.0,0.0,0.0,0.0,0.0,0.0,0.0,0.0,0.0,0.0,0.0,0.741257491587475
BA_pH9_2,-0.18050915258572153,0.009927469336468242,0.018844177013506058,-0.01430056212065013,0.006540084050401401,0.01610887897079406,0.008279518209721731,0.02642946977816199,0.01501695137956868,0.04154237049429312,0.0,1.0,0.0,0.0,0.0,0.0,0.0,0.0,0.0,0.0,0.0,0.0,0.74752624576109
BC_pH4_0,-0.03555657772428316,-0.008342742338452652,-0.006466617302402207,-0.004073039447159871,0.00047014094079318264,0.006769688981382742,0.0061560955109155715,0.011889048285134459,0.004607839547097683,-0.02757463414222002,0.0,0.0,1.0,0.0,0.0,0.0,0.0,0.0,0.0,0.0,0.0,0.0,-0.0016139570379183382
BC_pH4_1,-0.027892163276024482,-0.012735859384031397,-0.0041842817839073095,-0.0006652505647229118,-0.001192669355027054,0.00607226085079753,0.007769189896466939,0.0059841422509887944,0.0007834322944931361,-0.026059597165364285,0.0,0.0,1.0,0.0,0.0,0.0,0.0,0.0,0.0,0.0,0.0,0.0,0.0004845233155374915
BC_pH4_2,-0.02810132278048474,-0.012364391172709672,-0.0049450602900722755,-0.0013428148675871936,-0.00043407225576431796,0.007666265647048534,0.006636558233395866,0.0130920106674666,0.003787962825078032,-0.03611593195115743,0.0,0.0,1.0,0.0,0.0,0.0,0.0,0.0,0.0,0.0,0.0,0.0,0.001874459798070219
BC_pH5_0,-0.0330240480682772,-0.012967769723871475,-0.006466617302402206,-0.0005565682199338216,-0.0003203788707437723,0.007262859885459361,0.005840911819883018,0.009985632091436696,0.003784525543451309,-0.025659342934579953,0.0,0.0,1.0,0.0,0.0,0.0,0.0,0.0,0.0,0.0,0.0,0.0,0.05114127579932972
BC_pH5_1,-0.029354950485993993,-0.015206556814196316,-0.00684700655548469,-0.002753353047630061,0.00014138961939708043,0.008621787181043106,0.005244850300900316,0.010477797265933909,0.0063945454585811355,-0.028839300511323884,0.0,0.0,1.0,0.0,0.0,0.0,0.0,0.0,0.0,0.0,0.0,0.0,0.02446646428818786
BC_pH5_2,-0.038545553852682525,-0.008789082533963348,-0.006466617302402207,-0.0039211438353294915,0.0017937549576163303,0.0052849886339643715,0.006284000136606071,0.01260197379990764,0.006980178190962132,-0.027343295624722607,0.0,0.0,1.0,0.0,0.0,0.0,0.0,0.0,0.0,0.0,0.0,0.0,0.039343210450552515
BC_pH6_0,-0.0432636542018989,-0.014697274536542269,-0.00783039203480534,-0.0038970781571191298,0.000629018572685512,0.007508079017633978,0.009396429296744906,0.015894583841056922,0.005644986145198345,-0.02150549562081047,0.0,0.0,1.0,0.0,0.0,0.0,0.0,0.0,0.0,0.0,0.0,0.0,0.16172687662413934
BC_pH6_1,-0.04100340425644232,-0.013708712737197462,-0.009848836760805998,-0.0021708212566116593,0.00021293127666348937,0.011321698407764019,0.005796633004818275,0.009258467866026836,0.0027032097461430924,-0.014681963101029398,0.0,0.0,1.0,0.0,0.0,0.0,0.0,0.0,0.0,0.0,0.0,0.0,0.20214567479932488
BC_pH6_2,-0.04326202359698389,-0.01593428291866313,-0.009302947521209715,-0.005513440668582916,0.00435930478831996,0.008669612114520176,0.010770401259803252,0.01359017486805501,0.006124020695038464,-0.021621616827728955,0.0,0.0,1.0,0.0,0.0,0.0,0.0,0.0,0.0,0.0,0.0,0.0,0.19208393008372077
BC_pH7_0,-0.08155882539308588,-0.018005821037551627,-0.008829720677888911,-0.005961565028714098,0.004819913485451886,0.010044725245755653,0.01912081290198409,0.017546354530622133,0.005963102791296397,0.004740227421988611,0.0,0.0,1.0,0.0,0.0,0.0,0.0,0.0,0.0,0.0,0.0,0.0,0.4761566893788473
BC_pH7_1,-0.07131448706369037,-0.02773812621022048,-0.008886003882988637,-0.005788999760280486,-0.00017932862529288182,0.0165243276241033,0.012371342703700067,0.014668984720888345,0.009292001873254775,0.008929492529967557,0.0,0.0,1.0,0.0,0.0,0.0,0.0,0.0,0.0,0.0,0.0,0.0,0.48226683949395216
BC_pH7_2,-0.06822558345516089,-0.02185945865576682,-0.008906520109461701,-0.006890945287178393,0.004615276379753714,0.009041520227556643,0.009733682431928492,0.016934865078200467,0.007427477057537309,0.006008888510582238,0.0,0.0,1.0,0.0,0.0,0.0,0.0,0.0,0.0,0.0,0.0,0.0,0.4811025384560845
BC_pH8_0,-0.09366685398732837,-0.0332749229086482,-0.010717967340479726,-0.014055999033153055,0.0036143626110709225,0.013180315904319286,0.018247714489698412,0.02811976073552733,0.011937779508855034,0.024495011820741323,0.0,0.0,1.0,0.0,0.0,0.0,0.0,0.0,0.0,0.0,0.0,0.0,0.6161936979692529
BC_pH8_1,-0.0998581891587895,-0.022467657439410683,-0.010226045143993006,-0.011728817569496841,0.004951055381932984,0.013131100054344405,0.010672706438471444,0.02349771593089984,0.013866366846082,0.02604096593740194,0.0,0.0,1.0,0.0,0.0,0.0,0.0,0.0,0.0,0.0,0.0,0.0,0.6417698578516113
BC_pH8_2,-0.0915185424134783,-0.02418933294713497,-0.01062516211491564,-0.011327176800240644,0.005506377778947353,0.011431884148522562,0.010159876471304376,0.026544499047424473,0.010330830878861575,0.021565947621736827,0.0,0.0,1.0,0.0,0.0,0.0,0.0,0.0,0.0,0.0,0.0,0.0,0.6440713470669853
BC_pH9_0,-0.11042233491235452,-0.025568497611776642,-0.01168858837822209,-0.012222555948664312,0.004116843592213548,0.012449340269617413,0.013473008853261885,0.02846646656646676,0.013144611649863103,0.036130907430273036,0.0,0.0,1.0,0.0,0.0,0.0,0.0,0.0,0.0,0.0,0.0,0.0,0.7292859280132171
BC_pH9_1,-0.10400198238213429,-0.014276666846936162,-0.01146026934294597,-0.013391467431641144,0.005472025497128135,0.01098376506696577,0.010068269478886028,0.023189580022640856,0.010488008597622746,0.030807939649600047,0.0,0.0,1.0,0.0,0.0,0.0,0.0,0.0,0.0,0.0,0.0,0.0,0.7412574926289346
BC_pH9_2,-0.09393785047466338,-0.01777354558038971,-0.010921131187806955,-0.01461304587190566,0.002833019737964092,0.010783393962875656,0.00924394961608493,0.025107478855744655,0.005684832159591757,0.031472101517669535,0.0,0.0,1.0,0.0,0.0,0.0,0.0,0.0,0.0,0.0,0.0,0.0,0.747526246417331
BL_pH4_0,-0.053381852860683976,-0.014695562365586345,0.01310697261082089,0.010846984622919043,0.005432492494583132,0.008251756580303544,0.012328225701399475,0.008697156622681931,0.008448291106716447,-0.05115526024090208,0.0,0.0,0.0,1.0,0.0,0.0,0.0,0.0,0.0,0.0,0.0,0.0,-0.0016139570379183382
BL_pH4_1,-0.049191471942417,-0.01026776851195356,0.007771117345470451,0.009858752304445145,0.0006706701624004726,0.00963892415975747,0.007193406703679458,0.002436295968034993,0.005723006592496582,-0.03595372825537038,0.0,0.0,0.0,1.0,0.0,0.0,0.0,0.0,0.0,0.0,0.0,0.0,0.0004845233155374915
BL_pH4_2,-0.05992414870339892,-0.010465604157551475,0.008577697643119357,0.009527615519321483,0.0032574786585958114,0.00786560156747051,0.01166356009633645,0.009483905062079431,0.006794866768886214,-0.03890176792831525,0.0,0.0,0.0,1.0,0.0,0.0,0.0,0.0,0.0,0.0,0.0,0.0,0.001874459798070219
BL_pH5_0,-0.05752012332982345,-0.014576745499735293,0.00865608986629092,0.011313986528826802,0.0032182220466758903,0.011387058716753254,0.012528222468884095,0.012244970607368844,0.006167430639590907,-0.04553990751828836,0.0,0.0,0.0,1.0,0.0,0.0,0.0,0.0,0.0,0.0,0.0,0.0,0.05114127579932972
BL_pH5_1,-0.06316426268252341,-0.012641232800872431,0.012118921736660212,0.011485711540216987,0.003892792398514956,0.010123840827980768,0.009446566004468044,0.011844781149664651,0.005607853066986021,-0.04083576694778774,0.0,0.0,0.0,1.0,0.0,0.0,0.0,0.0,0.0,0.0,0.0,0.0,0.02446646428818786
BL_pH5_2,-0.04915714496017797,-0.013490024171769619,0.008519623888575512,0.010774081041631493,0.00442554209543311,0.01092677378460117,0.0075194404808723424,0.005836082504171392,0.008809433548670748,-0.046284603782646025,0.0,0.0,0.0,1.0,0.0,0.0,0.0,0.0,0.0,0.0,0.0,0.0,0.039343210450552515
BL_pH6_0,-0.06605540527273779,-0.009759114225921423,0.008914581282955148,0.00960872360221718,0.0018596109423948371,0.008747255943067694,0.010772488695447861,0.007853056772247605,0.005081136194260225,-0.02914312970379123,0.0,0.0,0.0,1.0,0.0,0.0,0.0,0.0,0.0,0.0,0.0,0.0,0.16172687662413934
BL_pH6_1,-0.08025923803772614,-0.01685241246676963,0.014596226285009284,0.010226885316812479,0.004536826591128889,0.01427065199807934,0.008773037875476094,0.010514551106354466,0.005575476181895836,-0.023502801075253796,0.0,0.0,0.0,1.0,0.0,0.0,0.0,0.0,0.0,0.0,0.0,0.0,0.20214567479932488
BL_pH6_2,-0.08125457105105335,-0.01467047018687362,0.008949397029760093,0.009701714256535408,0.004007324997497642,0.015112435906801539,0.010689707351443563,0.011243992114196655,0.006407271900578686,-0.02230759856655545,0.0,0.0,0.0,1.0,0.0,0.0,0.0,0.0,0.0,0.0,0.0,0.0,0.19208393008372077
BL_pH7_0,-0.13828180575824303,-0.021888773728000074,0.01893382979799872,0.013947178193408514,0.008584544950205346,0.019251136855910653,0.01455945968789899,0.020306415750604608,0.0064754421150554796,0.005991776661704415,0.0,0.0,0.0,1.0,0.0,0.0,0.0,0.0,0.0,0.0,0.0,0.0,0.4761566893788473
BL_pH7_1,-0.14701644752174614,-0.02461024648145489,0.016006134142694264,0.014843784399006675,0.004159902361748013,0.017302270468486387,0.021166968507611236,0.030632032533378713,0.01030442036850297,0.005090385748316414,0.0,0.0,0.0,1.0,0.0,0.0,0.0,0.0,0.0,0.0,0.0,0.0,0.48226683949395216
BL_pH7_2,-0.14583788925214958,-0.021708923129607795,0.011278475693062598,0.014274214476994854,0.006272265663289503,0.019050502066055075,0.017151411689170032,0.026472406949362023,0.00820398136811412,0.012722758686412938,0.0,0.0,0.0,1.0,0.0,0.0,0.0,0.0,0.0,0.0,0.0,0.0,0.4811025384560845
BL_pH8_0,-0.16941237375788074,-0.015938816276257452,0.018965715388564963,0.01438360848180626,0.009643141463722872,0.011416854346575942,0.013984928919893244,0.02323885157542385,0.007721849023971871,0.03387544470474772,0.0,0.0,0.0,1.0,0.0,0.0,0.0,0.0,0.0,0.0,0.0,0.0,0.6161936979692529
BL_pH8_1,-0.18415881233532785,-0.019881400951872706,0.013726551267115967,0.014378302735478988,0.013554495854870131,0.015428906570634117,0.01219059413379949,0.017856499667724835,0.01877543344283881,0.046008633316858956,0.0,0.0,0.0,1.0,0.0,0.0,0.0,0.0,0.0,0.0,0.0,0.0,0.6417698578516113
BL_pH8_2,-0.1725191017807178,-0.016280753082879212,0.0151775123162762,0.015056688889213231,0.007809539106876955,0.010617077671315357,0.01185486808743166,0.02366067023380942,0.012061517096084096,0.04044118543357953,0.0,0.0,0.0,1.0,0.0,0.0,0.0,0.0,0.0,0.0,0.0,0.0,0.6440713470669853
BL_pH9_0,-0.1901680929035596,-0.017150054714925908,0.013978638877363305,0.01504108003948046,0.008999744067373482,0.014574118204738782,0.01679585361448319,0.03347074068110923,0.010327470027234243,0.04200970446447962,0.0,0.0,0.0,1.0,0.0,0.0,0.0,0.0,0.0,0.0,0.0,0.0,0.7292859280132171
BL_pH9_1,-0.19775900880603686,-0.021820910824057845,0.019314440947187986,0.015937458030555563,0.011839778507533275,0.013457601438074005,0.013936742698044883,0.03478325904711433,0.01634467424257942,0.04184516900259516,0.0,0.0,0.0,1.0,0.0,0.0,0.0,0.0,0.0,0.0,0.0,0.0,0.7412574926289346
BL_pH9_2,-0.19485685405523884,-0.01840955395413482,0.016042779483225033,0.015278482258967732,0.016365529758774713,0.011036560010650884,0.00980175142702849,0.025120040129708206,0.017439736819461638,0.050060732042335944,0.0,0.0,0.0,1.0,0.0,0.0,0.0,0.0,0.0,0.0,0.0,0.0,0.747526246417331
BT_pH4_0,-0.03098884865317656,-0.0129577669809046,0.003572495581339236,-0.0045524694997331385,-0.009533408093063727,0.00899481818889794,0.006673202977880189,0.011664833055566187,0.004504632102730482,-0.02949828701660685,0.0,0.0,0.0,0.0,1.0,0.0,0.0,0.0,0.0,0.0,0.0,0.0,-0.0016139570379183382
BT_pH4_1,-0.03406440934247297,-0.014952649211753969,0.006929977589651294,-0.0030648221723411397,-0.007526374799401865,0.009170826689704604,0.0071202064548497625,0.0064248416912944415,0.004547162201741467,-0.026705556874689857,0.0,0.0,0.0,0.0,1.0,0.0,0.0,0.0,0.0,0.0,0.0,0.0,0.0004845233155374915
BT_pH4_2,-0.034769852271546484,-0.011002667241770287,0.00840981732244077,-0.004184006834807603,-0.008529891472147857,0.006922880926209947,0.007402854017589402,0.009345491016688552,0.0057231286443445994,-0.031438552358228226,0.0,0.0,0.0,0.0,1.0,0.0,0.0,0.0,0.0,0.0,0.0,0.0,0.001874459798070219
BT_pH5_0,-0.02772039104576992,-0.0105061790784416,0.007121675694766253,-0.0018288979209635568,-0.009031649821478385,0.008280273993378101,0.006022047756806664,0.004512494873741399,0.0019233772676924,-0.030893549394348394,0.0,0.0,0.0,0.0,1.0,0.0,0.0,0.0,0.0,0.0,0.0,0.0,0.05114127579932972
BT_pH5_1,-0.03212803602704536,-0.01188533543406621,0.0069116361212471274,-0.003582473575421001,-0.008028133096902267,0.0075061014310821225,0.006523934374360935,0.009063634655397872,0.0017581454664468766,-0.028260272154989448,0.0,0.0,0.0,0.0,1.0,0.0,0.0,0.0,0.0,0.0,0.0,0.0,0.02446646428818786
BT_pH5_2,-0.03345216495025417,-0.01367733869863593,0.0052505167087782975,-0.0051180475108001545,-0.009031649795563323,0.007334198475531909,0.008640414565477683,0.010731872509679071,0.005180067481554073,-0.02797866723621669,0.0,0.0,0.0,0.0,1.0,0.0,0.0,0.0,0.0,0.0,0.0,0.0,0.039343210450552515
BT_pH6_0,-0.037553724913817386,-0.014784504265888874,0.0063027409399333215,-0.003362202882442785,-0.009976421727434445,0.008807155436471753,0.007618156192095382,0.0070861363313768225,0.004128044808040493,-0.020386178083717826,0.0,0.0,0.0,0.0,1.0,0.0,0.0,0.0,0.0,0.0,0.0,0.0,0.16172687662413934
BT_pH6_1,-0.04115881087501413,-0.016841424988663714,0.00923081568563762,-0.006009182529928892,-0.01097610261453234,0.00897400806941416,0.008314250056510387,0.00839090405922869,0.004620328694581985,-0.01666558124286973,0.0,0.0,0.0,0.0,1.0,0.0,0.0,0.0,0.0,0.0,0.0,0.0,0.20214567479932488
BT_pH6_2,-0.03519293449171212,-0.0156058515737886,0.007739393887636454,-0.004964423032234544,-0.011033717928373292,0.006137656603494416,0.0041593434855989805,0.00862949454428061,0.004220305566230545,-0.016210062746768415,0.0,0.0,0.0,0.0,1.0,0.0,0.0,0.0,0.0,0.0,0.0,0.0,0.19208393008372077
BT_pH7_0,-0.0776731078002764,-0.024047281299920186,0.01020427622386943,-0.007907109088871789,-0.012726507342380029,0.013359508969537588,0.014463833747026712,0.01967420100841833,0.009621374759337177,0.0029100129526594405,0.0,0.0,0.0,0.0,1.0,0.0,0.0,0.0,0.0,0.0,0.0,0.0,0.4761566893788473
BT_pH7_1,-0.06831714606641424,-0.020542066761333005,0.00715704908027597,-0.005641868555027506,-0.013062536023233248,0.009218214048963525,0.01101079473676889,0.019223876963167092,0.006983324606781421,0.0018495597998085232,0.0,0.0,0.0,0.0,1.0,0.0,0.0,0.0,0.0,0.0,0.0,0.0,0.48226683949395216
BT_pH7_2,-0.06107567828310573,-0.02001087462448555,0.011195095100480576,-0.008171668234078779,-0.012724712426247804,0.009218342153598432,0.009139626589806184,0.01403727280380933,0.004995420314371586,0.0012763783270898067,0.0,0.0,0.0,0.0,1.0,0.0,0.0,0.0,0.0,0.0,0.0,0.0,0.4811025384560845
BT_pH8_0,-0.09828732560348251,-0.022492666521474067,0.01392481530652098,-0.009559124073256615,-0.012655363627102068,0.011659735731132654,0.012180395963723245,0.017103687158745266,0.012291617557082492,0.023713432370644542,0.0,0.0,0.0,0.0,1.0,0.0,0.0,0.0,0.0,0.0,0.0,0.0,0.6161936979692529
BT_pH8_1,-0.10066898493825091,-0.021660891180129153,0.011272011038077914,-0.005671487181730893,-0.012093037153067792,0.010478160799197528,0.007847347798878735,0.017376777670629645,0.009818411079113899,0.031180896350870957,0.0,0.0,0.0,0.0,1.0,0.0,0.0,0.0,0.0,0.0,0.0,0.0,0.6417698578516113
BT_pH8_2,-0.09728134464472532,-0.025177536360595543,0.01335746928239646,-0.008451252114837585,-0.01263361203605714,0.014317471242469291,0.015202278818773184,0.016340684900465217,0.006985160650118539,0.025219884553681248,0.0,0.0,0.0,0.0,1.0,0.0,0.0,0.0,0.0,0.0,0.0,0.0,0.6440713470669853
BT_pH9_0,-0.10414427146639513,-0.018484000532847385,0.012625467280006927,-0.013066331634055016,-0.012207664277242576,0.0131376735072421,0.010442418222842009,0.01745662380171859,0.005131798909734125,0.036987490715539965,0.0,0.0,0.0,0.0,1.0,0.0,0.0,0.0,0.0,0.0,0.0,0.0,0.7292859280132171
BT_pH9_1,-0.10441854225714567,-0.01937583574458309,0.011519757360219958,-0.009186631164149101,-0.012302449167422623,0.013095249535272946,0.010406337793430554,0.0193979662867344,0.007775254343514859,0.030968094819589804,0.0,0.0,0.0,0.0,1.0,0.0,0.0,0.0,0.0,0.0,0.0,0.0,0.7412574926289346
BT_pH9_2,-0.10910075011784616,-0.017421167183505448,0.014764096067975394,-0.011644596031502535,-0.012195419228595232,0.014382367438596229,0.013925065469482672,0.015473660183665541,0.007796938320540865,0.031899009374496724,0.0,0.0,0.0,0.0,1.0,0.0,0.0,0.0,0.0,0.0,0.0,0.0,0.747526246417331
BV_pH4_0,-0.036752254028359174,-0.016114860408655972,0.007353606496168219,-0.002737062827724478,0.0022218174535943115,-0.004294292259475458,0.005641536492368451,0.016970116313060984,0.006629533011304296,-0.031038935953832187,0.0,0.0,0.0,0.0,0.0,1.0,0.0,0.0,0.0,0.0,0.0,0.0,-0.0016139570379183382
BV_pH4_1,-0.031901257856060634,-0.010051907895375856,0.0034577712189892075,-0.003913698742247147,-0.0003945385551323062,-0.0035785768828962175,0.008381186419207121,0.012769116582753865,0.0050271662988740475,-0.03191605591255686,0.0,0.0,0.0,0.0,0.0,1.0,0.0,0.0,0.0,0.0,0.0,0.0,0.0004845233155374915
BV_pH4_2,-0.029422483557592277,-0.011794702825338944,0.008659660234723402,-0.002595505523292915,2.1586683781250215e-05,-0.004294292259475459,0.005597927837592106,0.008440562797629315,0.004291158820623936,-0.031024707693444648,0.0,0.0,0.0,0.0,0.0,1.0,0.0,0.0,0.0,0.0,0.0,0.0,0.001874459798070219
BV_pH5_0,-0.0331693851073151,-0.010912273210351885,0.008309140325240468,-0.005402319935028968,-0.0016868765781755041,-0.0031014332985100533,0.006718108830568584,0.012524345120334105,0.004369783569937167,-0.029769885190155197,0.0,0.0,0.0,0.0,0.0,1.0,0.0,0.0,0.0,0.0,0.0,0.0,0.05114127579932972
BV_pH5_1,-0.03741488900359558,-0.010419596849900226,0.007039665863241837,-0.0033150776329895723,0.0023682391643524165,-0.003578576882896217,0.007274422796200152,0.011086836680769917,0.0038991061581865605,-0.029060925889922224,0.0,0.0,0.0,0.0,0.0,1.0,0.0,0.0,0.0,0.0,0.0,0.0,0.02446646428818786
BV_pH5_2,-0.03932207137346268,-0.011124191172420979,0.006642464324831962,-0.003117655070255632,0.00015152828686911077,-0.003817148675089298,0.009922599531710149,0.011754277275632257,0.006497994060425655,-0.02970859282690546,0.0,0.0,0.0,0.0,0.0,1.0,0.0,0.0,0.0,0.0,0.0,0.0,0.039343210450552515
BV_pH6_0,-0.03556556692589885,-0.013765014584945594,0.007406520722029003,-0.0025151036388200263,0.0013365068464823385,-0.005884702733677366,0.004650259866662647,0.01015262388340805,0.001672370748027511,-0.019608689821932625,0.0,0.0,0.0,0.0,0.0,1.0,0.0,0.0,0.0,0.0,0.0,0.0,0.16172687662413934
BV_pH6_1,-0.0436143436882159,-0.017858608914134294,0.01047938759236232,-0.007006316510555538,0.001783012665160324,-0.00844234494411427,0.005685418322682381,0.017828164492612302,0.00795947490988866,-0.01893464048271594,0.0,0.0,0.0,0.0,0.0,1.0,0.0,0.0,0.0,0.0,0.0,0.0,0.20214567479932488
BV_pH6_2,-0.04199906540143749,-0.017895952986310356,0.009993120046413461,-0.0059186012945745305,0.0034773483694247593,-0.00813866608492706,0.005927900301049585,0.018351540363029294,0.006396764213948145,-0.02231518381477698,0.0,0.0,0.0,0.0,0.0,1.0,0.0,0.0,0.0,0.0,0.0,0.0,0.19208393008372077
BV_pH7_0,-0.0780927136848154,-0.027789911405871746,0.00992215893028871,-0.007479807347383188,0.0018488750477199962,-0.006147028544674746,0.019280058809596556,0.02622946368611377,0.006748319731458374,0.0033597894142503317,0.0,0.0,0.0,0.0,0.0,1.0,0.0,0.0,0.0,0.0,0.0,0.0,0.4761566893788473
BV_pH7_1,-0.08483358873459305,-0.031050195454255403,0.014945327388527597,-0.00524353655298119,0.007508681806857172,-0.006355814195197562,0.012566677119744863,0.02435211176619581,0.009898455209382201,0.00609108630567789,0.0,0.0,0.0,0.0,0.0,1.0,0.0,0.0,0.0,0.0,0.0,0.0,0.48226683949395216
BV_pH7_2,-0.08404004778227082,-0.03310716752772746,0.014487382959088553,-0.008469297761178536,0.004289712692084519,-0.006142224692132161,0.021227914057672027,0.020697227497787577,0.0056929803720634905,0.01324272445524516,0.0,0.0,0.0,0.0,0.0,1.0,0.0,0.0,0.0,0.0,0.0,0.0,0.4811025384560845
BV_pH8_0,-0.11264212724955187,-0.022520108593870766,0.013060042083911273,-0.00652813660385816,0.0032368946788103683,-0.004258582378211229,0.010944292291027046,0.039161217326055396,0.004872030986715918,0.02255368124855602,0.0,0.0,0.0,0.0,0.0,1.0,0.0,0.0,0.0,0.0,0.0,0.0,0.6161936979692529
BV_pH8_1,-0.10523935052201801,-0.019985120392040062,0.0148617520912186,-0.0174763400706908,0.004217323247829208,-0.004876904801830003,0.015260515609837095,0.02874227292349806,0.009407053973687735,0.022968001956849,0.0,0.0,0.0,0.0,0.0,1.0,0.0,0.0,0.0,0.0,0.0,0.0,0.6417698578516113
BV_pH8_2,-0.11175886469852662,-0.021016110657997748,0.013641069282008254,-0.0122018654320551,0.001097585231713627,-0.004506104604705521,0.02193681424726611,0.03088147498829209,0.00401088204720746,0.025794322987937414,0.0,0.0,0.0,0.0,0.0,1.0,0.0,0.0,0.0,0.0,0.0,0.0,0.6440713470669853
BV_pH9_0,-0.11756169054657217,-0.01950619109136903,0.010269143819485021,-0.013936658666833591,0.004739090283603772,-0.005840457467281302,0.010470114839465725,0.025702616518930257,0.011395922912203748,0.04214731158607679,0.0,0.0,0.0,0.0,0.0,1.0,0.0,0.0,0.0,0.0,0.0,0.0,0.7292859280132171
BV_pH9_1,-0.11218546383568774,-0.014835302185105237,0.011362658612754034,-0.010713231707720655,-0.0002954866267416787,-0.00583164319396019,0.01297840754137091,0.027521934536812103,0.006849917830980342,0.033027413610530944,0.0,0.0,0.0,0.0,0.0,1.0,0.0,0.0,0.0,0.0,0.0,0.0,0.7412574926289346
BV_pH9_2,-0.11703008995755859,-0.0182230509104936,0.010808753201171108,-0.016413708941444102,0.006750916968221248,-0.006048569109128867,0.013800897901148895,0.027027797885239128,0.01141344446364952,0.03579281253659206,0.0,0.0,0.0,0.0,0.0,1.0,0.0,0.0,0.0,0.0,0.0,0.0,0.747526246417331
CC_pH4_0,-0.02944623323562353,-0.011327064293234244,0.005604416783089224,-0.0014899367644735004,0.0027694786696330367,0.007123426041849284,-0.005719113116678985,0.007366076727276263,0.004426107468164486,-0.031427953753458415,0.0,0.0,0.0,0.0,0.0,0.0,1.0,0.0,0.0,0.0,0.0,0.0,0.0032572508755295392
CC_pH4_1,-0.02520640903678925,-0.01269598437392193,0.005945344589974569,-0.0022377402124845467,-2.908489626386561e-06,0.008475568689729858,-0.010167312207429302,0.007963316123122755,0.0043934216350317,-0.02858809219106384,0.0,0.0,0.0,0.0,0.0,0.0,1.0,0.0,0.0,0.0,0.0,0.0,-0.004437627208196163
CC_pH4_2,-0.030942554839927215,-0.014509311969513477,0.006838337608977505,-0.00441626134450021,0.0017113280166750372,0.008207737155582595,-0.011438226233357966,0.009579671980894131,0.006322252640257711,-0.023473768488544485,0.0,0.0,0.0,0.0,0.0,0.0,1.0,0.0,0.0,0.0,0.0,0.0,0.0011803763326671925
CC_pH5_0,-0.03501850022569947,-0.013949093784651029,0.008594786226749418,-0.0062025160601605536,0.001853757269032624,0.009428315685819023,-0.011218988140640051,0.016989029811128323,0.003937227847459523,-0.026534814102494194,0.0,0.0,0.0,0.0,0.0,0.0,1.0,0.0,0.0,0.0,0.0,0.0,0.08114687964645667
CC_pH5_1,-0.03903107918636954,-0.016408238231163955,0.008770354012756245,-0.0022437699770797856,0.0003073212844522105,0.009945439712508863,-0.01268970709779988,0.011689898209727333,0.003987451302616492,-0.016448465503104352,0.0,0.0,0.0,0.0,0.0,0.0,1.0,0.0,0.0,0.0,0.0,0.0,0.11230826956373989
CC_pH5_2,-0.03152803568412428,-0.017469878713397873,0.009006728617393451,-0.003092919009859148,0.0003822541042514472,0.009440799183819607,-0.013166374724520287,0.008876021860734275,0.00647375353652498,-0.021043144781952322,0.0,0.0,0.0,0.0,0.0,0.0,1.0,0.0,0.0,0.0,0.0,0.0,0.09911694942295314
CC_pH6_0,-0.04662153456360101,-0.020176992654476478,0.008035613651508868,-0.003117525046286376,0.0035929633401658224,0.00871697721597941,-0.01802132011755653,0.015371641817948091,0.0037669229377870973,-0.0036675420549252763,0.0,0.0,0.0,0.0,0.0,0.0,1.0,0.0,0.0,0.0,0.0,0.0,0.2884225051673924
CC_pH6_1,-0.044732123509697304,-0.017337533277661903,0.008153483992361502,-0.001644826597817566,0.0005846993544179462,0.007017177113372346,-0.01745753915413566,0.01694478210709665,0.0046279360937035606,-0.008276851595095964,0.0,0.0,0.0,0.0,0.0,0.0,1.0,0.0,0.0,0.0,0.0,0.0,0.29127362738877827
CC_pH6_2,-0.049703323405397994,-0.024918787160321424,0.009890825359717659,-0.005975835529034552,0.004323934805781947,0.01016832867232354,-0.015917135917622106,0.018808232727258102,0.012611652165651323,-0.01140868719181289,0.0,0.0,0.0,0.0,0.0,0.0,1.0,0.0,0.0,0.0,0.0,0.0,0.2957269459022493
CC_pH7_0,-0.09049928550810918,-0.025592765762754106,0.01626690713121839,-0.009762430819480316,0.0050504197374634146,0.010176575826885909,-0.014829897025357119,0.02113078143771576,0.0049127044674495005,0.031026194819613648,0.0,0.0,0.0,0.0,0.0,0.0,1.0,0.0,0.0,0.0,0.0,0.0,0.5922068579302491
CC_pH7_1,-0.07380166406378798,-0.03268193339200123,0.015161793126684166,-0.0107335993712363,0.005619584935838763,0.015916990103281063,-0.015913009967492973,0.025242126852921817,0.008193841662419878,0.010875074639916424,0.0,0.0,0.0,0.0,0.0,0.0,1.0,0.0,0.0,0.0,0.0,0.0,0.5480973412378645
CC_pH7_2,-0.061978126477612104,-0.025387056542803405,0.012656290801646916,-0.007927449442770167,0.00013573302199011177,0.015254102143580498,-0.016679987207702963,0.019955139851764492,0.004461708868975226,0.007388849509475023,0.0,0.0,0.0,0.0,0.0,0.0,1.0,0.0,0.0,0.0,0.0,0.0,0.5469120935714209
CC_pH8_0,-0.12589892969669209,-0.022207951864794545,0.014704836977888706,-0.010225920809999756,0.0029163671220126365,0.012767202211138995,-0.012983491809471791,0.023872046904719398,0.011812054118060552,0.05312299137368151,0.0,0.0,0.0,0.0,0.0,0.0,1.0,0.0,0.0,0.0,0.0,0.0,0.8455353071301549
CC_pH8_1,-0.1263290136469447,-0.030955709332357285,0.01363254270799782,-0.012022184157825034,0.003980039829469245,0.013553340483618819,-0.013250907840936077,0.03242142423987388,0.010935461007706499,0.05591421108692884,0.0,0.0,0.0,0.0,0.0,0.0,1.0,0.0,0.0,0.0,0.0,0.0,0.8378107178569503
CC_pH8_2,-0.1364418700256425,-0.03761720103414162,0.015161894522607324,-0.017273082509636876,0.011621551557403544,0.016004326042273774,-0.013454577637755347,0.03225658124717682,0.013574640694195814,0.06404694167006274,0.0,0.0,0.0,0.0,0.0,0.0,1.0,0.0,0.0,0.0,0.0,0.0,0.8442380625189879
CC_pH9_0,-0.14242286471407048,-0.019300953339299428,0.010123151427377823,-0.012736359384396798,0.011206962884120318,0.016091995231159357,-0.012230061422223626,0.029535691778620955,0.00845281665739806,0.05915882525884587,0.0,0.0,0.0,0.0,0.0,0.0,1.0,0.0,0.0,0.0,0.0,0.0,1.003926186226973
CC_pH9_1,-0.1533373955523838,-0.02565379155556793,0.01723770844547645,-0.02245143759347822,0.01063412537717301,0.01586244398485059,-0.011126787688421163,0.036928431007849136,0.021375666678599695,0.05841024125399797,0.0,0.0,0.0,0.0,0.0,0.0,1.0,0.0,0.0,0.0,0.0,0.0,0.9964236708955914
CC_pH9_2,-0.14286031312754624,-0.018402303722889524,0.014270539973740993,-0.014527984791151853,0.006475830089462842,0.016936143256076,-0.011480230896369268,0.022900697135406985,0.008607684861382714,0.06595914174843094,0.0,0.0,0.0,0.0,0.0,0.0,1.0,0.0,0.0,0.0,0.0,0.0,0.9996501428774356
DF_pH4_0,-0.030517390342834207,-0.012952394198788247,0.008224917523886847,-0.00650179414321547,1.0481496220049751e-05,0.009763220057863257,0.007461844473753288,-0.010335151266468607,0.004427366830084635,-0.021701898675249968,0.0,0.0,0.0,0.0,0.0,0.0,0.0,1.0,0.0,0.0,0.0,0.0,-0.0016139570379183382
DF_pH4_1,-0.03258771967790697,-0.01211681092562883,0.009154485660078735,-0.005616148180611754,-0.0008547521933265355,0.012111382518449553,0.007078538592094961,-0.011130162908331204,0.0027424480523104253,-0.020902058627942338,0.0,0.0,0.0,0.0,0.0,0.0,0.0,1.0,0.0,0.0,0.0,0.0,0.0004845233155374915
DF_pH4_2,-0.030709601127259095,-0.014582535341058085,0.010140740163624288,-0.0028080632278452756,-0.00035486540230719943,0.010506465167778988,0.006945114113066509,-0.013515197859834065,0.003284974072290503,-0.02102782833349446,0.0,0.0,0.0,0.0,0.0,0.0,0.0,1.0,0.0,0.0,0.0,0.0,0.001874459798070219
DF_pH5_0,-0.030959918660962066,-0.017685504338663557,0.009621377796258615,-0.0043486358792237615,-0.0008262945565840471,0.011678311645012835,0.013178657580005087,-0.012720186269801592,0.0031346196341125866,-0.023193223698307647,0.0,0.0,0.0,0.0,0.0,0.0,0.0,1.0,0.0,0.0,0.0,0.0,0.05114127579932972
DF_pH5_1,-0.03263460822241462,-0.00888999745897625,0.010203347664488395,-0.006395795157422189,-0.0008586889861718465,0.008678074043406094,0.006282243430614473,-0.007950116392710933,0.004080851698375266,-0.024636108897950336,0.0,0.0,0.0,0.0,0.0,0.0,0.0,1.0,0.0,0.0,0.0,0.0,0.02446646428818786
DF_pH5_2,-0.032868138723399325,-0.013884459533121273,0.008017883959995665,-0.005643895218229812,-2.1740486440450886e-05,0.010209012021837027,0.008896327305423177,-0.013515197859834066,0.0027241321199614065,-0.016034721842278603,0.0,0.0,0.0,0.0,0.0,0.0,0.0,1.0,0.0,0.0,0.0,0.0,0.039343210450552515
DF_pH6_0,-0.026983445118302887,-0.01812537836315839,0.009659237306079139,-0.005077240313200847,0.0010021107174132185,0.009851349046372849,0.005766140876904777,-0.015185159572764579,0.0028273336394973422,-0.015855746934919254,0.0,0.0,0.0,0.0,0.0,0.0,0.0,1.0,0.0,0.0,0.0,0.0,0.16172687662413934
DF_pH6_1,-0.032026116697360635,-0.013765942987216555,0.00965728053904098,-0.006358926364261171,0.0003213935410198964,0.011076492950644182,0.0088447871496496,-0.016622446443399653,0.0029007436594237455,-0.016148060820996762,0.0,0.0,0.0,0.0,0.0,0.0,0.0,1.0,0.0,0.0,0.0,0.0,0.20214567479932488
DF_pH6_2,-0.03414101868381966,-0.015107425874018149,0.010350707283486488,-0.004127713176219361,-8.769027240898314e-06,0.01320438250899315,0.006689931589948095,-0.015601425541807773,0.0028059934209222377,-0.0161854579737005,0.0,0.0,0.0,0.0,0.0,0.0,0.0,1.0,0.0,0.0,0.0,0.0,0.19208393008372077
DF_pH7_0,-0.05272638702198214,-0.020776986881442697,0.011418148514045321,-0.008289201282288718,0.0023213526979088796,0.015844489010455817,0.01108043231232011,-0.0196214030990782,0.005385526059114415,0.003243231572534727,0.0,0.0,0.0,0.0,0.0,0.0,0.0,1.0,0.0,0.0,0.0,0.0,0.4761566893788473
DF_pH7_1,-0.05311122112462054,-0.023545793899051516,0.013748325912848764,-0.012885460947518764,-3.0134098361366957e-05,0.020718011532140816,0.01485132917275895,-0.021225585563351274,0.004831164420946783,0.004528566509809183,0.0,0.0,0.0,0.0,0.0,0.0,0.0,1.0,0.0,0.0,0.0,0.0,0.48226683949395216
DF_pH7_2,-0.05047404403433851,-0.023052134036046005,0.012832855604912924,-0.0046772111595972735,-0.0009124560945707819,0.014112559233022773,0.013283609065996564,-0.020423566953319563,0.0034777457169864493,0.003711844661637493,0.0,0.0,0.0,0.0,0.0,0.0,0.0,1.0,0.0,0.0,0.0,0.0,0.4811025384560845
DF_pH8_0,-0.06775733341503402,-0.02154827782641286,0.014096432666739692,-0.007409016075341598,0.0009380215341630192,0.01368058510934529,0.010108575284804985,-0.019762508362207717,0.006546708248231722,0.018986017362255123,0.0,0.0,0.0,0.0,0.0,0.0,0.0,1.0,0.0,0.0,0.0,0.0,0.6161936979692529
DF_pH8_1,-0.06908263574475827,-0.02236409461530654,0.014008553841191788,-0.00962835027147894,0.001839556796071322,0.019348527858762635,0.009636974417321063,-0.020905896859324487,0.004217897619566191,0.020808671484498876,0.0,0.0,0.0,0.0,0.0,0.0,0.0,1.0,0.0,0.0,0.0,0.0,0.6417698578516113
DF_pH8_2,-0.06598102556460576,-0.019482761592320774,0.011942277166830453,-0.008592669040612552,0.0020202522627685376,0.0165237162326989,0.006076440456444804,-0.020660489614567033,0.006540412219322244,0.019493052000584803,0.0,0.0,0.0,0.0,0.0,0.0,0.0,1.0,0.0,0.0,0.0,0.0,0.6440713470669853
DF_pH9_0,-0.07837703579955775,-0.019964188423169694,0.014427562598948895,-0.010523857537495053,0.0002921363306434259,0.012473327452721802,0.01063934075443641,-0.019505641645063517,0.005366183060990728,0.03305137754296479,0.0,0.0,0.0,0.0,0.0,0.0,0.0,1.0,0.0,0.0,0.0,0.0,0.7292859280132171
DF_pH9_1,-0.07668596920111904,-0.02232978715682807,0.012210868109503517,-0.00896988534733005,0.0020368460047504176,0.013004933378618695,0.006395958982731983,-0.020865465038172576,0.008571562541891701,0.03451013936944631,0.0,0.0,0.0,0.0,0.0,0.0,0.0,1.0,0.0,0.0,0.0,0.0,0.7412574926289346
DF_pH9_2,-0.07524656493540692,-0.022241501641338285,0.010448826510945091,-0.009779818490471525,-0.0006490539289686988,0.014980498581476832,0.0098387902100449,-0.01986730850747098,0.005471723448971042,0.03492361327876216,0.0,0.0,0.0,0.0,0.0,0.0,0.0,1.0,0.0,0.0,0.0,0.0,0.747526246417331
comm11_4_1,0.09229820597754873,0.04885931961400355,-0.026547269926446935,0.02150650965778724,-0.005518313455192939,-0.038756669886086295,-0.042760964308096026,-0.030417691830383696,0.007789256172659604,-0.07857317748924961,1.0,1.0,1.0,1.0,1.0,1.0,1.0,1.0,0.0,0.0,0.0,0.0,-0.0016139570379183382
comm11_4_2,0.09772206093954003,0.041046469321717384,-0.026977776002300818,0.02292463269894538,-0.014067426753108913,-0.03784657190189413,-0.04741930806442447,-0.015613135233845398,0.009452186550783078,-0.08134192702238977,1.0,1.0,1.0,1.0,1.0,1.0,1.0,1.0,0.0,0.0,0.0,0.0,0.0004845233155374915
comm11_4_3,0.09546241373633561,0.03791976697257031,-0.025131179970567633,0.016811090302856074,-0.012326579942651418,-0.023039439354577786,-0.03434915495631487,-0.03824814636260271,0.0108653567634199,-0.08008492266030416,1.0,1.0,1.0,1.0,1.0,1.0,1.0,1.0,0.0,0.0,0.0,0.0,0.001874459798070219
comm11_4_4,0.09561918335602333,0.0210365760601733,-0.023916962242320827,0.014915435780649603,-0.011357919897722158,-0.03125820009118837,-0.03286320923787095,-0.027475305306522743,0.009719367404670817,-0.06653976104181748,1.0,1.0,1.0,1.0,1.0,1.0,1.0,1.0,0.0,0.0,0.0,0.0,0.0053181834532889495
comm11_5_1,0.08954228438113047,0.03236219036028437,-0.02319564968995426,0.010308481932658216,-0.016695397525377895,-0.015363048232443954,-0.03318429808415796,-0.018330765432961613,0.010024912801125774,-0.08758950556587915,1.0,1.0,1.0,1.0,1.0,1.0,1.0,1.0,0.0,0.0,0.0,0.0,0.05114127579932972
comm11_5_2,0.10594203843532694,0.05778058903048868,-0.03730818367522695,0.027543406300246716,-0.01669615719143463,-0.0308161539632989,-0.03790759344301793,-0.04260868692365677,0.008064994444341765,-0.08611504848722527,1.0,1.0,1.0,1.0,1.0,1.0,1.0,1.0,0.0,0.0,0.0,0.0,0.02446646428818786
comm11_5_3,0.0767306101905263,0.0418726307105111,-0.029221999045947317,0.014986857624481554,-0.0078830655388858,-0.025845808268565192,-0.05115540993926317,-6.590433580719704e-05,0.005237055937557116,-0.07677576280806375,1.0,1.0,1.0,1.0,1.0,1.0,1.0,1.0,0.0,0.0,0.0,0.0,0.039343210450552515
comm11_5_4,0.09232497643355443,0.04587123894173165,-0.02700995169418013,0.021812263401630137,-0.0037121415154441535,-0.03738390092940435,-0.05658364241861778,-0.028683129333607532,0.0084875880635303,-0.06724409619913153,1.0,1.0,1.0,1.0,1.0,1.0,1.0,1.0,0.0,0.0,0.0,0.0,0.02826352230444504
comm11_6_1,0.10719186831103715,0.04437074282247088,-0.05035542072809261,0.022389716293824757,-0.011093015972038975,-0.0327798011785616,-0.051390807303073605,-0.06315545715067698,0.008470456511106183,-0.06720698608652405,1.0,1.0,1.0,1.0,1.0,1.0,1.0,1.0,0.0,0.0,0.0,0.0,0.16172687662413934
comm11_6_2,0.10229564032962787,0.03458713885720657,-0.03894132969981949,0.013788121707089573,-0.020214639369236377,-0.02851600025173115,-0.03397582974608826,-0.06812944612101368,0.012179207931394164,-0.08298332755170439,1.0,1.0,1.0,1.0,1.0,1.0,1.0,1.0,0.0,0.0,0.0,0.0,0.20214567479932488
comm11_6_3,0.10374599615840809,0.04321893935942132,-0.04851134757956732,0.02312327597776185,-0.010708508893199587,-0.03226116596032744,-0.05128195490850055,-0.08470578190749108,0.012610984566095084,-0.07226973545130179,1.0,1.0,1.0,1.0,1.0,1.0,1.0,1.0,0.0,0.0,0.0,0.0,0.19208393008372077
comm11_6_4,0.1183007709244671,0.03045929961392413,-0.04406094718238582,0.021646381208430168,-0.009783574801100337,-0.0391726233696808,-0.05268459694864957,-0.07850974813103677,0.01038434508702029,-0.07353122434376373,1.0,1.0,1.0,1.0,1.0,1.0,1.0,1.0,0.0,0.0,0.0,0.0,0.19174196501252805
comm11_7_1,0.14222395729921433,0.1434178950750957,-0.0808108064516083,0.048599985173862915,-0.03722761536745921,-0.05647367450206176,-0.059835203748358344,-0.12971453854247283,0.011534140987888625,-0.012573884021004907,1.0,1.0,1.0,1.0,1.0,1.0,1.0,1.0,0.0,0.0,0.0,0.0,0.4761566893788473
comm11_7_2,0.14391303396581306,0.12615124640419428,-0.06425100743446661,0.044109412318338516,-0.023710002303123482,-0.040548062596632094,-0.06433197973053095,-0.17012984860040573,0.012167736713005146,0.01319345595881991,1.0,1.0,1.0,1.0,1.0,1.0,1.0,1.0,0.0,0.0,0.0,0.0,0.48226683949395216
comm11_7_3,0.15424697947728894,0.12377810515301382,-0.06783054557345483,0.05106736882063357,-0.03284708910500225,-0.040529015708876674,-0.07020474578861308,-0.14976880020907402,0.011818378070450344,-0.004707810655236246,1.0,1.0,1.0,1.0,1.0,1.0,1.0,1.0,0.0,0.0,0.0,0.0,0.4811025384560845
comm11_7_4,0.144094054651973,0.1269506316874986,-0.07413420044371616,0.03432918327172166,-0.015661841459248375,-0.04327116827925909,-0.06886645003343403,-0.14199313292684765,0.01203684138539045,0.0015389066270512038,1.0,1.0,1.0,1.0,1.0,1.0,1.0,1.0,0.0,0.0,0.0,0.0,0.4811025384560845
comm11_8_1,0.1923332950035515,0.12224819566730569,-0.07860349630855996,0.07278360293449268,-0.017545035735744504,-0.05279148624319098,-0.05263056757819395,-0.14075878219921953,0.024837246751007833,0.08391691491331743,1.0,1.0,1.0,1.0,1.0,1.0,1.0,1.0,0.0,0.0,0.0,0.0,0.6161936979692529
comm11_8_2,0.21969539739191535,0.1437931027182418,-0.07177491571106341,0.08848158047575018,-0.03472458503330531,-0.07679313094557629,-0.04774370630474195,-0.16442251689732082,0.025375609657038816,0.10574816358154236,1.0,1.0,1.0,1.0,1.0,1.0,1.0,1.0,0.0,0.0,0.0,0.0,0.6417698578516113
comm11_8_3,0.18287236466841852,0.11863341017423763,-0.08143787021870195,0.07135527450105421,-0.016848907174299592,-0.06319395055913407,-0.04890395409225121,-0.11325529712859703,0.02407354648994364,0.11738571768383617,1.0,1.0,1.0,1.0,1.0,1.0,1.0,1.0,0.0,0.0,0.0,0.0,0.6440713470669853
comm11_8_4,0.22385781155656218,0.12467556646174711,-0.08470315422862769,0.08537484930099352,-0.04378556360531113,-0.05499147214319394,-0.0410790530997126,-0.1739145357696258,0.023827538031922744,0.12547230775427562,1.0,1.0,1.0,1.0,1.0,1.0,1.0,1.0,0.0,0.0,0.0,0.0,0.6395779816459941
comm11_9_1,0.2197961451761101,0.12431803878558718,-0.07070181476843097,0.0840898691409308,-0.011540247496703397,-0.0504096198146758,-0.04525493670092976,-0.12837337331765372,0.027333227755582844,0.15418776173306545,1.0,1.0,1.0,1.0,1.0,1.0,1.0,1.0,0.0,0.0,0.0,0.0,0.7292859280132171
comm11_9_2,0.23169841810251057,0.10362196848444313,-0.06656854848336914,0.10166246598505453,-0.03057884137105683,-0.04574891339663578,-0.04072380278583453,-0.1460982867929599,0.03482736906117719,0.17719521239885822,1.0,1.0,1.0,1.0,1.0,1.0,1.0,1.0,0.0,0.0,0.0,0.0,0.7412574926289346
comm11_9_3,0.24437186728839005,0.10064666714357291,-0.06522291616091262,0.08899961943859636,-0.03771510504672062,-0.04755628140238316,-0.02693008403253297,-0.1580844434690864,0.03723767680480429,0.18751403131724703,1.0,1.0,1.0,1.0,1.0,1.0,1.0,1.0,0.0,0.0,0.0,0.0,0.747526246417331
comm11_9_4,0.22805558924927669,0.14556840904057025,-0.0644402097991627,0.07713805464946706,-0.029954926300307983,-0.054735978048132815,-0.03448126173213772,-0.14038572223452117,0.033371813161217664,0.1586813502839726,1.0,1.0,1.0,1.0,1.0,1.0,1.0,1.0,0.0,0.0,0.0,0.0,0.7409024335149471
