Experiments,BL_OD<--AC_OD,BL_OD<--BA_OD,BL_OD<--BC_OD,BL_OD<--BL_OD,BL_OD<--BT_OD,BL_OD<--BV_OD,BL_OD<--CC_OD,BL_OD<--DF_OD,BL_OD<--parc+_OD,BL_OD<--pH,AC_OD,BA_OD,BC_OD,BL_OD,BT_OD,BV_OD,CC_OD,DF_OD,wt_OD,delarc_OD,parc-_OD,parc+_OD,pH
5comm11parc_1,0.03744698058570856,-0.016104907594297245,0.0052476041727577884,0.1435358681379939,-0.0196350242594338,0.026397793230236225,0.018273945735443546,0.02296350687944694,-0.2342002839906869,-0.018990124749910575,1.0,1.0,1.0,1.0,1.0,1.0,1.0,1.0,0.0,0.0,0.0,1.0,0.0997489321824637
5comm11parc_2,0.10367928455786216,-0.04283636340142592,0.004891411292002245,0.16768241666621816,-0.04874049111431383,0.041913213174709155,0.03504396585342677,0.02802183736358647,-0.2880880512738519,-0.03663186479278879,1.0,1.0,1.0,1.0,1.0,1.0,1.0,1.0,0.0,0.0,0.0,1.0,0.0997489321824637
5comm11parc_3,0.10474602250058358,-0.016081532110338626,0.012616671877710716,0.12436452585839382,-0.020291839553772107,0.02561962433402305,0.01583929780384769,0.020679428493199127,-0.2330878850400609,-0.06946895618153656,1.0,1.0,1.0,1.0,1.0,1.0,1.0,1.0,0.0,0.0,0.0,1.0,0.0997489321824637
5comm11parc_4,0.07287254837260622,-0.05806424414091136,0.006878103236060421,0.15398714136494246,-0.032934506717745365,0.04110658942195384,0.0386085588723907,0.019628273091157493,-0.2572328448024295,-0.019914260168519358,1.0,1.0,1.0,1.0,1.0,1.0,1.0,1.0,0.0,0.0,0.0,1.0,0.0997489321824637
6comm11parc_1,0.17075638974166435,-0.2124184448446106,0.04747592745510781,0.20957721648089903,-0.03108456000604707,0.09725009654243681,0.079513477417033,0.07000202428913958,-0.542781329596334,0.17734294160471667,1.0,1.0,1.0,1.0,1.0,1.0,1.0,1.0,0.0,0.0,0.0,1.0,0.294943607271727
6comm11parc_2,0.1548341495636851,-0.2062888971825495,0.04630008225086267,0.23322183576898406,-0.0629037745134986,0.08981401465752202,0.05832392884296889,0.04407939354484171,-0.5036511486448834,0.21190415479607233,1.0,1.0,1.0,1.0,1.0,1.0,1.0,1.0,0.0,0.0,0.0,1.0,0.294943607271727
6comm11parc_3,0.131075687073981,-0.25918867739524853,0.05597477618038008,0.24403589159371733,-0.054135549664497386,0.09171456178650257,0.08626147717156486,0.053112130312087065,-0.4824324182530299,0.19921586027854807,1.0,1.0,1.0,1.0,1.0,1.0,1.0,1.0,0.0,0.0,0.0,1.0,0.294943607271727
6comm11parc_4,0.13006717641109036,-0.25471334376250926,0.07532382675365587,0.2554234540061619,-0.05060836944567122,0.07533012313444332,0.09007053441772969,0.050395498946714,-0.5351746263241636,0.22951946494655434,1.0,1.0,1.0,1.0,1.0,1.0,1.0,1.0,0.0,0.0,0.0,1.0,0.294943607271727
7comm11parc_1,0.07485365604536363,-0.19973266331114523,0.010952410095411808,0.1854747456437706,-0.03670688873278381,0.012203766288964645,0.059009461170467355,-4.636947753960982e-05,-0.41427458794099165,0.03668842160183449,1.0,1.0,1.0,1.0,1.0,1.0,1.0,1.0,0.0,0.0,0.0,1.0,0.5477367110758552
7comm11parc_2,0.13044016103138742,-0.19550501490619196,0.009614889482846084,0.2854578030996186,-0.07428760381172535,0.0307710014619743,0.09514237810817101,0.01683253423837217,-0.6168749374049998,0.04683074008389985,1.0,1.0,1.0,1.0,1.0,1.0,1.0,1.0,0.0,0.0,0.0,1.0,0.5477367110758552
7comm11parc_3,0.2281066015881041,-0.24989024453593986,0.003884058039554434,0.19458658658615915,-0.031402496574041615,0.022534583802537426,0.04433613541738496,-0.00818647675054229,-0.49827928912218483,0.022732492932320946,1.0,1.0,1.0,1.0,1.0,1.0,1.0,1.0,0.0,0.0,0.0,1.0,0.5477367110758552
7comm11parc_4,0.15346622748016983,-0.21906248944487583,0.021333503280158924,0.20963558287278786,-0.03156370567238849,0.045597474544673514,0.05443800625026873,0.007185697479011568,-0.5424475121433321,0.029839166736878128,1.0,1.0,1.0,1.0,1.0,1.0,1.0,1.0,0.0,0.0,0.0,1.0,0.5477367110758552
8comm11parc_1,0.12587861921881205,-0.08252109712516162,0.026806120880191096,0.12607225693235902,-0.023504082669463494,0.03930050953939232,0.04174442089365228,-0.021479128951449756,-0.31530693458879133,-0.04763298393065191,1.0,1.0,1.0,1.0,1.0,1.0,1.0,1.0,0.0,0.0,0.0,1.0,0.8453285927693228
8comm11parc_2,0.0780783378434084,-0.0996993419823601,-0.007467013534725357,0.14430355628304506,-0.018476168595092452,0.04326445812764375,0.0389578378236974,-0.00824545032911651,-0.28184810725121723,-0.019510408186394223,1.0,1.0,1.0,1.0,1.0,1.0,1.0,1.0,0.0,0.0,0.0,1.0,0.8453285927693228
8comm11parc_3,0.13825552953002246,-0.1429867113377574,0.0008979158354518192,0.18420989368515814,0.02177402938513653,0.004249695124833477,0.05150349958799779,-0.006955385777451418,-0.3366831613708612,-0.0449076044636414,1.0,1.0,1.0,1.0,1.0,1.0,1.0,1.0,0.0,0.0,0.0,1.0,0.8453285927693228
8comm11parc_4,0.1079434248999409,-0.062097720881195174,-0.005415945293624761,0.14239052314837666,-0.03458849554233576,0.051410053316503765,0.04247074915784533,-0.029543326869606982,-0.3263251976235568,-0.01688636411345848,1.0,1.0,1.0,1.0,1.0,1.0,1.0,1.0,0.0,0.0,0.0,1.0,0.8453285927693228
parc+_pH4_0,-0.02410586604443581,0.025483804240660827,-0.0011634319700786597,-0.05890060176505991,0.006373699795778681,-0.015578633893038268,-0.010566664057905262,-0.0044329072041032124,-0.03081835656669801,-0.01693334293875681,0.0,0.0,0.0,0.0,0.0,0.0,0.0,0.0,0.0,0.0,0.0,1.0,0.0032572508755295392
parc+_pH4_1,-0.016001803481384465,0.03683796222645627,-0.00493117262042411,-0.05021348214222361,0.010162465054460845,-0.01487520514784948,-0.008678113450903609,-0.010802738281857712,-0.030771043790585324,-0.04136916845186572,0.0,0.0,0.0,0.0,0.0,0.0,0.0,0.0,0.0,0.0,0.0,1.0,-0.004437627208196163
parc+_pH4_2,-0.0178513626543724,0.035577232346505575,-0.0058444756172273465,-0.055755229731616764,0.005501253440490234,-0.015197529535659627,-0.014791571252938845,-0.008793299103803609,-0.03318018686836181,-0.020307115990992473,0.0,0.0,0.0,0.0,0.0,0.0,0.0,0.0,0.0,0.0,0.0,1.0,0.0011803763326671925
parc+_pH5_0,-0.02832018615637461,0.029438495525037463,-0.010438149984035154,-0.057500197655399855,0.01601040354970357,-0.013749479211704885,-0.012776840256689037,-0.00473150624367206,-0.0411953486494072,-0.007379476624014587,0.0,0.0,0.0,0.0,0.0,0.0,0.0,0.0,0.0,0.0,0.0,1.0,0.08114687964645667
parc+_pH5_1,-0.03282773391060208,0.0303427915720512,-0.004882187114461608,-0.04410622375612349,0.0037039445304190336,-0.008311985720596883,-0.012039180220631152,-0.007213518554749696,-0.05469595251240483,-0.0006122546971006233,0.0,0.0,0.0,0.0,0.0,0.0,0.0,0.0,0.0,0.0,0.0,1.0,0.11230826956373989
parc+_pH5_2,-0.02983801429726831,0.032779874039975836,-0.006992251372126781,-0.052874046818798655,0.010133751880620484,-0.0179989916211723,-0.00852178361914728,-0.007851139050705927,-0.040748502661514543,-0.00873119628097376,0.0,0.0,0.0,0.0,0.0,0.0,0.0,0.0,0.0,0.0,0.0,1.0,0.09911694942295314
parc+_pH6_0,-0.03454588512444626,0.04425628774434976,-0.00909205761616645,-0.07469844615451343,0.016645306060090664,-0.0266000286894648,-0.02369778527554287,-0.015386849157917111,-0.060156959693312,0.0526341175713131,0.0,0.0,0.0,0.0,0.0,0.0,0.0,0.0,0.0,0.0,0.0,1.0,0.2884225051673924
parc+_pH6_1,-0.043954928237135,0.040187399775275724,-0.009136752772914324,-0.06907307657453676,0.01426495918518175,-0.02310599433460637,-0.019684678155361957,-0.009361900185923214,-0.05313748739052402,0.04236015845211628,0.0,0.0,0.0,0.0,0.0,0.0,0.0,0.0,0.0,0.0,0.0,1.0,0.29127362738877827
parc+_pH6_2,-0.0413785641628277,0.04502235064971382,-0.010387592796722179,-0.06656335593768113,0.011717714574592919,-0.02376767456895955,-0.0165458801449479,-0.007067690612343343,-0.05448344742798287,0.03281185487285256,0.0,0.0,0.0,0.0,0.0,0.0,0.0,0.0,0.0,0.0,0.0,1.0,0.2957269459022493
parc+_pH7_0,-0.05047203627293526,0.06373005638830365,-0.01234365452364411,-0.04901576555657971,0.013740375301517225,-0.020212533162177904,-0.017141207751372588,-0.0029717256829304563,-0.07468325136472352,0.018727442823431417,0.0,0.0,0.0,0.0,0.0,0.0,0.0,0.0,0.0,0.0,0.0,1.0,0.5922068579302491
parc+_pH7_1,-0.02709070378104629,0.03272794543603516,-0.006104493275203781,-0.06493618692433381,0.010979620943493818,-0.01855360551372819,-0.011403045993217306,-0.007677470699114646,-0.04419111613953568,0.0056067699874224886,0.0,0.0,0.0,0.0,0.0,0.0,0.0,0.0,0.0,0.0,0.0,1.0,0.5480973412378645
parc+_pH7_2,-0.05998804440640885,0.064398060562494,-0.01049900811732463,-0.0628904084796491,0.017050642935235217,-0.022092500612058717,-0.018615576669411816,-0.004884980573602344,-0.048772250211433235,0.015651780137711242,0.0,0.0,0.0,0.0,0.0,0.0,0.0,0.0,0.0,0.0,0.0,1.0,0.5469120935714209
parc+_pH8_0,-0.03019950508787904,0.037253602620862095,-0.004261439015845889,-0.06826479555796022,0.01545945127170695,-0.013517226377987992,-0.019002641041398694,-0.0037652515166479612,-0.035269082110051225,-0.009075413539843714,0.0,0.0,0.0,0.0,0.0,0.0,0.0,0.0,0.0,0.0,0.0,1.0,0.8455353071301549
parc+_pH8_1,-0.021813371186347113,0.04750493292656281,-0.007940243848639986,-0.07146561583706543,0.009875001248944066,-0.022930008445501974,-0.008895421055267038,-0.0004361885620038157,-0.04451621204290701,-0.010025172998885746,0.0,0.0,0.0,0.0,0.0,0.0,0.0,0.0,0.0,0.0,0.0,1.0,0.8378107178569503
parc+_pH8_2,-0.04045523837937609,0.0425563820415055,-0.009730568303038242,-0.04410468610206052,0.018251623261476987,-0.02437690209313903,-0.016385037981216675,-0.002531222361342416,-0.04309934875158511,-0.010767301828802927,0.0,0.0,0.0,0.0,0.0,0.0,0.0,0.0,0.0,0.0,0.0,1.0,0.8442380625189879
parc+_pH9_0,-0.03317455470642965,0.03733175238270474,-0.004530011078180826,-0.047021673658214844,0.0065294296590044446,-0.013449096647698593,-0.003815034553813547,-0.004837976315909107,-0.03534890762368298,-0.03232622725889087,0.0,0.0,0.0,0.0,0.0,0.0,0.0,0.0,0.0,0.0,0.0,1.0,1.003926186226973
parc+_pH9_1,-0.024696503386063415,0.030389813759728615,-0.007712421619292834,-0.049008761927809404,0.019317825428493647,-0.018631615595811085,-0.014937660347913268,-0.008633807602378987,-0.035254295912530764,-0.021474872597533726,0.0,0.0,0.0,0.0,0.0,0.0,0.0,0.0,0.0,0.0,0.0,1.0,0.9964236708955914
parc+_pH9_2,-0.03467229398777303,0.030749862893767976,-0.00483128685220752,-0.05683915738259321,0.013683947876257738,-0.014494471667820344,-0.010557044846532136,-0.006066215320125871,-0.02701166075249405,-0.0206039657836537,0.0,0.0,0.0,0.0,0.0,0.0,0.0,0.0,0.0,0.0,0.0,1.0,0.9996501428774356
AC_pH4_0,0.023838451647240185,0.0454268790623578,-0.007183329104243413,-0.13124630220477346,0.02446591831014856,-0.031792271456316766,-0.020509245903838583,-0.009143362787106764,0.04781562340769755,-0.07231465216847542,1.0,0.0,0.0,0.0,0.0,0.0,0.0,0.0,0.0,0.0,0.0,0.0,-0.0016139570379183382
AC_pH4_1,0.017886094693904335,0.04727739565398381,-0.01562490074287938,-0.11692619892606591,0.01953326662314003,-0.01786391970499054,-0.017671653427507563,-0.0030597173398279626,0.03268137969238602,-0.07687404442173632,1.0,0.0,0.0,0.0,0.0,0.0,0.0,0.0,0.0,0.0,0.0,0.0,0.0004845233155374915
AC_pH4_2,0.014337903688783233,0.05635125075952839,-0.008596962046930973,-0.13657010669820013,0.02740201868400302,-0.01817363206823559,-0.023586988830534016,-0.012014104210893094,0.041265302242144294,-0.07105697969136679,1.0,0.0,0.0,0.0,0.0,0.0,0.0,0.0,0.0,0.0,0.0,0.0,0.001874459798070219
AC_pH5_0,0.015462894653496533,0.031164711219380078,-0.010443676046055297,-0.1221661170717815,0.02402793008510186,-0.025223768091882044,-0.015204237863502423,-0.005075630969975304,0.029990591909736394,-0.05317499763858706,1.0,0.0,0.0,0.0,0.0,0.0,0.0,0.0,0.0,0.0,0.0,0.0,0.05114127579932972
AC_pH5_1,0.017188258242347973,0.04229511643516953,-0.009328209004648352,-0.1118446007727281,0.01929766455179323,-0.02790699134297345,-0.02168459805538473,-0.0024070776015034183,0.03596324218194121,-0.07221509522555963,1.0,0.0,0.0,0.0,0.0,0.0,0.0,0.0,0.0,0.0,0.0,0.0,0.02446646428818786
AC_pH5_2,0.01411860641901908,0.040795601854991655,-0.0022232235575337773,-0.12140652252442159,0.02860973330943481,-0.02877648046564149,-0.015528055481288742,-0.005817490551701708,0.03040819323014305,-0.07082265189808347,1.0,0.0,0.0,0.0,0.0,0.0,0.0,0.0,0.0,0.0,0.0,0.0,0.039343210450552515
AC_pH6_0,0.022980030068884726,0.040300308068728315,-0.008830724719749845,-0.205778943689783,0.03450103395578006,-0.041028844977364594,-0.01861366132436239,-0.027246007916072148,0.04503876248455567,0.028035757736424388,1.0,0.0,0.0,0.0,0.0,0.0,0.0,0.0,0.0,0.0,0.0,0.0,0.16172687662413934
AC_pH6_1,0.025100674898080207,0.049598177483548285,-0.0013729497353019934,-0.24303240994234446,0.03138573358402304,-0.04286260939081726,-0.027355248137660656,-0.019759495240514693,0.04907932315183721,0.04857651492094863,1.0,0.0,0.0,0.0,0.0,0.0,0.0,0.0,0.0,0.0,0.0,0.0,0.20214567479932488
AC_pH6_2,0.025712942092315005,0.055761356871656106,-0.011304491770899164,-0.2416151716001332,0.0271283044297572,-0.04048936516451447,-0.027066548650517414,-0.02033496823566763,0.04412960216605468,0.05743604932547263,1.0,0.0,0.0,0.0,0.0,0.0,0.0,0.0,0.0,0.0,0.0,0.0,0.19208393008372077
AC_pH7_0,0.03497714066635007,0.11745279040268583,-0.008022425725408218,-0.36528348147059275,0.03423434734587436,-0.042835470113255406,-0.048271983738826664,-0.0024627118023193466,0.06730066363659244,0.08226883166834065,1.0,0.0,0.0,0.0,0.0,0.0,0.0,0.0,0.0,0.0,0.0,0.0,0.4761566893788473
AC_pH7_1,0.04260860585972019,0.10792748016912652,-0.026269325694150244,-0.3323127710147073,0.039588814050202134,-0.0595502143442307,-0.045659634578649126,0.0021550167198090458,0.061815935105652274,0.07905379486877633,1.0,0.0,0.0,0.0,0.0,0.0,0.0,0.0,0.0,0.0,0.0,0.0,0.48226683949395216
AC_pH7_2,0.04107627248634463,0.09148281196780175,-0.02366670092000909,-0.30353747457832736,0.03496209691602575,-0.04498891385515098,-0.044442386734906754,-0.008631575420579837,0.049421517729111325,0.07768206224250407,1.0,0.0,0.0,0.0,0.0,0.0,0.0,0.0,0.0,0.0,0.0,0.0,0.4811025384560845
AC_pH8_0,0.04866430057131725,0.10137879639337564,-0.02720192359598435,-0.3367238077930296,0.04497294629154646,-0.058251718426447205,-0.050184563924760936,0.005413566844375881,0.06290668947946118,0.07838342622489383,1.0,0.0,0.0,0.0,0.0,0.0,0.0,0.0,0.0,0.0,0.0,0.0,0.6161936979692529
AC_pH8_1,0.04105726159137228,0.1151157949488286,-0.02789829744997879,-0.30035742511000973,0.04819204393895748,-0.052850727211360055,-0.050123975611818236,0.002989035017950377,0.047439967287380404,0.04579403430061496,1.0,0.0,0.0,0.0,0.0,0.0,0.0,0.0,0.0,0.0,0.0,0.0,0.6417698578516113
AC_pH8_2,0.03911936153860195,0.11269793582675247,-0.028565519659415537,-0.30727142862368223,0.03609583070704146,-0.04898192271104326,-0.045657476800615375,-0.012476649852874487,0.06626369417361591,0.05813388705172616,1.0,0.0,0.0,0.0,0.0,0.0,0.0,0.0,0.0,0.0,0.0,0.0,0.6440713470669853
AC_pH9_0,0.044757772755363724,0.09723180226171795,-0.023555939163121844,-0.3085816706409273,0.03162543176511383,-0.04448130873477329,-0.046928213328609004,0.000931745254151199,0.0704639718151125,0.047894119601291814,1.0,0.0,0.0,0.0,0.0,0.0,0.0,0.0,0.0,0.0,0.0,0.0,0.7292859280132171
AC_pH9_1,0.04271120969044125,0.0795055336533519,-0.013211077893071842,-0.26510241426041586,0.031087155783063054,-0.05193718362032719,-0.045557966945773874,-0.004937838260894233,0.05355700264077472,0.04324328632134459,1.0,0.0,0.0,0.0,0.0,0.0,0.0,0.0,0.0,0.0,0.0,0.0,0.7412574926289346
AC_pH9_2,0.04264771448205347,0.11144878518241255,-0.022797025984720037,-0.3195323960628846,0.043493118185711936,-0.045155876965626424,-0.03618827891698027,0.003797448535004391,0.07206758887264066,0.019576633396032057,1.0,0.0,0.0,0.0,0.0,0.0,0.0,0.0,0.0,0.0,0.0,0.0,0.747526246417331
BA_pH4_0,-0.03944207988153009,-0.0048163534652279774,-0.012059019962730616,-0.04882688494520668,0.014435341219701197,-0.01928366048625954,-0.010682937816271314,-0.006065581240893707,0.023647121512938452,-0.027548244735630955,0.0,1.0,0.0,0.0,0.0,0.0,0.0,0.0,0.0,0.0,0.0,0.0,-0.0016139574737368786
BA_pH4_1,-0.03468719751290653,-0.0035688809483595523,-0.006004606152115307,-0.052890686727655296,0.011981012685548352,-0.013883335276547337,-0.012385910689911763,-0.009246389986947183,0.016564835588569228,-0.02652114102373953,0.0,1.0,0.0,0.0,0.0,0.0,0.0,0.0,0.0,0.0,0.0,0.0,0.00048452299554619434
BA_pH4_2,-0.039299605228411756,-0.004479965632376463,-0.008683227969576483,-0.06993257939572567,0.016943155433172766,-0.015802751451163836,-0.013781688683868748,-0.005864001145262433,0.02012479822070378,-0.009866434204513613,0.0,1.0,0.0,0.0,0.0,0.0,0.0,0.0,0.0,0.0,0.0,0.0,0.0018744598294293093
BA_pH5_0,-0.04845124453063244,-0.004877513702148977,-0.006022605249334289,-0.06003513270381673,0.015095440548561195,-0.01948685884030293,-0.009334026995398427,-0.009206737448339879,0.02661260706777481,-0.014936218067355778,0.0,1.0,0.0,0.0,0.0,0.0,0.0,0.0,0.0,0.0,0.0,0.0,0.0511412745403946
BA_pH5_1,-0.02592002913679766,-0.004556027419217255,-0.011394512466276471,-0.06764872387132569,0.016296535399539964,-0.012752904732428169,-0.018240210742730162,-0.009027959909695,0.019022892226019633,-0.01642135914820044,0.0,1.0,0.0,0.0,0.0,0.0,0.0,0.0,0.0,0.0,0.0,0.0,0.024466462930343342
BA_pH5_2,-0.028896402612571485,-0.003824989185061145,-0.00822989652095281,-0.06923107725284672,0.008157489056010613,-0.019452985635270238,-0.009641657595563194,0.002882722912194286,0.022489478610779927,-0.024894981577830478,0.0,1.0,0.0,0.0,0.0,0.0,0.0,0.0,0.0,0.0,0.0,0.0,0.03934321135483189
BA_pH6_0,-0.05428136875286052,-0.010903108550802522,-0.007853773116822475,-0.0697428783547619,0.017344619069329426,-0.027749149625230094,-0.02170470085076016,-0.005677853666407908,0.027863574703021535,0.022062339344183387,0.0,1.0,0.0,0.0,0.0,0.0,0.0,0.0,0.0,0.0,0.0,0.0,0.16172687666300212
BA_pH6_1,-0.0781407539639622,-0.009149323455665423,-0.007275618676339154,-0.07278470631567358,0.02379196189586883,-0.024225729528571594,-0.02147982141610397,-0.01674196778189229,0.03705197337043026,0.038311686070797886,0.0,1.0,0.0,0.0,0.0,0.0,0.0,0.0,0.0,0.0,0.0,0.0,0.20214567404454245
BA_pH6_2,-0.060034543919660475,-0.012582708660351194,-0.007544119263715717,-0.07407068375417074,0.019830505314647508,-0.025144120028809357,-0.01987757591085265,-0.011371575069573266,0.026623882784548664,0.03352863870682599,0.0,1.0,0.0,0.0,0.0,0.0,0.0,0.0,0.0,0.0,0.0,0.0,0.19208393160174653
BA_pH7_0,-0.05030468189845914,-0.00984417083794656,-0.01620261206332108,-0.053376465459232726,0.019530040307132446,-0.04257617081151061,-0.024614617881648565,-0.01360376216835626,0.03089359177640923,0.029456548652733148,0.0,1.0,0.0,0.0,0.0,0.0,0.0,0.0,0.0,0.0,0.0,0.0,0.47615668850189524
BA_pH7_1,-0.0752291230464597,-0.009628071075548297,-0.004602333535642726,-0.057272545347476125,0.028729255542806968,-0.03075541519843366,-0.021706793724923675,-0.016692088157262492,0.03569119678931715,0.02082361753463097,0.0,1.0,0.0,0.0,0.0,0.0,0.0,0.0,0.0,0.0,0.0,0.0,0.48226683981394347
BA_pH7_2,-0.057172548984703815,-0.008997700706772182,-0.006041715375512189,-0.06995972551121983,0.03307106506929773,-0.04155455983810775,-0.022020568277929788,-0.011542236720738206,0.027383506724853873,0.026192183819720934,0.0,1.0,0.0,0.0,0.0,0.0,0.0,0.0,0.0,0.0,0.0,0.0,0.48110253833913064
BA_pH8_0,-0.05794036322273315,-0.005665908919080445,-0.014905544356240525,-0.050607938948694774,0.025880786896804755,-0.028257876781989693,-0.03159243717384728,-0.00022653054607951056,0.028998529834915753,0.0036749834158336355,0.0,1.0,0.0,0.0,0.0,0.0,0.0,0.0,0.0,0.0,0.0,0.0,0.6161936980952847
BA_pH8_1,-0.04333614317983714,-0.006099641637309738,-0.015173519557422917,-0.06993180749654446,0.028524239602215264,-0.029140965350215205,-0.0292567844664597,-0.0026523473943867123,0.023414657300986023,0.013010012377863343,0.0,1.0,0.0,0.0,0.0,0.0,0.0,0.0,0.0,0.0,0.0,0.0,0.6417698583743298
BA_pH8_2,-0.061619691917591764,-0.005880272880844448,-0.01620551613604893,-0.04336064510816789,0.012986333163698084,-0.01892814367240214,-0.02004229673751346,-0.0008106844928925466,0.021392555321445277,0.0018260626592065984,0.0,1.0,0.0,0.0,0.0,0.0,0.0,0.0,0.0,0.0,0.0,0.0,0.64407134594908
BA_pH9_0,-0.037273923704076714,-0.005937984462665475,-0.010392599765049377,-0.06483032525395571,0.02267751807994817,-0.019094012499098544,-0.023514781397079,-0.007531460377428195,0.01899792591271841,-0.003742656593575428,0.0,1.0,0.0,0.0,0.0,0.0,0.0,0.0,0.0,0.0,0.0,0.0,0.7292859295671521
BA_pH9_1,-0.044772851646513394,-0.005959102796471638,-0.015609261461979025,-0.05084982574755408,0.019683657366296518,-0.019575817755463975,-0.03114057468736301,-0.005429273035539234,0.02634092229539933,-0.003330172331922728,0.0,1.0,0.0,0.0,0.0,0.0,0.0,0.0,0.0,0.0,0.0,0.0,0.741257491587475
BA_pH9_2,-0.047591637594463394,-0.005583228021860124,-0.008755517435948485,-0.04696128872628121,0.022232368968265206,-0.032953149392067095,-0.0194737298393865,-0.00769274999994947,0.020679511547736496,-0.004542879307156672,0.0,1.0,0.0,0.0,0.0,0.0,0.0,0.0,0.0,0.0,0.0,0.0,0.74752624576109
BC_pH4_0,-0.017951499563439385,0.023640983091748276,-0.00039605810590412344,-0.10512917965569575,0.019717281376538068,-0.017351764033184107,-0.01694305988919476,-0.00823909534303391,0.015994429717488264,-0.023984328883335636,0.0,0.0,1.0,0.0,0.0,0.0,0.0,0.0,0.0,0.0,0.0,0.0,-0.0016139570379183382
BC_pH4_1,-0.05786480339324993,0.052950908299940445,-0.00028954883632452687,-0.08194352245565667,0.011629262063652281,-0.017888896888040975,-0.021058020028083217,-0.008747082930058239,0.026384026471768383,-0.03381462078986933,0.0,0.0,1.0,0.0,0.0,0.0,0.0,0.0,0.0,0.0,0.0,0.0,0.0004845233155374915
BC_pH4_2,-0.051191380387577035,0.04235315656694381,-0.0003294650173705558,-0.07139696177297634,0.01116265504297031,-0.016703906785696745,-0.016160433187918818,-0.004821310565280525,0.026142138066985038,-0.049696789778688015,0.0,0.0,1.0,0.0,0.0,0.0,0.0,0.0,0.0,0.0,0.0,0.0,0.001874459798070219
BC_pH5_0,-0.04074811612417839,0.027708112196996804,-0.0011258281637793008,-0.07930946713030017,0.019433827778810392,-0.02655304405271359,-0.015614867036676276,-0.0050371074425461515,0.02636527527164182,-0.03576108548385294,0.0,0.0,1.0,0.0,0.0,0.0,0.0,0.0,0.0,0.0,0.0,0.0,0.05114127579932972
BC_pH5_1,-0.04318073614540956,0.023278422725346425,-0.0005151346196299015,-0.07978269918902733,0.0179083284901698,-0.014438400255597159,-0.012376055182160242,-0.010315826403220065,0.018578693722172274,-0.029798884900367775,0.0,0.0,1.0,0.0,0.0,0.0,0.0,0.0,0.0,0.0,0.0,0.0,0.02446646428818786
BC_pH5_2,-0.035143878484630714,0.03285508779808879,-0.0004894709133583579,-0.08386486479364656,0.017847059611636015,-0.020501909302952495,-0.010593973720932135,-0.004991637009560414,0.03361714085483033,-0.059375847867163635,0.0,0.0,1.0,0.0,0.0,0.0,0.0,0.0,0.0,0.0,0.0,0.0,0.039343210450552515
BC_pH6_0,-0.052034465138517,0.042767869436141595,-0.0034515696440054035,-0.11839306804311014,0.01541704269288027,-0.034906466007637575,-0.015592474289967314,-0.015463937037502946,0.027954746432116498,0.02306003048975507,0.0,0.0,1.0,0.0,0.0,0.0,0.0,0.0,0.0,0.0,0.0,0.0,0.16172687662413934
BC_pH6_1,-0.05916568376123904,0.05038387866933708,-0.006896388498337375,-0.12852963804915224,0.020597321726786706,-0.02299426948732656,-0.022512419385349623,-0.016818299054208664,0.0292324283030694,0.02606078263453167,0.0,0.0,1.0,0.0,0.0,0.0,0.0,0.0,0.0,0.0,0.0,0.0,0.20214567479932488
BC_pH6_2,-0.08865011323405349,0.046595401697508664,-0.006199925120757975,-0.11208077042566043,0.018354624870192748,-0.030923599338401917,-0.018903332576560582,-0.030099262429158318,0.038353791131192576,0.05291089553709911,0.0,0.0,1.0,0.0,0.0,0.0,0.0,0.0,0.0,0.0,0.0,0.0,0.19208393008372077
BC_pH7_0,-0.10279120321021129,0.08630172213984896,0.001998286674851959,-0.18682256004368164,0.0330763367154514,-0.04065974362437491,-0.03008385388383075,0.008054933532991488,0.03720742516179123,0.06307635854038854,0.0,0.0,1.0,0.0,0.0,0.0,0.0,0.0,0.0,0.0,0.0,0.0,0.4761566893788473
BC_pH7_1,-0.10692111671294856,0.08317589967471103,0.002112667262554166,-0.1522906635806936,0.01916463230736554,-0.02263548174306102,-0.03772341037128607,0.008162523622665068,0.03809750625620717,0.03821514465927105,0.0,0.0,1.0,0.0,0.0,0.0,0.0,0.0,0.0,0.0,0.0,0.0,0.48226683949395216
BC_pH7_2,-0.0841834547115571,0.06732985863867012,0.0023369614650373864,-0.145935323027408,0.02761765987855261,-0.04111422983119668,-0.0336580386887426,-0.015618357888382417,0.03864339868376112,0.053939235178024895,0.0,0.0,1.0,0.0,0.0,0.0,0.0,0.0,0.0,0.0,0.0,0.0,0.4811025384560845
BC_pH8_0,-0.0863179063282745,0.0818701961332851,0.0014873552322387693,-0.12008714060137125,0.023724933612038902,-0.03700476812360728,-0.03598789781008077,-0.0018158756917261564,0.026866177860647437,0.016622637454420327,0.0,0.0,1.0,0.0,0.0,0.0,0.0,0.0,0.0,0.0,0.0,0.0,0.6161936979692529
BC_pH8_1,-0.06777923882614982,0.0781707005004358,0.0014470207820767931,-0.1488776255565007,0.026292753115134394,-0.03805454767835529,-0.031183170264829762,-0.003255294960235125,0.030718488716317906,0.02187862690092753,0.0,0.0,1.0,0.0,0.0,0.0,0.0,0.0,0.0,0.0,0.0,0.0,0.6417698578516113
BC_pH8_2,-0.08012367321340286,0.08688051776960493,0.001015333254700122,-0.1596963678276085,0.021557427731788033,-0.040230335715915194,-0.035919773749926165,-0.0010275938600787656,0.038569863785220225,0.03833231134421151,0.0,0.0,1.0,0.0,0.0,0.0,0.0,0.0,0.0,0.0,0.0,0.0,0.6440713470669853
BC_pH9_0,-0.09244054946886457,0.08969216296975702,0.0006879291910192239,-0.1352589505797495,0.03075406413687312,-0.03043359271372142,-0.056673408547092394,-0.0003875469400183006,0.04530198695219081,0.0181156166497132,0.0,0.0,1.0,0.0,0.0,0.0,0.0,0.0,0.0,0.0,0.0,0.0,0.7292859280132171
BC_pH9_1,-0.0929375143531386,0.08856019729505413,0.0006713785878990013,-0.15469355662029396,0.029176570519642987,-0.028258542627825033,-0.03032439833263988,-0.004650606777438001,0.04531172793763488,0.016502454754613018,0.0,0.0,1.0,0.0,0.0,0.0,0.0,0.0,0.0,0.0,0.0,0.0,0.7412574926289346
BC_pH9_2,-0.10461667857173346,0.053308892876071774,0.0006627117745254353,-0.11526220699691257,0.037206557679354504,-0.03554558882246847,-0.03240053391569982,0.00246767839173908,0.03247087562821158,0.031066002194648196,0.0,0.0,1.0,0.0,0.0,0.0,0.0,0.0,0.0,0.0,0.0,0.0,0.747526246417331
BL_pH4_0,-0.08281203970232086,0.0630213445910941,-0.008027088482580755,0.17228972324291653,0.02149651269671386,-0.031037260353484232,-0.031705783282447116,-0.00424078300635776,0.0505844490116705,-0.12884180331643183,0.0,0.0,0.0,1.0,0.0,0.0,0.0,0.0,0.0,0.0,0.0,0.0,-0.0016139570379183382
BL_pH4_1,-0.0857372473585217,0.05669232948197295,-0.007954292288859903,0.17004561204625213,0.03084547824995673,-0.039115491906261964,-0.02823199856904862,-0.007898001756681048,0.05009575075591389,-0.11818815237356592,0.0,0.0,0.0,1.0,0.0,0.0,0.0,0.0,0.0,0.0,0.0,0.0,0.0004845233155374915
BL_pH4_2,-0.07558983673341574,0.07271433771628401,-0.012270491349146423,0.17270546361399083,0.028191943297000685,-0.028853200551365383,-0.03455242793480663,-0.0008367735111033134,0.03982140493376746,-0.1408911125365969,0.0,0.0,0.0,1.0,0.0,0.0,0.0,0.0,0.0,0.0,0.0,0.0,0.001874459798070219
BL_pH5_0,-0.07155101320098924,0.04801167100182045,-0.008299078136358568,0.17983189808042796,0.03647169871782154,-0.04132505404074556,-0.03723197243297877,-0.0011460213419859833,0.05103452743516989,-0.10785226426532735,0.0,0.0,0.0,1.0,0.0,0.0,0.0,0.0,0.0,0.0,0.0,0.0,0.05114127579932972
BL_pH5_1,-0.08088485522519633,0.05166937423181597,-0.005593699261789089,0.17166503918964574,0.02941608481635542,-0.03073792327721806,-0.030035027824342257,-0.0019004249159732631,0.03428835788782201,-0.1212503212006034,0.0,0.0,0.0,1.0,0.0,0.0,0.0,0.0,0.0,0.0,0.0,0.0,0.02446646428818786
BL_pH5_2,-0.09134812524623194,0.06658722690792511,-0.005180553680933687,0.17235689087001532,0.0339108502731213,-0.0391508992680389,-0.024599944828078146,-0.005622292341583445,0.05642331190650229,-0.13359690171059058,0.0,0.0,0.0,1.0,0.0,0.0,0.0,0.0,0.0,0.0,0.0,0.0,0.039343210450552515
BL_pH6_0,-0.15284003939682042,0.10825686780857327,0.015081092841194386,0.28125222876101086,0.05291648766349839,-0.044631419410605146,-0.03092676431993427,-0.00022539813354935257,0.0666774460199572,0.07094893021104128,0.0,0.0,0.0,1.0,0.0,0.0,0.0,0.0,0.0,0.0,0.0,0.0,0.16172687662413934
BL_pH6_1,-0.17054991194492447,0.12821522423511617,0.01504092386640284,0.30988574189903284,0.05805787396131327,-0.04763404159280269,-0.0366300891339779,-0.0029196977898802447,0.08155161532087496,0.14712814475936087,0.0,0.0,0.0,1.0,0.0,0.0,0.0,0.0,0.0,0.0,0.0,0.0,0.20214567479932488
BL_pH6_2,-0.17565270819903714,0.12057763827600226,0.006187799988395493,0.28329913246364374,0.07045044193408737,-0.05945496874335018,-0.04951509816207639,0.02081244360453083,0.08224167893235776,0.15336574801851227,0.0,0.0,0.0,1.0,0.0,0.0,0.0,0.0,0.0,0.0,0.0,0.0,0.19208393008372077
BL_pH7_0,-0.26366866992948496,0.15271639299214534,-0.024369643198569185,0.26995271544174654,0.09220995154353265,-0.09368552848048832,-0.13048134996515257,0.03138097179486699,0.08124496422627049,0.12448478900827471,0.0,0.0,0.0,1.0,0.0,0.0,0.0,0.0,0.0,0.0,0.0,0.0,0.4761566893788473
BL_pH7_1,-0.26859931069790666,0.1524128135119605,-0.03941581603058653,0.2649785130794929,0.10228106513781396,-0.10181688449264546,-0.1172300217883742,0.0055419350391172845,0.07661701935869841,0.15120890743463583,0.0,0.0,0.0,1.0,0.0,0.0,0.0,0.0,0.0,0.0,0.0,0.0,0.48226683949395216
BL_pH7_2,-0.2935017619035004,0.15041607850838615,-0.021106948124487764,0.25778230828273546,0.11484798173015212,-0.10198089697236279,-0.12864673295989637,0.027858763865559653,0.08555589722671911,0.13738394338354148,0.0,0.0,0.0,1.0,0.0,0.0,0.0,0.0,0.0,0.0,0.0,0.0,0.4811025384560845
BL_pH8_0,-0.26864790131054495,0.13644530096212812,-0.03223505185269143,0.20463777569001132,0.06328516721563496,-0.08853756887473815,-0.12511514111138558,0.00011986618618601968,0.07097483576720821,0.011912799520094119,0.0,0.0,0.0,1.0,0.0,0.0,0.0,0.0,0.0,0.0,0.0,0.0,0.6161936979692529
BL_pH8_1,-0.25513858814318874,0.12790255976881343,-0.018848403379240118,0.19961866966003305,0.06178160306754644,-0.09640979057866271,-0.10348115606031018,-0.006980229997602492,0.07217791017063935,-0.008063394420010887,0.0,0.0,0.0,1.0,0.0,0.0,0.0,0.0,0.0,0.0,0.0,0.0,0.6417698578516113
BL_pH8_2,-0.27978865858126917,0.1593675379758782,-0.01947156108470391,0.2031129596390478,0.05524456443346065,-0.0960699013584172,-0.12928107873860584,0.008463805911090713,0.06616178340157089,0.004794754594078528,0.0,0.0,0.0,1.0,0.0,0.0,0.0,0.0,0.0,0.0,0.0,0.0,0.6440713470669853
BL_pH9_0,-0.26366678066916116,0.12114199792196892,-0.028454919727519158,0.19077427128977753,0.06987267927347646,-0.08225295376073084,-0.10790118191836648,0.017636484696489315,0.05543878348665718,0.004686428870924788,0.0,0.0,0.0,1.0,0.0,0.0,0.0,0.0,0.0,0.0,0.0,0.0,0.7292859280132171
BL_pH9_1,-0.2727757401383765,0.12814815091495604,-0.025646962625500952,0.1843752587586641,0.06650435890557001,-0.08461101166822994,-0.11007817324534382,0.008929960953638606,0.08235801309225678,0.0018056635914937241,0.0,0.0,0.0,1.0,0.0,0.0,0.0,0.0,0.0,0.0,0.0,0.0,0.7412574926289346
BL_pH9_2,-0.2627803159634704,0.14501718398386046,-0.02839539651799461,0.1901353041357968,0.0754417990795944,-0.08509220796353795,-0.11127087931796587,0.007736511017479325,0.0704850409520061,-0.021358875834747507,0.0,0.0,0.0,1.0,0.0,0.0,0.0,0.0,0.0,0.0,0.0,0.0,0.747526246417331
BT_pH4_0,-0.042002169747391474,0.03161736944447392,-0.007533111228081195,-0.07654812410433329,-0.00544262845231139,-0.014752435675295798,-0.005849297004144477,-0.005807947788549506,0.024183932955822218,-0.02850787554503135,0.0,0.0,0.0,0.0,1.0,0.0,0.0,0.0,0.0,0.0,0.0,0.0,-0.0016139570379183382
BT_pH4_1,-0.035428151542158885,0.027687094547664336,-0.004801666691251423,-0.07630581833260215,-0.005442881512901056,-0.017577100902309885,-0.011668086613973849,-0.00720522878691554,0.0295395097217482,-0.0294399603849034,0.0,0.0,0.0,0.0,1.0,0.0,0.0,0.0,0.0,0.0,0.0,0.0,0.0004845233155374915
BT_pH4_2,-0.04259569322042492,0.033954361725760544,-0.0030864311042039273,-0.06831436502666252,-0.007075542127308636,-0.015979404752750115,-0.009069217620417475,-0.009299855387324227,0.02559651707461023,-0.03477265749329134,0.0,0.0,0.0,0.0,1.0,0.0,0.0,0.0,0.0,0.0,0.0,0.0,0.001874459798070219
BT_pH5_0,-0.0441929995033728,0.03862158967748931,-0.008766990269169857,-0.06656202040936636,-0.0066004604101181025,-0.020804495830493774,-0.011031672629001349,-0.003995969184957769,0.029410758991928205,-0.03672003275107431,0.0,0.0,0.0,0.0,1.0,0.0,0.0,0.0,0.0,0.0,0.0,0.0,0.05114127579932972
BT_pH5_1,-0.03847950807813069,0.026629496244308735,-0.007350689677683555,-0.07372882231908,-0.005411426431458929,-0.008546251210829487,-0.011350725947109902,-0.008589667082642732,0.020029746307788986,-0.023844438642263405,0.0,0.0,0.0,0.0,1.0,0.0,0.0,0.0,0.0,0.0,0.0,0.0,0.02446646428818786
BT_pH5_2,-0.03332213657624696,0.03812505124703697,-0.008540858823968017,-0.06994481196708005,-0.00635498039100481,-0.02412900803691668,-0.012373200678469046,-0.010234050187079805,0.02116025236313757,-0.0250285470906807,0.0,0.0,0.0,0.0,1.0,0.0,0.0,0.0,0.0,0.0,0.0,0.0,0.039343210450552515
BT_pH6_0,-0.049738656245172014,0.03456373638756897,-0.015066309338030609,-0.09406535707819072,-0.008952888801046034,-0.01901032184331638,-0.016093694579423123,-0.010567170968684167,0.023618352744404384,0.024670021715371505,0.0,0.0,0.0,0.0,1.0,0.0,0.0,0.0,0.0,0.0,0.0,0.0,0.16172687662413934
BT_pH6_1,-0.060071389386025464,0.05614141342513587,-0.011144583679573687,-0.09780761464863369,-0.010267013214204623,-0.03006179585607479,-0.025975642430636537,-0.014536121169348123,0.02668684768935908,0.036393599063967885,0.0,0.0,0.0,0.0,1.0,0.0,0.0,0.0,0.0,0.0,0.0,0.0,0.20214567479932488
BT_pH6_2,-0.06419243987973618,0.03785759286388107,0.00026077903969132476,-0.11006289650969533,-0.010336343616895054,-0.031463264796234985,-0.020506232194197564,-0.007545002287091768,0.034437866168015675,0.040907641093692056,0.0,0.0,0.0,0.0,1.0,0.0,0.0,0.0,0.0,0.0,0.0,0.0,0.19208393008372077
BT_pH7_0,-0.09216564304114361,0.07198465935238031,-0.02178190816274804,-0.051821078765813426,-0.01675607762258986,-0.03891833219920164,-0.02707955637258356,-0.02330999215781365,0.030867639645610158,0.03833799958431526,0.0,0.0,0.0,0.0,1.0,0.0,0.0,0.0,0.0,0.0,0.0,0.0,0.4761566893788473
BT_pH7_1,-0.07453238412737848,0.06020288046368439,-0.008568138837733344,-0.10781852919203427,-0.014966811667317934,-0.038104147363211154,-0.025348210718644702,-0.018114629502853617,0.04009161232687209,0.05651607136363568,0.0,0.0,0.0,0.0,1.0,0.0,0.0,0.0,0.0,0.0,0.0,0.0,0.48226683949395216
BT_pH7_2,-0.0693693358220322,0.05764743233909426,-0.0200979471789754,-0.08319433861209646,-0.014984158018360966,-0.027273820020744338,-0.030098721226272378,-0.008704578115645312,0.031089778108441306,0.03434340295341353,0.0,0.0,0.0,0.0,1.0,0.0,0.0,0.0,0.0,0.0,0.0,0.0,0.4811025384560845
BT_pH8_0,-0.08314299602749878,0.05876175279850543,-0.004977342291208713,-0.09120608723195998,-0.008248927823227382,-0.026574650231100946,-0.028519242896657918,-0.002824241258203983,0.037429379045396394,0.018660055849215262,0.0,0.0,0.0,0.0,1.0,0.0,0.0,0.0,0.0,0.0,0.0,0.0,0.6161936979692529
BT_pH8_1,-0.06954126892206462,0.06787280738677667,-0.01428562489378712,-0.1037427575376047,-0.007596618805242621,-0.02450425507257814,-0.03994615930982906,-0.00844417962691058,0.04035504218109923,0.029190714543118428,0.0,0.0,0.0,0.0,1.0,0.0,0.0,0.0,0.0,0.0,0.0,0.0,0.6417698578516113
BT_pH8_2,-0.08037699487951139,0.04725791050404635,-0.010963936640840506,-0.06974023575084688,-0.007596314763245373,-0.02295452957163038,-0.030843160918549353,-0.00606979715111463,0.0308204161144955,0.019824343019610512,0.0,0.0,0.0,0.0,1.0,0.0,0.0,0.0,0.0,0.0,0.0,0.0,0.6440713470669853
BT_pH9_0,-0.06743805919814369,0.05752185930295482,-0.013069728489803232,-0.07109142086225682,-0.0076540263839389965,-0.03229571456575523,-0.0284067360425125,-0.0015801968899272067,0.034459284078329794,-0.0010875607500581649,0.0,0.0,0.0,0.0,1.0,0.0,0.0,0.0,0.0,0.0,0.0,0.0,0.7292859280132171
BT_pH9_1,-0.043879834541889,0.03748961657042737,-0.014458433964654157,-0.08329300468423119,-0.008086278691239976,-0.022662357451880104,-0.016383717886131743,-0.008230914517670223,0.024584734260064106,0.004277903762362574,0.0,0.0,0.0,0.0,1.0,0.0,0.0,0.0,0.0,0.0,0.0,0.0,0.7412574926289346
BT_pH9_2,-0.053961131342727196,0.05148450326134005,-0.007921133413910864,-0.099858053435531,-0.0076862064263095034,-0.01898880346232782,-0.024089301809992483,0.0026418260270324734,0.02938694230402293,-0.0016509420631210456,0.0,0.0,0.0,0.0,1.0,0.0,0.0,0.0,0.0,0.0,0.0,0.0,0.747526246417331
BV_pH4_0,-0.045883886532291106,0.03213527058696617,-0.008106510036665458,-0.0820774358442134,0.013355584072111097,0.0044042016306649065,-0.0160666902800617,-0.004207752040870812,0.024542563628081392,-0.04873764505285931,0.0,0.0,0.0,0.0,0.0,1.0,0.0,0.0,0.0,0.0,0.0,0.0,-0.0016139570379183382
BV_pH4_1,-0.056110562963978115,0.047118886106688046,-0.010652090870653807,-0.09031728287186958,0.021138331175417354,0.003754493788532589,-0.017765828075454286,-0.004324995531174155,0.02566036383094995,-0.049143614211403154,0.0,0.0,0.0,0.0,0.0,1.0,0.0,0.0,0.0,0.0,0.0,0.0,0.0004845233155374915
BV_pH4_2,-0.045934115098789335,0.04187180357944706,-0.007307279995926049,-0.08853512259807603,0.010877401919063666,0.004077646489376606,-0.015686958239049364,-0.008693612130439801,0.02907457827549913,-0.050386641840248,0.0,0.0,0.0,0.0,0.0,1.0,0.0,0.0,0.0,0.0,0.0,0.0,0.001874459798070219
BV_pH5_0,-0.0421806219390229,0.033566765390822415,-0.005253968879013605,-0.07954479448294835,0.017954506919840754,0.004184792718809583,-0.008049809157686388,-0.003095762069620516,0.01776712748991406,-0.0659905357922063,0.0,0.0,0.0,0.0,0.0,1.0,0.0,0.0,0.0,0.0,0.0,0.0,0.05114127579932972
BV_pH5_1,-0.0541299764747205,0.04632924564830634,-0.013558549121346164,-0.10519864916639485,0.0229330754717407,0.004742998432206069,-0.01770643859696777,-0.0022249175640551956,0.03999088886072454,-0.05181997749468555,0.0,0.0,0.0,0.0,0.0,1.0,0.0,0.0,0.0,0.0,0.0,0.0,0.02446646428818786
BV_pH5_2,-0.055499298995279736,0.041021985860703436,-0.008949271612598194,-0.08086244277291647,0.016339825990245395,0.00415024660851644,-0.018015871086036382,-0.008359408602118496,0.015737079087968755,-0.036205144898318074,0.0,0.0,0.0,0.0,0.0,1.0,0.0,0.0,0.0,0.0,0.0,0.0,0.039343210450552515
BV_pH6_0,-0.07006403514710458,0.04742967498407739,-0.0020662273701442324,-0.1548895997967085,0.024450013083608255,0.004029351978198339,-0.022843659510836004,-0.020075516813313182,0.030299165776080397,0.033088532574474805,0.0,0.0,0.0,0.0,0.0,1.0,0.0,0.0,0.0,0.0,0.0,0.0,0.16172687662413934
BV_pH6_1,-0.08853062962910728,0.06483796116248099,0.0015463596011471472,-0.17302630794315557,0.01633745904647462,0.004754337963202724,-0.0174782395982386,-0.015305824883120218,0.035926921187454594,0.040295663975260174,0.0,0.0,0.0,0.0,0.0,1.0,0.0,0.0,0.0,0.0,0.0,0.0,0.20214567479932488
BV_pH6_2,-0.08820406905982806,0.07185218193082382,-0.007286177614055903,-0.16287133048086067,0.02366284546928237,0.004838138624377866,-0.02445079479123587,-0.015702235118040572,0.034718683655171285,0.032800457968741,0.0,0.0,0.0,0.0,0.0,1.0,0.0,0.0,0.0,0.0,0.0,0.0,0.19208393008372077
BV_pH7_0,-0.10710664336610097,0.07448639133904615,-0.02208080580700998,-0.17927158586559414,0.04018016872522623,0.010571745313380072,-0.035611467855456075,-0.008687269845572505,0.04751549005589406,0.0493616776994389,0.0,0.0,0.0,0.0,0.0,1.0,0.0,0.0,0.0,0.0,0.0,0.0,0.4761566893788473
BV_pH7_1,-0.1227084601654307,0.0881073692732531,-0.02424919596589777,-0.1891107255439071,0.04622328635750581,0.010074798114921735,-0.03677956631974033,-0.0021489532474104484,0.059988016203936664,0.039961131621233145,0.0,0.0,0.0,0.0,0.0,1.0,0.0,0.0,0.0,0.0,0.0,0.0,0.48226683949395216
BV_pH7_2,-0.11805983318501843,0.10998143982061226,-0.018716408014297484,-0.22875916135659355,0.04819921591521606,0.011719443250609479,-0.054141361495965844,0.004202672149176179,0.051577453483705946,0.06335423945327814,0.0,0.0,0.0,0.0,0.0,1.0,0.0,0.0,0.0,0.0,0.0,0.0,0.4811025384560845
BV_pH8_0,-0.10636508278751178,0.08846552629874126,-0.015840363491974447,-0.17751019292632525,0.03450112619761215,0.013269783349140831,-0.03782082163769267,0.0014217967876111674,0.045036548606889396,0.024199380084224377,0.0,0.0,0.0,0.0,0.0,1.0,0.0,0.0,0.0,0.0,0.0,0.0,0.6161936979692529
BV_pH8_1,-0.1000563192088157,0.0735415190693153,-0.021837526310397235,-0.16549036354150462,0.046103738986927524,0.010159114822745318,-0.05099443110191953,0.00010497822466751691,0.04961571251528094,0.028211277050330597,0.0,0.0,0.0,0.0,0.0,1.0,0.0,0.0,0.0,0.0,0.0,0.0,0.6417698578516113
BV_pH8_2,-0.09961841086735544,0.08865909136588809,-0.01927105064544341,-0.17968954201058848,0.03270674211175545,0.010117732607152147,-0.028903553264377557,-0.0029230059003052485,0.04361700167434046,0.024662695604012064,0.0,0.0,0.0,0.0,0.0,1.0,0.0,0.0,0.0,0.0,0.0,0.0,0.6440713470669853
BV_pH9_0,-0.08889219152741133,0.08295466082413559,-0.024026333457263915,-0.19750925184429982,0.03903032532974105,0.009279407470122623,-0.029371015530727483,0.00621860775610675,0.06047248570734391,0.011201013090169947,0.0,0.0,0.0,0.0,0.0,1.0,0.0,0.0,0.0,0.0,0.0,0.0,0.7292859280132171
BV_pH9_1,-0.10470328267258795,0.08007925928732298,-0.016985410046156335,-0.1431238182350669,0.03162494352451809,0.008998556111169896,-0.03216520303455384,-0.004145755400962156,0.04099171579208064,0.00878669457510114,0.0,0.0,0.0,0.0,0.0,1.0,0.0,0.0,0.0,0.0,0.0,0.0,0.7412574926289346
BV_pH9_2,-0.08269292589681951,0.07159834353617675,-0.025751513486890042,-0.1650058948123099,0.02378275592932882,0.009514060451284702,-0.03280934440376966,-0.005627030089659536,0.039725737753931595,0.03662351170352295,0.0,0.0,0.0,0.0,0.0,1.0,0.0,0.0,0.0,0.0,0.0,0.0,0.747526246417331
CC_pH4_0,-0.07022584961767754,0.0535562547320581,-0.007113133197569327,-0.08328753705257956,0.015872233309580576,-0.013246977666959814,0.012630428723666976,-0.006078046723471389,0.028574370165638945,-0.06132404247379823,0.0,0.0,0.0,0.0,0.0,0.0,1.0,0.0,0.0,0.0,0.0,0.0,0.0032572508755295392
CC_pH4_1,-0.04743741375313181,0.04397686527272605,-0.012817335585942087,-0.0971502188576952,0.01939677159909321,-0.023278816199820973,0.008819274163764454,-0.001639121598361629,0.03287065659690161,-0.053382961438644856,0.0,0.0,0.0,0.0,0.0,0.0,1.0,0.0,0.0,0.0,0.0,0.0,-0.004437627208196163
CC_pH4_2,-0.03573185864593024,0.042797977144870415,-0.005703771687315212,-0.110404093776951,0.015122651155309183,-0.019361306764995277,0.006937210488578545,-0.0006938431039452558,0.030193080259891956,-0.053798344870624334,0.0,0.0,0.0,0.0,0.0,0.0,1.0,0.0,0.0,0.0,0.0,0.0,0.0011803763326671925
CC_pH5_0,-0.035769411224223994,0.0428169242389824,-0.012091939920235583,-0.11223411075487409,0.017643859154423295,-0.027616729083997406,0.009212365571571433,-0.0070962167110132125,0.03355755383796665,-0.03906459490971073,0.0,0.0,0.0,0.0,0.0,0.0,1.0,0.0,0.0,0.0,0.0,0.0,0.08114687964645667
CC_pH5_1,-0.060912943924169835,0.04256664212185727,-0.005697701032394947,-0.0993264597217026,0.01794403608685926,-0.015579938684873604,0.009449328235957935,-0.0120541137776783,0.03263221025061995,-0.03966335935558638,0.0,0.0,0.0,0.0,0.0,0.0,1.0,0.0,0.0,0.0,0.0,0.0,0.11230826956373989
CC_pH5_2,-0.052559453981888035,0.02897409697508682,-0.0038760510698446745,-0.10472824148793258,0.02470565666282631,-0.02428407736446546,0.009844598368458125,-0.009683508515438954,0.026456597778217305,-0.025491917010639666,0.0,0.0,0.0,0.0,0.0,0.0,1.0,0.0,0.0,0.0,0.0,0.0,0.09911694942295314
CC_pH6_0,-0.08803854874578182,0.0614699296782846,-0.00435459156561157,-0.22809285013491049,0.02443932799379462,-0.037525313966300176,0.014989918418552566,-0.019427262735350618,0.054948930289272384,0.09094816096693926,0.0,0.0,0.0,0.0,0.0,0.0,1.0,0.0,0.0,0.0,0.0,0.0,0.2884225051673924
CC_pH6_1,-0.09238851519139565,0.07442644594844591,-0.008567938586373043,-0.21431951664266705,0.034134337165919335,-0.037513578386734366,0.015706480307423547,-0.0054244223917308074,0.03767028131400762,0.06563412666199323,0.0,0.0,0.0,0.0,0.0,0.0,1.0,0.0,0.0,0.0,0.0,0.0,0.29127362738877827
CC_pH6_2,-0.08769879921582405,0.08313829103039336,-0.008931066910128878,-0.2504652098627032,0.029953211708723202,-0.033147756718099115,0.01604754159631936,-0.008798870126838271,0.047541077914040365,0.08171928078300603,0.0,0.0,0.0,0.0,0.0,0.0,1.0,0.0,0.0,0.0,0.0,0.0,0.2957269459022493
CC_pH7_0,-0.08764139410594234,0.08157525291868849,-0.01787068089915683,-0.21670569941239518,0.03047662555645019,-0.04193602726146903,0.025093189659325967,0.012764445033086382,0.04065984244903792,0.04294214561338659,0.0,0.0,0.0,0.0,0.0,0.0,1.0,0.0,0.0,0.0,0.0,0.0,0.5922068579302491
CC_pH7_1,-0.09483949248355046,0.0917926123547975,-0.008198312777297002,-0.24829439836351774,0.038453178493225056,-0.03697209385102211,0.02006787874128507,-0.009075977602649643,0.055210726166386954,0.06121357952123104,0.0,0.0,0.0,0.0,0.0,0.0,1.0,0.0,0.0,0.0,0.0,0.0,0.5480973412378645
CC_pH7_2,-0.07677918558778325,0.07666529593543839,-0.01817457867300381,-0.222820339008113,0.037109213446307444,-0.03953004983172793,0.022287264466285702,-0.005256387498229743,0.03795584357262629,0.05790062337708862,0.0,0.0,0.0,0.0,0.0,0.0,1.0,0.0,0.0,0.0,0.0,0.0,0.5469120935714209
CC_pH8_0,-0.10070559144505987,0.07081825515376808,-0.019287820542636128,-0.15578874145836927,0.030666376500107024,-0.038991877386427454,0.01543877043153929,0.005630387641975415,0.046635039931001224,0.014942901372990529,0.0,0.0,0.0,0.0,0.0,0.0,1.0,0.0,0.0,0.0,0.0,0.0,0.8455353071301549
CC_pH8_1,-0.10016378682471164,0.0711641010184489,-0.0125192573071336,-0.16665764992044343,0.03564781721883818,-0.041242812909185876,0.016660667366307714,-0.0014469632020463125,0.04996026237090321,0.017955322342560344,0.0,0.0,0.0,0.0,0.0,0.0,1.0,0.0,0.0,0.0,0.0,0.0,0.8378107178569503
CC_pH8_2,-0.1097116090025267,0.0719424397729175,-0.01066864969127852,-0.15601178263395052,0.03843160944140476,-0.04447725799177653,0.016028146335612167,0.004278796460560482,0.047247711698646125,0.012298295809279968,0.0,0.0,0.0,0.0,0.0,0.0,1.0,0.0,0.0,0.0,0.0,0.0,0.8442380625189879
CC_pH9_0,-0.08685042465834515,0.07765086306825929,-0.007673319348579513,-0.14343699788188805,0.0318602906961156,-0.030597916864182638,0.014202899855116136,-0.0036194422492838428,0.025967479525133962,-0.008145731943457022,0.0,0.0,0.0,0.0,0.0,0.0,1.0,0.0,0.0,0.0,0.0,0.0,1.003926186226973
CC_pH9_1,-0.07610770743340253,0.07098534536709927,-0.010956054857891535,-0.14993615862063095,0.040435407962650056,-0.027689515408938336,0.014159097470667048,0.0042407964250963685,0.02992729574927817,-0.025700806685034997,0.0,0.0,0.0,0.0,0.0,0.0,1.0,0.0,0.0,0.0,0.0,0.0,0.9964236708955914
CC_pH9_2,-0.07420491645841495,0.05659947049480092,-0.006829408729124973,-0.145477179877622,0.03525486405331479,-0.03054617500702001,0.014091030015893605,0.004139925622907671,0.04080365673760356,-0.024473566653449897,0.0,0.0,0.0,0.0,0.0,0.0,1.0,0.0,0.0,0.0,0.0,0.0,0.9996501428774356
DF_pH4_0,-0.043348171287823624,0.031739755761607195,-0.008569188265372877,-0.07161736085525025,0.01374921805387282,-0.01514661705121398,-0.017188162346896917,-0.0034507837551443488,0.01945207175920191,-0.03626304882092644,0.0,0.0,0.0,0.0,0.0,0.0,0.0,1.0,0.0,0.0,0.0,0.0,-0.0016139570379183382
DF_pH4_1,-0.039157139156823575,0.031890121595529106,-0.008999141275315824,-0.07977749262774445,0.013906967110283998,-0.010503266196212044,-0.011427044350977826,-0.0034636143999903102,0.028293697865598873,-0.0514053780577429,0.0,0.0,0.0,0.0,0.0,0.0,0.0,1.0,0.0,0.0,0.0,0.0,0.0004845233155374915
DF_pH4_2,-0.04363627864209854,0.03739712679110791,-0.010653726227338546,-0.06534840728156267,0.013274246431563214,-0.024953699616877278,-0.016085445094934623,-0.0037357029772323133,0.032522300070394645,-0.04942270420977603,0.0,0.0,0.0,0.0,0.0,0.0,0.0,1.0,0.0,0.0,0.0,0.0,0.001874459798070219
DF_pH5_0,-0.05435246156245147,0.028309465754453256,-0.004059959481996685,-0.06672095105132979,0.01237789228072633,-0.017913120135502975,-0.015078611713631644,-0.004121635794315652,0.029559880437572367,-0.038642788476351164,0.0,0.0,0.0,0.0,0.0,0.0,0.0,1.0,0.0,0.0,0.0,0.0,0.05114127579932972
DF_pH5_1,-0.038403885776743946,0.03188478379793789,-0.011458850366103907,-0.0854314853064716,0.017543548602286893,-0.01789074476322402,-0.01725674505143062,-0.003218736196665662,0.02599385572678369,-0.03240402811571307,0.0,0.0,0.0,0.0,0.0,0.0,0.0,1.0,0.0,0.0,0.0,0.0,0.02446646428818786
DF_pH5_2,-0.04610800823196769,0.038035360171824045,-0.009538253546166034,-0.06861535484335668,0.012182294212119736,-0.014260715444207839,-0.020751766158348842,-0.004388548390049002,0.025182035752450642,-0.042379330382074996,0.0,0.0,0.0,0.0,0.0,0.0,0.0,1.0,0.0,0.0,0.0,0.0,0.039343210450552515
DF_pH6_0,-0.08391033574128927,0.05228397462598008,-0.010570047468999805,-0.08961881989451205,0.022138940376513035,-0.029342535113834816,-0.027563293010158384,-0.012633918322946715,0.024699343366386448,0.023874405988127637,0.0,0.0,0.0,0.0,0.0,0.0,0.0,1.0,0.0,0.0,0.0,0.0,0.16172687662413934
DF_pH6_1,-0.058111890811959034,0.04173626264071335,-0.015173476289390869,-0.11955370095720437,0.025100982782795375,-0.035859608795979755,-0.030603524777714327,-0.011490477828875833,0.03482513724745291,0.03848799698905129,0.0,0.0,0.0,0.0,0.0,0.0,0.0,1.0,0.0,0.0,0.0,0.0,0.20214567479932488
DF_pH6_2,-0.08694662781472765,0.04941641172799079,-0.007842392567950097,-0.12984130165256233,0.028067372428739194,-0.03349681112186417,-0.029217632276451452,-0.012770201528201934,0.03028195879260159,0.06170692421131481,0.0,0.0,0.0,0.0,0.0,0.0,0.0,1.0,0.0,0.0,0.0,0.0,0.19208393008372077
DF_pH7_0,-0.07894302187527975,0.054042238553014134,-0.014843800801621829,-0.12181658798666754,0.020369711037239308,-0.02422995429567021,-0.026240331754898247,-0.007928798587425899,0.037131843076937884,0.03181641227606198,0.0,0.0,0.0,0.0,0.0,0.0,0.0,1.0,0.0,0.0,0.0,0.0,0.4761566893788473
DF_pH7_1,-0.09339451947127995,0.07009637998417019,-0.012519795461760266,-0.13382062365908337,0.024027929799631247,-0.03270242670550942,-0.030540660410390604,-0.008855010873597606,0.03153262380348599,0.055533814181209264,0.0,0.0,0.0,0.0,0.0,0.0,0.0,1.0,0.0,0.0,0.0,0.0,0.48226683949395216
DF_pH7_2,-0.09565470830577871,0.07208754853588407,-0.015281691288413564,-0.12210008119718863,0.024735980493057034,-0.029869819276196807,-0.03832317907768099,-0.008628745560088883,0.038759191971191244,0.043633218500763175,0.0,0.0,0.0,0.0,0.0,0.0,0.0,1.0,0.0,0.0,0.0,0.0,0.4811025384560845
DF_pH8_0,-0.0762198533166362,0.06303400476503632,-0.01588447405835209,-0.1346841978723102,0.02563514937322749,-0.02869317988622124,-0.027777250103814443,-0.003467652896500152,0.04425680096220712,0.02315835323225221,0.0,0.0,0.0,0.0,0.0,0.0,0.0,1.0,0.0,0.0,0.0,0.0,0.6161936979692529
DF_pH8_1,-0.06654824037266815,0.056284877717009046,-0.005826504178264219,-0.11563591020789157,0.02174134262999439,-0.026329421688114175,-0.021680247677976022,-0.004842681342168997,0.02847515606321394,0.0037193292557545334,0.0,0.0,0.0,0.0,0.0,0.0,0.0,1.0,0.0,0.0,0.0,0.0,0.6417698578516113
DF_pH8_2,-0.10705374848826422,0.06025831174631806,-0.011565691251307728,-0.11915114324782852,0.030269510358895937,-0.024316125352988417,-0.02018649585059155,-0.0031997782720819762,0.032110064332980824,0.03219279622375641,0.0,0.0,0.0,0.0,0.0,0.0,0.0,1.0,0.0,0.0,0.0,0.0,0.6440713470669853
DF_pH9_0,-0.06157440980815369,0.05241143175360302,-0.013913278562300225,-0.10705795488360782,0.02530574257930984,-0.0293775928085265,-0.023985115686107592,-0.003379231731852759,0.02814244634795772,0.0027856627912463032,0.0,0.0,0.0,0.0,0.0,0.0,0.0,1.0,0.0,0.0,0.0,0.0,0.7292859280132171
DF_pH9_1,-0.08174066457897423,0.066985831970106,-0.009207512209515855,-0.121438711664194,0.0247288405166372,-0.03462620551819386,-0.02413215956205259,-0.0027193704943941992,0.03988116909466359,0.011626496522322942,0.0,0.0,0.0,0.0,0.0,0.0,0.0,1.0,0.0,0.0,0.0,0.0,0.7412574926289346
DF_pH9_2,-0.053278386636596654,0.05782621693190025,-0.011068272904452421,-0.12915185407937868,0.02002299335582749,-0.03148409422365544,-0.017448038500936135,-0.0024104520646126403,0.029363238970627602,0.006986349350165414,0.0,0.0,0.0,0.0,0.0,0.0,0.0,1.0,0.0,0.0,0.0,0.0,0.747526246417331
comm11_4_1,0.08836687326674231,-0.07415059372499262,0.014212738426159251,0.2385000713687876,-0.05763270548382854,0.0336080457828939,0.05042787791148799,-0.01577752904116135,0.0649766626743519,-0.33084890591952476,1.0,1.0,1.0,1.0,1.0,1.0,1.0,1.0,0.0,0.0,0.0,0.0,-0.0016139570379183382
comm11_4_2,0.10069676711062052,-0.048918833308245833,0.007417643378772166,0.25558163354173297,-0.07172508119443516,0.06619795275568637,0.036242469475483104,-0.000266648926569719,0.06979589046869913,-0.4026815803191099,1.0,1.0,1.0,1.0,1.0,1.0,1.0,1.0,0.0,0.0,0.0,0.0,0.0004845233155374915
comm11_4_3,0.12725325711354935,-0.0557655799648036,0.02048877171402716,0.21033123856855795,-0.054607463131618246,0.05414814935875653,0.024713944337614206,-0.013416890512908935,0.06571443688772294,-0.3660840606377662,1.0,1.0,1.0,1.0,1.0,1.0,1.0,1.0,0.0,0.0,0.0,0.0,0.001874459798070219
comm11_4_4,0.12353519692369133,-0.013177926952181304,-0.0038058038408179625,0.19367252301060311,-0.036547618359327315,0.04014192628917162,0.028123025275442907,-0.015859933947415448,0.0627567391194727,-0.36498303278065886,1.0,1.0,1.0,1.0,1.0,1.0,1.0,1.0,0.0,0.0,0.0,0.0,0.0053181834532889495
comm11_5_1,0.17260204536475887,-0.09313342331544212,-0.008508634769317253,0.2540659763902912,-0.08807909153766286,0.0654818205503018,0.03690908646453981,-0.008428626968727817,0.07254505633821953,-0.3677442206090073,1.0,1.0,1.0,1.0,1.0,1.0,1.0,1.0,0.0,0.0,0.0,0.0,0.05114127579932972
comm11_5_2,0.12435510188746059,-0.03989336224313339,-0.004625961542048536,0.20898512878819658,-0.05315674822898988,0.07779376091880963,0.028284603264992648,-0.01098002386846296,0.07103089154859925,-0.3805431474680486,1.0,1.0,1.0,1.0,1.0,1.0,1.0,1.0,0.0,0.0,0.0,0.0,0.02446646428818786
comm11_5_3,0.15969076959537745,-0.05838012834848917,-0.01233063582209465,0.2166489580666404,-0.09715928181398495,0.05693815058340196,0.04187748793998491,-0.005174309984254444,0.06695050162506169,-0.3405191769572378,1.0,1.0,1.0,1.0,1.0,1.0,1.0,1.0,0.0,0.0,0.0,0.0,0.039343210450552515
comm11_5_4,0.12075782588602087,-0.05305924378214002,-0.011336855817100278,0.2883763533753707,-0.07650106289747939,0.034933331410765,0.049988448238000284,0.0014552035713163358,0.06391190506801335,-0.39541455181801444,1.0,1.0,1.0,1.0,1.0,1.0,1.0,1.0,0.0,0.0,0.0,0.0,0.02826352230444504
comm11_6_1,0.3545564363670089,-0.04652692774958588,0.014914588754915662,0.4325121666628706,-0.11856681997482872,0.14505888497983307,0.09842967717543892,0.11026687995409191,0.11984701416090777,0.10348388191474518,1.0,1.0,1.0,1.0,1.0,1.0,1.0,1.0,0.0,0.0,0.0,0.0,0.16172687662413934
comm11_6_2,0.4134242475935783,-0.11388978234735195,0.050598427492558315,0.5603288642920391,-0.1322011284797412,0.19280812934567415,0.12530825559171324,0.14796575675394547,0.14030733525955483,0.2867894180459172,1.0,1.0,1.0,1.0,1.0,1.0,1.0,1.0,0.0,0.0,0.0,0.0,0.20214567479932488
comm11_6_3,0.44711166490193294,-0.12869542483361843,0.08618543572845346,0.48769269504098467,-0.10231756113145662,0.16465166874837295,0.12585137463944113,0.13110733039231728,0.12903711295079284,0.3143018794849355,1.0,1.0,1.0,1.0,1.0,1.0,1.0,1.0,0.0,0.0,0.0,0.0,0.19208393008372077
comm11_6_4,0.47056275697384503,-0.09636775972848029,0.06307431147474309,0.5404935297604814,-0.10265759864538583,0.13290857047773894,0.09711628690564435,0.0938041021504804,0.1403502208528959,0.3122848222846084,1.0,1.0,1.0,1.0,1.0,1.0,1.0,1.0,0.0,0.0,0.0,0.0,0.19174196501252805
comm11_7_1,0.6486388646260552,-0.4469963572259345,0.09973282011023361,0.6114957214900009,-0.33947811629987606,0.22266305218288754,0.13391104708385201,0.10980065073089106,0.15822781834224967,0.3483283895128609,1.0,1.0,1.0,1.0,1.0,1.0,1.0,1.0,0.0,0.0,0.0,0.0,0.4761566893788473
comm11_7_2,0.5216716356089581,-0.40131286238401137,0.09462990345190399,0.6340796659996167,-0.15029921708790503,0.21732742502030147,0.16808249314842016,0.02435716094044239,0.1375752702772455,0.2808691586181522,1.0,1.0,1.0,1.0,1.0,1.0,1.0,1.0,0.0,0.0,0.0,0.0,0.48226683949395216
comm11_7_3,0.5815699871921021,-0.5193325034188835,0.11887422393845477,0.4719083015001176,-0.17243759495692088,0.25894334017542064,0.15836090643525774,0.12146713125316995,0.1614632784923457,0.3498853962046458,1.0,1.0,1.0,1.0,1.0,1.0,1.0,1.0,0.0,0.0,0.0,0.0,0.4811025384560845
comm11_7_4,0.5781186161623537,-0.5007209423803926,0.1304241841326913,0.5709585909071663,-0.2066072565219973,0.18041603986173865,0.17608809418692858,0.0658458450432543,0.16761562894543872,0.3685636664785283,1.0,1.0,1.0,1.0,1.0,1.0,1.0,1.0,0.0,0.0,0.0,0.0,0.4811025384560845
comm11_8_1,0.44203280174740306,-0.4495215189286871,0.0732252722784229,0.5368268280816468,-0.17650544008442567,0.1744834293979828,0.18142360070355884,-0.05190817865624053,0.1479988708472608,0.22079183812617595,1.0,1.0,1.0,1.0,1.0,1.0,1.0,1.0,0.0,0.0,0.0,0.0,0.6161936979692529
comm11_8_2,0.41194811100261697,-0.4869783131762043,0.059100800498348226,0.47937808469302295,-0.16704860287880444,0.1872390129174228,0.2897228812438476,-0.06018645041865176,0.1452714025103689,0.15863885932480515,1.0,1.0,1.0,1.0,1.0,1.0,1.0,1.0,0.0,0.0,0.0,0.0,0.6417698578516113
comm11_8_3,0.4614258715587303,-0.5345966412127019,0.0951852100767681,0.5044113108657463,-0.19860687817689834,0.2287148687717221,0.20567911652200238,-0.07515521862625105,0.13891093724488243,0.18376020738814508,1.0,1.0,1.0,1.0,1.0,1.0,1.0,1.0,0.0,0.0,0.0,0.0,0.6440713470669853
comm11_8_4,0.5231228229180788,-0.5410034416008579,0.098950190493918,0.5231734486300822,-0.19266392054279216,0.19454478774786643,0.22044024644257582,-0.08572743255645034,0.13412925591530356,0.14912647354295078,1.0,1.0,1.0,1.0,1.0,1.0,1.0,1.0,0.0,0.0,0.0,0.0,0.6395779816459941
comm11_9_1,0.4474672343436142,-0.4953636422951746,0.0866670753940454,0.450957195967355,-0.17899007899646205,0.1962106679784864,0.16678094098060997,-0.08067893620823387,0.12697504498428946,0.017291637804845106,1.0,1.0,1.0,1.0,1.0,1.0,1.0,1.0,0.0,0.0,0.0,0.0,0.7292859280132171
comm11_9_2,0.4506544741931493,-0.47440980318407316,0.07828664463904243,0.48323609169815535,-0.20779439997899796,0.16574545227882007,0.1289461448355375,-0.08201161890736092,0.11244724398235913,0.04394655612580802,1.0,1.0,1.0,1.0,1.0,1.0,1.0,1.0,0.0,0.0,0.0,0.0,0.7412574926289346
comm11_9_3,0.37049468120479057,-0.46088798028173966,0.0673630594741553,0.4853134372056988,-0.20861025389081422,0.15451292343802103,0.14452818958291214,-0.055896919892452955,0.11826942458384383,0.06717478142889298,1.0,1.0,1.0,1.0,1.0,1.0,1.0,1.0,0.0,0.0,0.0,0.0,0.747526246417331
comm11_9_4,0.36161276749821136,-0.42493278687252944,0.06308791606241596,0.4567800417995972,-0.15008677289011366,0.16765632192806706,0.16406868977350708,-0.07456953089076865,0.10400190572618791,0.03256245039808363,1.0,1.0,1.0,1.0,1.0,1.0,1.0,1.0,0.0,0.0,0.0,0.0,0.7409024335149471
