Experiments,CC_OD<--AC_OD,CC_OD<--BA_OD,CC_OD<--BC_OD,CC_OD<--BL_OD,CC_OD<--BT_OD,CC_OD<--BV_OD,CC_OD<--CC_OD,CC_OD<--DF_OD,CC_OD<--parc+_OD,CC_OD<--pH,AC_OD,BA_OD,BC_OD,BL_OD,BT_OD,BV_OD,CC_OD,DF_OD,wt_OD,delarc_OD,parc-_OD,parc+_OD,pH
5comm11parc_1,0.01678886347789439,0.0260003338598788,-0.024167045525923043,-0.0014915024266456774,-0.012490514777297073,-0.01789366116347399,0.10469487953769126,-0.0329020437514713,-0.10484578509906145,-0.06897856344043721,1.0,1.0,1.0,1.0,1.0,1.0,1.0,1.0,0.0,0.0,0.0,1.0,0.0997489321824637
5comm11parc_2,0.0330988881882766,0.010410078589946194,-0.024229147725171696,-0.005856597064336274,-0.02413651854705836,-0.00907042501833411,0.07145323642251161,-0.027889765515397104,-0.09683865187876936,-0.042226136617980005,1.0,1.0,1.0,1.0,1.0,1.0,1.0,1.0,0.0,0.0,0.0,1.0,0.0997489321824637
5comm11parc_3,0.03704765899056246,0.01704452834117388,-0.032936347486329794,0.0025446763306694155,-0.024782792405407556,0.004259950112318618,0.09459693985014307,-0.04498643103663041,-0.10241864973254018,-0.06565457208492063,1.0,1.0,1.0,1.0,1.0,1.0,1.0,1.0,0.0,0.0,0.0,1.0,0.0997489321824637
5comm11parc_4,0.03688823550630807,0.003847487597098654,-0.025661571608633617,-0.004082102469502666,-0.018478857414118702,-0.004347136697033419,0.08291105065120222,-0.03927171873313414,-0.0955766399049848,-0.051513786106471594,1.0,1.0,1.0,1.0,1.0,1.0,1.0,1.0,0.0,0.0,0.0,1.0,0.0997489321824637
6comm11parc_1,0.054345882213522635,0.011081522969458168,-0.02368269776156091,0.039419679832442295,-0.03410378449819173,0.012324135404981108,0.16602861577037564,0.016742956666630168,-0.1395583219360054,0.11574285483519223,1.0,1.0,1.0,1.0,1.0,1.0,1.0,1.0,0.0,0.0,0.0,1.0,0.294943607271727
6comm11parc_2,0.04529920946558654,-0.0026793023811288812,-0.007217905743746088,0.03291472480758901,-0.02025762962891073,0.015843345854866683,0.13186876793948768,0.0045714698950051445,-0.10796328330807306,0.1259614465961678,1.0,1.0,1.0,1.0,1.0,1.0,1.0,1.0,0.0,0.0,0.0,1.0,0.294943607271727
6comm11parc_3,0.05610471222129569,0.03617570047762812,-0.012721165341841385,0.044769111114260525,-0.02722353579992751,0.00303434454689167,0.12605304133035647,0.026222519659508108,-0.1383139265854033,0.10424004187407576,1.0,1.0,1.0,1.0,1.0,1.0,1.0,1.0,0.0,0.0,0.0,1.0,0.294943607271727
6comm11parc_4,0.05920209724780011,0.008461458141935742,-0.021071049130886137,0.04485569977034489,-0.023768662128081215,0.012534468728978104,0.14427564093321762,0.021629847576284948,-0.11663022446734624,0.08885156682459637,1.0,1.0,1.0,1.0,1.0,1.0,1.0,1.0,0.0,0.0,0.0,1.0,0.294943607271727
7comm11parc_1,0.08455225777721195,-0.047707540564006196,-0.0037279900544039597,0.0202995264151579,-0.041352861866446045,0.006328085632033081,0.1325502751764598,-0.006797714411412652,-0.1757399085684396,0.02577638917855676,1.0,1.0,1.0,1.0,1.0,1.0,1.0,1.0,0.0,0.0,0.0,1.0,0.5477367110758552
7comm11parc_2,0.06940955730347449,-0.044437204375255696,-0.017027572361074148,0.028701134594207964,-0.04298905641377053,0.0007198967194468122,0.13853833653194747,-0.008401394674260902,-0.1662197380940146,0.03588655948401025,1.0,1.0,1.0,1.0,1.0,1.0,1.0,1.0,0.0,0.0,0.0,1.0,0.5477367110758552
7comm11parc_3,0.08513552059191684,-0.03190728753633068,-0.010641640446442379,0.018533287573423554,-0.03606779451547799,-0.0022599960500171963,0.10280607067144718,-0.01596453146928029,-0.15540260306427897,0.03994949295975105,1.0,1.0,1.0,1.0,1.0,1.0,1.0,1.0,0.0,0.0,0.0,1.0,0.5477367110758552
7comm11parc_4,0.04642916585850207,-0.034902566919184246,-0.018345763580822995,0.02884743561629084,-0.030129586058395465,0.0009683761272943915,0.12894135807246054,-0.012293322610304407,-0.14948876610795112,0.03415418831682157,1.0,1.0,1.0,1.0,1.0,1.0,1.0,1.0,0.0,0.0,0.0,1.0,0.5477367110758552
8comm11parc_1,0.0512660647826978,-0.023243602680133493,-0.009803298645875537,0.02567999329336959,-0.046193386190267194,0.001572914975897774,0.1060726711798824,-0.030407894370551025,-0.09511200005912383,-0.04296053012595108,1.0,1.0,1.0,1.0,1.0,1.0,1.0,1.0,0.0,0.0,0.0,1.0,0.8453285927693228
8comm11parc_2,0.07282520022167337,-0.058591550832776285,-0.005430649775535922,0.021051351408494397,-0.04754271276360984,0.009657557183907007,0.11512086383107563,-0.04927432466435002,-0.09878596082684055,-0.022158841622092407,1.0,1.0,1.0,1.0,1.0,1.0,1.0,1.0,0.0,0.0,0.0,1.0,0.8453285927693228
8comm11parc_3,0.07225012477543002,-0.003406378318069745,-0.012813887932924959,0.015623135726959638,-0.02512865904789499,0.003879603864726329,0.11152578552339593,-0.07748198812427606,-0.11097733807947445,-0.03659946622792631,1.0,1.0,1.0,1.0,1.0,1.0,1.0,1.0,0.0,0.0,0.0,1.0,0.8453285927693228
8comm11parc_4,0.060269884343471615,-0.037598362074628404,-0.009629690356846172,0.030972941055306753,-0.04059467345202827,0.011092126638800635,0.14389932739760974,-0.07907726955306515,-0.12015565300638706,-0.0223076988322883,1.0,1.0,1.0,1.0,1.0,1.0,1.0,1.0,0.0,0.0,0.0,1.0,0.8453285927693228
parc+_pH4_0,-0.005418403227206158,-0.002915638876754952,0.004654972780718589,-0.0018130742489238791,0.0037486061787880627,-0.0009554410426189062,-0.028902799843344845,0.006506007273843431,-0.015532874109668901,-0.022500422314700227,0.0,0.0,0.0,0.0,0.0,0.0,0.0,0.0,0.0,0.0,0.0,1.0,0.0032572508755295392
parc+_pH4_1,-0.007905596289277563,-0.003819168078328442,0.004202088172162843,-0.0019641196521242026,0.007608534454003622,-0.0002918616697475637,-0.02220904713881242,0.0037746140410435266,-0.02582030812010129,-0.016704203258825302,0.0,0.0,0.0,0.0,0.0,0.0,0.0,0.0,0.0,0.0,0.0,1.0,-0.004437627208196163
parc+_pH4_2,-0.006966932691714686,0.003393716121841546,0.0057733275075240635,-0.0033273125706119056,0.006163325554023131,-1.587940572315526e-05,-0.02071682410193202,0.00401881906396264,-0.023088954167602507,-0.028362350428740135,0.0,0.0,0.0,0.0,0.0,0.0,0.0,0.0,0.0,0.0,0.0,1.0,0.0011803763326671925
parc+_pH5_0,-0.005292520204700691,-0.0015887568305934907,0.0020095674505295306,-0.0032135862663752674,0.0014717343295721896,0.00011121159348555903,-0.026952621638977332,0.004495446653024334,-0.02439203720863746,-0.009777503397983863,0.0,0.0,0.0,0.0,0.0,0.0,0.0,0.0,0.0,0.0,0.0,1.0,0.08114687964645667
parc+_pH5_1,-0.004999800577921712,-0.004769228242651519,0.007031650212390912,-0.005799654101669463,0.0029909574379132172,-0.0012210837666593165,-0.03012724308904422,0.005262395933108486,-0.0259411201436761,-0.005555941164949098,0.0,0.0,0.0,0.0,0.0,0.0,0.0,0.0,0.0,0.0,0.0,1.0,0.11230826956373989
parc+_pH5_2,-0.008437914104130041,-0.0058205682587931335,0.0053909809152474205,-0.0022186782891335695,0.004082541805995709,0.0003623211282588867,-0.031095119495066294,0.007942720305620005,-0.023273287293572056,-0.010062064554481567,0.0,0.0,0.0,0.0,0.0,0.0,0.0,0.0,0.0,0.0,0.0,1.0,0.09911694942295314
parc+_pH6_0,-0.008335466843867757,0.0037481454088676563,0.007850429835101671,-0.004567043202746984,0.004928885593949614,0.0001844750435860921,-0.07200334516910674,0.014239056406178228,-0.04703661962098482,0.03786241506165622,0.0,0.0,0.0,0.0,0.0,0.0,0.0,0.0,0.0,0.0,0.0,1.0,0.2884225051673924
parc+_pH6_1,-0.010825487939519401,-0.0004461600104063421,0.008131336101796477,-0.004856955472926568,0.008528535295703,-0.000515732668826114,-0.05694424469955267,0.002214021579281467,-0.04855764242405396,0.040143262699307146,0.0,0.0,0.0,0.0,0.0,0.0,0.0,0.0,0.0,0.0,0.0,1.0,0.29127362738877827
parc+_pH6_2,-0.005973490060145116,0.0018651320466407276,0.004425270706111485,-0.011195773709788108,0.006184844215218301,-0.0005682092414075582,-0.0635310314690856,0.005900379125555249,-0.03806267211082108,0.037826484941431995,0.0,0.0,0.0,0.0,0.0,0.0,0.0,0.0,0.0,0.0,0.0,1.0,0.2957269459022493
parc+_pH7_0,-0.016573014016890816,0.006494039228266996,0.004429034874774514,-0.011439452526746725,0.009189398317071407,0.000781606854162301,-0.04901857562120194,0.011588164501438809,-0.03268365622710679,0.014103386776177618,0.0,0.0,0.0,0.0,0.0,0.0,0.0,0.0,0.0,0.0,0.0,1.0,0.5922068579302491
parc+_pH7_1,-0.0095367669844595,0.004764299143470176,0.00772118281871688,-0.006031358253777675,0.008436356923370825,-0.004073301049496007,-0.0440867562442208,0.0035390808953620163,-0.03550976971812223,0.011647966870754633,0.0,0.0,0.0,0.0,0.0,0.0,0.0,0.0,0.0,0.0,0.0,1.0,0.5480973412378645
parc+_pH7_2,-0.013987557738260159,0.0026575679015165754,0.005191904027622353,-0.007816729237244507,0.008680016951352036,-0.0023609474884427125,-0.047839145631448414,0.01245328769669868,-0.03629330372832634,0.01618584190242236,0.0,0.0,0.0,0.0,0.0,0.0,0.0,0.0,0.0,0.0,0.0,1.0,0.5469120935714209
parc+_pH8_0,-0.010408673297573367,0.002834597688633947,0.0036332119125670388,-0.0061701075362203565,0.006355735145752195,-0.0013473802092788811,-0.035523398887649514,0.015633202824873203,-0.027538000117258536,-0.010598254963026745,0.0,0.0,0.0,0.0,0.0,0.0,0.0,0.0,0.0,0.0,0.0,1.0,0.8455353071301549
parc+_pH8_1,-0.00669931691210798,0.0066136543505379685,0.0054226822896010175,-0.004941628412141099,0.00551403155413699,-0.0002510804021933481,-0.03039896063901403,0.01634514851303285,-0.03180683655593463,-0.022926761625972368,0.0,0.0,0.0,0.0,0.0,0.0,0.0,0.0,0.0,0.0,0.0,1.0,0.8378107178569503
parc+_pH8_2,-0.007821495705284178,0.0030506673057401627,0.003429460835936681,-0.005210021252683161,0.008609545318733739,-0.0034284068699723673,-0.028775234647378658,0.011160010654003483,-0.029560253708420893,-0.014583339544782494,0.0,0.0,0.0,0.0,0.0,0.0,0.0,0.0,0.0,0.0,0.0,1.0,0.8442380625189879
parc+_pH9_0,-0.008470882137974159,-0.001945599172284584,0.004102836713275831,-0.0024518105816905907,0.006406501865206774,-0.0006474144272405007,-0.020348866250284984,0.005653747828150897,-0.02763348420879439,-0.01779409746841892,0.0,0.0,0.0,0.0,0.0,0.0,0.0,0.0,0.0,0.0,0.0,1.0,1.003926186226973
parc+_pH9_1,-0.009716261693316958,0.003647625617500717,0.0030904765955536906,-0.0033883130134326283,0.005214264053223734,-0.0011407191135272704,-0.024978349870981895,0.004731273229395889,-0.019828445015414416,-0.02076061862905551,0.0,0.0,0.0,0.0,0.0,0.0,0.0,0.0,0.0,0.0,0.0,1.0,0.9964236708955914
parc+_pH9_2,-0.00667520414956886,-0.0009952893450289322,0.0031809473788851628,-0.0072106646756520095,0.007306129755047352,-0.002010623128153383,-0.03378383974220766,0.014357901425708251,-0.022441342539032516,-0.01485708061403231,0.0,0.0,0.0,0.0,0.0,0.0,0.0,0.0,0.0,0.0,0.0,1.0,0.9996501428774356
AC_pH4_0,0.016305621002355344,-0.005215404360534867,0.00728538720190282,-0.004740262297994416,0.007325575622304786,0.00029082097953347415,-0.049413804247995595,0.014615762934655597,0.008440443806694415,-0.05802320519786167,1.0,0.0,0.0,0.0,0.0,0.0,0.0,0.0,0.0,0.0,0.0,0.0,-0.0016139570379183382
AC_pH4_1,0.012357215461847574,-0.009551592904406239,0.004462037625034219,-0.00041596986717827957,0.008006020316236612,-0.001512423524248373,-0.046287875527455266,0.017134223148307724,0.008196064637690459,-0.05551676650617635,1.0,0.0,0.0,0.0,0.0,0.0,0.0,0.0,0.0,0.0,0.0,0.0,0.0004845233155374915
AC_pH4_2,0.012368588740734949,-0.0064079859066228165,0.0056878645028716505,-0.0025250840283241923,0.007548960388395126,-0.006027658719508705,-0.05021204617562826,0.013832144668103074,0.01038231942701437,-0.04777617024470363,1.0,0.0,0.0,0.0,0.0,0.0,0.0,0.0,0.0,0.0,0.0,0.0,0.001874459798070219
AC_pH5_0,0.011186753354318764,-0.010927918755257018,0.006708682705698859,-0.0026727876439184427,0.01138266114042262,-0.002046407570799246,-0.05065619827622708,0.013074650449536578,0.008299151351624777,-0.04747765470397375,1.0,0.0,0.0,0.0,0.0,0.0,0.0,0.0,0.0,0.0,0.0,0.0,0.05114127579932972
AC_pH5_1,0.011643398143351075,-0.01120266920330165,0.005515159627969335,0.0020698291382185473,0.007422502087935318,-0.0021430933420829804,-0.05424602581643621,0.02262371139236443,0.007549661889814002,-0.05236153821400164,1.0,0.0,0.0,0.0,0.0,0.0,0.0,0.0,0.0,0.0,0.0,0.0,0.02446646428818786
AC_pH5_2,0.01142734094320432,-0.011052927799350786,0.009228999613298344,-0.001981630092031203,0.011557908128218154,-0.0018309014419134215,-0.06955665968510359,0.016896896615786396,0.009426476288100949,-0.03724456797910691,1.0,0.0,0.0,0.0,0.0,0.0,0.0,0.0,0.0,0.0,0.0,0.0,0.039343210450552515
AC_pH6_0,0.004587752095059207,-0.022452029417491633,0.011217668127754456,-0.005368631966108373,0.013013385116608569,0.0018751475577364134,-0.10529757044156608,0.011234791346359995,0.012462655077890857,0.015597766650253506,1.0,0.0,0.0,0.0,0.0,0.0,0.0,0.0,0.0,0.0,0.0,0.0,0.16172687662413934
AC_pH6_1,0.010328721715056374,-0.027080342556633375,0.012949804448239182,-0.0007920098795717496,0.01932443334346475,-0.0011809008987620473,-0.14517535014401958,0.029402058421856846,0.012107860627280469,0.026986659433206786,1.0,0.0,0.0,0.0,0.0,0.0,0.0,0.0,0.0,0.0,0.0,0.0,0.20214567479932488
AC_pH6_2,0.010341700820819187,-0.022330343352590237,0.009982140835566932,-0.007857595733366906,0.013943509235117663,-0.0019179294119670018,-0.11766333541154615,0.02409015960880029,0.01571354518431927,0.01256908296820019,1.0,0.0,0.0,0.0,0.0,0.0,0.0,0.0,0.0,0.0,0.0,0.0,0.19208393008372077
AC_pH7_0,0.02657023378202449,-0.009759358757772762,0.013766230462908579,-0.010713051652394074,0.013384785697815699,0.005431775039507322,-0.1914821532715881,0.03549224114789546,0.016845241288512787,0.03733498867570788,1.0,0.0,0.0,0.0,0.0,0.0,0.0,0.0,0.0,0.0,0.0,0.0,0.4761566893788473
AC_pH7_1,0.025022607078046894,-0.003746008400339633,0.009563489269019789,-0.009824471478856617,0.01785178992623949,0.00019202706424276564,-0.19990195317912604,0.03502498348577596,0.0192783598618015,0.04341010898017608,1.0,0.0,0.0,0.0,0.0,0.0,0.0,0.0,0.0,0.0,0.0,0.0,0.48226683949395216
AC_pH7_2,0.024336636688398278,-0.008302560205085446,0.010418143142622125,-0.004361879625053995,0.01873994611831301,-0.0006111774273702644,-0.20810804604562813,0.03221884529906042,0.019565071556413464,0.052975955608543804,1.0,0.0,0.0,0.0,0.0,0.0,0.0,0.0,0.0,0.0,0.0,0.0,0.4811025384560845
AC_pH8_0,0.030701563544571393,0.0002609394958910882,0.01369048628935833,-0.010655699503840878,0.01543268543951537,0.00019186443730217115,-0.2009400011672962,0.03504217760809495,0.015079503684385636,0.038067415282231475,1.0,0.0,0.0,0.0,0.0,0.0,0.0,0.0,0.0,0.0,0.0,0.0,0.6161936979692529
AC_pH8_1,0.033944971315238784,0.002179582336127921,0.01055588014034109,-0.009680787565176492,0.019381409599698838,0.002078293940538296,-0.2233041795738972,0.026028396319091804,0.021764436045955137,0.05392293233039749,1.0,0.0,0.0,0.0,0.0,0.0,0.0,0.0,0.0,0.0,0.0,0.0,0.6417698578516113
AC_pH8_2,0.03013492236642733,0.0012033586946073105,0.012745765843226207,-0.007407600420284207,0.02067029214246482,-0.0011228382602617465,-0.2007401031054779,0.02251430760937459,0.018888120313336997,0.03998470985472365,1.0,0.0,0.0,0.0,0.0,0.0,0.0,0.0,0.0,0.0,0.0,0.0,0.6440713470669853
AC_pH9_0,0.03501398615701042,0.002219232772325125,0.010382741871391139,-0.004985078249389872,0.02328447022444933,-0.002207833046862935,-0.2270446155813989,0.033666691365803636,0.02065640799883429,0.04588493034926892,1.0,0.0,0.0,0.0,0.0,0.0,0.0,0.0,0.0,0.0,0.0,0.0,0.7292859280132171
AC_pH9_1,0.03482169198439173,0.009435755087913054,0.0068763989599867036,-0.016477322041401236,0.020166594818862075,-0.007767456060619619,-0.1965957219249305,0.0437488031772512,0.014436867856521806,0.028225322462638595,1.0,0.0,0.0,0.0,0.0,0.0,0.0,0.0,0.0,0.0,0.0,0.0,0.7412574926289346
AC_pH9_2,0.032302049907005345,0.005866596364294705,0.010053826444377398,-0.011254480941848747,0.01812969406439072,0.000861140550620369,-0.2006309008400422,0.03238602332391209,0.01676359424327055,0.03239339167515382,1.0,0.0,0.0,0.0,0.0,0.0,0.0,0.0,0.0,0.0,0.0,0.0,0.747526246417331
BA_pH4_0,-0.013806316126239202,-0.0028893823358837685,0.011291297782698401,-0.007637472594885725,0.009581882051171978,-7.988009227277811e-05,-0.04756799085976798,0.016106724497740685,0.0072673300243711655,-0.03539526018698741,0.0,1.0,0.0,0.0,0.0,0.0,0.0,0.0,0.0,0.0,0.0,0.0,-0.0016139574737368786
BA_pH4_1,-0.020807345222033882,-0.0032906598998638597,0.005825968539524499,-0.002164031312618728,0.0071651423795391685,-0.0005691230311260924,-0.04487577245206289,0.013043740162949846,0.00906338143415506,-0.026520368502495572,0.0,1.0,0.0,0.0,0.0,0.0,0.0,0.0,0.0,0.0,0.0,0.0,0.00048452299554619434
BA_pH4_2,-0.013457453316482515,-0.002497518017240193,0.007010166284567474,-0.006137027059297038,0.009145267979727817,-0.002083155446706097,-0.043730053894282535,0.011010221910824921,0.010251866621471454,-0.032641382966615756,0.0,1.0,0.0,0.0,0.0,0.0,0.0,0.0,0.0,0.0,0.0,0.0,0.0018744598294293093
BA_pH5_0,-0.016794165354525752,-0.003076259386928186,0.00984614198895819,-0.004328864559268011,0.010772465172061776,-0.0028923633932540914,-0.06230037529315068,0.015361168952760004,0.014860996257048096,-0.0245778106834294,0.0,1.0,0.0,0.0,0.0,0.0,0.0,0.0,0.0,0.0,0.0,0.0,0.0511412745403946
BA_pH5_1,-0.01108517322679172,-0.0020290365458830533,0.010629353147081055,-0.008908788606463727,0.010352085470221935,-0.0002830063926217999,-0.059925108610085494,0.011382840770478969,0.01017467679850676,-0.023436910644497565,0.0,1.0,0.0,0.0,0.0,0.0,0.0,0.0,0.0,0.0,0.0,0.0,0.024466462930343342
BA_pH5_2,-0.014819912513434562,0.0012099879396998366,0.00816918957978487,-0.0015609626512488593,0.009357055462896821,-0.0022970926268633617,-0.06272903966221391,0.013520771766121948,0.008162914504823477,-0.02214197963962088,0.0,1.0,0.0,0.0,0.0,0.0,0.0,0.0,0.0,0.0,0.0,0.0,0.03934321135483189
BA_pH6_0,-0.017965263637876056,-0.0021697140841380417,0.013813281425214166,-0.01693366848448615,0.010185654323305125,0.003721791808594668,-0.11835937060618201,0.02517458905445655,0.01689328663020759,0.02251034573084958,0.0,1.0,0.0,0.0,0.0,0.0,0.0,0.0,0.0,0.0,0.0,0.0,0.16172687666300212
BA_pH6_1,-0.025885236728227817,-0.00566610607278088,0.016733845125418156,-0.015897645239070383,0.00969937466935295,-0.0005352038260468305,-0.11743986434880238,0.023372984368799494,0.013841028006990316,0.038647756204312746,0.0,1.0,0.0,0.0,0.0,0.0,0.0,0.0,0.0,0.0,0.0,0.0,0.20214567404454245
BA_pH6_2,-0.032725839560406034,-0.005404536808314531,0.009923790011190523,-0.010740226379838652,0.011944757819823595,-0.00038792316275446315,-0.12094660870741,0.02873286110095923,0.01957817633788142,0.03689648150881429,0.0,1.0,0.0,0.0,0.0,0.0,0.0,0.0,0.0,0.0,0.0,0.0,0.19208393160174653
BA_pH7_0,-0.03350029371871168,-0.01290527067795072,0.009573559311481761,-0.00969668984858562,0.017821913818707284,-0.0038873460811927256,-0.08878478669996738,0.026803786819092127,0.011445193703630533,0.020000865391718792,0.0,1.0,0.0,0.0,0.0,0.0,0.0,0.0,0.0,0.0,0.0,0.0,0.47615668850189524
BA_pH7_1,-0.04177448280925012,-0.012998200797921288,0.012387856101394508,-0.014998939221259208,0.016235401041441312,-0.0038109904132864387,-0.09303287193017167,0.036225977067066276,0.011425099424390206,0.02721208353638244,0.0,1.0,0.0,0.0,0.0,0.0,0.0,0.0,0.0,0.0,0.0,0.0,0.48226683981394347
BA_pH7_2,-0.02981268847786377,-0.008335502199099764,0.010204656985892064,-0.015460679515204188,0.02256303100077354,-0.0011436179794533097,-0.09759665354185372,0.02261341850415034,0.012330668234347322,0.02150829914825685,0.0,1.0,0.0,0.0,0.0,0.0,0.0,0.0,0.0,0.0,0.0,0.0,0.48110253833913064
BA_pH8_0,-0.038725953414104876,-0.010417955949821553,0.008318544966573624,-0.015719445154030363,0.006956739422419796,0.0014549949809746902,-0.05939516795141136,0.02253391540315731,0.01641995735284265,0.005445302503345453,0.0,1.0,0.0,0.0,0.0,0.0,0.0,0.0,0.0,0.0,0.0,0.0,0.6161936980952847
BA_pH8_1,-0.037837774144060414,-0.007980028232964486,0.009807191952840301,-0.012693699558528707,0.02666502387252758,-0.010445140917157838,-0.0706854581781258,0.03042833802462354,0.008669219319911105,0.0009432600208801094,0.0,1.0,0.0,0.0,0.0,0.0,0.0,0.0,0.0,0.0,0.0,0.0,0.6417698583743298
BA_pH8_2,-0.03848320785970629,-0.008474693501206196,0.008768661737178813,-0.013671057034972246,0.014026104664106082,-0.004050340950286584,-0.06614081330820108,0.030523349227505214,0.009759033570552,0.00461389561497566,0.0,1.0,0.0,0.0,0.0,0.0,0.0,0.0,0.0,0.0,0.0,0.0,0.64407134594908
BA_pH9_0,-0.033599027901199514,-0.006701251469228579,0.007655896868799689,-0.01112728730066801,0.020090363249385162,-0.00286738946325267,-0.08337669348739007,0.03413714040475696,0.014100425881131183,-0.001441244567319266,0.0,1.0,0.0,0.0,0.0,0.0,0.0,0.0,0.0,0.0,0.0,0.0,0.7292859295671521
BA_pH9_1,-0.0325795832789584,-0.006972721906216897,0.008319426584867354,-0.004593301125822346,0.0126982537533521,-0.006100416937842964,-0.05308958397712559,0.020161080000436173,0.010310931011690233,-0.011283151964434301,0.0,1.0,0.0,0.0,0.0,0.0,0.0,0.0,0.0,0.0,0.0,0.0,0.741257491587475
BA_pH9_2,-0.025050789415127717,-0.0064942005839522775,0.006416400295338064,-0.007310038846208835,0.01536584473842674,-0.004608500924811737,-0.05852953937694269,0.023141813025627605,0.008046625911906038,-0.014106682664309833,0.0,1.0,0.0,0.0,0.0,0.0,0.0,0.0,0.0,0.0,0.0,0.0,0.74752624576109
BC_pH4_0,-0.00992726900321229,-0.003445802619630147,-0.0025148469891966042,-0.0003616065513747541,0.007922341729230852,-0.002195278031285851,-0.03299204822417107,0.010784029779024418,0.005192792990406896,-0.03559137797200769,0.0,0.0,1.0,0.0,0.0,0.0,0.0,0.0,0.0,0.0,0.0,0.0,-0.0016139570379183382
BC_pH4_1,-0.019481812722464697,-0.004707825279885741,-0.002874110844796118,-0.0046248585210465236,0.010642483885572089,-0.0012908913172862452,-0.03373453044676748,0.011629340841849942,0.008600672944043965,-0.027287535873930093,0.0,0.0,1.0,0.0,0.0,0.0,0.0,0.0,0.0,0.0,0.0,0.0,0.0004845233155374915
BC_pH4_2,-0.012217375090416604,0.0002074898266152512,-0.0025148469891966042,-0.0038545331594777178,0.005394361869928063,-0.00022825748791270272,-0.0329308635157371,0.011434556627241165,0.004752794754711668,-0.03317239437778684,0.0,0.0,1.0,0.0,0.0,0.0,0.0,0.0,0.0,0.0,0.0,0.0,0.001874459798070219
BC_pH5_0,-0.014149181848270414,-0.0055406776791357484,-0.0030902385332054745,0.0021564667579798934,0.008481035851468534,-0.0011911666787067508,-0.03959128223207738,0.01820428419706371,0.0067101954734560265,-0.035118503218273756,0.0,0.0,1.0,0.0,0.0,0.0,0.0,0.0,0.0,0.0,0.0,0.0,0.05114127579932972
BC_pH5_1,-0.008095049370667372,-0.009343465282429903,-0.0021518606724946396,-0.00013294899846305608,0.008448668555761485,0.0010034493433372326,-0.04205936870173268,0.011886304315867955,0.0073766710630456065,-0.030061465474857923,0.0,0.0,1.0,0.0,0.0,0.0,0.0,0.0,0.0,0.0,0.0,0.0,0.02446646428818786
BC_pH5_2,-0.016645974257971034,0.000593702741291212,-0.0023985382849755488,-0.006234317814182167,0.008165927010628838,-0.003962887630534722,-0.03497816892953225,0.02284440782245087,0.007553228807493884,-0.038066444594170086,0.0,0.0,1.0,0.0,0.0,0.0,0.0,0.0,0.0,0.0,0.0,0.0,0.039343210450552515
BC_pH6_0,-0.01276980947986569,-0.008483064730864263,-0.00915817426689698,-0.005267800424582043,0.011342429891836061,-0.0012732747149572742,-0.06794173554841265,0.014845175868527887,0.009592805054524669,0.005984383903079383,0.0,0.0,1.0,0.0,0.0,0.0,0.0,0.0,0.0,0.0,0.0,0.0,0.16172687662413934
BC_pH6_1,-0.011775507527282058,-0.007896566418475349,-0.009207445360598681,-0.0063170732243452215,0.012076732606991478,-0.0020812471853771607,-0.08329023699063566,0.011188178786643497,0.009178722506672468,0.02499537774655239,0.0,0.0,1.0,0.0,0.0,0.0,0.0,0.0,0.0,0.0,0.0,0.0,0.20214567479932488
BC_pH6_2,-0.018158333635301855,-0.006249381297966467,-0.00717250378863157,-0.003775747275010319,0.011504409117118008,-0.0028553196894126405,-0.0845882312267128,0.018646791689907728,0.008981635611929488,0.020537615146730904,0.0,0.0,1.0,0.0,0.0,0.0,0.0,0.0,0.0,0.0,0.0,0.0,0.19208393008372077
BC_pH7_0,-0.03149409705044134,0.0017376768889675002,-0.002618509671934273,-0.0017115248698214795,0.012225600130825668,0.0012391465549033294,-0.10894675071634677,0.016730271247114337,0.013650420320716321,0.036058699896093456,0.0,0.0,1.0,0.0,0.0,0.0,0.0,0.0,0.0,0.0,0.0,0.0,0.4761566893788473
BC_pH7_1,-0.025351267995150837,0.00909201608581023,-0.0030617107319362135,-0.005513886673952979,0.010002594180455755,-0.004976757498478272,-0.11568868854700629,0.027380293052967485,0.011143919826464968,0.033844421089211804,0.0,0.0,1.0,0.0,0.0,0.0,0.0,0.0,0.0,0.0,0.0,0.0,0.48226683949395216
BC_pH7_2,-0.031569826222156455,-0.0035173930593199393,-0.0017733470986232814,-0.0022842746014382835,0.02083543384123756,-0.002240711708310182,-0.11875359960664669,0.023206746591983938,0.0146590984588408,0.038308808158313765,0.0,0.0,1.0,0.0,0.0,0.0,0.0,0.0,0.0,0.0,0.0,0.0,0.4811025384560845
BC_pH8_0,-0.03338441366096958,0.00280291472926088,-0.003520514727367657,-0.015784117064094577,0.01560112257204626,-0.001399391269635247,-0.08601138736566771,0.02849135599109223,0.015684260535560067,0.014391105046860227,0.0,0.0,1.0,0.0,0.0,0.0,0.0,0.0,0.0,0.0,0.0,0.0,0.6161936979692529
BC_pH8_1,-0.027730438474606236,0.003453908640202944,-0.003893973302379573,-0.011061322545814935,0.011418927749365808,8.287325364780482e-05,-0.09469267979076983,0.026721583112780736,0.015425286348554832,0.0171467699888466,0.0,0.0,1.0,0.0,0.0,0.0,0.0,0.0,0.0,0.0,0.0,0.0,0.6417698578516113
BC_pH8_2,-0.03268311938837818,0.01009762854715202,-0.003752749018958244,-0.008968862877834752,0.017226352701925306,-0.0038185089555791683,-0.08493200498547039,0.020412922258711542,0.014638135924368448,0.008651140214288203,0.0,0.0,1.0,0.0,0.0,0.0,0.0,0.0,0.0,0.0,0.0,0.0,0.6440713470669853
BC_pH9_0,-0.02457123483025023,0.009167884056881556,-0.003884208522149888,-0.007285458025644007,0.010030774247792102,-0.0010154429246145094,-0.0758499108157728,0.022422241616194417,0.00891705750214422,-0.0010607675304535138,0.0,0.0,1.0,0.0,0.0,0.0,0.0,0.0,0.0,0.0,0.0,0.0,0.7292859280132171
BC_pH9_1,-0.03692653330321344,0.006807781796365894,-0.003984210685340932,-0.010946145220609056,0.014203522555965364,-0.008663988216354957,-0.07922264387001002,0.030287123606489642,0.012832763725689254,0.012483265098619634,0.0,0.0,1.0,0.0,0.0,0.0,0.0,0.0,0.0,0.0,0.0,0.0,0.7412574926289346
BC_pH9_2,-0.024716733261214003,-0.0024420523768513597,-0.003983266905921958,-0.0053953005341590265,0.021004486586493645,-0.0025021451918165317,-0.07711609172047643,0.020632805153322605,0.013018759277790946,-0.0016295262992017607,0.0,0.0,1.0,0.0,0.0,0.0,0.0,0.0,0.0,0.0,0.0,0.0,0.747526246417331
BL_pH4_0,-0.011837862481403609,-0.0027332098513801147,0.008810507966225723,0.009301525151923949,0.007490474467378353,-0.0006639944086782635,-0.05184611345843776,0.01275373111428369,0.008607170388416348,-0.04301129685066965,0.0,0.0,0.0,1.0,0.0,0.0,0.0,0.0,0.0,0.0,0.0,0.0,-0.0016139570379183382
BL_pH4_1,-0.009494920865956533,-0.002937048280449666,0.00496734631536326,0.006490022506888794,0.00802445860164564,-0.000727413361183489,-0.048683044477264674,0.014387998461530986,0.007234406554261627,-0.04239087329489057,0.0,0.0,0.0,1.0,0.0,0.0,0.0,0.0,0.0,0.0,0.0,0.0,0.0004845233155374915
BL_pH4_2,-0.012249494555062086,-0.004664020785940407,0.009146917945624371,0.005938674228103914,0.0055825779533378115,0.0011167839830538823,-0.04870854682430788,0.0145097358253501,0.0056896019461767176,-0.03949129755639108,0.0,0.0,0.0,1.0,0.0,0.0,0.0,0.0,0.0,0.0,0.0,0.0,0.001874459798070219
BL_pH5_0,-0.009084506966325494,-0.009349636728166725,0.00837784742693538,0.010145476379472279,0.00482461547823218,-0.0013200837836357887,-0.05072576804749627,0.013980450866359241,0.004206473059425859,-0.03418393552485529,0.0,0.0,0.0,1.0,0.0,0.0,0.0,0.0,0.0,0.0,0.0,0.0,0.05114127579932972
BL_pH5_1,-0.00984625530575969,-0.0061506793333177025,0.008341945950144335,0.010665727690186193,0.00562850391345463,-0.0004775838395479416,-0.05627350635006619,0.010849123695187028,0.007952214044053106,-0.033818558393471435,0.0,0.0,0.0,1.0,0.0,0.0,0.0,0.0,0.0,0.0,0.0,0.0,0.02446646428818786
BL_pH5_2,-0.010555785732222316,-0.007407018971406735,0.008817111283803924,0.008891756532956725,0.007365213523456907,0.0013127377153495734,-0.04762472626682289,0.01097864628111458,0.006021030658714312,-0.04092803268521295,0.0,0.0,0.0,1.0,0.0,0.0,0.0,0.0,0.0,0.0,0.0,0.0,0.039343210450552515
BL_pH6_0,-0.014494992297183236,-0.011142437381710371,0.017044142926435756,0.012554202649904334,0.011463744276425923,0.00973823533251719,-0.1352725316424166,0.013684196539992546,0.012877570500030466,0.02041880124461149,0.0,0.0,0.0,1.0,0.0,0.0,0.0,0.0,0.0,0.0,0.0,0.0,0.16172687662413934
BL_pH6_1,-0.010026715313610825,-0.018053044947269174,0.01134071741354368,0.013213193287020147,0.013596865261257017,0.004693224419151312,-0.1421290902190072,0.01904973356184833,0.01678060982194122,0.028405439341542025,0.0,0.0,0.0,1.0,0.0,0.0,0.0,0.0,0.0,0.0,0.0,0.0,0.20214567479932488
BL_pH6_2,-0.02328857144735673,-0.006512230999626056,0.020338377079055846,0.013195146166759986,0.010081988161470252,0.002836792831025694,-0.14338436460456527,0.021825941472628112,0.009284943165460035,0.032492910756213265,0.0,0.0,0.0,1.0,0.0,0.0,0.0,0.0,0.0,0.0,0.0,0.0,0.19208393008372077
BL_pH7_0,-0.018061976779110568,-0.011860262785036036,0.013072890724136454,0.017343054128729773,0.024448603924981355,0.005832230671177337,-0.17546174573367865,0.022438922161742557,0.01701887016964104,0.042100345677362115,0.0,0.0,0.0,1.0,0.0,0.0,0.0,0.0,0.0,0.0,0.0,0.0,0.4761566893788473
BL_pH7_1,-0.020376491280495308,-0.00041130421713561356,0.012979442752270105,0.016248782578369838,0.02328536113410297,0.0031118631542093396,-0.20219541794883658,0.02932957062821673,0.018957243371633407,0.05594188198761042,0.0,0.0,0.0,1.0,0.0,0.0,0.0,0.0,0.0,0.0,0.0,0.0,0.48226683949395216
BL_pH7_2,-0.03605921022766067,0.006055122602265329,0.012993238517589378,0.01742372512817382,0.023151752162805718,0.00018561618362108106,-0.18077422818746006,0.03855887025250527,0.00937519278579756,0.045960852925301235,0.0,0.0,0.0,1.0,0.0,0.0,0.0,0.0,0.0,0.0,0.0,0.0,0.4811025384560845
BL_pH8_0,-0.024968890815203926,0.008289783786901315,0.014819592640826315,0.017538872693219913,0.011547531356893318,-0.0025403316653050158,-0.1666305732579254,0.025786054167775043,0.01687363723196778,0.03615525662332125,0.0,0.0,0.0,1.0,0.0,0.0,0.0,0.0,0.0,0.0,0.0,0.0,0.6161936979692529
BL_pH8_1,-0.04156516498349525,-0.0025066179069487935,0.01221603661937558,0.019073265329327266,0.022171113876241218,-0.0011181228172600923,-0.13616966920029175,0.030376025004484494,0.01358134246795722,0.020812724113930016,0.0,0.0,0.0,1.0,0.0,0.0,0.0,0.0,0.0,0.0,0.0,0.0,0.6417698578516113
BL_pH8_2,-0.03920263588382943,-0.003660950183402747,0.011626219279537702,0.019803843080349583,0.01955887595733182,0.005075203119625298,-0.16195209823558918,0.03620395920163467,0.021207816588246952,0.02821069970251183,0.0,0.0,0.0,1.0,0.0,0.0,0.0,0.0,0.0,0.0,0.0,0.0,0.6440713470669853
BL_pH9_0,-0.04555729091258558,0.0008941401928440542,0.008110538247628541,0.019986052535798236,0.015741393745107492,-0.004023402507831951,-0.1338066951086259,0.036845458968765225,0.01725942401600111,0.021421316412540723,0.0,0.0,0.0,1.0,0.0,0.0,0.0,0.0,0.0,0.0,0.0,0.0,0.7292859280132171
BL_pH9_1,-0.03758722184777624,0.005760667898449236,0.011840777175814802,0.017690996315492234,0.013788794811723914,-0.0030408956072009766,-0.12322510138508339,0.026413807201644653,0.01382389054623554,0.01140521703363882,0.0,0.0,0.0,1.0,0.0,0.0,0.0,0.0,0.0,0.0,0.0,0.0,0.7412574926289346
BL_pH9_2,-0.03340755588157387,0.0003849262868702093,0.008585800324293336,0.016918801791642017,0.012687936222443921,-0.002802586275274339,-0.1112876327429979,0.022541756703437343,0.009719432215408786,0.01353005404047587,0.0,0.0,0.0,1.0,0.0,0.0,0.0,0.0,0.0,0.0,0.0,0.0,0.747526246417331
BT_pH4_0,-0.012250417531569205,-0.008858107904316454,0.005837888324673733,-0.0038000794292589565,-0.006947516458837884,-0.0009160193906206144,-0.030869546578184744,0.0158510944547901,0.0053940067313732985,-0.02657036856555825,0.0,0.0,0.0,0.0,1.0,0.0,0.0,0.0,0.0,0.0,0.0,0.0,-0.0016139570379183382
BT_pH4_1,-0.009078031526271091,-0.0024045650611388618,0.006510997608901284,-0.004521873200960132,-0.0065132966801605165,-7.963289587717912e-05,-0.036718121897783534,0.010314351662629001,0.007799926078675881,-0.028438819292831513,0.0,0.0,0.0,0.0,1.0,0.0,0.0,0.0,0.0,0.0,0.0,0.0,0.0004845233155374915
BT_pH4_2,-0.008800223323152119,-0.00953658379847184,0.010373197663170486,-0.0038994193653090173,-0.006079076901483149,0.0004558874655555451,-0.027456931324938882,0.01167407324254189,0.005017045404478585,-0.03487703427044757,0.0,0.0,0.0,0.0,1.0,0.0,0.0,0.0,0.0,0.0,0.0,0.0,0.001874459798070219
BT_pH5_0,-0.006350021994389271,-0.00760876448450448,0.007838986210889465,-0.004154403322457294,-0.005773297274971137,-7.994534883081271e-05,-0.03714197095524034,0.013294925389244506,0.0037982264484035895,-0.02695279952310755,0.0,0.0,0.0,0.0,1.0,0.0,0.0,0.0,0.0,0.0,0.0,0.0,0.05114127579932972
BT_pH5_1,-0.008950204917270204,-0.004969962701282425,0.004921216883737108,-0.0032753454835113623,-0.006762664661256842,-0.00040090183236474083,-0.03793529662293504,0.011165706453055308,0.009126846243667861,-0.026048459067950835,0.0,0.0,0.0,0.0,1.0,0.0,0.0,0.0,0.0,0.0,0.0,0.0,0.02446646428818786
BT_pH5_2,-0.009328983397951917,-0.008423544547277622,0.005743137777621007,-0.0010673006062152913,-0.004463309035838944,0.00297663300257662,-0.04021302543519794,0.00721733571516107,0.00888163341593969,-0.024451643069497427,0.0,0.0,0.0,0.0,1.0,0.0,0.0,0.0,0.0,0.0,0.0,0.0,0.039343210450552515
BT_pH6_0,-0.00795417733460098,-0.005399353975814806,0.008517322413188038,-0.007982938541504352,-0.013469988784914757,0.0019541945719443593,-0.06375508872194863,0.01060204620852702,0.004386502407066037,0.009972415925610972,0.0,0.0,0.0,0.0,1.0,0.0,0.0,0.0,0.0,0.0,0.0,0.0,0.16172687662413934
BT_pH6_1,-0.011867654586575281,-0.00671796244154077,0.014001024226890873,-0.003623259729685504,-0.011446984083108281,0.0032205710110619007,-0.09732036814301112,0.012849510142417704,0.010092860334249134,0.02768319545111254,0.0,0.0,0.0,0.0,1.0,0.0,0.0,0.0,0.0,0.0,0.0,0.0,0.20214567479932488
BT_pH6_2,-0.012742912168007185,-0.010755250544803543,0.014352743159625276,-0.005758647653881624,-0.012460463620600819,0.0008766849861358827,-0.07735316169073644,0.011433224329907123,0.008485327681283586,0.02079338750609642,0.0,0.0,0.0,0.0,1.0,0.0,0.0,0.0,0.0,0.0,0.0,0.0,0.19208393008372077
BT_pH7_0,-0.0303624785076017,0.004477201728960094,0.009995665126075236,-0.00788753945329834,-0.01608490198648171,-0.0003169829604904283,-0.09204867753665896,0.018066281466947304,0.016003528866896648,0.03502883762161693,0.0,0.0,0.0,0.0,1.0,0.0,0.0,0.0,0.0,0.0,0.0,0.0,0.4761566893788473
BT_pH7_1,-0.017273913813228518,0.0036532990270010802,0.010068662170745916,-0.007058286629009829,-0.014163132715241422,-0.002163904256430333,-0.08124161263391294,0.010885092374544752,0.007785861456220079,0.02637886984526868,0.0,0.0,0.0,0.0,1.0,0.0,0.0,0.0,0.0,0.0,0.0,0.0,0.48226683949395216
BT_pH7_2,-0.023179474435746673,0.007863533098817517,0.0115722487693774,-0.010212535067542418,-0.014171798291170726,-0.004647635959655692,-0.08322294086197635,0.017638104229801048,0.007502563382478671,0.0277288691152859,0.0,0.0,0.0,0.0,1.0,0.0,0.0,0.0,0.0,0.0,0.0,0.0,0.4811025384560845
BT_pH8_0,-0.027418966020720643,-0.0005990107851507875,0.007914831193730881,-0.010373687555446574,-0.013717863132529286,-0.0021376837627537053,-0.0587752585094827,0.01863801925827789,0.014826263841140367,0.008514287510593221,0.0,0.0,0.0,0.0,1.0,0.0,0.0,0.0,0.0,0.0,0.0,0.0,0.6161936979692529
BT_pH8_1,-0.019249647386756764,0.005837761943289282,0.00914017423764681,-0.012952838874644722,-0.012681764432269598,-0.000426052083139835,-0.062237579370950084,0.013441302979506716,0.007885738279690723,0.00811383672584982,0.0,0.0,0.0,0.0,1.0,0.0,0.0,0.0,0.0,0.0,0.0,0.0,0.6417698578516113
BT_pH8_2,-0.030171680663226418,0.005055599296060594,0.008793938496585368,-0.012952158766667077,-0.012280832985618521,-0.0019177651287400688,-0.04954689246288541,0.017352500031752836,0.012235967832536476,0.00030225653201341633,0.0,0.0,0.0,0.0,1.0,0.0,0.0,0.0,0.0,0.0,0.0,0.0,0.6440713470669853
BT_pH9_0,-0.025564551557940626,0.00806941055702855,0.006260096544359362,-0.009429295216788255,-0.01000425028736177,-0.0017818919564192392,-0.05627867764064475,0.019028418879328376,0.008540013640228173,-0.0019683408018444535,0.0,0.0,0.0,0.0,1.0,0.0,0.0,0.0,0.0,0.0,0.0,0.0,0.7292859280132171
BT_pH9_1,-0.025526337601426665,0.004916217979347413,0.006221878385049818,-0.010376741101195954,-0.009821731677764787,-0.0050634054069245305,-0.05040005465392427,0.019250077594921967,0.009033029004931447,-0.0013619986364779922,0.0,0.0,0.0,0.0,1.0,0.0,0.0,0.0,0.0,0.0,0.0,0.0,0.7412574926289346
BT_pH9_2,-0.02135656066967741,0.009618411069209487,0.007558505914437219,-0.011404343410344471,-0.009640298592655557,0.002104334148284777,-0.06123247874743791,0.016092792526039335,0.010813490025820615,-0.005682920264890014,0.0,0.0,0.0,0.0,1.0,0.0,0.0,0.0,0.0,0.0,0.0,0.0,0.747526246417331
BV_pH4_0,-0.014427996942692476,-0.007525802994268423,0.008534042219145466,-0.002492973701724703,0.011548472678430542,0.0001834847883361837,-0.04553072321765206,0.013692872739882898,0.0111724064915198,-0.03828284973744303,0.0,0.0,0.0,0.0,0.0,1.0,0.0,0.0,0.0,0.0,0.0,0.0,-0.0016139570379183382
BV_pH4_1,-0.010483273567287654,-0.007089050083988064,0.008925152253460786,-0.004985767942448351,0.00919019141619134,0.00013761357829460654,-0.04578933018006628,0.014628444962993105,0.0035780942444082185,-0.031241142216300512,0.0,0.0,0.0,0.0,0.0,1.0,0.0,0.0,0.0,0.0,0.0,0.0,0.0004845233155374915
BV_pH4_2,-0.016372100236552327,-0.001126530796957568,0.007184069302925111,-0.006542402659239166,0.006421308237350668,0.00015596201825562978,-0.04102458040027515,0.016684359963224066,0.006406273851069905,-0.034915427040895855,0.0,0.0,0.0,0.0,0.0,1.0,0.0,0.0,0.0,0.0,0.0,0.0,0.001874459798070219
BV_pH5_0,-0.010377771982963642,-0.0048796134766535436,0.008186039759868594,-0.004510071523609047,0.009638510464194594,-0.0005665400184933908,-0.04083192473054743,0.01426147585385479,0.008037962834806303,-0.04208713502051187,0.0,0.0,0.0,0.0,0.0,1.0,0.0,0.0,0.0,0.0,0.0,0.0,0.05114127579932972
BV_pH5_1,-0.015170773431942192,-0.007934312107922187,0.0063211584303771015,-0.0019607844992803984,0.0079385500122874,0.00012386807746699215,-0.04246699807051893,0.016647574646479407,0.00651920630424486,-0.033146557068432,0.0,0.0,0.0,0.0,0.0,1.0,0.0,0.0,0.0,0.0,0.0,0.0,0.02446646428818786
BV_pH5_2,-0.019917963995982935,-0.009244905206496302,0.008076083615381755,-0.003346555147259294,0.0074269216684827,-0.00014289927932069325,-0.04716667852425219,0.016851993843751106,0.006666715779928898,-0.02233178051411295,0.0,0.0,0.0,0.0,0.0,1.0,0.0,0.0,0.0,0.0,0.0,0.0,0.039343210450552515
BV_pH6_0,-0.01967110937025964,-0.007869328471184099,0.00678292114773522,-0.0027299279948372556,0.00927124741213882,-0.0037324722791495526,-0.07353152157819788,0.02002149547450244,0.008041348779047637,0.00028827892272206894,0.0,0.0,0.0,0.0,0.0,1.0,0.0,0.0,0.0,0.0,0.0,0.0,0.16172687662413934
BV_pH6_1,-0.021086824454934056,0.0030186318865288862,0.007559809854618556,-0.005407927301358025,0.013461553840341211,-0.002837477149441837,-0.10804015658649047,0.01742343757488846,0.008525419842512549,0.024254464991795625,0.0,0.0,0.0,0.0,0.0,1.0,0.0,0.0,0.0,0.0,0.0,0.0,0.20214567479932488
BV_pH6_2,-0.018840813267743214,-0.01075604002507727,0.011315025200551054,-0.011053567659211063,0.01232388441167448,-0.003931824600566988,-0.08598036989458309,0.014602355612745586,0.01028191631447281,0.018910366458838562,0.0,0.0,0.0,0.0,0.0,1.0,0.0,0.0,0.0,0.0,0.0,0.0,0.19208393008372077
BV_pH7_0,-0.019992175710073713,0.007798877779758819,0.01021107696401684,-0.009789034147625383,0.015296851119188515,0.004969743480500972,-0.14593763624009187,0.01949628921023205,0.01374773409582027,0.04106920561064844,0.0,0.0,0.0,0.0,0.0,1.0,0.0,0.0,0.0,0.0,0.0,0.0,0.4761566893788473
BV_pH7_1,-0.029134481280444827,0.008133241394534703,0.008888344320610326,-0.011011375456582755,0.022486889912675986,0.004592561993302535,-0.16283674548704016,0.034320005809422585,0.01762693388529284,0.04380555709651874,0.0,0.0,0.0,0.0,0.0,1.0,0.0,0.0,0.0,0.0,0.0,0.0,0.48226683949395216
BV_pH7_2,-0.026582888262143924,0.0026748947393270633,0.011108423475753108,-0.007094080769608768,0.01639646738970085,0.0052555423618658725,-0.15034718517740459,0.019412428484116073,0.012912235688418152,0.05313509432467349,0.0,0.0,0.0,0.0,0.0,1.0,0.0,0.0,0.0,0.0,0.0,0.0,0.4811025384560845
BV_pH8_0,-0.0333054358890766,0.008482378697346731,0.009876902218219703,-0.009090482522935973,0.017561605773845933,0.0020344035827514276,-0.10729857537136213,0.018991351823281984,0.015109123598946174,0.014509660591897757,0.0,0.0,0.0,0.0,0.0,1.0,0.0,0.0,0.0,0.0,0.0,0.0,0.6161936979692529
BV_pH8_1,-0.04489906450490588,0.013368372331504993,0.009232537941551645,-0.010088122847297674,0.01895429820697957,0.0036250093131852523,-0.11371774790444125,0.025063863409500894,0.015798673530858332,0.019533113103724364,0.0,0.0,0.0,0.0,0.0,1.0,0.0,0.0,0.0,0.0,0.0,0.0,0.6417698578516113
BV_pH8_2,-0.03219140693226465,0.0070946754566798735,0.010950924169029232,-0.006641755714486149,0.020165208567278048,0.0023318503428574494,-0.12268706973328294,0.026943004360959023,0.012148238258314846,0.018757263827036415,0.0,0.0,0.0,0.0,0.0,1.0,0.0,0.0,0.0,0.0,0.0,0.0,0.6440713470669853
BV_pH9_0,-0.027909396528873746,0.0020430230192394687,0.012484450524915815,-0.008996555548586438,0.0119426835438682,0.0030367259816873977,-0.10318997959839177,0.028968227031114308,0.012889772677166468,0.005601984508558296,0.0,0.0,0.0,0.0,0.0,1.0,0.0,0.0,0.0,0.0,0.0,0.0,0.7292859280132171
BV_pH9_1,-0.03433796312528378,0.008051643476355822,0.005175506699445617,-0.009648497347699722,0.014229699087572161,0.002556204008667365,-0.09125616229564437,0.026646766632430905,0.009475286552257349,0.005978448407056376,0.0,0.0,0.0,0.0,0.0,1.0,0.0,0.0,0.0,0.0,0.0,0.0,0.7412574926289346
BV_pH9_2,-0.02382467056735945,0.007874713158741107,0.0062705779443090045,-0.00894769903803852,0.0148432366254375,0.001512144704997215,-0.09506243664973779,0.026794453602810592,0.008623855225488785,-0.0012132427798908045,0.0,0.0,0.0,0.0,0.0,1.0,0.0,0.0,0.0,0.0,0.0,0.0,0.747526246417331
CC_pH4_0,-0.0255240473612819,-0.015996425638491612,0.008537648440966304,-0.00897108257444495,0.015553354146060249,-0.003940300930483752,0.09964853263672682,0.026144858674885224,0.027407892635851368,-0.18598949786984234,0.0,0.0,0.0,0.0,0.0,0.0,1.0,0.0,0.0,0.0,0.0,0.0,0.0032572508755295392
CC_pH4_1,-0.02699858988574503,-0.009361281173465692,0.012024871528796525,-0.006151160771715576,0.012654909941813224,-0.005562978287267944,0.10029407770929696,0.0219593787848261,0.01916558718015238,-0.18115388286674555,0.0,0.0,0.0,0.0,0.0,0.0,1.0,0.0,0.0,0.0,0.0,0.0,-0.004437627208196163
CC_pH4_2,-0.03596424057097781,-0.00984563254118573,0.011786333645805313,-0.008296336804101568,0.015385578001505166,-0.004932632771644579,0.10079199755483348,0.02356898258754012,0.023963868406591128,-0.17958698534842005,0.0,0.0,0.0,0.0,0.0,0.0,1.0,0.0,0.0,0.0,0.0,0.0,0.0011803763326671925
CC_pH5_0,-0.04110980184222368,-0.04667394785686274,0.019562743659100868,-0.020368433264236006,0.022511672347368995,0.0024117622635347518,0.12504207518528745,0.032218719688750314,0.029791263901507083,-0.13271130548456034,0.0,0.0,0.0,0.0,0.0,0.0,1.0,0.0,0.0,0.0,0.0,0.0,0.08114687964645667
CC_pH5_1,-0.03129892939377736,-0.05474894801863346,0.029138564260109613,-0.01755649761124716,0.033674229392376936,0.008678346467862391,0.158015658724142,0.03835450850229752,0.03055097026355644,-0.08058400554865922,0.0,0.0,0.0,0.0,0.0,0.0,1.0,0.0,0.0,0.0,0.0,0.0,0.11230826956373989
CC_pH5_2,-0.03486505748612968,-0.04982736995043842,0.022857493565863245,-0.021494128111466445,0.02836051743376351,0.013025329429200727,0.13647734805911216,0.036222917012485645,0.02626304426736644,-0.10979358368877155,0.0,0.0,0.0,0.0,0.0,0.0,1.0,0.0,0.0,0.0,0.0,0.0,0.09911694942295314
CC_pH6_0,-0.03829123490601373,0.04580142432919946,0.035030912369003755,-0.03187538804354792,0.05410823682459761,0.017600036808694514,0.40257278616438896,0.06652528164867798,0.056599980592525204,0.2998657289148388,0.0,0.0,0.0,0.0,0.0,0.0,1.0,0.0,0.0,0.0,0.0,0.0,0.2884225051673924
CC_pH6_1,-0.03143704702976444,0.015884102655615184,0.03978207853217812,-0.02624725065922931,0.05774155920806705,0.01100250015814748,0.3898801681034914,0.07946990943589737,0.05888751957514931,0.3135862452153663,0.0,0.0,0.0,0.0,0.0,0.0,1.0,0.0,0.0,0.0,0.0,0.0,0.29127362738877827
CC_pH6_2,-0.03990633456188295,0.043552880790388306,0.036639677615755276,-0.02927970795831442,0.05635927133434251,0.015151118816473809,0.3931926595886319,0.07363642142994493,0.057347106290829335,0.30281275035094707,0.0,0.0,0.0,0.0,0.0,0.0,1.0,0.0,0.0,0.0,0.0,0.0,0.2957269459022493
CC_pH7_0,-0.1154508534365374,0.04823055065343279,0.018566084108669712,-0.057581654449864086,0.058692399737647845,-0.025415673682000484,0.2502059221953032,0.07131358342184482,0.04665000992665148,0.0870111511135474,0.0,0.0,0.0,0.0,0.0,0.0,1.0,0.0,0.0,0.0,0.0,0.0,0.5922068579302491
CC_pH7_1,-0.13800490318595066,0.04058540187411659,0.015406161734186439,-0.05256973109025833,0.06247191526739779,-0.026202729177944698,0.28093635862409744,0.08415677611903369,0.05691331969047694,0.1371974844285085,0.0,0.0,0.0,0.0,0.0,0.0,1.0,0.0,0.0,0.0,0.0,0.0,0.5480973412378645
CC_pH7_2,-0.12449167031815032,0.05929278495979655,0.01788866870743019,-0.059859344945289175,0.05816500700959611,-0.028687294545765657,0.27555099653495146,0.08240014630511565,0.053283968799261644,0.12946067050367632,0.0,0.0,0.0,0.0,0.0,0.0,1.0,0.0,0.0,0.0,0.0,0.0,0.5469120935714209
CC_pH8_0,-0.1677230566346249,0.02789150022597902,0.01974624507675838,-0.05390690040496258,0.04221568188478198,-0.015254402082089497,0.14212448455879226,0.05148028060257354,0.02923094297592204,-0.08044801197784102,0.0,0.0,0.0,0.0,0.0,0.0,1.0,0.0,0.0,0.0,0.0,0.0,0.8455353071301549
CC_pH8_1,-0.1473288852651604,0.02632755637705407,0.019586022693420878,-0.0482145536854944,0.034929689426764686,-0.016621630858559083,0.14213728935417275,0.0618797163191535,0.03116464353343674,-0.09916592296395126,0.0,0.0,0.0,0.0,0.0,0.0,1.0,0.0,0.0,0.0,0.0,0.0,0.8378107178569503
CC_pH8_2,-0.14091360314718812,0.018805386048701144,0.023337249742496922,-0.05395733810151402,0.0356070772094814,-0.013138481806963686,0.14021154072864556,0.042490686452036505,0.034639421615182714,-0.09015724825774037,0.0,0.0,0.0,0.0,0.0,0.0,1.0,0.0,0.0,0.0,0.0,0.0,0.8442380625189879
CC_pH9_0,-0.12285922821479561,0.015352795573619557,0.011637359945832385,-0.03675435297423973,0.03178430178000228,-0.006998756978883525,0.12007327988764029,0.04436129956273362,0.02610838409320897,-0.145834150434998,0.0,0.0,0.0,0.0,0.0,0.0,1.0,0.0,0.0,0.0,0.0,0.0,1.003926186226973
CC_pH9_1,-0.12497471105752755,0.02059204312355217,0.014122446072136016,-0.04373935744338467,0.03768649597358687,-0.0038457029622108872,0.11848919205711751,0.05643603736818161,0.019886510562070685,-0.15778202169473565,0.0,0.0,0.0,0.0,0.0,0.0,1.0,0.0,0.0,0.0,0.0,0.0,0.9964236708955914
CC_pH9_2,-0.13396788824339526,0.018965569293207453,0.01206653217876168,-0.04150299733616007,0.035814996860192516,-0.0032417947338367597,0.11193779156847007,0.03969506008641633,0.025228394442744065,-0.1281247319564547,0.0,0.0,0.0,0.0,0.0,0.0,1.0,0.0,0.0,0.0,0.0,0.0,0.9996501428774356
DF_pH4_0,-0.008843602326435404,-0.005923638890963047,0.009784609215617503,-0.005151609003584346,0.00564929491992149,-0.0004251089068534583,-0.027339009965223305,-0.009113137403746016,0.0042035062524044655,-0.025970369837773233,0.0,0.0,0.0,0.0,0.0,0.0,0.0,1.0,0.0,0.0,0.0,0.0,-0.0016139570379183382
DF_pH4_1,-0.006454253871722714,-0.005458371047052028,0.008518486629726122,-0.00393541921193347,0.00817449428556163,-0.00025078308555985936,-0.03586239461483353,-0.01032822239091215,0.004094107045245397,-0.02162670905428493,0.0,0.0,0.0,0.0,0.0,0.0,0.0,1.0,0.0,0.0,0.0,0.0,0.0004845233155374915
DF_pH4_2,-0.0040229595130633405,-0.009723116874634086,0.00579752918737738,-0.0003652347544329644,0.003965545864472084,0.0012781649676111082,-0.031520541308083294,-0.007290509922996812,0.0031735978445605086,-0.02442154096692558,0.0,0.0,0.0,0.0,0.0,0.0,0.0,1.0,0.0,0.0,0.0,0.0,0.001874459798070219
DF_pH5_0,-0.010354242521722842,-0.007595992258587934,0.010683223300856415,-0.004166206038233054,0.005543352621506252,0.0013851062286361728,-0.029873964876422427,-0.010765275065989599,0.005815435875328662,-0.023800502485575404,0.0,0.0,0.0,0.0,0.0,0.0,0.0,1.0,0.0,0.0,0.0,0.0,0.05114127579932972
DF_pH5_1,-0.006085200834229751,-0.0039078672317302094,0.007727147230534287,-0.0037972371008895027,0.004127676878731859,-0.0007483841342163145,-0.034061776789249446,-0.006155545366523059,0.006177212523863368,-0.02640509109863121,0.0,0.0,0.0,0.0,0.0,0.0,0.0,1.0,0.0,0.0,0.0,0.0,0.02446646428818786
DF_pH5_2,-0.011641025063784225,-0.005320050266125928,0.008005044544925505,-0.006248916657641529,0.005489437624346465,0.0023693957256720128,-0.03115614053418698,-0.009245107337508515,0.006880172829690349,-0.022261876836317866,0.0,0.0,0.0,0.0,0.0,0.0,0.0,1.0,0.0,0.0,0.0,0.0,0.039343210450552515
DF_pH6_0,-0.015221115257084855,-0.0014646771518797006,0.010552953035145507,-0.00957083629616334,0.008807719083826826,0.0004607869309130255,-0.06290185848018155,-0.015509350695849763,0.00824152311472141,0.013475789829035818,0.0,0.0,0.0,0.0,0.0,0.0,0.0,1.0,0.0,0.0,0.0,0.0,0.16172687662413934
DF_pH6_1,-0.009844480830285215,0.00047748540386395604,0.005779504571818624,-0.006835785977967569,0.005359540402221129,0.0008926750870381038,-0.07913687095329487,-0.01624863313591999,0.00663645992855258,0.029791037663918635,0.0,0.0,0.0,0.0,0.0,0.0,0.0,1.0,0.0,0.0,0.0,0.0,0.20214567479932488
DF_pH6_2,-0.012247261909221341,-0.015212218800721607,0.007286346841846468,-0.0013485072143173413,0.006460599532330651,0.0017676872357159212,-0.06818927146079343,-0.016552074762952066,0.008041561298558247,0.026864071399499864,0.0,0.0,0.0,0.0,0.0,0.0,0.0,1.0,0.0,0.0,0.0,0.0,0.19208393008372077
DF_pH7_0,-0.019700137610122074,0.00868059473871456,0.007867626413986412,-0.011161044230988331,0.00740374219128052,-0.0010813093957815158,-0.06173281666255839,-0.01922101536198803,0.007011714178420928,0.018803580862206768,0.0,0.0,0.0,0.0,0.0,0.0,0.0,1.0,0.0,0.0,0.0,0.0,0.4761566893788473
DF_pH7_1,-0.014638653009846483,0.005927766164785008,0.007055975358690255,-0.0031038501493268343,0.007350899027964181,0.001068715102383462,-0.08001019763578056,-0.019045968805642233,0.00759397995688588,0.024672268985102518,0.0,0.0,0.0,0.0,0.0,0.0,0.0,1.0,0.0,0.0,0.0,0.0,0.48226683949395216
DF_pH7_2,-0.022024284650308444,0.003259944012793509,0.005269905850392482,-0.009375513546857171,0.00559601012819811,-0.0018716522611920592,-0.05670537380471259,-0.01907932076279236,0.007409747748473738,0.024391471352326964,0.0,0.0,0.0,0.0,0.0,0.0,0.0,1.0,0.0,0.0,0.0,0.0,0.4811025384560845
DF_pH8_0,-0.020442623432077787,0.005669657931683341,0.007719056441387889,-0.008787131139542907,0.0072972066635670855,-0.001002604221803663,-0.0536223878902788,-0.016649578243656003,0.007740667716640492,0.008948668334025727,0.0,0.0,0.0,0.0,0.0,0.0,0.0,1.0,0.0,0.0,0.0,0.0,0.6161936979692529
DF_pH8_1,-0.018757654897990108,0.007009199011220557,0.009343228199134539,-0.009567596281514221,0.006803921062964945,-0.007414399264076645,-0.048203796974545264,-0.015321050823220743,0.007415155061804083,0.005563927066168221,0.0,0.0,0.0,0.0,0.0,0.0,0.0,1.0,0.0,0.0,0.0,0.0,0.6417698578516113
DF_pH8_2,-0.01661334895022699,0.013932040132399971,0.008325849029579726,-0.013096422086490075,0.005399571795765633,-0.00437870293693698,-0.049927387991616425,-0.014930615898869607,0.007405961686340365,0.00075398737999975,0.0,0.0,0.0,0.0,0.0,0.0,0.0,1.0,0.0,0.0,0.0,0.0,0.6440713470669853
DF_pH9_0,-0.018067710323704644,0.005914900700622441,0.00841545210543858,-0.009766819309544466,0.0038905131755113277,-0.002917765094088795,-0.030838318991818995,-0.012264815028756858,0.00401506461304329,-0.011509569742635863,0.0,0.0,0.0,0.0,0.0,0.0,0.0,1.0,0.0,0.0,0.0,0.0,0.7292859280132171
DF_pH9_1,-0.020320012301874715,0.007892615113042943,0.007115419130853336,-0.010506408015549508,0.005560087719223583,0.00026905614680246325,-0.04230512068455067,-0.012322378462261481,0.005214683591975303,-0.003727007863597702,0.0,0.0,0.0,0.0,0.0,0.0,0.0,1.0,0.0,0.0,0.0,0.0,0.7412574926289346
DF_pH9_2,-0.014590328443673965,0.003982008110893809,0.0074495591437849,-0.008337111216666096,0.007169435971679732,-0.00413853570839147,-0.0449783488618129,-0.012636321362755868,0.008657198995149327,-0.005706624468262105,0.0,0.0,0.0,0.0,0.0,0.0,0.0,1.0,0.0,0.0,0.0,0.0,0.747526246417331
comm11_4_1,0.02873496896688543,0.03953732394476663,-0.033347412563415016,-0.0037712859146742396,-0.027555018321246554,0.002541592517442516,0.13108327500177958,-0.07930072765908727,0.013290062338397236,-0.1343418461509028,1.0,1.0,1.0,1.0,1.0,1.0,1.0,1.0,0.0,0.0,0.0,0.0,-0.0016139570379183382
comm11_4_2,0.07043665020311575,0.020773058148941186,-0.018711968010908967,-0.004750337594836626,-0.030110070779666546,0.0102009875555624,0.10573294546647485,-0.06033835802262691,0.011898646769923686,-0.1682606215744137,1.0,1.0,1.0,1.0,1.0,1.0,1.0,1.0,0.0,0.0,0.0,0.0,0.0004845233155374915
comm11_4_3,0.05288427881172697,0.013927143353958733,-0.029866725027652287,-0.009147296279476469,-0.034402463512707745,0.0021561763226054602,0.11746633442837506,-0.04951952570016781,0.00844138032088623,-0.13506837049200524,1.0,1.0,1.0,1.0,1.0,1.0,1.0,1.0,0.0,0.0,0.0,0.0,0.001874459798070219
comm11_4_4,0.05715773462646882,0.008584836253582542,-0.03228905951573878,0.000523008444376859,-0.03675429184870471,0.0034370666204789732,0.11874900315908477,-0.07005744093330572,0.011291947507846128,-0.12377187192819653,1.0,1.0,1.0,1.0,1.0,1.0,1.0,1.0,0.0,0.0,0.0,0.0,0.0053181834532889495
comm11_5_1,0.05688074045359036,0.023029910860755284,-0.04166467064450008,0.012088211078611813,-0.03931198323995848,-0.003882507597470818,0.12601303568990574,-0.0941048746708396,0.015608995936041621,-0.09850548741665832,1.0,1.0,1.0,1.0,1.0,1.0,1.0,1.0,0.0,0.0,0.0,0.0,0.05114127579932972
comm11_5_2,0.03556662951449297,0.024325821777329906,-0.059388430303155,-0.00493572496135881,-0.022322621363184775,-0.005225611023513761,0.1382982408512971,-0.05271580436175851,0.012130833510967456,-0.12886240148117115,1.0,1.0,1.0,1.0,1.0,1.0,1.0,1.0,0.0,0.0,0.0,0.0,0.02446646428818786
comm11_5_3,0.05984317453598361,0.04587262734173514,-0.05317499597653057,-0.0032802982000208884,-0.03539567168371791,-0.0009701602328973639,0.12531790927482733,-0.09330552338693371,0.010824078965891637,-0.11425063205194538,1.0,1.0,1.0,1.0,1.0,1.0,1.0,1.0,0.0,0.0,0.0,0.0,0.039343210450552515
comm11_5_4,0.05048845641345352,0.03383510600132665,-0.04892572279827184,-0.000981476758505501,-0.02285580636017308,-0.0025896523457081284,0.11377967620759434,-0.06891574113882834,0.010925990026292354,-0.13682567171028653,1.0,1.0,1.0,1.0,1.0,1.0,1.0,1.0,0.0,0.0,0.0,0.0,0.02826352230444504
comm11_6_1,0.06972237879820369,0.08757846536636152,-0.07632962794630264,0.05474352288039647,-0.05043589296335679,-0.0439223339332713,0.20783134747099166,-0.09007788072724866,0.024550534276413197,0.005507641552046508,1.0,1.0,1.0,1.0,1.0,1.0,1.0,1.0,0.0,0.0,0.0,0.0,0.16172687662413934
comm11_6_2,0.0985617064907843,0.06118711406182822,-0.049285297397341894,0.08088815256244626,-0.054699350643204525,-0.01765838099684081,0.21670308078092565,-0.10115694857141729,0.03379268970674553,0.08041406977243479,1.0,1.0,1.0,1.0,1.0,1.0,1.0,1.0,0.0,0.0,0.0,0.0,0.20214567479932488
comm11_6_3,0.10569167282958716,0.05649737642070724,-0.06134873790575354,0.0651739596379111,-0.04685416209698734,0.006774560233335129,0.19557279100322736,-0.09382993515398674,0.029839293797267602,0.08751897221269166,1.0,1.0,1.0,1.0,1.0,1.0,1.0,1.0,0.0,0.0,0.0,0.0,0.19208393008372077
comm11_6_4,0.09442900973822639,0.07911019195240679,-0.05908794155830274,0.051430022439757424,-0.05400958194903547,-0.0031083498125308697,0.19997504030232846,-0.07981176285548944,0.031259771927016906,0.08431905855176686,1.0,1.0,1.0,1.0,1.0,1.0,1.0,1.0,0.0,0.0,0.0,0.0,0.19174196501252805
comm11_7_1,0.1671187990062121,-0.003280883426069408,-0.053521819738063796,0.06046822909422664,-0.08104556689352688,0.0026086839518266844,0.25209673622390255,-0.19496414893489017,0.028725317532965994,0.097502225490044,1.0,1.0,1.0,1.0,1.0,1.0,1.0,1.0,0.0,0.0,0.0,0.0,0.4761566893788473
comm11_7_2,0.15884349706086695,-0.04209781732875855,-0.0440413661040973,0.06756625876807525,-0.08742912974512286,-0.003428303292982851,0.2405405127671143,-0.1669335245981346,0.03139327140656585,0.11886042616891919,1.0,1.0,1.0,1.0,1.0,1.0,1.0,1.0,0.0,0.0,0.0,0.0,0.48226683949395216
comm11_7_3,0.15396136179439845,-0.02397471850054621,-0.05834146599189136,0.05258971629016425,-0.09390682638906266,0.015349365739485891,0.22906900576467662,-0.17778757576395385,0.033918311873238294,0.14286740789427824,1.0,1.0,1.0,1.0,1.0,1.0,1.0,1.0,0.0,0.0,0.0,0.0,0.4811025384560845
comm11_7_4,0.1365061930344319,-0.003950944393771988,-0.05127600878213896,0.07001741441842371,-0.07378187131237887,0.00014998875436899396,0.23528910749116108,-0.17757496843387824,0.02640610686888028,0.11195956506568976,1.0,1.0,1.0,1.0,1.0,1.0,1.0,1.0,0.0,0.0,0.0,0.0,0.4811025384560845
comm11_8_1,0.1452302694001296,-0.04825253487767085,-0.045229148964357126,0.0828531171181543,-0.08037964566312122,0.0012949532624232961,0.21426812131033765,-0.17128752969261063,0.02995828999935286,0.09065519262631626,1.0,1.0,1.0,1.0,1.0,1.0,1.0,1.0,0.0,0.0,0.0,0.0,0.6161936979692529
comm11_8_2,0.1584236781782997,-0.042273998285248957,-0.04487983463539579,0.08588358684351832,-0.08594977642763814,0.009378264654407527,0.20807417031873585,-0.1866881087006819,0.030917303656561954,0.07588206846671908,1.0,1.0,1.0,1.0,1.0,1.0,1.0,1.0,0.0,0.0,0.0,0.0,0.6417698578516113
comm11_8_3,0.1653287174242913,-0.0788289118266624,-0.04267249546195988,0.08445815678215184,-0.0651468074991388,0.022020715778976997,0.2209273771233047,-0.1839153889855673,0.032071034191581235,0.05359387238626368,1.0,1.0,1.0,1.0,1.0,1.0,1.0,1.0,0.0,0.0,0.0,0.0,0.6440713470669853
comm11_8_4,0.14013442630257011,-0.05487778462484761,-0.03491766341637982,0.07942012961346494,-0.10818035651990417,0.011363614576554899,0.25359151367715604,-0.1873288178206523,0.03545493304081586,0.07499335270952029,1.0,1.0,1.0,1.0,1.0,1.0,1.0,1.0,0.0,0.0,0.0,0.0,0.6395779816459941
comm11_9_1,0.14197196446804577,-0.09448379479171506,-0.03107368561839078,0.053881228582113576,-0.062053844823613376,0.04001117355554651,0.2087398797584921,-0.12674402063808646,0.025363722620126997,0.01776021138926887,1.0,1.0,1.0,1.0,1.0,1.0,1.0,1.0,0.0,0.0,0.0,0.0,0.7292859280132171
comm11_9_2,0.12050966325165385,-0.08723204194132804,-0.03670568491231002,0.05995659123534216,-0.07657284586457537,0.017561365055456836,0.21195602963202761,-0.13690170410909164,0.02466191990199782,0.07129819968421743,1.0,1.0,1.0,1.0,1.0,1.0,1.0,1.0,0.0,0.0,0.0,0.0,0.7412574926289346
comm11_9_3,0.14762262586342256,-0.07182747997804141,-0.037596034435454104,0.050122954696771145,-0.09525180937028896,0.03933012136511262,0.19570480909613577,-0.14491190645646346,0.03211533083246374,0.047813222364563,1.0,1.0,1.0,1.0,1.0,1.0,1.0,1.0,0.0,0.0,0.0,0.0,0.747526246417331
comm11_9_4,0.1509088390451633,-0.0488431351886475,-0.026893845194211712,0.04810294050085561,-0.08988939296692086,0.023039955773654027,0.189172484602769,-0.14228987063220502,0.024586614058656694,0.04078043017399739,1.0,1.0,1.0,1.0,1.0,1.0,1.0,1.0,0.0,0.0,0.0,0.0,0.7409024335149471
