Experiments,DF_OD<--AC_OD,DF_OD<--BA_OD,DF_OD<--BC_OD,DF_OD<--BL_OD,DF_OD<--BT_OD,DF_OD<--BV_OD,DF_OD<--CC_OD,DF_OD<--DF_OD,DF_OD<--parc+_OD,DF_OD<--pH,AC_OD,BA_OD,BC_OD,BL_OD,BT_OD,BV_OD,CC_OD,DF_OD,wt_OD,delarc_OD,parc-_OD,parc+_OD,pH
5comm11parc_1,0.05519565594747015,0.006810684393605456,0.002180160595023114,-0.01300799611631943,-0.012284313535884672,0.02127929606353459,0.004871512055397034,0.15291383317307283,-0.239889381704447,-0.034077453428636426,1.0,1.0,1.0,1.0,1.0,1.0,1.0,1.0,0.0,0.0,0.0,1.0,0.0997489321824637
5comm11parc_2,0.06250398745679334,-0.00032392538112142633,0.005286910822210103,0.004361000752643402,-0.036204923323315125,0.022129187303716727,0.006345625500316204,0.13953170113427482,-0.19576623662496387,-0.06387133033055326,1.0,1.0,1.0,1.0,1.0,1.0,1.0,1.0,0.0,0.0,0.0,1.0,0.0997489321824637
5comm11parc_3,0.05108106239496366,0.017238830936991655,0.0009464691595538803,0.036612817560848984,-0.02031015946813251,0.016664982820334635,-0.003564659298762034,0.12256937408900775,-0.2109431331799082,-0.06630358783771162,1.0,1.0,1.0,1.0,1.0,1.0,1.0,1.0,0.0,0.0,0.0,1.0,0.0997489321824637
5comm11parc_4,0.041339890349494375,0.008048239931788137,0.004730439641229486,-0.004684474035773589,-0.013099391739005628,0.018091711767989654,0.002467027956052967,0.1271664194309193,-0.177523204088211,-0.06254466217011215,1.0,1.0,1.0,1.0,1.0,1.0,1.0,1.0,0.0,0.0,0.0,1.0,0.0997489321824637
6comm11parc_1,0.1130029431519949,-0.03873283649268358,0.02467425244333951,0.09163861735197514,-0.029170336634244606,0.04774035967238571,0.09936937872806322,0.23910154296328195,-0.42344313018671853,0.21850584008609464,1.0,1.0,1.0,1.0,1.0,1.0,1.0,1.0,0.0,0.0,0.0,1.0,0.294943607271727
6comm11parc_2,0.11900479301000422,-0.023363856614931785,0.056264090065075,0.09629949135300912,-0.03165461676438218,0.0593764421440985,0.07278887442272641,0.23470538974294197,-0.4349732640337038,0.19423928775865096,1.0,1.0,1.0,1.0,1.0,1.0,1.0,1.0,0.0,0.0,0.0,1.0,0.294943607271727
6comm11parc_3,0.1725599722337463,-0.049825461412901444,0.05423077901096447,0.06652857246444277,-0.0391532069509444,0.06381684871471446,0.09546417773417805,0.1959570496156812,-0.4011499006641298,0.18425780033773706,1.0,1.0,1.0,1.0,1.0,1.0,1.0,1.0,0.0,0.0,0.0,1.0,0.294943607271727
6comm11parc_4,0.14406084847677011,-0.03223840482694947,0.055882652403543814,0.07604840825919224,-0.03314059707619573,0.055835655312175325,0.07568842931124177,0.20702260264883873,-0.3787194521109693,0.1722464886858411,1.0,1.0,1.0,1.0,1.0,1.0,1.0,1.0,0.0,0.0,0.0,1.0,0.294943607271727
7comm11parc_1,0.1717277086542353,-0.05122162810810235,0.012788785247375138,0.08172137517482045,-0.0319809868607832,0.0463388880342245,0.03243511071833582,0.12847992702184807,-0.4293230098842279,0.09621895118090121,1.0,1.0,1.0,1.0,1.0,1.0,1.0,1.0,0.0,0.0,0.0,1.0,0.5477367110758552
7comm11parc_2,0.11810284192309436,-0.06517223122651164,0.03128329766347356,0.07551788103969204,-0.02992931730559339,0.055046562087600656,0.040397481058278804,0.18943664117027884,-0.4683813135487877,0.1108832783171016,1.0,1.0,1.0,1.0,1.0,1.0,1.0,1.0,0.0,0.0,0.0,1.0,0.5477367110758552
7comm11parc_3,0.13457321034015524,-0.10564570082594521,0.0438831489905715,0.11401943054050208,-0.0440726476940124,0.050967332351466874,0.04184688241747409,0.20778799983956245,-0.5027267836536403,0.11655224887249264,1.0,1.0,1.0,1.0,1.0,1.0,1.0,1.0,0.0,0.0,0.0,1.0,0.5477367110758552
7comm11parc_4,0.0999097977335686,-0.07389970718680515,0.030946674698396858,0.09486306830916715,-0.03382110717827858,0.03961980431462113,0.051037676629164926,0.15355036314252918,-0.411659328589297,0.10663787930555967,1.0,1.0,1.0,1.0,1.0,1.0,1.0,1.0,0.0,0.0,0.0,1.0,0.5477367110758552
8comm11parc_1,0.07783757873527382,-0.059531458386260526,0.006901664432624111,0.06079678611586924,-0.03592390355532584,0.040445031330961244,0.03383516710251568,0.13710031186109006,-0.37545329412850337,-0.00986924823049618,1.0,1.0,1.0,1.0,1.0,1.0,1.0,1.0,0.0,0.0,0.0,1.0,0.8453285927693228
8comm11parc_2,0.06385779509401841,-0.036779577814690455,0.006146502230802313,0.0367008750918119,-0.04222241832834223,0.021059016310002485,0.02148821933923856,0.1251686083169087,-0.32311772626541235,0.003837341303410729,1.0,1.0,1.0,1.0,1.0,1.0,1.0,1.0,0.0,0.0,0.0,1.0,0.8453285927693228
8comm11parc_3,0.08286952949250521,-0.04986436125214981,0.010849834324225144,0.05822027587372324,-0.0370061369224087,0.0328925444331506,0.039020815099711,0.14334274704851535,-0.39722362922585536,-0.0069629835936686315,1.0,1.0,1.0,1.0,1.0,1.0,1.0,1.0,0.0,0.0,0.0,1.0,0.8453285927693228
8comm11parc_4,0.10214817647700726,-0.05608250222776246,0.010048275701701647,0.06746378326221651,-0.03018949360789164,0.03768528741662917,0.028384169850336465,0.1521244229181953,-0.42892447945216433,-0.006519005060519861,1.0,1.0,1.0,1.0,1.0,1.0,1.0,1.0,0.0,0.0,0.0,1.0,0.8453285927693228
parc+_pH4_0,-0.023246009412990966,0.0008025301798530249,-0.0036632612671541136,-0.010564281240753504,0.013280616932265135,-0.0094964505634878,-0.005285770392612271,-0.03511884566720413,-0.02721153710523377,-0.023358357953636548,0.0,0.0,0.0,0.0,0.0,0.0,0.0,0.0,0.0,0.0,0.0,1.0,0.0032572508755295392
parc+_pH4_1,-0.02832732272374889,0.007284143936374912,-0.000434717952233293,-0.011843286270032758,0.012808702565405679,-0.01154404377807742,-0.005694349719130476,-0.026309784809532374,-0.031676826217900154,-0.0281238814410956,0.0,0.0,0.0,0.0,0.0,0.0,0.0,0.0,0.0,0.0,0.0,1.0,-0.004437627208196163
parc+_pH4_2,-0.02135648689516213,0.008198778101283572,-0.0006627087926735051,-0.012485511144218236,0.011601509302854536,-0.0074152776453158134,-0.004173595688265303,-0.04021352708987568,-0.03667047938089008,-0.02068405529241199,0.0,0.0,0.0,0.0,0.0,0.0,0.0,0.0,0.0,0.0,0.0,1.0,0.0011803763326671925
parc+_pH5_0,-0.021500794391917148,0.0007033831593782994,0.002237166602002538,-0.01622521579913471,0.012384817655319758,-0.01171958584824334,-0.003026040175362773,-0.046767064222823035,-0.03019587806709435,-0.009752143576093343,0.0,0.0,0.0,0.0,0.0,0.0,0.0,0.0,0.0,0.0,0.0,1.0,0.08114687964645667
parc+_pH5_1,-0.027909564166937188,0.008790817685101341,-0.00024440367422673957,-0.017740451301569524,0.006201338925115441,-0.00451627377420664,-0.006953360880522626,-0.04621613020482271,-0.031737190335989,-0.003536149025287319,0.0,0.0,0.0,0.0,0.0,0.0,0.0,0.0,0.0,0.0,0.0,1.0,0.11230826956373989
parc+_pH5_2,-0.028089493155155496,0.011605816548285273,-0.004795696090744889,-0.013387319696662217,0.011666393200664415,-0.006796695309812609,-0.0066392108020575154,-0.05267294243787942,-0.032231975487716814,-0.002520241491172625,0.0,0.0,0.0,0.0,0.0,0.0,0.0,0.0,0.0,0.0,0.0,1.0,0.09911694942295314
parc+_pH6_0,-0.04954248694621999,0.01683340924913469,-0.002213718295097352,-0.0181734126838653,0.01617397835397202,-0.011051323015404785,-0.013857423433143161,-0.06045663424808045,-0.03257272749005452,0.030998971642035505,0.0,0.0,0.0,0.0,0.0,0.0,0.0,0.0,0.0,0.0,0.0,1.0,0.2884225051673924
parc+_pH6_1,-0.035469759173043396,0.019540952802028343,-0.009084397936644761,-0.028435099210752098,0.014115428056405938,-0.009827951626933139,-0.01404884734231493,-0.06132003597267294,-0.044917737661820396,0.045586081876055055,0.0,0.0,0.0,0.0,0.0,0.0,0.0,0.0,0.0,0.0,0.0,1.0,0.29127362738877827
parc+_pH6_2,-0.04431755976184554,0.01363095455195593,-0.006814689867846345,-0.007865966339798077,0.008862611288609714,-0.01302394122047269,-0.007450779955024304,-0.049883275349502994,-0.048388057346253295,0.03138934946254544,0.0,0.0,0.0,0.0,0.0,0.0,0.0,0.0,0.0,0.0,0.0,1.0,0.2957269459022493
parc+_pH7_0,-0.04867812579092773,0.0224905076979295,-0.0091736839922226,-0.026970703077057134,0.01916776565267988,-0.017369964832197066,-0.012464125925756022,-0.04424386270668195,-0.04100450053163197,0.034385328783613195,0.0,0.0,0.0,0.0,0.0,0.0,0.0,0.0,0.0,0.0,0.0,1.0,0.5922068579302491
parc+_pH7_1,-0.0381875491709165,0.01934004695843095,-0.005648909020035163,-0.02392033313279567,0.012246392404903533,-0.017821855188711832,-0.009544030806940535,-0.04615321979898475,-0.03734154451800429,0.023169647975136407,0.0,0.0,0.0,0.0,0.0,0.0,0.0,0.0,0.0,0.0,0.0,1.0,0.5480973412378645
parc+_pH7_2,-0.0424639166859181,0.01662821610336718,-0.0057505479811326326,-0.01970124184275451,0.012902186563157517,-0.014425312960925309,-0.008096549604897915,-0.041632107633935385,-0.043013366421927574,0.02169128583339245,0.0,0.0,0.0,0.0,0.0,0.0,0.0,0.0,0.0,0.0,0.0,1.0,0.5469120935714209
parc+_pH8_0,-0.03018344615302656,0.013164468192211959,-0.006425344325278118,-0.01712292835764263,0.01734021863049787,-0.012833874191602935,-0.008893336648850338,-0.03926450227427741,-0.049824632270180656,0.010182011036769202,0.0,0.0,0.0,0.0,0.0,0.0,0.0,0.0,0.0,0.0,0.0,1.0,0.8455353071301549
parc+_pH8_1,-0.030342196650479148,0.026039903207641577,-0.008111481690860312,-0.028645363751312963,0.01841439455423666,-0.019287647755573623,-0.010867741525821064,-0.04857011733495672,-0.03028615073665328,0.0077950369615269735,0.0,0.0,0.0,0.0,0.0,0.0,0.0,0.0,0.0,0.0,0.0,1.0,0.8378107178569503
parc+_pH8_2,-0.04123007529779621,0.023484251384177934,-0.008351192126131576,-0.013421231819235761,0.015412094175167706,-0.012116307922355508,-0.010556940575656683,-0.036269087896722826,-0.04469545051455497,0.0038825744973576565,0.0,0.0,0.0,0.0,0.0,0.0,0.0,0.0,0.0,0.0,0.0,1.0,0.8442380625189879
parc+_pH9_0,-0.0273939153244314,0.02305772607093272,-0.00719841576302829,-0.018793106338252194,0.01840482709686393,-0.009395228128718293,-0.012485149797538052,-0.04955593091800161,-0.03261245136351689,-0.007889720256561818,0.0,0.0,0.0,0.0,0.0,0.0,0.0,0.0,0.0,0.0,0.0,1.0,1.003926186226973
parc+_pH9_1,-0.03636406507343053,0.021924631704130896,-0.0050307212251683945,-0.02285067815333605,0.020598006044393,-0.01473310016581546,-0.006392571482321491,-0.04127292672577112,-0.030110118949542873,-0.009629820695389871,0.0,0.0,0.0,0.0,0.0,0.0,0.0,0.0,0.0,0.0,0.0,1.0,0.9964236708955914
parc+_pH9_2,-0.029914240043448365,0.01755216866893613,-0.0032270465953194577,-0.017397683194797973,0.011203325363280984,-0.011787583183335221,-0.00964227789770002,-0.035464164191937965,-0.05189449500616479,0.006710641452151793,0.0,0.0,0.0,0.0,0.0,0.0,0.0,0.0,0.0,0.0,0.0,1.0,0.9996501428774356
AC_pH4_0,0.010015820731287416,0.017353576507581313,-0.0037414335524258422,-0.032947271871178054,0.019998513772759748,-0.014113859995875673,-0.009109915311893691,-0.07982601998616819,0.03268002187104329,-0.06417079235872498,1.0,0.0,0.0,0.0,0.0,0.0,0.0,0.0,0.0,0.0,0.0,0.0,-0.0016139570379183382
AC_pH4_1,0.009280037876704462,0.012348789488491803,-0.003202381046569868,-0.030631470294750253,0.013002820397200788,-0.010092872693810769,-0.009016600042257622,-0.0844103743929578,0.03658383743108614,-0.05772315018850824,1.0,0.0,0.0,0.0,0.0,0.0,0.0,0.0,0.0,0.0,0.0,0.0,0.0004845233155374915
AC_pH4_2,0.009290159600584404,0.011483514513010563,-0.004774166125318281,-0.017862022851148372,0.01764144213627214,-0.01718854009943164,-0.008551353781443578,-0.08104395034844462,0.02740991843783337,-0.06026636468489532,1.0,0.0,0.0,0.0,0.0,0.0,0.0,0.0,0.0,0.0,0.0,0.0,0.001874459798070219
AC_pH5_0,0.007797825355892598,0.009259461843125195,0.0014529238932806505,-0.03743932173303936,0.021566614362856618,-0.01607642936641755,-0.0059716713104559045,-0.08842864328266485,0.024994848477451693,-0.04101697336720384,1.0,0.0,0.0,0.0,0.0,0.0,0.0,0.0,0.0,0.0,0.0,0.0,0.05114127579932972
AC_pH5_1,0.008914380274389103,0.007195491408524306,-0.006365838126967783,-0.0208693377479263,0.01584189332373764,-0.01585657830471578,-0.008122547796886903,-0.08507550368166489,0.025664549171924587,-0.04518786537096554,1.0,0.0,0.0,0.0,0.0,0.0,0.0,0.0,0.0,0.0,0.0,0.0,0.02446646428818786
AC_pH5_2,0.009832581019271978,0.011437135882999582,-0.005665032348555069,-0.03147583192457324,0.020009692858742625,-0.01979552705650744,-0.007089727911288324,-0.08072304809708956,0.030905817368108292,-0.05129741721503114,1.0,0.0,0.0,0.0,0.0,0.0,0.0,0.0,0.0,0.0,0.0,0.0,0.039343210450552515
AC_pH6_0,0.01579086254796257,0.019358488914111387,-0.008094384381952494,-0.04054938909800157,0.026321979336764497,-0.025600397967450002,-0.011110489199990813,-0.15312117793637775,0.03393423029909964,0.019208920181769392,1.0,0.0,0.0,0.0,0.0,0.0,0.0,0.0,0.0,0.0,0.0,0.0,0.16172687662413934
AC_pH6_1,0.017564955658238873,0.03300910246275042,-0.0061142075515311705,-0.047353055240667394,0.02851675189221682,-0.02542883288925109,-0.015687388142813806,-0.17026671325059048,0.03509381298785624,0.02680421875870747,1.0,0.0,0.0,0.0,0.0,0.0,0.0,0.0,0.0,0.0,0.0,0.0,0.20214567479932488
AC_pH6_2,0.016653155428559885,0.02042674114846665,-0.004798585178087589,-0.04579319352688997,0.023539898358285426,-0.019888226749456447,-0.007503144365289939,-0.1593725114704474,0.0336763509751662,0.01919816113036612,1.0,0.0,0.0,0.0,0.0,0.0,0.0,0.0,0.0,0.0,0.0,0.0,0.19208393008372077
AC_pH7_0,0.01693231753033141,0.03069572014167257,-0.007221240777036419,-0.04444987096216368,0.03144972737554623,-0.030201725640698614,-0.02517924713537745,-0.19979384822528,0.04599310975683772,0.05791369432178528,1.0,0.0,0.0,0.0,0.0,0.0,0.0,0.0,0.0,0.0,0.0,0.0,0.4761566893788473
AC_pH7_1,0.01701195746660233,0.03767193020361921,-0.011378798156004887,-0.058439460613805304,0.02289587549703277,-0.02890952450101791,-0.01945833146572113,-0.1927958180285667,0.04762577048786309,0.06191503532716763,1.0,0.0,0.0,0.0,0.0,0.0,0.0,0.0,0.0,0.0,0.0,0.0,0.48226683949395216
AC_pH7_2,0.016996777504682547,0.04407406098654737,-0.013822893367513363,-0.051798260377153106,0.025727195111305813,-0.03155654233758864,-0.02074379762391682,-0.18302046385472232,0.0391996783989927,0.05108288825206135,1.0,0.0,0.0,0.0,0.0,0.0,0.0,0.0,0.0,0.0,0.0,0.0,0.4811025384560845
AC_pH8_0,0.019759699073822606,0.03881440392816844,-0.00862792764344941,-0.046054473077149494,0.033910976096015906,-0.026646577100390978,-0.020770707660071226,-0.19030287643165691,0.03972820667630952,0.03632791964418213,1.0,0.0,0.0,0.0,0.0,0.0,0.0,0.0,0.0,0.0,0.0,0.0,0.6161936979692529
AC_pH8_1,0.019078538932878045,0.0366060387602319,-0.007697050514752449,-0.051149620242092915,0.027949201090504285,-0.034809910183691464,-0.01767437494319418,-0.17919687248280516,0.040120360796218335,0.04291233239614445,1.0,0.0,0.0,0.0,0.0,0.0,0.0,0.0,0.0,0.0,0.0,0.0,0.6417698578516113
AC_pH8_2,0.020996720878326377,0.04394994096911472,-0.010188107662226841,-0.0623297375910308,0.04044028471183519,-0.029111391636340512,-0.022770042348167166,-0.19632778408572718,0.04729902845361957,0.04417973220186389,1.0,0.0,0.0,0.0,0.0,0.0,0.0,0.0,0.0,0.0,0.0,0.0,0.6440713470669853
AC_pH9_0,0.020091775075896934,0.05415509532003299,-0.018544841713231546,-0.050423613746205104,0.03048455099696698,-0.022004389416264453,-0.01809815179718578,-0.20474548323808808,0.045457503727596736,0.03976619929399179,1.0,0.0,0.0,0.0,0.0,0.0,0.0,0.0,0.0,0.0,0.0,0.0,0.7292859280132171
AC_pH9_1,0.019463478942280232,0.038106688309622855,-0.010728852752110232,-0.059464817973582634,0.03332699701513932,-0.03073579691512429,-0.029527480754515393,-0.17371554200254058,0.048480490682565644,0.040933477768431537,1.0,0.0,0.0,0.0,0.0,0.0,0.0,0.0,0.0,0.0,0.0,0.0,0.7412574926289346
AC_pH9_2,0.018929738373212195,0.04618410555888778,-0.012515629097495392,-0.051992417173865046,0.02806402648272722,-0.02604077904444674,-0.018993014264041957,-0.18715050296129093,0.037175663495841234,0.04247745309187019,1.0,0.0,0.0,0.0,0.0,0.0,0.0,0.0,0.0,0.0,0.0,0.0,0.747526246417331
BA_pH4_0,-0.03801632810869943,0.008723131722730143,0.0014979958242696259,-0.009075927348888438,0.02013932707193105,-0.006727600249907246,-0.006997971774443338,-0.0788485868923042,0.022817007390701246,-0.037372412357641306,0.0,1.0,0.0,0.0,0.0,0.0,0.0,0.0,0.0,0.0,0.0,0.0,-0.0016139574737368786
BA_pH4_1,-0.028547015199842655,0.007056631160819012,0.00033457026533458543,-0.021443331416534338,0.018322889976527378,-0.01000896392957024,-0.005526062875338223,-0.0803693818171387,0.025945677145019826,-0.029626378323072983,0.0,1.0,0.0,0.0,0.0,0.0,0.0,0.0,0.0,0.0,0.0,0.0,0.00048452299554619434
BA_pH4_2,-0.035049604125644854,0.007626579099375268,0.0013757968532002497,-0.013624364296379296,0.022527741776860278,-0.010390586930772534,-0.0007062258020691251,-0.09251778071665247,0.026842720809838044,-0.02994564168155193,0.0,1.0,0.0,0.0,0.0,0.0,0.0,0.0,0.0,0.0,0.0,0.0,0.0018744598294293093
BA_pH5_0,-0.036106864398588304,0.00394605430571929,-0.0013538104716850382,-0.029894427061080944,0.01352175335845222,-0.005242558766318405,-0.006640259011284165,-0.07843942837546701,0.0190548898635999,-0.0027067060995361095,0.0,1.0,0.0,0.0,0.0,0.0,0.0,0.0,0.0,0.0,0.0,0.0,0.0511412745403946
BA_pH5_1,-0.022677106766597087,0.006651310311711352,0.00195452964824179,-0.021421435740978826,0.005926393740203071,-0.011805559892369356,-0.0004931279304234884,-0.08353558723693308,0.02690586306802605,-0.02536664389073849,0.0,1.0,0.0,0.0,0.0,0.0,0.0,0.0,0.0,0.0,0.0,0.0,0.024466462930343342
BA_pH5_2,-0.036244434059961986,0.00559963790618855,0.0016124799960981243,-0.02013534544440716,0.021820245806289756,-0.012389431702701945,-0.005092271336394808,-0.07205970289914501,0.018158620336781377,-0.025131163324998776,0.0,1.0,0.0,0.0,0.0,0.0,0.0,0.0,0.0,0.0,0.0,0.0,0.03934321135483189
BA_pH6_0,-0.04081608830262785,-0.002026452234257824,-0.00831985236833925,-0.028952633654293812,0.016299153420588245,-0.016077084664417353,-0.015352691473520325,-0.06237984370926152,0.025865342008030937,0.007898786255846852,0.0,1.0,0.0,0.0,0.0,0.0,0.0,0.0,0.0,0.0,0.0,0.0,0.16172687666300212
BA_pH6_1,-0.056931779896435525,0.0009632429091826732,-0.005114531011685084,-0.03982403356743895,0.019191234027561933,-0.011003258157035579,-0.011317469280051149,-0.07378214726305525,0.02887491603908331,0.025082461477621734,0.0,1.0,0.0,0.0,0.0,0.0,0.0,0.0,0.0,0.0,0.0,0.0,0.20214567404454245
BA_pH6_2,-0.05005792541348415,0.0008616075178851254,-0.004475272488982783,-0.03306909492482311,0.01495250520498856,-0.013801201611109403,-0.009889042322402414,-0.07131276604921921,0.022548261608766475,0.02038156375612902,0.0,1.0,0.0,0.0,0.0,0.0,0.0,0.0,0.0,0.0,0.0,0.0,0.19208393160174653
BA_pH7_0,-0.047279634158248485,0.001839671594941095,-0.0072241251980480915,-0.0318988573745541,0.0226866856476535,-0.018799115225024844,-0.008300046107691271,-0.08333151891827585,0.02837034596697144,0.020075228628904925,0.0,1.0,0.0,0.0,0.0,0.0,0.0,0.0,0.0,0.0,0.0,0.0,0.47615668850189524
BA_pH7_1,-0.058960649163826644,0.0013083363292009913,-0.012571379186018652,-0.03550495778088984,0.019383500208673264,-0.01614180627076522,-0.007929100598330081,-0.07299193475233474,0.027480613569850505,0.032066012825007026,0.0,1.0,0.0,0.0,0.0,0.0,0.0,0.0,0.0,0.0,0.0,0.0,0.48226683981394347
BA_pH7_2,-0.05941572000475033,0.0014884616304998788,-0.007241606414318085,-0.034495224476508476,0.01669159861686437,-0.021061417531708017,-0.009094897890868394,-0.06200717857998351,0.03236796738012977,0.01890665254839089,0.0,1.0,0.0,0.0,0.0,0.0,0.0,0.0,0.0,0.0,0.0,0.0,0.48110253833913064
BA_pH8_0,-0.05433836157879104,0.002685348326745238,-0.004655717640467313,-0.03999046026688555,0.019576290547847746,-0.02122012854270313,-0.008000947434617127,-0.06899456186139066,0.0312669379490873,0.019810235778922623,0.0,1.0,0.0,0.0,0.0,0.0,0.0,0.0,0.0,0.0,0.0,0.0,0.6161936980952847
BA_pH8_1,-0.05234338520013767,0.00263799880509791,-0.004371168189074684,-0.03354215888549452,0.019263751247654788,-0.016111839974056123,-0.008309276032706965,-0.0690794189663037,0.027222767812402345,0.010771364660366722,0.0,1.0,0.0,0.0,0.0,0.0,0.0,0.0,0.0,0.0,0.0,0.0,0.6417698583743298
BA_pH8_2,-0.044917049103457,0.0020826306356036117,-0.0034368246210658053,-0.037129639612267853,0.015529243239889978,-0.013836444768568741,-0.007168628668979459,-0.07047928411027661,0.018333777986142944,0.017160854300727016,0.0,1.0,0.0,0.0,0.0,0.0,0.0,0.0,0.0,0.0,0.0,0.0,0.64407134594908
BA_pH9_0,-0.051682029146215176,0.00263799880509791,-0.00408033608418444,-0.019466144533261006,0.013431094509104027,-0.016946469810993778,-0.008307870231244874,-0.06912375747185687,0.02382986726968184,0.0058462813237439015,0.0,1.0,0.0,0.0,0.0,0.0,0.0,0.0,0.0,0.0,0.0,0.0,0.7292859295671521
BA_pH9_1,-0.0500697059330085,0.0020826306356036125,-0.003783265442951868,-0.03319284709575385,0.01369347330506729,-0.0219393072747018,-0.008496285617027593,-0.06016861314358918,0.03091689703257187,0.007095658811538117,0.0,1.0,0.0,0.0,0.0,0.0,0.0,0.0,0.0,0.0,0.0,0.0,0.741257491587475
BA_pH9_2,-0.057856090464021855,0.002082630635603612,-0.005616858148056529,-0.03302451793914256,0.01945130024591218,-0.01545677928173024,-0.009522287871526636,-0.0661407189135966,0.03388886038051998,0.008333096633786742,0.0,1.0,0.0,0.0,0.0,0.0,0.0,0.0,0.0,0.0,0.0,0.0,0.74752624576109
BC_pH4_0,-0.037523595726360444,0.010383715166345888,-0.0003852194418077891,-0.017183522999934527,0.016159648504918033,-0.010884941059934056,-0.00773229641434939,-0.049431609835313715,0.025239035182672998,-0.05250257132493933,0.0,0.0,1.0,0.0,0.0,0.0,0.0,0.0,0.0,0.0,0.0,0.0,-0.0016139570379183382
BC_pH4_1,-0.03160811897367239,-0.00391729144298512,-0.0004109007379283085,-0.012347836841059768,0.015452257934147895,-0.015089973609732547,-0.004399623495081196,-0.06112459307779436,0.024017133204185442,-0.03443241691135843,0.0,0.0,1.0,0.0,0.0,0.0,0.0,0.0,0.0,0.0,0.0,0.0,0.0004845233155374915
BC_pH4_2,-0.046959452382896255,0.012849456233822776,-0.0004109007379283087,-0.030463600864876872,0.02150076786785022,-0.01680000518327174,-0.005397221659836563,-0.043234718992658294,0.03414763274724069,-0.049093320907458,0.0,0.0,1.0,0.0,0.0,0.0,0.0,0.0,0.0,0.0,0.0,0.0,0.001874459798070219
BC_pH5_0,-0.024270312795820446,0.009075388043471003,-0.0007535708987194567,-0.015940618123049317,0.017661871558622172,-0.006645185492284921,-0.003443931610040043,-0.0704909798502922,0.025269383577548942,-0.054323409326050585,0.0,0.0,1.0,0.0,0.0,0.0,0.0,0.0,0.0,0.0,0.0,0.0,0.05114127579932972
BC_pH5_1,-0.03767874814893888,0.010443093138544456,-0.0002287430219028321,-0.02469984027516583,0.020188043933847676,-0.01555505685184313,-0.0030751221076301912,-0.05184097873289947,0.023178540147517034,-0.04459254603023114,0.0,0.0,1.0,0.0,0.0,0.0,0.0,0.0,0.0,0.0,0.0,0.0,0.02446646428818786
BC_pH5_2,-0.04029257976814456,0.006756634017371613,-0.0005029962503391771,-0.018590845200030702,0.019850344662757025,-0.013799864136330461,-0.006286104967736678,-0.06442678030742251,0.024092475917676222,-0.030661642182132468,0.0,0.0,1.0,0.0,0.0,0.0,0.0,0.0,0.0,0.0,0.0,0.0,0.039343210450552515
BC_pH6_0,-0.04476967018259609,0.020830259102842082,-0.0007714435458183281,-0.036225086764796924,0.013377319122462168,-0.02149106998806415,-0.00946915495654811,-0.08779563174623511,0.03234966957212789,0.010103450113016627,0.0,0.0,1.0,0.0,0.0,0.0,0.0,0.0,0.0,0.0,0.0,0.0,0.16172687662413934
BC_pH6_1,-0.052380309338155004,0.020119228259376856,4.614141972168434e-05,-0.02700651055282873,0.021669717388956445,-0.020699885954027594,-0.009962645302648131,-0.09534671358602202,0.016876428872346874,0.022823193588334584,0.0,0.0,1.0,0.0,0.0,0.0,0.0,0.0,0.0,0.0,0.0,0.0,0.20214567479932488
BC_pH6_2,-0.05634929104667643,0.017858662934083006,0.00044277428284935245,-0.028894288436226222,0.016976095357018973,-0.01823428682497014,-0.015461973857296552,-0.09888731070510721,0.031498624797424546,0.027189637746499934,0.0,0.0,1.0,0.0,0.0,0.0,0.0,0.0,0.0,0.0,0.0,0.0,0.19208393008372077
BC_pH7_0,-0.06200820383980221,0.03337503912008327,-0.0008504252524479582,-0.047285981077862825,0.017765195926894316,-0.012947416840040167,-0.019175031405428186,-0.10067929924830142,0.029939418218058084,0.03800534037954133,0.0,0.0,1.0,0.0,0.0,0.0,0.0,0.0,0.0,0.0,0.0,0.0,0.4761566893788473
BC_pH7_1,-0.07495818974693183,0.03490570432951918,-0.00075852789308714,-0.035849056684452554,0.02128162276485692,-0.023730900640720906,-0.014866358809497047,-0.1129309341279061,0.034382639057610354,0.048662638583261024,0.0,0.0,1.0,0.0,0.0,0.0,0.0,0.0,0.0,0.0,0.0,0.0,0.48226683949395216
BC_pH7_2,-0.0806467603503362,0.03517918977076593,-0.000889596874299256,-0.04843199652174244,0.028325257826110582,-0.015075619826498243,-0.014644917345241358,-0.09804594603407643,0.030556349517858544,0.03981268283141695,0.0,0.0,1.0,0.0,0.0,0.0,0.0,0.0,0.0,0.0,0.0,0.0,0.4811025384560845
BC_pH8_0,-0.06921522594988348,0.02727729046474332,-0.00015023254829904325,-0.031928655712500864,0.021100564547207046,-0.026111116231135698,-0.017323659143370133,-0.0736952022495477,0.028684064046196316,0.017500817646151003,0.0,0.0,1.0,0.0,0.0,0.0,0.0,0.0,0.0,0.0,0.0,0.0,0.6161936979692529
BC_pH8_1,-0.07531604429140036,0.036363022677276445,-0.00033385684956674963,-0.04009791570837083,0.030314822903145907,-0.02263176799630342,-0.014146598707074706,-0.10363991900630619,0.029709723769970563,0.0359171771776417,0.0,0.0,1.0,0.0,0.0,0.0,0.0,0.0,0.0,0.0,0.0,0.0,0.6417698578516113
BC_pH8_2,-0.06497130684554576,0.03202349139944366,-0.0004622633301693477,-0.0341803492265551,0.02316149642448062,-0.023477726351955663,-0.02119581417221091,-0.0851101372067047,0.029251071101297505,0.021100182478194656,0.0,0.0,1.0,0.0,0.0,0.0,0.0,0.0,0.0,0.0,0.0,0.0,0.6440713470669853
BC_pH9_0,-0.08403970996484808,0.043843156432975906,-0.0004109007379283087,-0.03341173804324606,0.031695134947481364,-0.025529819103362765,-0.01822530371015486,-0.08850203677364017,0.029908490550258883,0.020811371372445767,0.0,0.0,1.0,0.0,0.0,0.0,0.0,0.0,0.0,0.0,0.0,0.0,0.7292859280132171
BC_pH9_1,-0.06961348290676656,0.03918422293403874,-0.0004365820340488274,-0.03983443367416444,0.023472469070035477,-0.022878812629243604,-0.012879046551559284,-0.1027365376379179,0.03153787715927414,0.030322969011638473,0.0,0.0,1.0,0.0,0.0,0.0,0.0,0.0,0.0,0.0,0.0,0.0,0.7412574926289346
BC_pH9_2,-0.07210078253370264,0.034350969166211456,-0.0004109007379283081,-0.029534538180931765,0.02302315356290859,-0.01636703180878059,-0.012400356829166414,-0.11187950121967688,0.03678962635281293,0.02466800591867903,0.0,0.0,1.0,0.0,0.0,0.0,0.0,0.0,0.0,0.0,0.0,0.0,0.747526246417331
BL_pH4_0,-0.03189708268836788,0.005048684884348642,-0.002062170314400094,0.014187171873839001,0.020035110132201855,-0.0155611843680558,0.0031074637498544606,-0.11323021468584953,0.02824269216021766,-0.031731836146310616,0.0,0.0,0.0,1.0,0.0,0.0,0.0,0.0,0.0,0.0,0.0,0.0,-0.0016139570379183382
BL_pH4_1,-0.028877935247576755,0.01251018995662098,0.0042486179360876905,0.014085760427557903,0.01735827556608812,-0.018295100524049736,-0.0004770636558532718,-0.10708778765214526,0.03422822400927543,-0.05155454553825701,0.0,0.0,0.0,1.0,0.0,0.0,0.0,0.0,0.0,0.0,0.0,0.0,0.0004845233155374915
BL_pH4_2,-0.03728808179173781,0.006668106596107065,0.0036757007646171925,0.013341326007376544,0.020453355035380177,-0.011458927571125653,-0.0017776249316723456,-0.11457142375409607,0.03012236415691998,-0.033026159234021024,0.0,0.0,0.0,1.0,0.0,0.0,0.0,0.0,0.0,0.0,0.0,0.0,0.001874459798070219
BL_pH5_0,-0.028341578758605147,0.009704215463412845,0.0008429409709313638,0.011961626922306803,0.017705567919689674,-0.015605390271090942,-0.007430046903698341,-0.09619537506252525,0.0306406683863505,-0.04714399338902338,0.0,0.0,0.0,1.0,0.0,0.0,0.0,0.0,0.0,0.0,0.0,0.0,0.05114127579932972
BL_pH5_1,-0.03729562367434087,0.014725799683643423,0.00023835974704960233,0.01307491427530413,0.014253589614577913,-0.012254943816882117,0.00020927364411561412,-0.09582376725161855,0.026783742221153303,-0.04777270984552477,0.0,0.0,0.0,1.0,0.0,0.0,0.0,0.0,0.0,0.0,0.0,0.0,0.02446646428818786
BL_pH5_2,-0.04293159793090561,0.012444741275647413,-0.0025140364630066854,0.012701920108950658,0.02054327211626198,-0.013836537278864693,-0.0014268673146548476,-0.09125409642315427,0.026291392882880956,-0.043879556489055574,0.0,0.0,0.0,1.0,0.0,0.0,0.0,0.0,0.0,0.0,0.0,0.0,0.039343210450552515
BL_pH6_0,-0.04801535144772218,0.01237761342007181,0.000745836677758589,0.009219675958156585,0.022014787796398868,-0.020451696782332406,-0.013278931816634927,-0.1270344457661976,0.029491959959268562,0.011069186404347417,0.0,0.0,0.0,1.0,0.0,0.0,0.0,0.0,0.0,0.0,0.0,0.0,0.16172687662413934
BL_pH6_1,-0.06539304733924244,0.020353423365108345,0.000691369849702583,0.011440554060365841,0.023040102898426677,-0.01964062965920438,-0.01883726152226977,-0.1291002027512244,0.03521406985657371,0.01837025754963574,0.0,0.0,0.0,1.0,0.0,0.0,0.0,0.0,0.0,0.0,0.0,0.0,0.20214567479932488
BL_pH6_2,-0.05954516414714895,0.017090882803110972,-0.007087450325489044,0.010842157544001287,0.0230486558134789,-0.021010716282155204,-0.019784682276456255,-0.12886667191658335,0.03781340960575188,0.02363821542457394,0.0,0.0,0.0,1.0,0.0,0.0,0.0,0.0,0.0,0.0,0.0,0.0,0.19208393008372077
BL_pH7_0,-0.07577532643695241,0.050754191504548435,-0.013007235480067523,0.012715345575757651,0.03721884355596874,-0.02542493164215399,-0.018969533555209635,-0.17690611411857868,0.040411967105515624,0.04512142876891985,0.0,0.0,0.0,1.0,0.0,0.0,0.0,0.0,0.0,0.0,0.0,0.0,0.4761566893788473
BL_pH7_1,-0.08991661067242207,0.038496503583762956,-0.011332004261405572,0.012762598440698955,0.03435688644323659,-0.02683061937923017,-0.020432371707714125,-0.1538216333609561,0.04126957201115464,0.05158631418062293,0.0,0.0,0.0,1.0,0.0,0.0,0.0,0.0,0.0,0.0,0.0,0.0,0.48226683949395216
BL_pH7_2,-0.07801012145760267,0.04734634319725245,-0.007235974753680437,0.012592411812232886,0.03282520630437395,-0.016920460177504502,-0.017724658275104086,-0.16194431923653765,0.029636166016368762,0.03557404092472533,0.0,0.0,0.0,1.0,0.0,0.0,0.0,0.0,0.0,0.0,0.0,0.0,0.4811025384560845
BL_pH8_0,-0.08319948062948561,0.0327252124087966,-0.007169128021468287,0.012590567521426987,0.031006298189901776,-0.019792972372277923,-0.02729789531749227,-0.13595117651412017,0.03813795162607794,0.03508925995101099,0.0,0.0,0.0,1.0,0.0,0.0,0.0,0.0,0.0,0.0,0.0,0.0,0.6161936979692529
BL_pH8_1,-0.06820535728464953,0.04772479098290206,-0.004534388994393143,0.012316568597503328,0.02460470871756907,-0.024406673143739285,-0.019101981131926828,-0.1499128072951799,0.03373253970366458,0.023921236638789582,0.0,0.0,0.0,1.0,0.0,0.0,0.0,0.0,0.0,0.0,0.0,0.0,0.6417698578516113
BL_pH8_2,-0.09053537322775176,0.0373454499633416,-0.006416535835875119,0.012261649357235949,0.019527716558912528,-0.024174220152199274,-0.014814047547786133,-0.13452227145595394,0.03446268606607033,0.04300358282483143,0.0,0.0,0.0,1.0,0.0,0.0,0.0,0.0,0.0,0.0,0.0,0.0,0.6440713470669853
BL_pH9_0,-0.0655079810726254,0.04526511913894311,-0.007328003930008933,0.01142523184418678,0.025252952093015542,-0.019255431169724987,-0.01595972333589326,-0.13766709628636423,0.03126867348571186,0.008644902459953141,0.0,0.0,0.0,1.0,0.0,0.0,0.0,0.0,0.0,0.0,0.0,0.0,0.7292859280132171
BL_pH9_1,-0.0876695493608713,0.03950372243381064,-0.00827099174261093,0.010867501795291902,0.02705688483041265,-0.027619037453247158,-0.020061046163672987,-0.12977693566809528,0.03949506489155085,0.0326130205490019,0.0,0.0,0.0,1.0,0.0,0.0,0.0,0.0,0.0,0.0,0.0,0.0,0.7412574926289346
BL_pH9_2,-0.09276746028629336,0.047985702545746516,-0.012033832680595958,0.010922390462263773,0.03548214884555858,-0.02578441546662994,-0.02497992882424075,-0.1311251311247115,0.04448755096806132,0.023951612017724822,0.0,0.0,0.0,1.0,0.0,0.0,0.0,0.0,0.0,0.0,0.0,0.0,0.747526246417331
BT_pH4_0,-0.03147234326795391,0.009154807374529214,-0.002791196145117284,-0.015324309011516362,-0.00043658203404882683,-0.014051004317791568,-0.004807077226755412,-0.055830415560175546,0.014031509943306444,-0.022334746624464566,0.0,0.0,0.0,0.0,1.0,0.0,0.0,0.0,0.0,0.0,0.0,0.0,-0.0016139570379183382
BT_pH4_1,-0.029354719472644116,0.015895541543545933,-0.004100934843654218,-0.01892510870390612,-0.000436582034048828,-0.012345834861954919,-0.0029254799854496268,-0.05725108122372108,0.021977594557987607,-0.036394751862339356,0.0,0.0,0.0,0.0,1.0,0.0,0.0,0.0,0.0,0.0,0.0,0.0,0.0004845233155374915
BT_pH4_2,-0.04266004309706065,0.009682147601700348,-0.000984434193891029,-0.017956793130092,-0.00041090073792830853,-0.012328244282499604,-0.007380983427814816,-0.04767101673328359,0.018476899813698683,-0.02262798745185137,0.0,0.0,0.0,0.0,1.0,0.0,0.0,0.0,0.0,0.0,0.0,0.0,0.001874459798070219
BT_pH5_0,-0.021597049684952133,0.006807307072955631,-0.00300813995787631,-0.020039548537005545,-0.0007535708987194567,-0.012758660146399686,-0.00745787524658701,-0.050800881889527257,0.021884193436607077,-0.03613713080468386,0.0,0.0,0.0,0.0,1.0,0.0,0.0,0.0,0.0,0.0,0.0,0.0,0.05114127579932972
BT_pH5_1,-0.0401752502762753,0.0109694829583168,-0.0042199365438326565,-0.018900862911149213,-0.0003493852848592015,-0.011977504031813664,-0.0018785734847188013,-0.04476357364784116,0.02505709217294403,-0.037622844942885904,0.0,0.0,0.0,0.0,1.0,0.0,0.0,0.0,0.0,0.0,0.0,0.0,0.02446646428818786
BT_pH5_2,-0.03077771197518576,-0.004562829543391,0.006500852188986279,-0.01791003874300615,-0.0003495675195818369,-0.008435433868156827,-0.004976645985051343,-0.0446993157559115,0.014090046872911247,-0.0327407105429017,0.0,0.0,0.0,0.0,1.0,0.0,0.0,0.0,0.0,0.0,0.0,0.0,0.039343210450552515
BT_pH6_0,-0.042689725860305464,0.01387087786651176,-0.005679998844861986,-0.02657495190591916,-0.00029024234284525334,-0.01514091400996498,-0.010296846006227578,-0.08089691189644131,0.02783466874581316,0.01600268651285897,0.0,0.0,0.0,0.0,1.0,0.0,0.0,0.0,0.0,0.0,0.0,0.0,0.16172687662413934
BT_pH6_1,-0.04135377601113008,0.018814725419101504,-0.00735171704026668,-0.027280898068262192,0.0006577543460804472,-0.009983821806052458,-0.012055816342649253,-0.08395693301668636,0.02247818364721278,0.016170933227176255,0.0,0.0,0.0,0.0,1.0,0.0,0.0,0.0,0.0,0.0,0.0,0.0,0.20214567479932488
BT_pH6_2,-0.044741258851211996,0.013196766572478022,-0.002977472636038844,-0.024653541968892446,0.001260375808114592,-0.021384247572201746,-0.009667477308084137,-0.08080556985314771,0.02442469140109808,0.021486369345499124,0.0,0.0,0.0,0.0,1.0,0.0,0.0,0.0,0.0,0.0,0.0,0.0,0.19208393008372077
BT_pH7_0,-0.058899006483995396,0.020858602768377116,-0.005867148417493571,-0.029528361707925797,-0.0008504252524479569,-0.019648538789023527,-0.0072692167661760195,-0.07247151336430205,0.0246289933440478,0.025185259350615996,0.0,0.0,0.0,0.0,1.0,0.0,0.0,0.0,0.0,0.0,0.0,0.0,0.4761566893788473
BT_pH7_1,-0.04991350858269825,0.029952880257497663,-0.012415754733526185,-0.03514182037633399,-0.0007345481670421108,-0.02072870602912229,-0.015943344070211703,-0.08861263971289862,0.025431190333936527,0.0442448937115462,0.0,0.0,0.0,0.0,1.0,0.0,0.0,0.0,0.0,0.0,0.0,0.0,0.48226683949395216
BT_pH7_2,-0.058307791821982556,0.033744064264971285,-0.007390668142748916,-0.04017888200347837,-0.0007899545197901517,-0.024568057547768828,-0.01451326081448275,-0.08418796967715025,0.031559178163499936,0.04077198553668415,0.0,0.0,0.0,0.0,1.0,0.0,0.0,0.0,0.0,0.0,0.0,0.0,0.4811025384560845
BT_pH8_0,-0.061718688787001624,0.02775413563394028,-0.004094266123745752,-0.033374201558206404,-0.0003389913750731418,-0.019477343656446624,-0.015943856506567936,-0.07237420233857372,0.026360661377725393,0.029345387818048824,0.0,0.0,0.0,0.0,1.0,0.0,0.0,0.0,0.0,0.0,0.0,0.0,0.6161936979692529
BT_pH8_1,-0.0619410733198342,0.023632495263996328,-0.004339899106518082,-0.03008852742612362,-0.0003595381456872681,-0.01725472991719194,-0.01848604409267073,-0.06741814201940663,0.027023279323526047,0.025370814037387775,0.0,0.0,0.0,0.0,1.0,0.0,0.0,0.0,0.0,0.0,0.0,0.0,0.6417698578516113
BT_pH8_2,-0.05012334868797789,0.039747809351462375,-0.006711557760186818,-0.038353007523261984,-0.00038521944180778855,-0.015461124402025475,-0.0161204467875802,-0.07802665200570356,0.023973672662092292,0.017598509062891423,0.0,0.0,0.0,0.0,1.0,0.0,0.0,0.0,0.0,0.0,0.0,0.0,0.6440713470669853
BT_pH9_0,-0.056799300319474666,0.03205423257273176,-0.0034522484923186526,-0.03021078615732815,-0.00038521944180778877,-0.011888155271501648,-0.013565125258072564,-0.07527452526857022,0.018175332743836484,0.017484430170253563,0.0,0.0,0.0,0.0,1.0,0.0,0.0,0.0,0.0,0.0,0.0,0.0,0.7292859280132171
BT_pH9_1,-0.04645874084175928,0.030440557680052258,-0.00641979896180008,-0.036882506388684975,-0.0004622633301693452,-0.015556189751495487,-0.016453142603454384,-0.08882243320021939,0.036173276684206467,0.02057988500627487,0.0,0.0,0.0,0.0,1.0,0.0,0.0,0.0,0.0,0.0,0.0,0.0,0.7412574926289346
BT_pH9_2,-0.046319240982765734,0.03913462895252134,-0.009492945590096972,-0.0385777344894798,-0.00048794462628986597,-0.015549879790000295,-0.00825309708390547,-0.08467569970566292,0.02747369519070439,0.01288685270625612,0.0,0.0,0.0,0.0,1.0,0.0,0.0,0.0,0.0,0.0,0.0,0.0,0.747526246417331
BV_pH4_0,-0.03160046302430008,0.015956456560803495,-0.004647420003362326,-0.025429166367520458,0.018740660875387817,0.0007672634785589945,-0.006333343626364418,-0.05306319257163485,0.024385006291710812,-0.06263716694129551,0.0,0.0,0.0,0.0,0.0,1.0,0.0,0.0,0.0,0.0,0.0,0.0,-0.0016139570379183382
BV_pH4_1,-0.04152590532341728,0.004812221672871838,-0.0004562318389830386,-0.022280653533728226,0.019150186048253727,0.0007672634785589958,-0.0032740121917880093,-0.06331866690969987,0.0214450011693913,-0.03918056672034056,0.0,0.0,0.0,0.0,0.0,1.0,0.0,0.0,0.0,0.0,0.0,0.0,0.0004845233155374915
BV_pH4_2,-0.05800043277766394,0.01669548653066158,-0.0005733317719853437,-0.01806764548563439,0.019739593490958215,0.0010230179714119934,-0.007281889231956524,-0.05393665329917618,0.027743163565578672,-0.05120267326417176,0.0,0.0,0.0,0.0,0.0,1.0,0.0,0.0,0.0,0.0,0.0,0.0,0.001874459798070219
BV_pH5_0,-0.03746140053738718,0.003223501463299214,-0.00484898342386536,-0.019404190043392392,0.022879734285499734,0.0004757442163384466,-0.004310023914212766,-0.07279420737663042,0.02478700571086096,-0.03640854510276214,0.0,0.0,0.0,0.0,0.0,1.0,0.0,0.0,0.0,0.0,0.0,0.0,0.05114127579932972
BV_pH5_1,-0.036744741833080415,0.008909512486146843,-0.0063327438740626634,-0.02815324463598106,0.015133926619006241,0.0009567620248898176,-0.005877728679257892,-0.058666048649212585,0.027351158215947774,-0.04043821689875229,0.0,0.0,0.0,0.0,0.0,1.0,0.0,0.0,0.0,0.0,0.0,0.0,0.02446646428818786
BV_pH5_2,-0.03105507957222669,0.014278449419399963,-0.0018245664886806336,-0.033018849615169606,0.013047504651805628,0.0009568154487920834,-0.008766921285701836,-0.06958739807748275,0.026274214853411134,-0.03416553485976613,0.0,0.0,0.0,0.0,0.0,1.0,0.0,0.0,0.0,0.0,0.0,0.0,0.039343210450552515
BV_pH6_0,-0.0559735337709603,0.017174781275832128,-0.0034061874352071604,-0.02326193067366662,0.014041984631963397,0.0004309802664362837,-0.012499364484911377,-0.10284112164183801,0.02615800644392553,0.016315019830413485,0.0,0.0,0.0,0.0,0.0,1.0,0.0,0.0,0.0,0.0,0.0,0.0,0.16172687662413934
BV_pH6_1,-0.06252691494381946,0.0298351360436367,-0.005915151533225311,-0.03924052335321903,0.024134966986982722,0.0014028245858524143,-0.013256519861195398,-0.11450233872170036,0.033976200601976855,0.022230954808385474,0.0,0.0,0.0,0.0,0.0,1.0,0.0,0.0,0.0,0.0,0.0,0.0,0.20214567479932488
BV_pH6_2,-0.06948053253733592,0.027338797174718075,-0.01289954851826896,-0.026992811968793055,0.018588353427855864,0.0011977556768966752,-0.008639328768071922,-0.09608451114400574,0.029755955966918355,0.0133545049701048,0.0,0.0,0.0,0.0,0.0,1.0,0.0,0.0,0.0,0.0,0.0,0.0,0.19208393008372077
BV_pH7_0,-0.09670593468391377,0.030763994769557667,-0.005462668123452561,-0.04241891985678154,0.02485817322912423,0.0018083155997421403,-0.015354586499540702,-0.10333496836216553,0.03848840053638686,0.04349682901540528,0.0,0.0,0.0,0.0,0.0,1.0,0.0,0.0,0.0,0.0,0.0,0.0,0.4761566893788473
BV_pH7_1,-0.08239081394089304,0.044358818680048,-0.007773645996399548,-0.04066534010936384,0.02645644853620426,0.0023228977037512725,-0.016957492517388387,-0.12421961241118284,0.02939126452674037,0.04561611109453698,0.0,0.0,0.0,0.0,0.0,1.0,0.0,0.0,0.0,0.0,0.0,0.0,0.48226683949395216
BV_pH7_2,-0.08066275388326334,0.0353716766477927,-0.006582280446005904,-0.02974121402787126,0.018283033037315245,0.0018124081064825462,-0.013296335708835849,-0.12436909902354942,0.035582037921185077,0.039741161906200896,0.0,0.0,0.0,0.0,0.0,1.0,0.0,0.0,0.0,0.0,0.0,0.0,0.4811025384560845
BV_pH8_0,-0.09364811274668444,0.04100660454967747,-0.008511325085292693,-0.04393032905524191,0.028669699890458065,0.0021477851077266337,-0.020155629978879642,-0.09467812764903774,0.04240646350966848,0.022831606116631757,0.0,0.0,0.0,0.0,0.0,1.0,0.0,0.0,0.0,0.0,0.0,0.0,0.6161936979692529
BV_pH8_1,-0.0886967752614747,0.039980832370726964,-0.009893873628714809,-0.043192736846597295,0.026938779182408168,0.001645434881034101,-0.02005239930165851,-0.09421547986567023,0.03274473170547382,0.030880121203220402,0.0,0.0,0.0,0.0,0.0,1.0,0.0,0.0,0.0,0.0,0.0,0.0,0.6417698578516113
BV_pH8_2,-0.09719729871529598,0.05090941484531631,-0.011360963472853536,-0.036900507312106055,0.027997490517471156,0.0016270498542681963,-0.020132365320687712,-0.11515781394813372,0.04082709126822327,0.03552653674198234,0.0,0.0,0.0,0.0,0.0,1.0,0.0,0.0,0.0,0.0,0.0,0.0,0.6440713470669853
BV_pH9_0,-0.08154725575576656,0.033571184695414875,-0.007594401178800542,-0.031094037038476578,0.02716079743012138,0.0007672634785589958,-0.014456606057027114,-0.09907387681305409,0.03019446610756542,0.01821110756176969,0.0,0.0,0.0,0.0,0.0,1.0,0.0,0.0,0.0,0.0,0.0,0.0,0.7292859280132171
BV_pH9_1,-0.07583501906498619,0.05386376763167588,-0.008314573262696679,-0.03416798278365446,0.02162944037629211,0.0008184143771295928,-0.012665269462310754,-0.13222185568641065,0.036724623914646065,0.026307089157078578,0.0,0.0,0.0,0.0,0.0,1.0,0.0,0.0,0.0,0.0,0.0,0.0,0.7412574926289346
BV_pH9_2,-0.06670923100865406,0.03755970529240111,-0.010238902811770853,-0.04372248773989469,0.026778637041216313,0.0006649616749390307,-0.013075615928872773,-0.12131609698676545,0.03858216505011788,0.027615499911100967,0.0,0.0,0.0,0.0,0.0,1.0,0.0,0.0,0.0,0.0,0.0,0.0,0.747526246417331
CC_pH4_0,-0.04477855993029863,0.009513718628365062,0.00028891270251377757,-0.023908864625770118,0.01562692855687245,-0.011630860191324484,0.0021609169374341526,-0.05532273432158905,0.024654901633444037,-0.04046572411189909,0.0,0.0,0.0,0.0,0.0,0.0,1.0,0.0,0.0,0.0,0.0,0.0,0.0032572508755295392
CC_pH4_1,-0.04229409662601741,0.015615490799688771,-0.006158426136750241,-0.025452545750076355,0.015889587484948012,-0.010448138749469881,0.002469619357067605,-0.06285150729281747,0.026616303519062363,-0.03724765132788731,0.0,0.0,0.0,0.0,0.0,0.0,1.0,0.0,0.0,0.0,0.0,0.0,-0.004437627208196163
CC_pH4_2,-0.03784751076737176,0.01746027919099383,-0.0033029040418889213,-0.02951670523408963,0.01863289714993342,-0.020951892348087354,0.002778321776701054,-0.062247982732951644,0.02823747744378836,-0.037103345159279266,0.0,0.0,0.0,0.0,0.0,0.0,1.0,0.0,0.0,0.0,0.0,0.0,0.0011803763326671925
CC_pH5_0,-0.03718148336786291,-0.0026552546186291636,0.0023231072075988956,-0.022368856739738714,0.013909054761347562,-0.012268266721588117,0.0005513406285773148,-0.0594306911236566,0.025038704104397607,-0.031779018852697766,0.0,0.0,0.0,0.0,0.0,0.0,1.0,0.0,0.0,0.0,0.0,0.0,0.08114687964645667
CC_pH5_1,-0.03861155960546887,0.012088699956303059,-0.0011216448247432702,-0.031418581387918934,0.014235738570923391,-0.012900804363839008,-0.00023681468289831736,-0.07081010676596476,0.020391699853150744,-0.01547799147179593,0.0,0.0,0.0,0.0,0.0,0.0,1.0,0.0,0.0,0.0,0.0,0.0,0.11230826956373989
CC_pH5_2,-0.03598146364740703,0.0037144411517226195,0.00021490444145772641,-0.03380774774629137,0.01440153877048389,-0.014303524162134403,-0.0015545595340106814,-0.0588090279147677,0.02321851956293635,-0.02095444622733023,0.0,0.0,0.0,0.0,0.0,0.0,1.0,0.0,0.0,0.0,0.0,0.0,0.09911694942295314
CC_pH6_0,-0.07673757942798344,0.0363321468655182,-0.010330250548279804,-0.03807373642273571,0.020524179247086466,-0.018040021928432192,0.006649475752011589,-0.12345194319668021,0.02948730355047662,0.04977906138676665,0.0,0.0,0.0,0.0,0.0,0.0,1.0,0.0,0.0,0.0,0.0,0.0,0.2884225051673924
CC_pH6_1,-0.0627178965622316,0.047563940746628716,-0.007060163416292357,-0.04634541582478131,0.022800679666840514,-0.02256661874768527,0.005360992272262982,-0.13197466786464918,0.027167984506358277,0.04390980050129736,0.0,0.0,0.0,0.0,0.0,0.0,1.0,0.0,0.0,0.0,0.0,0.0,0.29127362738877827
CC_pH6_2,-0.06573519070673248,0.025220335849925227,-0.010202172142655957,-0.04002189486409011,0.02755196114921052,-0.017379398294117138,0.006152288149232446,-0.14281510060572106,0.0345919044105255,0.058775902332171136,0.0,0.0,0.0,0.0,0.0,0.0,1.0,0.0,0.0,0.0,0.0,0.0,0.2957269459022493
CC_pH7_0,-0.08443677288358624,0.037151473004208964,-0.003715646215107132,-0.038904695538399016,0.025748095842807187,-0.017483541141061675,0.00479365705148033,-0.11921713780773723,0.030547906042117136,0.04165529614557391,0.0,0.0,0.0,0.0,0.0,0.0,1.0,0.0,0.0,0.0,0.0,0.0,0.5922068579302491
CC_pH7_1,-0.07017942890686832,0.03142391522131537,-0.0034146693867185833,-0.043018584787521685,0.020668180213998195,-0.018355842503192634,0.0047547086619812474,-0.11912276511768934,0.03151567268954671,0.04186744919289713,0.0,0.0,0.0,0.0,0.0,0.0,1.0,0.0,0.0,0.0,0.0,0.0,0.5480973412378645
CC_pH7_2,-0.05642590561638707,0.0291501567447963,-0.0026803971373516584,-0.03332806177275336,0.019925928512669132,-0.016715641557846387,0.005148536686016165,-0.12687876248489258,0.023054927010899003,0.03488785489259855,0.0,0.0,0.0,0.0,0.0,0.0,1.0,0.0,0.0,0.0,0.0,0.0,0.5469120935714209
CC_pH8_0,-0.07922267850002515,0.05052774989086648,-0.008297088146209717,-0.03485480646400349,0.024615424085894354,-0.024879800559062023,0.0018514674837174575,-0.09449058401843777,0.02944293011789737,0.01144602138711058,0.0,0.0,0.0,0.0,0.0,0.0,1.0,0.0,0.0,0.0,0.0,0.0,0.8455353071301549
CC_pH8_1,-0.06043473081744235,0.028449898963065243,-0.006412085655914702,-0.037874172161454736,0.02031025447761235,-0.018585218793672066,0.0017919092916924024,-0.09918603483425534,0.02998614052391571,0.018092674316595427,0.0,0.0,0.0,0.0,0.0,0.0,1.0,0.0,0.0,0.0,0.0,0.0,0.8378107178569503
CC_pH8_2,-0.0695242532391263,0.04432398897474228,-0.010276881943902243,-0.05254334370079249,0.027841173549709105,-0.016166678015952528,0.0027121719653191746,-0.12287379879990348,0.042059533119849536,0.030586723367805067,0.0,0.0,0.0,0.0,0.0,0.0,1.0,0.0,0.0,0.0,0.0,0.0,0.8442380625189879
CC_pH9_0,-0.06420067982667164,0.029314286166235156,-0.013309169925101423,-0.036202597294164744,0.024195941220159112,-0.020722630281487242,0.002315268147250877,-0.07878243287944275,0.04090205123243125,-0.007371402220881504,0.0,0.0,0.0,0.0,0.0,0.0,1.0,0.0,0.0,0.0,0.0,0.0,1.003926186226973
CC_pH9_1,-0.08462535628320084,0.02916950787215129,-0.007689024890246596,-0.035355685418066767,0.022091473340988155,-0.019303326046337256,0.002315268147250877,-0.06835577823383654,0.029935502426131914,0.00795605413615703,0.0,0.0,0.0,0.0,0.0,0.0,1.0,0.0,0.0,0.0,0.0,0.0,0.9964236708955914
CC_pH9_2,-0.06979867539975952,0.053661292334613586,-0.005683433497729511,-0.03609149623824203,0.030777015021961666,-0.01836501494050026,0.0024696193570676026,-0.1005438519657954,0.03184091678132182,-0.01212773617518985,0.0,0.0,0.0,0.0,0.0,0.0,1.0,0.0,0.0,0.0,0.0,0.0,0.9996501428774356
DF_pH4_0,-0.0572034152985915,-0.018337973756310733,0.002855254709720608,-0.07142491775848296,0.017183211040885556,-0.01196130611650322,-0.005370225532223349,0.06219738022788711,0.02652940181934316,-0.0683287666203535,0.0,0.0,0.0,0.0,0.0,0.0,0.0,1.0,0.0,0.0,0.0,0.0,-0.0016139570379183382
DF_pH4_1,-0.060180276787799324,-0.02908513550525126,0.001395528659872385,-0.06639513978977567,0.016683303929217484,-0.013752760031948924,-0.007387846445907716,0.06516274860695655,0.031886073182458466,-0.0621878514179717,0.0,0.0,0.0,0.0,0.0,0.0,0.0,1.0,0.0,0.0,0.0,0.0,0.0004845233155374915
DF_pH4_2,-0.04288665926650814,-0.022661379480167575,0.0030833010942391713,-0.07056321352396322,0.02450567940654962,-0.01841699030736218,-0.013238200909741545,0.05899940647994696,0.03473628288215917,-0.07741958206924406,0.0,0.0,0.0,0.0,0.0,0.0,0.0,1.0,0.0,0.0,0.0,0.0,0.001874459798070219
DF_pH5_0,-0.053815327908681786,-0.011724958761554698,0.0035427679834158514,-0.06750100571662186,0.018112022164075273,-0.006649558272050779,-0.003210563338969065,0.06272900996000871,0.03622226492542287,-0.06403546692236613,0.0,0.0,0.0,0.0,0.0,0.0,0.0,1.0,0.0,0.0,0.0,0.0,0.05114127579932972
DF_pH5_1,-0.05228195615112781,-0.018516238213557256,-0.005304983698803446,-0.06895343089233273,0.01588818339711946,-0.01067742785681849,-0.00449129211837831,0.05720311703241388,0.027656139543522962,-0.07552527335350931,0.0,0.0,0.0,0.0,0.0,0.0,0.0,1.0,0.0,0.0,0.0,0.0,0.02446646428818786
DF_pH5_2,-0.05402918370359616,-0.015248581569479853,-0.0029084890692130396,-0.0776213376969099,0.019266939812704276,-0.009644612198614556,-0.0021427538553657755,0.059517391839105156,0.03169693219272988,-0.06986276865005495,0.0,0.0,0.0,0.0,0.0,0.0,0.0,1.0,0.0,0.0,0.0,0.0,0.039343210450552515
DF_pH6_0,-0.11689424811659953,0.03331217610479697,-0.0001280360782276021,-0.06737265229387127,0.02189651053560817,-0.014336632737970867,-0.016660516694512052,0.12485404234217556,0.051013590967201664,0.08749729438158482,0.0,0.0,0.0,0.0,0.0,0.0,0.0,1.0,0.0,0.0,0.0,0.0,0.16172687662413934
DF_pH6_1,-0.1314356603311456,0.049961808404844744,-0.012854059873067814,-0.08496297233778498,0.026963335416563174,-0.033178424780135565,-0.030305565044931756,0.11335468105323937,0.05120202173681363,0.06519958856799032,0.0,0.0,0.0,0.0,0.0,0.0,0.0,1.0,0.0,0.0,0.0,0.0,0.20214567479932488
DF_pH6_2,-0.13543441298701195,0.030077015088628166,-0.001653201936379724,-0.06802223437506219,0.02498902532879425,-0.027144825035787162,-0.03341444189133852,0.1151867636746687,0.04279754426168359,0.0776950159215409,0.0,0.0,0.0,0.0,0.0,0.0,0.0,1.0,0.0,0.0,0.0,0.0,0.19208393008372077
DF_pH7_0,-0.17068118816808522,0.060521268005604305,-0.01147862611257512,-0.10387575127022423,0.04422561890081219,-0.05033196439885576,-0.039559580343573,0.07969000506984152,0.0535478723778025,0.055897297502859745,0.0,0.0,0.0,0.0,0.0,0.0,0.0,1.0,0.0,0.0,0.0,0.0,0.4761566893788473
DF_pH7_1,-0.1762598205228215,0.06750610276894725,-0.006266945665297302,-0.0983853890876407,0.037194123023554036,-0.04968929590576371,-0.0363493043443431,0.07758344126784282,0.04983842724691267,0.049040755508062625,0.0,0.0,0.0,0.0,0.0,0.0,0.0,1.0,0.0,0.0,0.0,0.0,0.48226683949395216
DF_pH7_2,-0.17740662067642682,0.055302245650926354,-0.008716097645785497,-0.10460746063810325,0.04303103121402471,-0.03988603966715543,-0.043434515185654166,0.0788379355163678,0.04872895628537822,0.06307632086231658,0.0,0.0,0.0,0.0,0.0,0.0,0.0,1.0,0.0,0.0,0.0,0.0,0.4811025384560845
DF_pH8_0,-0.1861509404720172,0.049890713126439105,-0.010138017599997315,-0.1004238838637652,0.03870978526771068,-0.04511500062016041,-0.049495656880671555,0.06509152002956557,0.05739798817783595,0.027822754962936687,0.0,0.0,0.0,0.0,0.0,0.0,0.0,1.0,0.0,0.0,0.0,0.0,0.6161936979692529
DF_pH8_1,-0.16904492631554607,0.06461646814871094,-0.012515498736630314,-0.08752193908490563,0.04206973520310029,-0.04811484404394161,-0.05023105287681454,0.06807062305186105,0.04453389793796386,0.02427617199395012,0.0,0.0,0.0,0.0,0.0,0.0,0.0,1.0,0.0,0.0,0.0,0.0,0.6417698578516113
DF_pH8_2,-0.18297857559893438,0.06559003021406089,-0.010371776066072608,-0.0958744855662403,0.044214640847690716,-0.04388260694463616,-0.04501659539244746,0.06743430412657882,0.046915598435570374,0.030108101222178215,0.0,0.0,0.0,0.0,0.0,0.0,0.0,1.0,0.0,0.0,0.0,0.0,0.6440713470669853
DF_pH9_0,-0.17594514880491344,0.06758880330654589,-0.007532595954835418,-0.09423323166921088,0.0363327018511684,-0.039790766240785945,-0.036365952166202274,0.06484490509590377,0.04700519515444403,0.014234723377486934,0.0,0.0,0.0,0.0,0.0,0.0,0.0,1.0,0.0,0.0,0.0,0.0,0.7292859280132171
DF_pH9_1,-0.1674993248154288,0.06184001504889,-0.0063126310787123205,-0.09031324324400526,0.04196167205014955,-0.029983222196283542,-0.040398939316687386,0.06415548920631409,0.04663615278737702,-0.003947323821485044,0.0,0.0,0.0,0.0,0.0,0.0,0.0,1.0,0.0,0.0,0.0,0.0,0.7412574926289346
DF_pH9_2,-0.17060262533957546,0.05938617812388617,-0.007971466757033184,-0.09122373059391975,0.043574444131682745,-0.03337778957965582,-0.03944072784451041,0.06276964648262313,0.05215597589702709,0.0008687307572235242,0.0,0.0,0.0,0.0,0.0,0.0,0.0,1.0,0.0,0.0,0.0,0.0,0.747526246417331
comm11_4_1,0.0805063844213019,-0.02383953403519548,-0.014433340613284842,0.03291838030128375,-0.0461336839587792,0.02463718322794075,-0.023971428807986823,0.16017438314045251,0.056459858521171226,-0.3051714034670072,1.0,1.0,1.0,1.0,1.0,1.0,1.0,1.0,0.0,0.0,0.0,0.0,-0.0016139570379183382
comm11_4_2,0.06940717322508927,0.02560952634105216,-0.02257446534283783,0.016752875131433424,-0.05797284282419995,0.026595737550245677,-0.015065424711160038,0.18030675604453547,0.05636776969484659,-0.33495093973920403,1.0,1.0,1.0,1.0,1.0,1.0,1.0,1.0,0.0,0.0,0.0,0.0,0.0004845233155374915
comm11_4_3,0.04716478275864018,-0.011177846115568404,-0.024079350880954573,0.041953984398556785,-0.03310791058222886,0.013328704573214055,0.0023983577914212066,0.15168663927880313,0.058503013567432115,-0.2999890163767598,1.0,1.0,1.0,1.0,1.0,1.0,1.0,1.0,0.0,0.0,0.0,0.0,0.001874459798070219
comm11_4_4,0.06794831348502119,-0.002739053179064519,-0.020616810303991255,0.02485463112592698,-0.016912380615654195,0.01794768177134834,-0.017833209018344474,0.17417788917927635,0.055904741946445846,-0.3305869054437981,1.0,1.0,1.0,1.0,1.0,1.0,1.0,1.0,0.0,0.0,0.0,0.0,0.0053181834532889495
comm11_5_1,0.09426533892102862,0.02001037390173777,-0.013594208648023397,0.0698880991436865,-0.06161846412426753,0.010698411548915121,-0.011785352288380919,0.23646867053178336,0.06431587112500615,-0.3513786211966173,1.0,1.0,1.0,1.0,1.0,1.0,1.0,1.0,0.0,0.0,0.0,0.0,0.05114127579932972
comm11_5_2,0.058325810503700504,0.02915778222615304,-0.008386559241815751,0.027341240317277287,-0.04447887388584405,0.02161438527800466,-0.01095501103802868,0.2144792371275632,0.060764452121827885,-0.3588122461898171,1.0,1.0,1.0,1.0,1.0,1.0,1.0,1.0,0.0,0.0,0.0,0.0,0.02446646428818786
comm11_5_3,0.13450828399995104,-0.03810329637935629,-0.014977644285106131,0.06342702417108029,-0.07091665053821129,0.0195346717423071,-0.016114949326476325,0.22404710459644375,0.06132329057092249,-0.3353177964379607,1.0,1.0,1.0,1.0,1.0,1.0,1.0,1.0,0.0,0.0,0.0,0.0,0.039343210450552515
comm11_5_4,0.09680411341559629,-0.00471390915467687,-0.022640410553178055,0.04760613673407099,-0.04145469441362049,0.016186471338505336,0.00039276164834913863,0.16601577642333246,0.05608190133195855,-0.31543712146580216,1.0,1.0,1.0,1.0,1.0,1.0,1.0,1.0,0.0,0.0,0.0,0.0,0.02826352230444504
comm11_6_1,0.2337894241366051,-0.04429985874534951,-0.0028525589600853414,0.24117036669312608,-0.11424140861824805,0.05028796568674886,0.051833207688253856,0.35042107980698334,0.09664873196540967,0.04040249765891096,1.0,1.0,1.0,1.0,1.0,1.0,1.0,1.0,0.0,0.0,0.0,0.0,0.16172687662413934
comm11_6_2,0.2984132843156873,-0.0045381601737893235,0.030207751127688795,0.2372355991520959,-0.1144237874577875,0.08485243398534215,0.0833567115437725,0.4057054325662877,0.11852140304025097,0.13373317813095834,1.0,1.0,1.0,1.0,1.0,1.0,1.0,1.0,0.0,0.0,0.0,0.0,0.20214567479932488
comm11_6_3,0.2782114287320038,-0.03810265498154836,0.019417622100723845,0.25527116122777044,-0.09930964492909287,0.09506005271783341,0.07629048236038373,0.38297091555822166,0.11555899806644603,0.1530375302080875,1.0,1.0,1.0,1.0,1.0,1.0,1.0,1.0,0.0,0.0,0.0,0.0,0.19208393008372077
comm11_6_4,0.3184588416714383,-0.03953774252987428,0.03132981396563678,0.17596999545946068,-0.11612941047095733,0.07271734395752781,0.08853764086313864,0.4341702966262465,0.12227149111097278,0.14794816627774549,1.0,1.0,1.0,1.0,1.0,1.0,1.0,1.0,0.0,0.0,0.0,0.0,0.19174196501252805
comm11_7_1,0.5000257759962392,-0.24223877092418464,0.059153038383178085,0.24174168791783893,-0.17976947028513843,0.1241966662620721,0.05247356912526099,0.44926641905761266,0.13098379922625805,0.307965179555442,1.0,1.0,1.0,1.0,1.0,1.0,1.0,1.0,0.0,0.0,0.0,0.0,0.4761566893788473
comm11_7_2,0.36722468077812503,-0.2251833184354979,0.058131889969758356,0.2233983100124675,-0.12726465499109543,0.09228091472678858,0.06305141550043357,0.5822340178684049,0.13555275843033315,0.26918341520687805,1.0,1.0,1.0,1.0,1.0,1.0,1.0,1.0,0.0,0.0,0.0,0.0,0.48226683949395216
comm11_7_3,0.3610257594465563,-0.20601570470177616,0.07463331342391348,0.21767802917115067,-0.14708134128023753,0.10365556463437237,0.06548272461994835,0.5413939018061629,0.13710079628812225,0.2916742050744917,1.0,1.0,1.0,1.0,1.0,1.0,1.0,1.0,0.0,0.0,0.0,0.0,0.4811025384560845
comm11_7_4,0.36764060628964856,-0.1628870436419612,0.060984416495522734,0.23959786155301593,-0.13579474137367112,0.11378592582500499,0.04514242633367364,0.5362828919664026,0.13220581647980473,0.2425890885552635,1.0,1.0,1.0,1.0,1.0,1.0,1.0,1.0,0.0,0.0,0.0,0.0,0.4811025384560845
comm11_8_1,0.41053247933964365,-0.22912580513111921,0.024417771066984416,0.23506730329569256,-0.11047147277904594,0.09476844972242476,0.047037167147449786,0.5185926168055639,0.12913881037222302,0.2106979646841469,1.0,1.0,1.0,1.0,1.0,1.0,1.0,1.0,0.0,0.0,0.0,0.0,0.6161936979692529
comm11_8_2,0.403297408349488,-0.2470852948822404,0.03896919465583303,0.2609480424937995,-0.13023631343051145,0.08875733040435158,0.08297138487191305,0.47388677500998183,0.1382474352646133,0.2002830288332442,1.0,1.0,1.0,1.0,1.0,1.0,1.0,1.0,0.0,0.0,0.0,0.0,0.6417698578516113
comm11_8_3,0.4189601142461533,-0.2545939786213895,0.05293232172403645,0.2145294805583747,-0.11216692746657393,0.0916686769655865,0.06777916389315022,0.49585564897112216,0.130082734198026,0.20313602609154974,1.0,1.0,1.0,1.0,1.0,1.0,1.0,1.0,0.0,0.0,0.0,0.0,0.6440713470669853
comm11_8_4,0.35185299459034985,-0.21318455486031987,0.051182820362889236,0.21649812407467675,-0.12183644709703717,0.11602718936198429,0.08687925717590943,0.4832150045911903,0.1368963953301958,0.2042741745532207,1.0,1.0,1.0,1.0,1.0,1.0,1.0,1.0,0.0,0.0,0.0,0.0,0.6395779816459941
comm11_9_1,0.3605044696998338,-0.29503901670160504,0.061438454470556694,0.2213911071387322,-0.10607450598607891,0.12292423775986483,0.08888976459593877,0.4456060012851071,0.140678118340995,0.19917492601534595,1.0,1.0,1.0,1.0,1.0,1.0,1.0,1.0,0.0,0.0,0.0,0.0,0.7292859280132171
comm11_9_2,0.3223914230793067,-0.29375796480185307,0.037841310909260885,0.2770996892063514,-0.12960573903082506,0.1318550337008808,0.07702415350662627,0.4394611682046365,0.13894620765486485,0.22858852061888443,1.0,1.0,1.0,1.0,1.0,1.0,1.0,1.0,0.0,0.0,0.0,0.0,0.7412574926289346
comm11_9_3,0.3240948477970518,-0.29389107525024727,0.05131448602708786,0.2746425168345804,-0.12479084904913022,0.10009718645202077,0.10350247079263561,0.4559812605899314,0.13914714407985623,0.19098095176012614,1.0,1.0,1.0,1.0,1.0,1.0,1.0,1.0,0.0,0.0,0.0,0.0,0.747526246417331
comm11_9_4,0.3797630426077091,-0.19953558658938045,0.052333167948476644,0.2185260166470771,-0.12236537557257261,0.10183325444226682,0.0994224321906981,0.42403217981205027,0.13335682752015798,0.14276382649884273,1.0,1.0,1.0,1.0,1.0,1.0,1.0,1.0,0.0,0.0,0.0,0.0,0.7409024335149471
