Experiments,BL_OD<--AC_OD,BL_OD<--BA_OD,BL_OD<--BC_OD,BL_OD<--BL_OD,BL_OD<--BT_OD,BL_OD<--BV_OD,BL_OD<--CC_OD,BL_OD<--DF_OD,BL_OD<--parc-_OD,BL_OD<--pH,AC_OD,BA_OD,BC_OD,BL_OD,BT_OD,BV_OD,CC_OD,DF_OD,wt_OD,delarc_OD,parc-_OD,parc+_OD,pH
5comm11parcaTc_1,0.09905898261734322,-0.02096018810351584,-0.012548177522080742,0.19012609155119758,-0.04605541417577669,0.027067290062246768,0.05544880313555834,0.0205071546493665,-0.1613400341319325,-0.03853157574472868,1.0,1.0,1.0,1.0,1.0,1.0,1.0,1.0,0.0,0.0,1.0,0.0,0.0997489321824637
5comm11parcaTc_2,0.10374868069937371,-0.0379737849092192,-0.00917825333814582,0.19998645146255906,-0.0585385392104154,0.023391766535199206,0.05335205925547558,0.013938934360023428,-0.1385228127880913,-0.03743156903585338,1.0,1.0,1.0,1.0,1.0,1.0,1.0,1.0,0.0,0.0,1.0,0.0,0.0997489321824637
5comm11parcaTc_3,0.10298063723613389,-0.04286434053038448,-0.013654407283858114,0.26601975594849686,-0.05986344490321758,0.03243905263709959,0.04006245070865944,0.017080695473224574,-0.19035569758154453,-0.0390717693798892,1.0,1.0,1.0,1.0,1.0,1.0,1.0,1.0,0.0,0.0,1.0,0.0,0.0997489321824637
5comm11parcaTc_4,0.1558257928697149,-0.04458232473622522,-0.012769349251428376,0.1922312223668331,-0.053087057027074946,0.02615766677155119,0.05078965657390655,0.029518508397285696,-0.19571746489519007,-0.03559371855352885,1.0,1.0,1.0,1.0,1.0,1.0,1.0,1.0,0.0,0.0,1.0,0.0,0.0997489321824637
6comm11parcaTc_1,0.2515826435634137,-0.30153979137256415,0.017650534093946874,0.27210315545899383,-0.09914816994422482,0.08509994485172563,0.08608986852366639,0.016932669571884308,-0.397335934293173,0.1980561603370892,1.0,1.0,1.0,1.0,1.0,1.0,1.0,1.0,0.0,0.0,1.0,0.0,0.294943607271727
6comm11parcaTc_2,0.271712256130236,-0.2907521215401104,0.015157740808942395,0.3121673599727776,-0.09797522939174719,0.09014784408125863,0.09137006606744681,0.03402775147848805,-0.5146259950599429,0.2182614082434093,1.0,1.0,1.0,1.0,1.0,1.0,1.0,1.0,0.0,0.0,1.0,0.0,0.294943607271727
6comm11parcaTc_3,0.20193821645422802,-0.2652024379992128,0.031267109866375514,0.31106329605347766,-0.09138446556039802,0.0746203805392851,0.09436048659455516,0.005889850034095022,-0.41189839467163336,0.1788370394799858,1.0,1.0,1.0,1.0,1.0,1.0,1.0,1.0,0.0,0.0,1.0,0.0,0.294943607271727
6comm11parcaTc_4,0.19481897111172258,-0.24632757708916198,0.03272754360597743,0.2723299658537397,-0.09722105701008565,0.0859175249116252,0.09843355178266118,0.004024620157787974,-0.4181824348567297,0.20296997232322125,1.0,1.0,1.0,1.0,1.0,1.0,1.0,1.0,0.0,0.0,1.0,0.0,0.294943607271727
7comm11parcaTc_1,0.14628374695413457,-0.3378782869316638,0.016505667485458696,0.27530910121884367,-0.11977928965514442,0.036284566911180385,0.0467700512824661,-0.02098968893208581,-0.3552742299967972,0.04435567224600716,1.0,1.0,1.0,1.0,1.0,1.0,1.0,1.0,0.0,0.0,1.0,0.0,0.5477367110758552
7comm11parcaTc_2,0.25869510592568823,-0.3629797746998299,0.012093022669382072,0.2539439315948151,-0.11550076060604464,0.0755389175661232,0.06166234810796121,-0.03808055297633552,-0.4822668077634729,0.06848188076411253,1.0,1.0,1.0,1.0,1.0,1.0,1.0,1.0,0.0,0.0,1.0,0.0,0.5477367110758552
7comm11parcaTc_3,0.2178537785460282,-0.34695817961883935,0.02927509089850861,0.2546777636080009,-0.13506867895753163,0.0757890478088318,0.03953580269347067,0.00575110255457137,-0.43243938454669795,0.023170967596056663,1.0,1.0,1.0,1.0,1.0,1.0,1.0,1.0,0.0,0.0,1.0,0.0,0.5477367110758552
7comm11parcaTc_4,0.2232492098649559,-0.33037391025249085,0.019727528825321278,0.24230195802312507,-0.14910188441974634,0.04263746593754902,0.10500256576696819,-0.023747049629607272,-0.42059356739461107,0.0224849938609354,1.0,1.0,1.0,1.0,1.0,1.0,1.0,1.0,0.0,0.0,1.0,0.0,0.5477367110758552
8comm11parcaTc_1,0.17855183249379952,-0.2341103450925615,0.0056890111193870704,0.2766788878887082,-0.07783365816566284,0.06905260747055644,0.05227731455724848,-0.03652521550695857,-0.3596515156280088,-0.008449307423813838,1.0,1.0,1.0,1.0,1.0,1.0,1.0,1.0,0.0,0.0,1.0,0.0,0.8453285927693228
8comm11parcaTc_2,0.130560339934638,-0.24526357028066456,0.015745402231569516,0.3173766687593382,-0.05059797187740712,0.04595588720646565,0.06010879373906746,-0.037129361277608124,-0.3122432005174621,-0.05883337620524283,1.0,1.0,1.0,1.0,1.0,1.0,1.0,1.0,0.0,0.0,1.0,0.0,0.8453285927693228
8comm11parcaTc_3,0.13660919635232702,-0.19068824227656353,0.020329271786967692,0.2360664663265419,-0.06614196652141602,0.05222799101844431,0.05671659987946242,-0.010675970588041388,-0.28781572486516904,-0.08094800939985917,1.0,1.0,1.0,1.0,1.0,1.0,1.0,1.0,0.0,0.0,1.0,0.0,0.8453285927693228
8comm11parcaTc_4,0.10622161246228798,-0.21654189254116743,0.008479914139227374,0.2371569268105795,-0.022636441044590394,0.038731301434581054,0.03766133846715093,-0.033286398058028334,-0.24811852171207258,-0.04198822824527387,1.0,1.0,1.0,1.0,1.0,1.0,1.0,1.0,0.0,0.0,1.0,0.0,0.8453285927693228
parc-_pH4_0,-0.038324466982208524,0.040189123071892104,-0.005798313935165821,-0.06823377454855846,0.014177097385830204,-0.014883486960569155,-0.01185757898685077,-0.004654820938392179,-0.018963884336711923,-0.02597028258459075,0.0,0.0,0.0,0.0,0.0,0.0,0.0,0.0,0.0,0.0,1.0,0.0,0.0032572508755295392
parc-_pH4_1,-0.034355402070543044,0.04520045931734468,0.0006994746066629885,-0.06890899276239393,0.014300362717198286,-0.016782773804810386,-0.017079415299079345,-0.0030064460250508523,-0.020797021191405217,-0.03359063430000907,0.0,0.0,0.0,0.0,0.0,0.0,0.0,0.0,0.0,0.0,1.0,0.0,-0.004437627208196163
parc-_pH4_2,-0.03738663713164304,0.04386953435959699,-0.002821805831854759,-0.07410801496680663,0.01992524605325383,-0.014123913685021841,-0.011364856042048855,-0.0034349532141957594,-0.022527962046796867,-0.032347008434893645,0.0,0.0,0.0,0.0,0.0,0.0,0.0,0.0,0.0,0.0,1.0,0.0,0.0011803763326671925
parc-_pH5_0,-0.03403046829180549,0.04360751930988678,-0.0020954698069102083,-0.08631899432886553,0.01780770510637566,-0.021107422583938936,-0.012901404273655753,-0.007886438973086038,-0.01777488160190051,-0.013620514534413814,0.0,0.0,0.0,0.0,0.0,0.0,0.0,0.0,0.0,0.0,1.0,0.0,0.08114687964645667
parc-_pH5_1,-0.029097630922561103,0.038405266450313134,-0.0010783728884290094,-0.0771257771033308,0.022068349975768637,-0.022780543251529985,-0.017158759559464196,-0.007614664172996645,-0.03236172694793862,-0.007576530239666285,0.0,0.0,0.0,0.0,0.0,0.0,0.0,0.0,0.0,0.0,1.0,0.0,0.11230826956373989
parc-_pH5_2,-0.03203965777936189,0.04261491468905106,-0.0007713187117453494,-0.07679236391478259,0.013444001618772745,-0.020219161875707947,-0.009441586067981046,-0.007679314352571967,-0.027144027504179137,-0.016291874388799723,0.0,0.0,0.0,0.0,0.0,0.0,0.0,0.0,0.0,0.0,1.0,0.0,0.09911694942295314
parc-_pH6_0,-0.06319875217933692,0.0682637461979428,-0.0047186134561248445,-0.13340558213060313,0.027826793974913337,-0.014893807886249345,-0.03082222331841679,0.0012316894231607072,-0.02580021691913514,0.041196577527114885,0.0,0.0,0.0,0.0,0.0,0.0,0.0,0.0,0.0,0.0,1.0,0.0,0.2884225051673924
parc-_pH6_1,-0.07109715408605077,0.06484713962180136,0.0013260266856978768,-0.14165172610148466,0.02132280025955128,-0.01879194004704123,-0.022449422106146807,0.00235535812685671,-0.041974989098861167,0.07179351816358773,0.0,0.0,0.0,0.0,0.0,0.0,0.0,0.0,0.0,0.0,1.0,0.0,0.29127362738877827
parc-_pH6_2,-0.07467746161531819,0.07438788296897773,0.0003650686242010249,-0.15589283330892417,0.02590534443076214,-0.01465337088574534,-0.016178130958148317,-0.005689980485679014,-0.03129755620318262,0.06341066688137209,0.0,0.0,0.0,0.0,0.0,0.0,0.0,0.0,0.0,0.0,1.0,0.0,0.2957269459022493
parc-_pH7_0,-0.05839213097791959,0.06825831287742959,-0.008518200637367754,-0.08863777991789189,0.0225266317087833,-0.027652186683743547,-0.029185011413596244,-0.0027007164972145934,-0.032627873978699026,0.022608567232913934,0.0,0.0,0.0,0.0,0.0,0.0,0.0,0.0,0.0,0.0,1.0,0.0,0.5922068579302491
parc-_pH7_1,-0.05416072426120872,0.048652847044007935,-0.005556998122483491,-0.11525045067962746,0.04157476371397143,-0.02583891111426056,-0.024637754764002956,-0.0036513228512004667,-0.0341007439452021,0.0386489246453604,0.0,0.0,0.0,0.0,0.0,0.0,0.0,0.0,0.0,0.0,1.0,0.0,0.5480973412378645
parc-_pH7_2,-0.06681113789951348,0.06725713389642213,-0.005513226355061586,-0.11776764960554631,0.022818049158010147,-0.01835808659377305,-0.03506598355815462,0.0026158788176658355,-0.0354617057007778,0.051966357499603995,0.0,0.0,0.0,0.0,0.0,0.0,0.0,0.0,0.0,0.0,1.0,0.0,0.5469120935714209
parc-_pH8_0,-0.06589422650756718,0.0671235381876645,-0.009692315435765882,-0.05809502471076404,0.028539717203087126,-0.018162981135689694,-0.025791423106971,-0.0029432746978557646,-0.04532335988893781,-0.004081038586471391,0.0,0.0,0.0,0.0,0.0,0.0,0.0,0.0,0.0,0.0,1.0,0.0,0.8455353071301549
parc-_pH8_1,-0.0464795268756216,0.0728808107615813,-0.005561403523644676,-0.08985505868842746,0.0275682872954918,-0.02167270016937476,-0.02932822792912307,0.0014876155919678815,-0.031041766589750414,-0.012318418160404847,0.0,0.0,0.0,0.0,0.0,0.0,0.0,0.0,0.0,0.0,1.0,0.0,0.8378107178569503
parc-_pH8_2,-0.04324017463535394,0.05905223919483632,-0.002934296940169905,-0.06958506645877724,0.02202995869331062,-0.0222439764658718,-0.021425697206641017,-0.0010316413017394757,-0.027693612680001096,-0.027248121021396444,0.0,0.0,0.0,0.0,0.0,0.0,0.0,0.0,0.0,0.0,1.0,0.0,0.8442380625189879
parc-_pH9_0,-0.02905108762459587,0.06032023414726491,-0.0024130556416576327,-0.07093437171095736,0.017821613270789387,-0.016625472503592788,-0.014318599163190178,0.0037547078036257757,-0.04342855408544774,-0.03944580277954433,0.0,0.0,0.0,0.0,0.0,0.0,0.0,0.0,0.0,0.0,1.0,0.0,1.003926186226973
parc-_pH9_1,-0.059200087369055215,0.05292793436137879,-0.0018749473632677734,-0.053323535892869464,0.029973747567476144,-0.019711444303393368,-0.017687377042501517,0.0017836373311507965,-0.03996828923811731,-0.02724002633810691,0.0,0.0,0.0,0.0,0.0,0.0,0.0,0.0,0.0,0.0,1.0,0.0,0.9964236708955914
parc-_pH9_2,-0.05227629385645623,0.06349917793241532,-0.0059371237849573716,-0.05993984159365621,0.02222621673070218,-0.0239067757907121,-0.014759048304884979,-0.002707962094522689,-0.026956739591272635,-0.03356198061945969,0.0,0.0,0.0,0.0,0.0,0.0,0.0,0.0,0.0,0.0,1.0,0.0,0.9996501428774356
AC_pH4_0,0.014260493244813838,0.05004432588005842,-0.012572533412148122,-0.1192506638315061,0.02862374269767948,-0.019609051332201647,-0.018084112255955524,-0.006317781793034595,0.023202668609826452,-0.07461746594909091,1.0,0.0,0.0,0.0,0.0,0.0,0.0,0.0,0.0,0.0,0.0,0.0,-0.0016139570379183382
AC_pH4_1,0.02027211753246577,0.06985598030702576,-0.011743908588491054,-0.1346532923890197,0.028602521298858135,-0.026342263391808327,-0.029198686605238392,0.0003371130845145026,0.03315175659954548,-0.08460172364083324,1.0,0.0,0.0,0.0,0.0,0.0,0.0,0.0,0.0,0.0,0.0,0.0,0.0004845233155374915
AC_pH4_2,0.016718318663213567,0.03442976216421179,-0.0073139077659858335,-0.09929410637153878,0.027490714189151066,-0.027151536856494518,-0.020069169869403474,0.0014043890077458775,0.030688161099248604,-0.09122301013411387,1.0,0.0,0.0,0.0,0.0,0.0,0.0,0.0,0.0,0.0,0.0,0.0,0.001874459798070219
AC_pH5_0,0.018726701389836228,0.06542969296564874,-0.011187387846572245,-0.14454488128585663,0.032613734407755335,-0.034990226592382656,-0.02314513988630927,-0.00460782140331424,0.0291208855929258,-0.0617359460145235,1.0,0.0,0.0,0.0,0.0,0.0,0.0,0.0,0.0,0.0,0.0,0.0,0.05114127579932972
AC_pH5_1,0.019464242199192877,0.034055727520228736,-0.003936171187492816,-0.10701560576810787,0.016411336145323255,-0.027420093435794112,-0.019743472729688103,-0.0011197861162540732,0.01792430399714605,-0.06294085862034042,1.0,0.0,0.0,0.0,0.0,0.0,0.0,0.0,0.0,0.0,0.0,0.0,0.02446646428818786
AC_pH5_2,0.021883694536012147,0.05960375784774838,-0.008521429096227107,-0.12874561511385046,0.03227843999457749,-0.02136441003855156,-0.016203834996761184,0.003762846891160892,0.0333214219627173,-0.11033524998909104,1.0,0.0,0.0,0.0,0.0,0.0,0.0,0.0,0.0,0.0,0.0,0.0,0.039343210450552515
AC_pH6_0,0.023474491844358656,0.061280259660890575,-0.007899849870768577,-0.23067488131153843,0.03929345632376879,-0.039938718866880815,-0.021523448670201974,-0.019700909376792287,0.03849401312839726,0.02287520740343177,1.0,0.0,0.0,0.0,0.0,0.0,0.0,0.0,0.0,0.0,0.0,0.0,0.16172687662413934
AC_pH6_1,0.025683052692076432,0.07471375163968488,-0.012457739249195748,-0.26285383155569436,0.03253051305189729,-0.04257328559765997,-0.026812560106425187,-0.016788761209210627,0.03655189383208104,0.05768659143830123,1.0,0.0,0.0,0.0,0.0,0.0,0.0,0.0,0.0,0.0,0.0,0.0,0.20214567479932488
AC_pH6_2,0.024339146899140397,0.055952535070802854,-0.009186673842208542,-0.24219283117548282,0.03433306728368221,-0.049166555121217086,-0.03113571545271122,-0.010724612260642254,0.04217707121825737,0.05128419196314137,1.0,0.0,0.0,0.0,0.0,0.0,0.0,0.0,0.0,0.0,0.0,0.0,0.19208393008372077
AC_pH7_0,0.037995922513630084,0.08648510685919422,-0.0245365107861226,-0.3241627871998302,0.05100151003864794,-0.06782647694582523,-0.04211531193117085,-0.006695737594981558,0.04760382512017435,0.10793007394865804,1.0,0.0,0.0,0.0,0.0,0.0,0.0,0.0,0.0,0.0,0.0,0.0,0.4761566893788473
AC_pH7_1,0.03350155397277812,0.10736973589853101,-0.024350047882484356,-0.3238417351845166,0.04116678894861885,-0.05129828186462754,-0.04543170738560348,0.005730551323327035,0.04020084536836846,0.08263191041010232,1.0,0.0,0.0,0.0,0.0,0.0,0.0,0.0,0.0,0.0,0.0,0.0,0.48226683949395216
AC_pH7_2,0.038043808833412504,0.1044529902238561,-0.011341542807286201,-0.35816655054688457,0.04784231544107846,-0.05870546752101055,-0.058902553478660795,-0.005945061521361704,0.05419323625124019,0.114208446841525,1.0,0.0,0.0,0.0,0.0,0.0,0.0,0.0,0.0,0.0,0.0,0.0,0.4811025384560845
AC_pH8_0,0.04287317843864793,0.11045432703002639,-0.030229894802298235,-0.2976329006052212,0.052050912184235854,-0.055822189157909666,-0.039412413098565906,-0.006703758137705537,0.04335608039213263,0.04674628262448569,1.0,0.0,0.0,0.0,0.0,0.0,0.0,0.0,0.0,0.0,0.0,0.0,0.6161936979692529
AC_pH8_1,0.0468974368241818,0.1173148467067791,-0.026983334707987045,-0.33800047815574896,0.050383776497581724,-0.05487684382287705,-0.06161674962176579,0.014679707479865656,0.04445118714285933,0.07343007847180834,1.0,0.0,0.0,0.0,0.0,0.0,0.0,0.0,0.0,0.0,0.0,0.0,0.6417698578516113
AC_pH8_2,0.04886034110965936,0.13028688797484275,-0.021067436183600324,-0.3184382751746022,0.05225773413787071,-0.051072653242913275,-0.055792328279627414,0.0011068725108128528,0.040980097142088674,0.03855838340261708,1.0,0.0,0.0,0.0,0.0,0.0,0.0,0.0,0.0,0.0,0.0,0.0,0.6440713470669853
AC_pH9_0,0.044757772755363724,0.11649203708314379,-0.019950882179419635,-0.3189958552416899,0.04764329310587568,-0.043019318469678575,-0.033337697919620116,0.00891382042966459,0.02997169132060979,0.03320476777365674,1.0,0.0,0.0,0.0,0.0,0.0,0.0,0.0,0.0,0.0,0.0,0.0,0.7292859280132171
AC_pH9_1,0.038890953779868453,0.11671575530391673,-0.024190202249295044,-0.3101911828731713,0.05115783150834233,-0.06170717119846655,-0.04499685088172555,0.0052375165834699,0.04148598572077311,0.05327698533544721,1.0,0.0,0.0,0.0,0.0,0.0,0.0,0.0,0.0,0.0,0.0,0.0,0.7412574926289346
AC_pH9_2,0.03694114133067753,0.11892517368349695,-0.020669555341743907,-0.31024418348608473,0.04423651660752038,-0.05771108317877288,-0.047849878565124834,0.0064046820771435035,0.047073817517932354,0.048572994323204395,1.0,0.0,0.0,0.0,0.0,0.0,0.0,0.0,0.0,0.0,0.0,0.0,0.747526246417331
BA_pH4_0,-0.030591291243858315,-0.006036986781527165,-0.002697105664435936,-0.06995791277564736,0.021142281606469467,-0.01870018830603879,-0.01604012378450969,-0.0073771387456065965,0.011936647913054276,-0.015998570505205704,0.0,1.0,0.0,0.0,0.0,0.0,0.0,0.0,0.0,0.0,0.0,0.0,-0.0016139574737368786
BA_pH4_1,-0.040548144632788455,-0.004492407687332319,-0.003885886704387223,-0.06975301944610218,0.02543722231953364,-0.017635271843603775,-0.014654397406493836,-0.00561521979129833,0.023761929151318646,-0.02693519259924474,0.0,1.0,0.0,0.0,0.0,0.0,0.0,0.0,0.0,0.0,0.0,0.0,0.00048452299554619434
BA_pH4_2,-0.030330094156948765,-0.004789585310803806,-0.004041350199638502,-0.08841802359234699,0.021853223562078628,-0.017616225718723042,-0.015341210717983212,0.0022167284025446225,0.01553383049190692,-0.013387681070067312,0.0,1.0,0.0,0.0,0.0,0.0,0.0,0.0,0.0,0.0,0.0,0.0,0.0018744598294293093
BA_pH5_0,-0.04029295408045468,-0.003815639859632305,-0.0007542197058058302,-0.07771860549388368,0.021845538222595398,-0.015168214787769578,-0.013460118944716196,-0.005214793966354237,0.01980293186786382,-0.019544294752666485,0.0,1.0,0.0,0.0,0.0,0.0,0.0,0.0,0.0,0.0,0.0,0.0,0.0511412745403946
BA_pH5_1,-0.032595185456473545,-0.004904573420467584,-0.006559349495269682,-0.06626256062041805,0.013715352419277902,-0.0166535301324304,-0.018873502007159204,-0.0007883384394580899,0.019358364929161643,-0.02075706607702633,0.0,1.0,0.0,0.0,0.0,0.0,0.0,0.0,0.0,0.0,0.0,0.0,0.024466462930343342
BA_pH5_2,-0.049065034136824,-0.003119410621407239,-0.010316325481171191,-0.05886009883864417,0.02078793030232191,-0.01819305446565799,-0.011769345699526045,-0.004573409444773974,0.01903573925566414,-0.018247379157287268,0.0,1.0,0.0,0.0,0.0,0.0,0.0,0.0,0.0,0.0,0.0,0.0,0.03934321135483189
BA_pH6_0,-0.05150243175013559,-0.010903108550802522,-0.0032062887076450427,-0.08091670613088035,0.025637284471127,-0.034263045730312226,-0.01739552191013227,-0.009972576018746782,0.02151779944320088,0.02668420659702109,0.0,1.0,0.0,0.0,0.0,0.0,0.0,0.0,0.0,0.0,0.0,0.0,0.16172687666300212
BA_pH6_1,-0.07579491082416927,-0.011651343471654085,-0.008228894388708082,-0.0774450198289655,0.023692504872122537,-0.018300927626373975,-0.022664082794571695,-0.007646221689798912,0.01884696295565885,0.044871544509154294,0.0,1.0,0.0,0.0,0.0,0.0,0.0,0.0,0.0,0.0,0.0,0.0,0.20214567404454245
BA_pH6_2,-0.08150264636329982,-0.0133246343129355,-0.008519579453150863,-0.07092498738399666,0.03347622225384997,-0.034861090336318894,-0.024203653542891793,-0.009087252326957557,0.021561343410740726,0.05306588976765458,0.0,1.0,0.0,0.0,0.0,0.0,0.0,0.0,0.0,0.0,0.0,0.0,0.19208393160174653
BA_pH7_0,-0.08614695185795425,-0.009844170831467791,-0.015734641623237858,-0.07384389432835514,0.03164578217122218,-0.031226307129406404,-0.021028835333721792,0.006911703676957152,0.02769272085846118,0.03725420545908096,0.0,1.0,0.0,0.0,0.0,0.0,0.0,0.0,0.0,0.0,0.0,0.0,0.47615668850189524
BA_pH7_1,-0.0830746865928497,-0.009628071094984593,0.005500032296404239,-0.08011921611290589,0.03208562874923581,-0.020790451160105673,-0.012900264753109734,-0.015187162968289593,0.024106629356417966,0.025687173740209446,0.0,1.0,0.0,0.0,0.0,0.0,0.0,0.0,0.0,0.0,0.0,0.0,0.48226683981394347
BA_pH7_2,-0.06356255080631892,-0.008997700706772183,2.1332071527190988e-05,-0.06300362706670293,0.025661738893908003,-0.040350401294215216,-0.012324928954324644,-0.009706352386704609,0.01950661974027753,0.01843548222201998,0.0,1.0,0.0,0.0,0.0,0.0,0.0,0.0,0.0,0.0,0.0,0.0,0.48110253833913064
BA_pH8_0,-0.06484609842178939,-0.005665908919080443,-0.010904294775555963,-0.059761705792549524,0.020136304954471797,-0.01198598809621256,-0.020190074511844177,-0.0005139035148465111,0.016167285988998158,0.0032439948011027723,0.0,1.0,0.0,0.0,0.0,0.0,0.0,0.0,0.0,0.0,0.0,0.0,0.6161936980952847
BA_pH8_1,-0.06532298805920972,-0.005880576916362928,-0.00644110163754743,-0.052172632282194875,0.025406495905278815,-0.03227422843160836,-0.023578893823306194,-0.0021285852032673098,0.02014313673641047,0.007928985424501744,0.0,1.0,0.0,0.0,0.0,0.0,0.0,0.0,0.0,0.0,0.0,0.0,0.6417698583743298
BA_pH8_2,-0.05871119292371947,-0.005661121292606644,-0.009541639303383618,-0.0703078022238839,0.02268542200002981,-0.024494011970641823,-0.01692933985153618,0.0004304006189593803,0.0254557010701493,0.0027531955893272926,0.0,1.0,0.0,0.0,0.0,0.0,0.0,0.0,0.0,0.0,0.0,0.0,0.64407134594908
BA_pH9_0,-0.05638074783162902,-0.00603931574879781,-0.015112580680490836,-0.06112464488767411,0.02978562187241471,-0.017944405232353706,-0.014602402872203483,-0.004640806301942339,0.017594025487323167,-0.005855132192373278,0.0,1.0,0.0,0.0,0.0,0.0,0.0,0.0,0.0,0.0,0.0,0.0,0.7292859295671521
BA_pH9_1,-0.04573018086061854,-0.006254045929273832,-0.010919565135289145,-0.0670582494329985,0.024658090852443942,-0.022933654551920684,-0.02197589303609794,-0.008846454104084684,0.02575162603641334,-0.001012062125879785,0.0,1.0,0.0,0.0,0.0,0.0,0.0,0.0,0.0,0.0,0.0,0.0,0.741257491587475
BA_pH9_2,-0.03495655141973301,-0.005679962150752544,-0.014623860115104395,-0.06663136151983685,0.02889483545056504,-0.03206797532737255,-0.028862234169779268,-0.00574523913147657,0.030188166657867638,-0.004836206561683314,0.0,1.0,0.0,0.0,0.0,0.0,0.0,0.0,0.0,0.0,0.0,0.0,0.74752624576109
BC_pH4_0,-0.042467777697855355,0.045449017960902144,-0.0002913682810638267,-0.08153162000781815,0.024362897542507755,-0.021144902874189225,-0.01721997480070137,-0.004302741562866645,0.02471538030258986,-0.061889287608716155,0.0,0.0,1.0,0.0,0.0,0.0,0.0,0.0,0.0,0.0,0.0,0.0,-0.0016139570379183382
BC_pH4_1,-0.04408482814612596,0.06804555252356374,-0.0002481277675732318,-0.10162329223654837,0.025004012924011637,-0.029564941748976704,-0.021896051998533637,-0.010723656296082166,0.030708701484229252,-0.04993775529867928,0.0,0.0,1.0,0.0,0.0,0.0,0.0,0.0,0.0,0.0,0.0,0.0,0.0004845233155374915
BC_pH4_2,-0.035988479390254485,0.05904119834870748,-0.0002883449261603149,-0.09582655473571755,0.021117406319421918,-0.028263379185581982,-0.025811526688301688,-0.005953151239487141,0.020575679619999038,-0.0429232343820774,0.0,0.0,1.0,0.0,0.0,0.0,0.0,0.0,0.0,0.0,0.0,0.0,0.001874459798070219
BC_pH5_0,-0.06264685202389955,0.051397974407705285,-0.0005246499893458003,-0.09252243574303778,0.020650690880644577,-0.008225167803466321,-0.011237992918847693,-0.008637094187104833,0.01737709052010399,-0.03995195157906932,0.0,0.0,1.0,0.0,0.0,0.0,0.0,0.0,0.0,0.0,0.0,0.0,0.05114127579932972
BC_pH5_1,-0.04521869922785654,0.030559106580103225,-0.0003586265963056815,-0.07823524676911209,0.03007281142813356,-0.021583446178828243,-0.022241680713613397,-0.006573475025513248,0.032257636902124985,-0.05299875928574929,0.0,0.0,1.0,0.0,0.0,0.0,0.0,0.0,0.0,0.0,0.0,0.0,0.02446646428818786
BC_pH5_2,-0.05057914121319418,0.033254175427491255,-0.0006722740893778601,-0.06682195809224377,0.019392185525806703,-0.022380824992838114,-0.01831835562282282,0.00014130380854982338,0.016400313347416078,-0.0447358010288166,0.0,0.0,1.0,0.0,0.0,0.0,0.0,0.0,0.0,0.0,0.0,0.0,0.039343210450552515
BC_pH6_0,-0.06276501860874503,0.06356570360453231,-0.0030356065086696448,-0.13607234010148958,0.027298704199492936,-0.024094995806074656,-0.020007848395439592,-0.012894163360090366,0.02718935583839598,0.006495833643104718,0.0,0.0,1.0,0.0,0.0,0.0,0.0,0.0,0.0,0.0,0.0,0.0,0.16172687662413934
BC_pH6_1,-0.06842057011859573,0.0545634740072748,-0.003202284516199777,-0.13643873146573166,0.027533537397242097,-0.030033497965854146,-0.016518988408472227,-0.013327830871567132,0.0303379146795234,0.021186601485571138,0.0,0.0,1.0,0.0,0.0,0.0,0.0,0.0,0.0,0.0,0.0,0.0,0.20214567479932488
BC_pH6_2,-0.06968749159218177,0.05495983595433443,-0.003990448544854703,-0.11818792359620012,0.0401664730137133,-0.031536408933689405,-0.03175568620552835,-0.025192542049385935,0.023670823292239854,0.027232995307801856,0.0,0.0,1.0,0.0,0.0,0.0,0.0,0.0,0.0,0.0,0.0,0.0,0.19208393008372077
BC_pH7_0,-0.1142479776809721,0.09011058203835527,0.0005835191840710847,-0.16977422376568227,0.03106561084034974,-0.038137998040360596,-0.0366360468538883,-0.02029324396310941,0.040061180287081256,0.08294821130273781,0.0,0.0,1.0,0.0,0.0,0.0,0.0,0.0,0.0,0.0,0.0,0.0,0.4761566893788473
BC_pH7_1,-0.07973798310951045,0.09185237319249173,0.002609674334526061,-0.1680213927906817,0.031040384736236024,-0.04617156345073295,-0.05430141257729544,0.014448780628812058,0.025444834600810123,0.048515917910262926,0.0,0.0,1.0,0.0,0.0,0.0,0.0,0.0,0.0,0.0,0.0,0.0,0.48226683949395216
BC_pH7_2,-0.11768216633845283,0.10360447127533995,0.0015987136571303658,-0.18751469901884377,0.040374787270860836,-0.04553432188928128,-0.035406720112685273,0.0031381671584170836,0.03253972642852559,0.07056166323630707,0.0,0.0,1.0,0.0,0.0,0.0,0.0,0.0,0.0,0.0,0.0,0.0,0.4811025384560845
BC_pH8_0,-0.10510892307628758,0.10390371164833398,0.0025615017634371073,-0.16330200583431062,0.04229319930319553,-0.044821941460604246,-0.044525663187403405,0.01485054321060686,0.03431350944725716,0.025515695049063015,0.0,0.0,1.0,0.0,0.0,0.0,0.0,0.0,0.0,0.0,0.0,0.0,0.6161936979692529
BC_pH8_1,-0.06942828151316421,0.07457040056262325,0.00046521747241849357,-0.16397826574175908,0.039150766034651056,-0.04308273115195334,-0.025633786003631743,-0.003680947124553116,0.039401375890668965,0.017895876623933077,0.0,0.0,1.0,0.0,0.0,0.0,0.0,0.0,0.0,0.0,0.0,0.0,0.6417698578516113
BC_pH8_2,-0.08962194864476182,0.07868511466187952,0.0006356006666370042,-0.1508250945656682,0.04413674435618779,-0.04139168060708629,-0.03298320220823845,-0.0034306093030001816,0.04064094868529102,0.019833751609548922,0.0,0.0,1.0,0.0,0.0,0.0,0.0,0.0,0.0,0.0,0.0,0.0,0.6440713470669853
BC_pH9_0,-0.09669498189797866,0.08500104164907142,0.000687929191019223,-0.13157680270666985,0.03554026153910419,-0.036094347078191195,-0.026222737182903542,-0.0029067203823639003,0.028830735623512585,0.009115248270656752,0.0,0.0,1.0,0.0,0.0,0.0,0.0,0.0,0.0,0.0,0.0,0.0,0.7292859280132171
BC_pH9_1,-0.11571628058329227,0.09547895803885618,0.0005719731942467076,-0.1359759234580333,0.03282426339493174,-0.044600533617093506,-0.03477434345399556,0.008427022708093989,0.03659503996858131,0.0228494443088446,0.0,0.0,1.0,0.0,0.0,0.0,0.0,0.0,0.0,0.0,0.0,0.0,0.7412574926289346
BC_pH9_2,-0.09348625000444767,0.07912951506755275,0.00046606768732485574,-0.13803936719651452,0.049388372485080496,-0.045506952976726966,-0.026764656813086377,-0.0010613352700096106,0.030888352117541693,0.010665882372337837,0.0,0.0,1.0,0.0,0.0,0.0,0.0,0.0,0.0,0.0,0.0,0.0,0.747526246417331
BL_pH4_0,-0.07539565397021564,0.06415537816998751,-0.00406309855373009,0.17841647927527837,0.029733939611798387,-0.03790046004092563,-0.029468827886992812,-0.005618455289336651,0.027658065431953767,-0.13046818352425876,0.0,0.0,0.0,1.0,0.0,0.0,0.0,0.0,0.0,0.0,0.0,0.0,-0.0016139570379183382
BL_pH4_1,-0.07754483497580109,0.06517980140512405,-0.0037068832220266733,0.18986530458311673,0.03307608073172361,-0.027468928181282846,-0.030557478976476465,-0.001676828793209531,0.023771526609425962,-0.15406186138563177,0.0,0.0,0.0,1.0,0.0,0.0,0.0,0.0,0.0,0.0,0.0,0.0,0.0004845233155374915
BL_pH4_2,-0.0855664581922895,0.0748126298075785,-0.005361758027549671,0.1852136792210133,0.02925268363126594,-0.04139411950686379,-0.04041581513562603,-0.002963576388909766,0.031061660426709315,-0.1278777073769142,0.0,0.0,0.0,1.0,0.0,0.0,0.0,0.0,0.0,0.0,0.0,0.0,0.001874459798070219
BL_pH5_0,-0.10392851528549647,0.06441573784970071,-0.004886643143532713,0.19287980855402087,0.038382758038199474,-0.03836594811802647,-0.028138242648185593,0.0022009334340691573,0.02759251619486706,-0.10588610154495619,0.0,0.0,0.0,1.0,0.0,0.0,0.0,0.0,0.0,0.0,0.0,0.0,0.05114127579932972
BL_pH5_1,-0.07641251327429453,0.06318087451362416,-0.006663076370630577,0.17631411373615266,0.0338204899802804,-0.027395540950010004,-0.02920489657346321,-0.004154020429629349,0.020820919259896743,-0.13734783377943807,0.0,0.0,0.0,1.0,0.0,0.0,0.0,0.0,0.0,0.0,0.0,0.0,0.02446646428818786
BL_pH5_2,-0.0838231221906355,0.06394463285398873,-0.004177311568966376,0.1823885337652072,0.029928793226085278,-0.034215599073340056,-0.032865613800190055,-0.005806915761255054,0.023653100571473653,-0.11292502368476404,0.0,0.0,0.0,1.0,0.0,0.0,0.0,0.0,0.0,0.0,0.0,0.0,0.039343210450552515
BL_pH6_0,-0.13832399304267823,0.11586727331190005,0.006609968959313373,0.2777208018618757,0.05930473951379888,-0.042481663808550514,-0.03435576027988091,0.009210968488098487,0.04185276450994222,0.06742624410590076,0.0,0.0,0.0,1.0,0.0,0.0,0.0,0.0,0.0,0.0,0.0,0.0,0.16172687662413934
BL_pH6_1,-0.17039761609235854,0.131693035983683,0.01677744280870842,0.3158287058471014,0.06298527331698849,-0.04330971725689974,-0.04815002306931369,0.017240063148834132,0.05380201876001513,0.1419985126452925,0.0,0.0,0.0,1.0,0.0,0.0,0.0,0.0,0.0,0.0,0.0,0.0,0.20214567479932488
BL_pH6_2,-0.17215751246711153,0.13365753269470904,0.022875789406344934,0.31101385995583686,0.055533439253011484,-0.04227697449857772,-0.03289408329833785,0.014840875229514813,0.04980491686774336,0.1082361779317422,0.0,0.0,0.0,1.0,0.0,0.0,0.0,0.0,0.0,0.0,0.0,0.0,0.19208393008372077
BL_pH7_0,-0.2714592290532006,0.1815522514603546,-0.03285845717415215,0.2854802676589917,0.11990211936483243,-0.11123277338788562,-0.14481047883143894,0.03659944125005733,0.035787620550102525,0.13714574310928582,0.0,0.0,0.0,1.0,0.0,0.0,0.0,0.0,0.0,0.0,0.0,0.0,0.4761566893788473
BL_pH7_1,-0.26697907823259415,0.1762482323125005,-0.03425592170380381,0.2775004586196788,0.10556653956356252,-0.11146436373784165,-0.13905201993396743,0.03780064844121428,0.034752130093781836,0.1421835066434806,0.0,0.0,0.0,1.0,0.0,0.0,0.0,0.0,0.0,0.0,0.0,0.0,0.48226683949395216
BL_pH7_2,-0.26587578604443235,0.172027709780099,-0.03283329467613087,0.2849493878682993,0.11259407603181901,-0.10778210895500431,-0.13017715567884883,0.021352195489908684,0.03801980581256035,0.13265571441703836,0.0,0.0,0.0,1.0,0.0,0.0,0.0,0.0,0.0,0.0,0.0,0.0,0.4811025384560845
BL_pH8_0,-0.2929171742774222,0.16420780360131815,-0.028966640194311093,0.2108585505203708,0.06111157189042348,-0.1112511570573501,-0.1350680009737287,0.019336448500499773,0.05627156032249331,0.025579032559028787,0.0,0.0,0.0,1.0,0.0,0.0,0.0,0.0,0.0,0.0,0.0,0.0,0.6161936979692529
BL_pH8_1,-0.29375562113021375,0.16900740461059566,-0.024490236828670554,0.21414524688749853,0.07798288271236031,-0.0994782921064483,-0.13330484231205092,0.014702434766146804,0.04261573959627877,0.0014563768089789395,0.0,0.0,0.0,1.0,0.0,0.0,0.0,0.0,0.0,0.0,0.0,0.0,0.6417698578516113
BL_pH8_2,-0.2538466692926443,0.14567246687517546,-0.01946855872464568,0.20794620085588625,0.07490629747509957,-0.0987910169419711,-0.14264446871557634,0.006285580745695725,0.04929537877804882,-0.0004990925360471015,0.0,0.0,0.0,1.0,0.0,0.0,0.0,0.0,0.0,0.0,0.0,0.0,0.6440713470669853
BL_pH9_0,-0.2729464444963504,0.14067718316436462,-0.01646177827826013,0.19938098731491224,0.07735994263835579,-0.07365313398854241,-0.09622188077753653,0.013692184607295883,0.042721612594373834,-0.040951952500997674,0.0,0.0,0.0,1.0,0.0,0.0,0.0,0.0,0.0,0.0,0.0,0.0,0.7292859280132171
BL_pH9_1,-0.27554446017045686,0.14691062974946006,-0.020096813294550642,0.19417132052957364,0.06531276869790062,-0.08665848404978928,-0.08822084540096312,0.017715947314206015,0.04679347696835579,-0.025052110174184912,0.0,0.0,0.0,1.0,0.0,0.0,0.0,0.0,0.0,0.0,0.0,0.0,0.7412574926289346
BL_pH9_2,-0.24798111245117105,0.1490858073228889,-0.018813461599790526,0.19616552938990622,0.0852709858658035,-0.0851907021722392,-0.11807718502964983,0.009663595776681012,0.04824935646808666,-0.042132737212611925,0.0,0.0,0.0,1.0,0.0,0.0,0.0,0.0,0.0,0.0,0.0,0.0,0.747526246417331
BT_pH4_0,-0.03886690617093573,0.04353830408871823,-0.0031762428881357547,-0.07678304458482431,-0.00625851405703503,-0.018417535143216025,-0.01367876646351879,-0.0045655477379003325,0.029210009841329376,-0.04532213130722876,0.0,0.0,0.0,0.0,1.0,0.0,0.0,0.0,0.0,0.0,0.0,0.0,-0.0016139570379183382
BT_pH4_1,-0.03166284889225726,0.04729884442994776,-0.00804527868233297,-0.0669382563950089,-0.005850796197419579,-0.02636454280020426,-0.01827672779560089,-0.0045045255084076655,0.020890194428679735,-0.04086643864927084,0.0,0.0,0.0,0.0,1.0,0.0,0.0,0.0,0.0,0.0,0.0,0.0,0.0004845233155374915
BT_pH4_2,-0.042049396044534185,0.039498181283554944,-0.006354968572116417,-0.07614889221306405,-0.007483256436560464,-0.020405121266275,-0.01926111133607185,-0.0030052434547763788,0.02439391068385347,-0.023504480124734665,0.0,0.0,0.0,0.0,1.0,0.0,0.0,0.0,0.0,0.0,0.0,0.0,0.001874459798070219
BT_pH5_0,-0.04766533896246034,0.04935055683002523,0.00035036617080154734,-0.07882472262272368,-0.006600460410118105,-0.01895880008885718,-0.01985238473983886,-0.0018799118972990826,0.025331205390393737,-0.03557088981018119,0.0,0.0,0.0,0.0,1.0,0.0,0.0,0.0,0.0,0.0,0.0,0.0,0.05114127579932972
BT_pH5_1,-0.056339832377903486,0.04217143887896901,-0.004530711182919531,-0.06651223751108933,-0.005822836125026579,-0.017406567971262596,-0.01847004398703575,-0.002482522020683341,0.017356172424295675,-0.022283231961824322,0.0,0.0,0.0,0.0,1.0,0.0,0.0,0.0,0.0,0.0,0.0,0.0,0.02446646428818786
BT_pH5_2,-0.046717216272878906,0.04893118398830942,-0.0048175665343423235,-0.07248666110043614,-0.0067491422885138045,-0.02083379605623043,-0.013639328201584842,-0.0019341594009133784,0.012802869150334078,-0.028876555221884138,0.0,0.0,0.0,0.0,1.0,0.0,0.0,0.0,0.0,0.0,0.0,0.0,0.039343210450552515
BT_pH6_0,-0.07014287657104433,0.051008696697814326,-0.009760793098855924,-0.10041279987351079,-0.00906037204939386,-0.021891843446975822,-0.024546782133857838,0.005197135234737526,0.02356279691843235,0.02172646746646775,0.0,0.0,0.0,0.0,1.0,0.0,0.0,0.0,0.0,0.0,0.0,0.0,0.16172687662413934
BT_pH6_1,-0.06822888788402728,0.06484813706180001,-0.014298675780629981,-0.11566152896327166,-0.010728173042121142,-0.026928785304822348,-0.030570133507413704,-0.007050453520015533,0.02897211870016611,0.04532599370683665,0.0,0.0,0.0,0.0,1.0,0.0,0.0,0.0,0.0,0.0,0.0,0.0,0.20214567479932488
BT_pH6_2,-0.054215286524318486,0.06447080819138691,-0.018080495570016935,-0.12728427726289498,-0.01018356487802837,-0.021022498907683342,-0.020611086656217987,-0.014854807871515337,0.032553267086167695,0.034907553402868954,0.0,0.0,0.0,0.0,1.0,0.0,0.0,0.0,0.0,0.0,0.0,0.0,0.19208393008372077
BT_pH7_0,-0.07788732377528819,0.09266130917908057,-0.014732989771696537,-0.12333744946907721,-0.015906970517142963,-0.03123052360732918,-0.01935628228051507,-0.03168171164539198,0.03125919974044613,0.055892368427113356,0.0,0.0,0.0,0.0,1.0,0.0,0.0,0.0,0.0,0.0,0.0,0.0,0.4761566893788473
BT_pH7_1,-0.08374115198891123,0.06923613336463662,-0.008713140010671772,-0.07593677974832447,-0.013294612240532175,-0.03774098078679779,-0.02299333622922068,-0.010485706548408968,0.019330003359557493,0.03001919715098389,0.0,0.0,0.0,0.0,1.0,0.0,0.0,0.0,0.0,0.0,0.0,0.0,0.48226683949395216
BT_pH7_2,-0.09221380364635716,0.07119333972587534,-0.01042477957377939,-0.07048152937918252,-0.016661313545444742,-0.04261367463952173,-0.0289188432312854,0.0014215505576652035,0.027518820518870713,0.026859859723354817,0.0,0.0,0.0,0.0,1.0,0.0,0.0,0.0,0.0,0.0,0.0,0.0,0.4811025384560845
BT_pH8_0,-0.07630696507413749,0.0867699532939688,-0.0164725486472573,-0.11174561962444818,-0.0071674455572729515,-0.031371716409111794,-0.03824050090883089,0.004960036196381499,0.03318249182856601,0.02207192637512217,0.0,0.0,0.0,0.0,1.0,0.0,0.0,0.0,0.0,0.0,0.0,0.0,0.6161936979692529
BT_pH8_1,-0.08104900707328772,0.06870319903139835,-0.010940623897654206,-0.06538475129672365,-0.0073798338323831526,-0.036126312487151306,-0.02443064307065114,-0.003097398341835843,0.015674515524474172,0.009710466764543365,0.0,0.0,0.0,0.0,1.0,0.0,0.0,0.0,0.0,0.0,0.0,0.0,0.6417698578516113
BT_pH8_2,-0.07266187538190381,0.05258878103011976,-0.011542677297054426,-0.07529977954762135,-0.006945829543730488,-0.021413626316934827,-0.03965850881989236,0.0012185470792262453,0.023798971473360832,0.015595608897831128,0.0,0.0,0.0,0.0,1.0,0.0,0.0,0.0,0.0,0.0,0.0,0.0,0.6440713470669853
BT_pH9_0,-0.07960766726902323,0.06205703054676238,-0.016063256072609323,-0.07878572068622579,-0.007445442485420598,-0.03340660328936317,-0.023226928691501204,0.006496210156980412,0.03341034201095286,0.0022516474921418263,0.0,0.0,0.0,0.0,1.0,0.0,0.0,0.0,0.0,0.0,0.0,0.0,0.7292859280132171
BT_pH9_1,-0.0821757800127987,0.061689580908936004,-0.011816042612671208,-0.07973620359461915,-0.007264010705377743,-0.026641641362448745,-0.02465504439912088,-0.0019638566292174493,0.028896122951384468,0.009346504068488009,0.0,0.0,0.0,0.0,1.0,0.0,0.0,0.0,0.0,0.0,0.0,0.0,0.7412574926289346
BT_pH9_2,-0.0896830498184199,0.07530378766519868,-0.01111742981142648,-0.074460483301107,-0.007686206419830736,-0.024009146325128235,-0.033883956056898056,0.0023108575966857025,0.02503483280377544,0.003870405127172883,0.0,0.0,0.0,0.0,1.0,0.0,0.0,0.0,0.0,0.0,0.0,0.0,0.747526246417331
BV_pH4_0,-0.0431536048197228,0.035125532107346744,-0.010356521243634427,-0.09526221789217187,0.01807770532960801,0.004726565794452379,-0.016545628534386986,-0.0028891826874536037,0.02237945600858201,-0.04642249270301798,0.0,0.0,0.0,0.0,0.0,1.0,0.0,0.0,0.0,0.0,0.0,0.0,-0.0016139570379183382
BV_pH4_1,-0.05920781456419954,0.04674254722164376,-0.008160735250491163,-0.09562106247262463,0.023429251415250093,0.005691394799429437,-0.019186771754985267,-0.003212076566465523,0.02138050097648216,-0.04617562196176985,0.0,0.0,0.0,0.0,0.0,1.0,0.0,0.0,0.0,0.0,0.0,0.0,0.0004845233155374915
BV_pH4_2,-0.05544708226038061,0.06313321808757989,-0.006018872153337882,-0.10886325315450844,0.025538637953931864,0.006659912470242252,-0.023938799742609262,-0.004696338027715685,0.021721144757517002,-0.05240895608521025,0.0,0.0,0.0,0.0,0.0,1.0,0.0,0.0,0.0,0.0,0.0,0.0,0.001874459798070219
BV_pH5_0,-0.05979306262391417,0.030765341625589394,-0.007642113328303979,-0.1010537528473398,0.02196698178901621,0.003404621154717778,-0.008669865901541451,-0.0011428262406717176,0.019628470692297683,-0.03178418260715578,0.0,0.0,0.0,0.0,0.0,1.0,0.0,0.0,0.0,0.0,0.0,0.0,0.05114127579932972
BV_pH5_1,-0.05407519687857965,0.07296348358706936,-0.011242261083553666,-0.11209480535805873,0.01766471668915904,0.005703928639059484,-0.02589765523357884,-0.0021894399781265993,0.029113951858295045,-0.054267110668284727,0.0,0.0,0.0,0.0,0.0,1.0,0.0,0.0,0.0,0.0,0.0,0.0,0.02446646428818786
BV_pH5_2,-0.058950234255550994,0.060447188457879025,-0.01185147579678375,-0.09131224660040892,0.031031815007976856,0.005552572089692823,-0.014142401019597182,-0.0027788129043967835,0.027026308504459653,-0.07934310173818275,0.0,0.0,0.0,0.0,0.0,1.0,0.0,0.0,0.0,0.0,0.0,0.0,0.039343210450552515
BV_pH6_0,-0.09110410244892472,0.04966178083468391,-0.001023205764105785,-0.16518859927663984,0.03316705000870255,0.005121394288928612,-0.02065399676561356,-0.01702529872403197,0.03056588753571978,0.04215870180693659,0.0,0.0,0.0,0.0,0.0,1.0,0.0,0.0,0.0,0.0,0.0,0.0,0.16172687662413934
BV_pH6_1,-0.10082814976087084,0.07093021101925685,-0.0076261901806878,-0.1653129486958294,0.0332559151356311,0.004025440543242122,-0.03270250618700748,-0.011991328520943293,0.0335339175666804,0.04239525196587911,0.0,0.0,0.0,0.0,0.0,1.0,0.0,0.0,0.0,0.0,0.0,0.0,0.20214567479932488
BV_pH6_2,-0.09471313533494655,0.051076025718256195,-0.010478976871818308,-0.16172882572302355,0.030991742976981658,0.004133184241211935,-0.016219005092330603,-0.017485009843240615,0.04121761898307697,0.03888599355907544,0.0,0.0,0.0,0.0,0.0,1.0,0.0,0.0,0.0,0.0,0.0,0.0,0.19208393008372077
BV_pH7_0,-0.10327038664046836,0.07835436006926973,-0.016528800359481705,-0.19932693470755344,0.05007681100831731,0.010571745326337603,-0.0332551973823296,-0.009823474509884482,0.025556329450691525,0.06332515971046752,0.0,0.0,0.0,0.0,0.0,1.0,0.0,0.0,0.0,0.0,0.0,0.0,0.4761566893788473
BV_pH7_1,-0.10652753706616552,0.10202753423672659,-0.017868021645623705,-0.23019521130248904,0.04552494392689803,0.011736389609134715,-0.03309776702490838,-0.012366116744182684,0.04037436500677594,0.06607103278779465,0.0,0.0,0.0,0.0,0.0,1.0,0.0,0.0,0.0,0.0,0.0,0.0,0.48226683949395216
BV_pH7_2,-0.12088226100348909,0.102729315313956,-0.02769424806794395,-0.22433799029530388,0.04884499923204598,0.011167697747764377,-0.027667946016172996,0.004006149027820514,0.033018269376910256,0.06649562607316867,0.0,0.0,0.0,0.0,0.0,1.0,0.0,0.0,0.0,0.0,0.0,0.0,0.4811025384560845
BV_pH8_0,-0.12816573446049637,0.09995499901311553,-0.018742908298483366,-0.2085229088896482,0.0542318593216655,0.011281681896551795,-0.03986250411071207,0.018264056307709088,0.03774604098304458,0.03949503097035315,0.0,0.0,0.0,0.0,0.0,1.0,0.0,0.0,0.0,0.0,0.0,0.0,0.6161936979692529
BV_pH8_1,-0.1201989097698875,0.0856606255552691,-0.021740813872412494,-0.19584244393946035,0.0443335087629764,0.01187129638765169,-0.039270733327645316,0.020215511052342858,0.036878116958491185,0.043773455674071676,0.0,0.0,0.0,0.0,0.0,1.0,0.0,0.0,0.0,0.0,0.0,0.0,0.6417698578516113
BV_pH8_2,-0.09434292337897678,0.08966369644333812,-0.015718990949023036,-0.1918559698213863,0.02399845725087368,0.011805084853068647,-0.024015995864149018,0.005101930546047893,0.021309758040892045,0.03973456540185472,0.0,0.0,0.0,0.0,0.0,1.0,0.0,0.0,0.0,0.0,0.0,0.0,0.6440713470669853
BV_pH9_0,-0.0991303115516253,0.07870557368773481,-0.02085989043278539,-0.1856142785594515,0.05008103933833216,0.010125376825099407,-0.04560738446271937,0.002956229131668801,0.03160497344220463,0.0434182949323693,0.0,0.0,0.0,0.0,0.0,1.0,0.0,0.0,0.0,0.0,0.0,0.0,0.7292859280132171
BV_pH9_1,-0.11985050380796843,0.08719268790081791,-0.019489498458316795,-0.1361830967275993,0.027617437810353612,0.008514819818994273,-0.03432626228779555,-0.010671455319970848,0.03934868970804888,0.023526793027539617,0.0,0.0,0.0,0.0,0.0,1.0,0.0,0.0,0.0,0.0,0.0,0.0,0.7412574926289346
BV_pH9_2,-0.10920686611986677,0.11116387383890863,-0.018073741076109203,-0.19064019503152885,0.04397903518022403,0.009072344115246902,-0.02561365062289912,-0.00291923930099153,0.029893486627742,0.018024565562929796,0.0,0.0,0.0,0.0,0.0,1.0,0.0,0.0,0.0,0.0,0.0,0.0,0.747526246417331
CC_pH4_0,-0.04624100826032785,0.05836122266705271,-0.012057676120134798,-0.08529649121443862,0.020809807330369953,-0.02093885483706127,0.008208358410907828,-0.007987098865534949,0.031001440478569786,-0.08018008787670859,0.0,0.0,0.0,0.0,0.0,0.0,1.0,0.0,0.0,0.0,0.0,0.0,0.0032572508755295392
CC_pH4_1,-0.04284558690274539,0.03906198763207573,-0.002712088043437056,-0.09416975363643601,0.02091772179969627,-0.00983828338470472,0.010087346952894458,-0.005041646475539261,0.018544199990675504,-0.06832428621978538,0.0,0.0,0.0,0.0,0.0,0.0,1.0,0.0,0.0,0.0,0.0,0.0,-0.004437627208196163
CC_pH4_2,-0.062177803930624026,0.05331154531961227,-0.007194987373912465,-0.10225893791360052,0.02238525007972899,-0.016329418104141954,0.01073140610171401,-0.0024204416730967556,0.027397368891245652,-0.05776436968423103,0.0,0.0,0.0,0.0,0.0,0.0,1.0,0.0,0.0,0.0,0.0,0.0,0.0011803763326671925
CC_pH5_0,-0.044535714139675976,0.02878958614300126,0.0010364345606902377,-0.09455660004371211,0.017383024779188894,-0.025531255671673494,0.00721990201784217,-0.0015101313416886583,0.013642477832086712,-0.03625811242336489,0.0,0.0,0.0,0.0,0.0,0.0,1.0,0.0,0.0,0.0,0.0,0.0,0.08114687964645667
CC_pH5_1,-0.07511014503872264,0.04641586498883755,-0.0029512767437035623,-0.10518493265156512,0.023596180981915935,-0.02585658902018938,0.011624874012625734,-0.003513862849820568,0.028723700146960175,-0.032064202113643935,0.0,0.0,0.0,0.0,0.0,0.0,1.0,0.0,0.0,0.0,0.0,0.0,0.11230826956373989
CC_pH5_2,-0.05593797863987477,0.05388743309749534,-0.0024705257266759897,-0.12322175943940553,0.026552290718030672,-0.019339297668927388,0.011182027912658191,-0.008153729059773945,0.02760204187715831,-0.04442089135151194,0.0,0.0,0.0,0.0,0.0,0.0,1.0,0.0,0.0,0.0,0.0,0.0,0.09911694942295314
CC_pH6_0,-0.08619143168037026,0.079949403528691,-0.010607874968858514,-0.22005671191353185,0.03631515486894742,-0.03565532688577861,0.014923587460880685,-0.014861475433344424,0.028851114643494723,0.07301317209256408,0.0,0.0,0.0,0.0,0.0,0.0,1.0,0.0,0.0,0.0,0.0,0.0,0.2884225051673924
CC_pH6_1,-0.10065135452774877,0.08854995421862796,-0.008724660190308226,-0.24332487012624093,0.038388578998653784,-0.031049541909976493,0.015017634461755334,-0.008542746072230132,0.04059129369566622,0.07542532316449545,0.0,0.0,0.0,0.0,0.0,0.0,1.0,0.0,0.0,0.0,0.0,0.0,0.29127362738877827
CC_pH6_2,-0.1270964949918182,0.08371561739350791,-0.01100479378972365,-0.2024871526286006,0.04212713031746124,-0.04139118763577678,0.01650412356076033,-0.005881932935798945,0.03191594258760628,0.07927835983507657,0.0,0.0,0.0,0.0,0.0,0.0,1.0,0.0,0.0,0.0,0.0,0.0,0.2957269459022493
CC_pH7_0,-0.09398801663202111,0.08300112019859902,-0.01385740123041298,-0.21471769299196164,0.03788937208809607,-0.03909133371978027,0.022979672078205192,-0.00013662139682666402,0.02566491106363095,0.057935601905312224,0.0,0.0,0.0,0.0,0.0,0.0,1.0,0.0,0.0,0.0,0.0,0.0,0.5922068579302491
CC_pH7_1,-0.10732973888516427,0.0906476167427457,-0.010283180821039106,-0.2164365693772941,0.045190195232305844,-0.043906826338447294,0.02006787874128507,0.006771979496368895,0.02826667231710061,0.05269158460483278,0.0,0.0,0.0,0.0,0.0,0.0,1.0,0.0,0.0,0.0,0.0,0.0,0.5480973412378645
CC_pH7_2,-0.11070928057007814,0.07596521784753904,-0.013528387707698602,-0.21569306485354894,0.04806144674511059,-0.044226854676785665,0.02339607343077659,0.00823919475645475,0.035303271865553175,0.05887199487537146,0.0,0.0,0.0,0.0,0.0,0.0,1.0,0.0,0.0,0.0,0.0,0.0,0.5469120935714209
CC_pH8_0,-0.08204553239047527,0.07811606543786499,-0.00859957151843802,-0.19267394145950673,0.03563999799363639,-0.03878134196138252,0.01580403791821521,0.006312824271052424,0.04378937004134059,0.008117703380387113,0.0,0.0,0.0,0.0,0.0,0.0,1.0,0.0,0.0,0.0,0.0,0.0,0.8455353071301549
CC_pH8_1,-0.10267013396865322,0.08294405460398158,-0.007963224242076924,-0.15616680615379108,0.0431575176767681,-0.0313990691360896,0.015806641125160715,-0.006798052438737261,0.025104647712053164,0.003664036394785279,0.0,0.0,0.0,0.0,0.0,0.0,1.0,0.0,0.0,0.0,0.0,0.0,0.8378107178569503
CC_pH8_2,-0.09595644051694999,0.0860442624775612,-0.011497647034247289,-0.16330803709631056,0.03129561487301861,-0.038492424190854246,0.01565251018042149,0.0032360758648618394,0.02264254836932472,0.01606314878586842,0.0,0.0,0.0,0.0,0.0,0.0,1.0,0.0,0.0,0.0,0.0,0.0,0.8442380625189879
CC_pH9_0,-0.08475174651764658,0.09445417835174695,-0.011487630163926793,-0.1590333309522628,0.03966534017706695,-0.02676164840226588,0.01420289986807367,0.002459424832916779,0.03317626148624265,-0.03624413708386862,0.0,0.0,0.0,0.0,0.0,0.0,1.0,0.0,0.0,0.0,0.0,0.0,1.003926186226973
CC_pH9_1,-0.11526868377933683,0.09060454833685705,-0.011217508269068983,-0.14908694910695372,0.0445783863119457,-0.04093155159412518,0.014067471429057734,0.009708820467247912,0.0387914746546227,-0.01556639673107344,0.0,0.0,0.0,0.0,0.0,0.0,1.0,0.0,0.0,0.0,0.0,0.0,0.9964236708955914
CC_pH9_2,-0.08009408987653643,0.06569882658350727,-0.00987180122943676,-0.14252267603479007,0.05010992824950295,-0.029991466189208237,0.014308315865371539,0.001924970801919699,0.029341873078728497,-0.03322426953636435,0.0,0.0,0.0,0.0,0.0,0.0,1.0,0.0,0.0,0.0,0.0,0.0,0.9996501428774356
DF_pH4_0,-0.06039685076264585,0.04702268225910223,-0.009776415268121204,-0.07022115951484957,0.021943307186112457,-0.021195290280182078,-0.02051609152766026,-0.004001356980398945,0.022296247709056603,-0.0394754445447546,0.0,0.0,0.0,0.0,0.0,0.0,0.0,1.0,0.0,0.0,0.0,0.0,-0.0016139570379183382
DF_pH4_1,-0.03623624572894821,0.0335901857248467,-0.009872266102339265,-0.08315341716672738,0.01931381014378175,-0.018211856620062306,-0.01905141498205131,-0.004832028293091318,0.02327681591491337,-0.03914395983978782,0.0,0.0,0.0,0.0,0.0,0.0,0.0,1.0,0.0,0.0,0.0,0.0,0.0004845233155374915
DF_pH4_2,-0.046817948811728016,0.05058886882484607,-0.007050659308695923,-0.09919253010221797,0.02300382373773533,-0.027783114478882886,-0.02220240391628898,-0.004283524016323296,0.03438512706886167,-0.034968016192964885,0.0,0.0,0.0,0.0,0.0,0.0,0.0,1.0,0.0,0.0,0.0,0.0,0.001874459798070219
DF_pH5_0,-0.0589900510199368,0.05424953744220347,-0.011116611142845257,-0.0944416770339012,0.026018315149552145,-0.028909512934801363,-0.01775830069475848,-0.003930205686584762,0.025042362700661885,-0.02448423350553798,0.0,0.0,0.0,0.0,0.0,0.0,0.0,1.0,0.0,0.0,0.0,0.0,0.05114127579932972
DF_pH5_1,-0.06568323502802977,0.04565099872567731,-0.011882326962912212,-0.06162889120614399,0.021638711585217844,-0.02045368867845315,-0.014753836628211581,-0.0044359064264142,0.019020611102814257,-0.04179281022602126,0.0,0.0,0.0,0.0,0.0,0.0,0.0,1.0,0.0,0.0,0.0,0.0,0.02446646428818786
DF_pH5_2,-0.037924766981083415,0.03984599384276764,-0.00779491968817361,-0.09714424772754955,0.013583649579111647,-0.0211606651439291,-0.014404635971169108,-0.004388548390049001,0.01777602277939086,-0.022708257275997946,0.0,0.0,0.0,0.0,0.0,0.0,0.0,1.0,0.0,0.0,0.0,0.0,0.039343210450552515
DF_pH6_0,-0.06709495555771433,0.047426957897032086,-0.011241163639351725,-0.10285361882623124,0.025368959824352166,-0.033071295811754206,-0.028751899102783716,-0.010730052413823812,0.021895697596280468,0.024730999330058696,0.0,0.0,0.0,0.0,0.0,0.0,0.0,1.0,0.0,0.0,0.0,0.0,0.16172687662413934
DF_pH6_1,-0.08588442460026428,0.06503082544745312,-0.016321449488320428,-0.13126602784770985,0.03362789919154475,-0.03913239833453428,-0.03957105615459705,-0.01566005009509947,0.03369048968686358,0.061165803907358145,0.0,0.0,0.0,0.0,0.0,0.0,0.0,1.0,0.0,0.0,0.0,0.0,0.20214567479932488
DF_pH6_2,-0.06891661673703271,0.06908598055658134,-0.010048234475290647,-0.12671012212279376,0.027046334361252578,-0.03097787904512623,-0.028336663485464188,-0.008816243265957938,0.014827646340203027,0.028525409586322686,0.0,0.0,0.0,0.0,0.0,0.0,0.0,1.0,0.0,0.0,0.0,0.0,0.19208393008372077
DF_pH7_0,-0.10149553081020712,0.0638974326990707,-0.01904709799984551,-0.11420597518267836,0.027710957851098932,-0.04126096039484053,-0.0386338964290917,-0.007278592324127324,0.02526269694871229,0.07073059157225424,0.0,0.0,0.0,0.0,0.0,0.0,0.0,1.0,0.0,0.0,0.0,0.0,0.4761566893788473
DF_pH7_1,-0.10553575585069863,0.09363881907709266,-0.015245456063876981,-0.139938837406428,0.03254617448086324,-0.04505746051588137,-0.031245566127092936,-0.007108501276892168,0.03713506795789885,0.046491136530657166,0.0,0.0,0.0,0.0,0.0,0.0,0.0,1.0,0.0,0.0,0.0,0.0,0.48226683949395216
DF_pH7_2,-0.08894029678128983,0.08917080475138904,-0.012993465247361558,-0.14021262893331765,0.024414978588566828,-0.027704724311099754,-0.02894637838329957,-0.008926312450481495,0.02975574876789165,0.030061902958170867,0.0,0.0,0.0,0.0,0.0,0.0,0.0,1.0,0.0,0.0,0.0,0.0,0.4811025384560845
DF_pH8_0,-0.08216603891438115,0.06160239268094301,-0.007094557297456523,-0.10418417048276118,0.028763372615060727,-0.036551268261087975,-0.029734350103965922,-0.0016464664301146644,0.0294793188928262,0.0072113790136316535,0.0,0.0,0.0,0.0,0.0,0.0,0.0,1.0,0.0,0.0,0.0,0.0,0.6161936979692529
DF_pH8_1,-0.0926248675872288,0.08182487331533238,-0.019180021151576358,-0.120083282371659,0.029731037887623126,-0.03230175388126594,-0.027752529218307013,-0.0007907047722002725,0.026771310942004554,0.020085548549971508,0.0,0.0,0.0,0.0,0.0,0.0,0.0,1.0,0.0,0.0,0.0,0.0,0.6417698578516113
DF_pH8_2,-0.09991086017583375,0.08809764215317757,-0.012407584531313699,-0.110855384822125,0.033921938455947064,-0.04098878577999447,-0.031820954188866456,-0.002382012144055055,0.023140089521589486,0.018885523224168498,0.0,0.0,0.0,0.0,0.0,0.0,0.0,1.0,0.0,0.0,0.0,0.0,0.6440713470669853
DF_pH9_0,-0.06071663751469359,0.07066747080858635,-0.007124040631334419,-0.11871831818038356,0.02098539491062579,-0.03170630657438027,-0.0258321144759817,-0.004137180031317733,0.014437140939838215,0.007824201992024545,0.0,0.0,0.0,0.0,0.0,0.0,0.0,1.0,0.0,0.0,0.0,0.0,0.7292859280132171
DF_pH9_1,-0.08276566498831886,0.07244018313717906,-0.011150751966254214,-0.1200380263777207,0.027950356051163826,-0.030816740891693728,-0.025482499770739155,-0.003452797034836337,0.028534066381499825,0.010461504221286463,0.0,0.0,0.0,0.0,0.0,0.0,0.0,1.0,0.0,0.0,0.0,0.0,0.7412574926289346
DF_pH9_2,-0.06426874137078613,0.0643738622882444,-0.010640287775060403,-0.1372496260986056,0.027109204554201467,-0.020816604144790248,-0.018869663589917447,-0.003491326928462671,0.01957840794697404,0.00995438683089679,0.0,0.0,0.0,0.0,0.0,0.0,0.0,1.0,0.0,0.0,0.0,0.0,0.747526246417331
comm11_4_1,0.09272252525729331,-0.04636585647118806,0.016042210387632896,0.20857822146428676,-0.03871993283619699,0.052410359895666676,0.049877067003399125,0.0002962665717400895,0.056619653740654814,-0.3834560682385675,1.0,1.0,1.0,1.0,1.0,1.0,1.0,1.0,0.0,0.0,0.0,0.0,-0.0016139570379183382
comm11_4_2,0.10759313389173021,-0.06641254215460757,0.00839963700905766,0.2095758854168588,-0.04484090306634164,0.039114786469499056,0.038830526638371145,-0.014926578752372575,0.052936360837648744,-0.3216081818257985,1.0,1.0,1.0,1.0,1.0,1.0,1.0,1.0,0.0,0.0,0.0,0.0,0.0004845233155374915
comm11_4_3,0.13739882949051324,-0.10531302420827358,0.012024381744229918,0.2067254847518938,-0.060688666221078304,0.056451806972694155,0.051781612162113834,-0.020912339302670703,0.056186582695530826,-0.3245569526825263,1.0,1.0,1.0,1.0,1.0,1.0,1.0,1.0,0.0,0.0,0.0,0.0,0.001874459798070219
comm11_4_4,0.15910150998595946,-0.08035247399512194,0.005352168297395105,0.18146682823198318,-0.040220014235085776,0.042371204634318545,0.039205901394800645,-0.009756259429875921,0.0585963864332956,-0.34558824453462406,1.0,1.0,1.0,1.0,1.0,1.0,1.0,1.0,0.0,0.0,0.0,0.0,0.0053181834532889495
comm11_5_1,0.13869142542269244,-0.03473820192658384,0.0019338739080273534,0.2683389053339867,-0.08496887340534318,0.03222431830454456,0.03034455899716072,-0.0033759140142280127,0.05924409399942861,-0.37566228405248536,1.0,1.0,1.0,1.0,1.0,1.0,1.0,1.0,0.0,0.0,0.0,0.0,0.05114127579932972
comm11_5_2,0.1218595492580662,-0.11262839067484368,-0.005870027734857539,0.24263682129468925,-0.07280093240065744,0.04027071688000275,0.06713055694556753,0.0014626376193178758,0.05820371774916093,-0.32269249435878644,1.0,1.0,1.0,1.0,1.0,1.0,1.0,1.0,0.0,0.0,0.0,0.0,0.02446646428818786
comm11_5_3,0.09184159398686305,-0.040314925007279165,0.014248404393944411,0.20671469012477797,-0.058692139523994664,0.043690937758301907,0.02578449668322244,-0.001838302947985737,0.05503061005278773,-0.3116011191224275,1.0,1.0,1.0,1.0,1.0,1.0,1.0,1.0,0.0,0.0,0.0,0.0,0.039343210450552515
comm11_5_4,0.12066888930559477,-0.038746059249843624,-0.01240008137026883,0.23612123613772185,-0.052816889448820244,0.05210138547841622,0.043984725202798225,-0.01902470168536124,0.06281597020630929,-0.3732712086747684,1.0,1.0,1.0,1.0,1.0,1.0,1.0,1.0,0.0,0.0,0.0,0.0,0.02826352230444504
comm11_6_1,0.3402425660504757,-0.09169923826080303,0.05457352437969779,0.45280806957339137,-0.13793567453794506,0.17035524197530166,0.09276010173494405,0.05777296482787832,0.11032831813492205,0.16109181988134005,1.0,1.0,1.0,1.0,1.0,1.0,1.0,1.0,0.0,0.0,0.0,0.0,0.16172687662413934
comm11_6_2,0.42329998644392774,-0.1499563890974968,0.055039705809448725,0.5499040692672135,-0.11689660357473336,0.143946939026127,0.09042596064912885,0.1672073880028304,0.14379341600138856,0.3609969625338589,1.0,1.0,1.0,1.0,1.0,1.0,1.0,1.0,0.0,0.0,0.0,0.0,0.20214567479932488
comm11_6_3,0.4277079622589213,-0.10163452405604012,0.08404645186282046,0.5110442959715653,-0.12407365233677886,0.18971657717681453,0.11660302479670424,0.09380189673084283,0.13694140406001523,0.3170946509710958,1.0,1.0,1.0,1.0,1.0,1.0,1.0,1.0,0.0,0.0,0.0,0.0,0.19208393008372077
comm11_6_4,0.4343928726827322,-0.0868444290186238,0.04620559302685056,0.5796130304115458,-0.11910356612228185,0.19021318141897411,0.10990056335035224,0.11197876224577745,0.12006407048958154,0.26147107576546463,1.0,1.0,1.0,1.0,1.0,1.0,1.0,1.0,0.0,0.0,0.0,0.0,0.19174196501252805
comm11_7_1,0.46547743250049,-0.47943159751634534,0.13519973482612688,0.6373974079549637,-0.17795821444050447,0.1870009409356862,0.18601112498820793,0.04344014862147363,0.15968789656403595,0.3858209277430306,1.0,1.0,1.0,1.0,1.0,1.0,1.0,1.0,0.0,0.0,0.0,0.0,0.4761566893788473
comm11_7_2,0.47770439037526735,-0.39190393584901884,0.14060460486287335,0.6400883065479928,-0.22176679420770828,0.1808563861716539,0.15840225526253165,0.0460123116235532,0.15627094882337947,0.3370340716324586,1.0,1.0,1.0,1.0,1.0,1.0,1.0,1.0,0.0,0.0,0.0,0.0,0.48226683949395216
comm11_7_3,0.4922868839023716,-0.5187805748666111,0.1348300893572362,0.6334849505616433,-0.1718955771811306,0.18371010803334095,0.18027868993296892,0.04366495310085945,0.15216931215001517,0.3972755433388217,1.0,1.0,1.0,1.0,1.0,1.0,1.0,1.0,0.0,0.0,0.0,0.0,0.4811025384560845
comm11_7_4,0.47317366487265605,-0.49035348440358506,0.13838576453859391,0.5552045780817128,-0.18324001919356694,0.22744044714809758,0.18129092421139714,0.10249966061714551,0.14982818479406773,0.37279465766299674,1.0,1.0,1.0,1.0,1.0,1.0,1.0,1.0,0.0,0.0,0.0,0.0,0.4811025384560845
comm11_8_1,0.4932040558974057,-0.5037342774446891,0.08618615900530764,0.4707375057458716,-0.1887903793233082,0.2070608420184126,0.247635118369337,-0.04818299752214681,0.1414707569786064,0.1895826313021066,1.0,1.0,1.0,1.0,1.0,1.0,1.0,1.0,0.0,0.0,0.0,0.0,0.6161936979692529
comm11_8_2,0.4210173283124584,-0.5249729917364436,0.10215675081774271,0.6197470418712043,-0.18462116328473002,0.17915037504113887,0.23954600214269817,-0.08561082358269587,0.1258663079166866,0.1211288697325179,1.0,1.0,1.0,1.0,1.0,1.0,1.0,1.0,0.0,0.0,0.0,0.0,0.6417698578516113
comm11_8_3,0.4132790037451068,-0.455687311589313,0.11479676678371821,0.4890355298489979,-0.13332660346089498,0.18229951011948292,0.23463071758210982,-0.06416523937824305,0.1157041653634413,0.1094841569115448,1.0,1.0,1.0,1.0,1.0,1.0,1.0,1.0,0.0,0.0,0.0,0.0,0.6440713470669853
comm11_8_4,0.3929059192874347,-0.4636162030474162,0.1236492939050431,0.5242200469108218,-0.16439802749446875,0.16381428585671212,0.23326450294855502,-0.06820239196005072,0.1263904834801898,0.15238643309708846,1.0,1.0,1.0,1.0,1.0,1.0,1.0,1.0,0.0,0.0,0.0,0.0,0.6395779816459941
comm11_9_1,0.4705069687541413,-0.5345597451799752,0.10433876513139062,0.5020862883475165,-0.21926603827139604,0.163133516902023,0.19301235174314801,-0.10341695865332758,0.10835599767084682,0.049447905022812925,1.0,1.0,1.0,1.0,1.0,1.0,1.0,1.0,0.0,0.0,0.0,0.0,0.7292859280132171
comm11_9_2,0.31607922146380274,-0.49125543227702695,0.07943736210222478,0.5140488583047914,-0.17565550512755695,0.2103490211324686,0.1566056316309487,-0.07516672136626489,0.11193501248996221,0.04899124884289568,1.0,1.0,1.0,1.0,1.0,1.0,1.0,1.0,0.0,0.0,0.0,0.0,0.7412574926289346
comm11_9_3,0.4136164316644325,-0.48231999441778856,0.08994768606903762,0.40714605399893367,-0.1559428005199879,0.20228267596913094,0.12716613138135036,-0.11038623608365326,0.10781161795046343,0.07926168835519448,1.0,1.0,1.0,1.0,1.0,1.0,1.0,1.0,0.0,0.0,0.0,0.0,0.747526246417331
comm11_9_4,0.40665263079268776,-0.47642680763145506,0.05814100941035736,0.42130690516661046,-0.13721825147978964,0.16982158449964363,0.19015481007285415,-0.07240756267114826,0.10219982651345759,0.034278770487593556,1.0,1.0,1.0,1.0,1.0,1.0,1.0,1.0,0.0,0.0,0.0,0.0,0.7409024335149471
