Experiments,BV_OD<--AC_OD,BV_OD<--BA_OD,BV_OD<--BC_OD,BV_OD<--BL_OD,BV_OD<--BT_OD,BV_OD<--BV_OD,BV_OD<--CC_OD,BV_OD<--DF_OD,BV_OD<--parc-_OD,BV_OD<--pH,AC_OD,BA_OD,BC_OD,BL_OD,BT_OD,BV_OD,CC_OD,DF_OD,wt_OD,delarc_OD,parc-_OD,parc+_OD,pH
5comm11parcaTc_1,0.045749909925558,-0.012939386566614974,0.028320336618015297,0.02699313848724832,-0.03139814464577838,0.05512452557521021,0.010021110793737614,-0.06292798453901448,0.04881020774902858,-0.07944290850959394,1.0,1.0,1.0,1.0,1.0,1.0,1.0,1.0,0.0,0.0,1.0,0.0,0.0997489321824637
5comm11parcaTc_2,0.0266968533736856,-0.0026030108012744914,0.03474379311315716,0.02514049209006455,-0.026571249813853726,0.07100282621731903,0.010953295245645164,-0.06447524876819681,0.033877107402228795,-0.08045405294098282,1.0,1.0,1.0,1.0,1.0,1.0,1.0,1.0,0.0,0.0,1.0,0.0,0.0997489321824637
5comm11parcaTc_3,0.04049276283253794,0.004833569573036029,0.03419314745084746,0.010569241285202619,-0.026424496581818422,0.07080158475523247,0.0022593326619623822,-0.06975092728784228,0.0489310011445828,-0.08759441077101811,1.0,1.0,1.0,1.0,1.0,1.0,1.0,1.0,0.0,0.0,1.0,0.0,0.0997489321824637
5comm11parcaTc_4,0.03872111597888009,0.016417323466714307,0.03722526465340153,0.004099884298427597,-0.02769191970198374,0.05416593898776108,0.01673646884707167,-0.061127165511007546,0.037291312564326363,-0.08752741853382599,1.0,1.0,1.0,1.0,1.0,1.0,1.0,1.0,0.0,0.0,1.0,0.0,0.0997489321824637
6comm11parcaTc_1,0.0894449219632003,0.04573877441757561,0.053575071029203086,0.008849761912639692,-0.009811243385117015,0.11082202201668659,0.03764380851598537,-0.0825854747019627,-0.0007953568695760923,0.06230580197242292,1.0,1.0,1.0,1.0,1.0,1.0,1.0,1.0,0.0,0.0,1.0,0.0,0.294943607271727
6comm11parcaTc_2,0.0888927465709655,0.025810101916203674,0.06860483869485073,0.02081681563134264,-0.03091717548526662,0.1211979602046473,0.03268978430302409,-0.07671759183680557,0.008913333485226913,0.055897273386869076,1.0,1.0,1.0,1.0,1.0,1.0,1.0,1.0,0.0,0.0,1.0,0.0,0.294943607271727
6comm11parcaTc_3,0.08826210286225313,0.035528178146189984,0.0709298738829144,0.013102210206991951,-0.017996362938910073,0.1271990683197003,0.031056609079241747,-0.0709795302377366,-0.016202695964147206,0.054288633514560126,1.0,1.0,1.0,1.0,1.0,1.0,1.0,1.0,0.0,0.0,1.0,0.0,0.294943607271727
6comm11parcaTc_4,0.08323468652209669,0.029311092025397917,0.047456165091742,0.022425509323973362,-0.011833154089019996,0.11127876172733049,0.029774950816822437,-0.07205456087993377,0.021969529037242353,0.05362510729540625,1.0,1.0,1.0,1.0,1.0,1.0,1.0,1.0,0.0,0.0,1.0,0.0,0.294943607271727
7comm11parcaTc_1,0.09763425783557898,-0.008731902022238655,0.06808306893495764,0.09721175549308889,-0.019225581915158295,0.13932886833001093,0.02248907988587313,-0.09389951631831735,0.033804533525127106,0.08403326225406287,1.0,1.0,1.0,1.0,1.0,1.0,1.0,1.0,0.0,0.0,1.0,0.0,0.5477367110758552
7comm11parcaTc_2,0.12429502784618703,0.0164122993124487,0.06738991602607394,0.06286766663801087,-0.016363876754944412,0.12548634896662245,0.015573939840592762,-0.10148569842577788,0.022174385164702395,0.10437781738906934,1.0,1.0,1.0,1.0,1.0,1.0,1.0,1.0,0.0,0.0,1.0,0.0,0.5477367110758552
7comm11parcaTc_3,0.15393543247335953,0.0355556360433769,0.06710065146867673,0.014929999403615035,-0.017059266815650394,0.1277484089984437,0.019519271903023445,-0.11936077036024277,0.05032577573261023,0.0880326871557728,1.0,1.0,1.0,1.0,1.0,1.0,1.0,1.0,0.0,0.0,1.0,0.0,0.5477367110758552
7comm11parcaTc_4,0.08331718167998706,0.03979625309270847,0.05610690467181091,0.03085126707391085,-0.010117604677241454,0.14635666914729645,0.0461691875822599,-0.12911955254496602,0.059504700235860526,0.09786281974135856,1.0,1.0,1.0,1.0,1.0,1.0,1.0,1.0,0.0,0.0,1.0,0.0,0.5477367110758552
8comm11parcaTc_1,0.07487244936556596,-0.03432055177065827,0.039878607178916746,0.05922053132489647,-0.03381467200026078,0.09196782906094322,0.050575332326774046,-0.10154908806632233,0.02947757397251934,0.023912312054763674,1.0,1.0,1.0,1.0,1.0,1.0,1.0,1.0,0.0,0.0,1.0,0.0,0.8453285927693228
8comm11parcaTc_2,0.1020675924381889,-0.077477368422298,0.047294536909169474,0.05256233116976268,-0.025510175276912107,0.12198919530006366,0.05115157402302745,-0.12754075449243513,0.0248064161590098,0.030876975639561276,1.0,1.0,1.0,1.0,1.0,1.0,1.0,1.0,0.0,0.0,1.0,0.0,0.8453285927693228
8comm11parcaTc_3,0.09296104900579413,-0.09347093104951731,0.055685979390678854,0.061228022928268684,-0.033110471637312164,0.11974606834574723,0.04993669878914143,-0.09622664332389828,0.021933439778487968,0.021537111219747558,1.0,1.0,1.0,1.0,1.0,1.0,1.0,1.0,0.0,0.0,1.0,0.0,0.8453285927693228
8comm11parcaTc_4,0.11027020305314143,-0.08951017141180195,0.03675995510800379,0.06007626322381523,-0.042821327515108434,0.13176753023639323,0.05990800763237412,-0.0695325387334046,-0.029461591561203426,0.03276399341492874,1.0,1.0,1.0,1.0,1.0,1.0,1.0,1.0,0.0,0.0,1.0,0.0,0.8453285927693228
parc-_pH4_0,-0.00460586129606742,-0.011382529438351807,-0.006710978810391998,-0.006871371833688539,-0.0006121369937191848,-0.018944940985301913,-0.0015559003085059962,0.018084685670049946,-0.007880505787046707,-0.020729355996312655,0.0,0.0,0.0,0.0,0.0,0.0,0.0,0.0,0.0,0.0,1.0,0.0,0.0032572508755295392
parc-_pH4_1,-0.00523347921628991,-0.007795610851405757,-0.007265121078766559,-0.00818334614250647,0.000160216107640577,-0.02277561933855,0.0007312855274295034,0.014199596261605621,-0.0047985434594928576,-0.020248273763927103,0.0,0.0,0.0,0.0,0.0,0.0,0.0,0.0,0.0,0.0,1.0,0.0,-0.004437627208196163
parc-_pH4_2,-0.010668611263289402,-0.004219827824069753,-0.0070356373839161315,-0.007958991259903363,0.0010889745507713239,-0.019986496193577417,-0.0007280107356769882,0.022062022157985237,-0.0111418074545572,-0.022620512595319227,0.0,0.0,0.0,0.0,0.0,0.0,0.0,0.0,0.0,0.0,1.0,0.0,0.0011803763326671925
parc-_pH5_0,-0.014847482134304616,-0.01580965333577731,-0.010699036105576418,-0.005311332304111641,0.002919483401853105,-0.01834972219582161,-0.0009272300676726131,0.030854492359592218,-0.01022377681007366,-0.018814641122260813,0.0,0.0,0.0,0.0,0.0,0.0,0.0,0.0,0.0,0.0,1.0,0.0,0.08114687964645667
parc-_pH5_1,-0.011860115781993322,-0.003765089637397424,-0.015328689279115714,-0.0029043110694898216,-0.0013579287736312207,-0.020295821254587045,-0.0012068176812127878,0.019015213280673262,-0.005145067978326393,-0.01836026774678865,0.0,0.0,0.0,0.0,0.0,0.0,0.0,0.0,0.0,0.0,1.0,0.0,0.11230826956373989
parc-_pH5_2,-0.011254924165044467,-0.0007192377926295871,-0.014102884269440952,-0.004440637073965501,0.0008365656417268121,-0.02449141748128054,-0.002553829179833765,0.022856104118830482,-0.007428466608423902,-0.019910170180804057,0.0,0.0,0.0,0.0,0.0,0.0,0.0,0.0,0.0,0.0,1.0,0.0,0.09911694942295314
parc-_pH6_0,-0.020282613525126614,-0.004538575286126654,-0.011525412291774282,-0.006035269520690908,-0.0011097986668186348,-0.040779065930729975,-0.004685916420801177,0.03049111130647361,-0.024112379946948394,0.021369024418982793,0.0,0.0,0.0,0.0,0.0,0.0,0.0,0.0,0.0,0.0,1.0,0.0,0.2884225051673924
parc-_pH6_1,-0.016449943495428436,-0.0020317285779215713,-0.011912787364309894,-0.00955800739562382,0.00080789646214765,-0.044490328024991845,-0.003107441273801353,0.031599526604961445,-0.023517287241133004,0.017451204099166007,0.0,0.0,0.0,0.0,0.0,0.0,0.0,0.0,0.0,0.0,1.0,0.0,0.29127362738877827
parc-_pH6_2,-0.006295717670379774,-0.011825718520533135,-0.011209930711547314,-0.010448172622886687,0.005819786225405076,-0.04727846002206206,-0.003560783212761516,0.024851652500017182,-0.023267535853564093,0.022005981799296064,0.0,0.0,0.0,0.0,0.0,0.0,0.0,0.0,0.0,0.0,1.0,0.0,0.2957269459022493
parc-_pH7_0,-0.016929318234324454,-0.006257398348180171,-0.012755264546317252,-0.00814196326041027,-0.002536538625136019,-0.043750915192472546,-0.002256263130668389,0.02455885210398423,-0.009781258550432066,0.01664117079309147,0.0,0.0,0.0,0.0,0.0,0.0,0.0,0.0,0.0,0.0,1.0,0.0,0.5922068579302491
parc-_pH7_1,-0.021558662393413808,-0.0017295103582918002,-0.01753886679754309,-0.010186206896020017,0.0005174209343512407,-0.0452982546708992,-0.00818413436372319,0.04272888799238465,-0.015524549943840376,0.015564979551481489,0.0,0.0,0.0,0.0,0.0,0.0,0.0,0.0,0.0,0.0,1.0,0.0,0.5480973412378645
parc-_pH7_2,-0.028768763081778,0.005873495482880137,-0.01526185772968861,-0.009970023973804453,0.00236482704280997,-0.037556784457891526,-0.002587586855110915,0.027245071533176568,-0.022001865231229562,0.019454589335490827,0.0,0.0,0.0,0.0,0.0,0.0,0.0,0.0,0.0,0.0,1.0,0.0,0.5469120935714209
parc-_pH8_0,-0.023970787798095007,-0.008337238379551665,-0.010552877362048175,-0.01043019034575833,0.004669548974412939,-0.025490299719790728,-0.0005232322519726082,0.02413464073132238,-0.010298769872878557,-0.00040968991694566965,0.0,0.0,0.0,0.0,0.0,0.0,0.0,0.0,0.0,0.0,1.0,0.0,0.8455353071301549
parc-_pH8_1,-0.0072907141110171445,-0.00017331327757109756,-0.014237254923209548,-0.009950509345077949,0.0013137921395347165,-0.03509285848668736,-0.004362287444831885,0.02316970251885284,-0.009217879285671466,-0.005367574775186568,0.0,0.0,0.0,0.0,0.0,0.0,0.0,0.0,0.0,0.0,1.0,0.0,0.8378107178569503
parc-_pH8_2,-0.02185407865833005,0.000734475082920297,-0.011701408816582486,-0.007366247300625496,0.005482944494680216,-0.02906519789289196,-0.0018912242612113127,0.021382149060297274,-0.014507783148032815,-0.0024225245274441406,0.0,0.0,0.0,0.0,0.0,0.0,0.0,0.0,0.0,0.0,1.0,0.0,0.8442380625189879
parc-_pH9_0,-0.023401050341275077,-0.00779811579187441,-0.011084427697300588,-0.007761628633041099,0.005612107051900869,-0.025996414092571852,-0.002216532984748483,0.020792414306703474,-0.009936056145790803,0.0005808073371324863,0.0,0.0,0.0,0.0,0.0,0.0,0.0,0.0,0.0,0.0,1.0,0.0,1.003926186226973
parc-_pH9_1,-0.023678110567447938,0.0015430396718337477,-0.011337797531210213,-0.014313177728782527,0.0046788328080235595,-0.020982390459950855,-0.006464793116826078,0.028643428058080053,-0.0049908749985954045,-0.014307053125989826,0.0,0.0,0.0,0.0,0.0,0.0,0.0,0.0,0.0,0.0,1.0,0.0,0.9964236708955914
parc-_pH9_2,-0.018887824779578847,-0.000493603864603716,-0.011665835020375319,-0.006558752299650857,0.0006137567454868027,-0.02779343753972132,-0.0037685556480984983,0.026206759454520497,-0.00911924907633954,-0.00974215592784078,0.0,0.0,0.0,0.0,0.0,0.0,0.0,0.0,0.0,0.0,1.0,0.0,0.9996501428774356
AC_pH4_0,0.02088836064157278,-0.0059385310174168435,-0.00830656749398812,-0.007737599250091159,-0.000499511709153329,-0.03993947517734183,-0.0012012813041877481,0.036984831773594996,-0.0022591598020137663,-0.053199963374873226,1.0,0.0,0.0,0.0,0.0,0.0,0.0,0.0,0.0,0.0,0.0,0.0,-0.0016139570379183382
AC_pH4_1,0.02088836064157278,-0.008564379088094702,-0.01751542276378883,-0.005424475511131082,-0.0007108139578738943,-0.036565701268289404,-2.3078638655335788e-05,0.02838213319323309,0.0017228740741215322,-0.04339839348893452,1.0,0.0,0.0,0.0,0.0,0.0,0.0,0.0,0.0,0.0,0.0,0.0,0.0004845233155374915
AC_pH4_2,0.02088836064157278,-0.011651851780226695,-0.01532039316168622,-0.005440639232730737,0.001953325118140682,-0.043037040556740506,0.0012900388589047863,0.03407962497850151,-0.0020929761303831703,-0.041877345661430254,1.0,0.0,0.0,0.0,0.0,0.0,0.0,0.0,0.0,0.0,0.0,0.0,0.001874459798070219
AC_pH5_0,0.021444143771153435,-0.020264934842150823,-0.010213152297327053,-0.0038142383013568494,0.0003540143824141947,-0.04870988072301058,-0.0036302056947075155,0.04208962983451784,-0.0012286026921609174,-0.0372356704444341,1.0,0.0,0.0,0.0,0.0,0.0,0.0,0.0,0.0,0.0,0.0,0.0,0.05114127579932972
AC_pH5_1,0.01958283810147448,-0.020216706488686412,-0.01403887983492535,-0.0047104635640330935,-0.0030234334026665805,-0.04385825105659339,0.003253219228075898,0.03259846065233907,0.007721736051304183,-0.03851741645849594,1.0,0.0,0.0,0.0,0.0,0.0,0.0,0.0,0.0,0.0,0.0,0.0,0.02446646428818786
AC_pH5_2,0.018145319084920303,-0.01732078107802764,-0.011625333717092871,-0.0028925268198161025,-0.0001296791122497433,-0.040080385292353846,-0.0032517426821362717,0.03219415358591664,-0.0033231341664719852,-0.03292478657003654,1.0,0.0,0.0,0.0,0.0,0.0,0.0,0.0,0.0,0.0,0.0,0.0,0.039343210450552515
AC_pH6_0,0.022734483076745395,-0.012742112472896338,-0.012775441349443533,-0.0013736039902205069,-0.0021885333060408414,-0.09379167976951144,0.00010003469965380128,0.05128247150260468,-0.002302326107721615,-0.010152189055376726,1.0,0.0,0.0,0.0,0.0,0.0,0.0,0.0,0.0,0.0,0.0,0.0,0.16172687662413934
AC_pH6_1,0.014275437227004894,-0.020627513252522635,-0.014243142358634785,0.0013770019396653634,0.003913261276143399,-0.09637889061851994,0.0028488693839829895,0.0393541574968106,0.001745560027092047,0.006526362283317294,1.0,0.0,0.0,0.0,0.0,0.0,0.0,0.0,0.0,0.0,0.0,0.0,0.20214567479932488
AC_pH6_2,0.017823858925586814,-0.024109790236284234,-0.008103462530947897,0.0015654024578954859,0.0017580840833809057,-0.0860588943525015,0.0017579327215966971,0.03455344441286086,-0.0028612528879033493,0.0024657807491071846,1.0,0.0,0.0,0.0,0.0,0.0,0.0,0.0,0.0,0.0,0.0,0.0,0.19208393008372077
AC_pH7_0,0.02986737104213755,-0.022014236510933743,-0.007736710126552246,-0.002352592376587185,0.002516625391562348,-0.15291862181590302,-0.0016243491921087982,0.058819864993186095,-0.000715520101720874,0.03494927183886908,1.0,0.0,0.0,0.0,0.0,0.0,0.0,0.0,0.0,0.0,0.0,0.0,0.4761566893788473
AC_pH7_1,0.030306860007669606,-0.019984520063938006,-0.012232265719415054,-0.001255990297169142,0.008642568487835966,-0.15774588577773266,0.010269004045783181,0.059460467345729164,-0.0011454754148650448,0.022476340555585915,1.0,0.0,0.0,0.0,0.0,0.0,0.0,0.0,0.0,0.0,0.0,0.0,0.48226683949395216
AC_pH7_2,0.03027915157620673,-0.007212363596924624,-0.008641321749385932,-0.0103768497960561,0.003014114529056393,-0.14936682757476102,0.004229664359970586,0.05321853955397789,0.00015743970223095017,0.023489556204041705,1.0,0.0,0.0,0.0,0.0,0.0,0.0,0.0,0.0,0.0,0.0,0.0,0.4811025384560845
AC_pH8_0,0.04016187756605769,-0.008519757704242415,-0.014312758494532953,-0.004601353972583361,0.005381131845364428,-0.18337934499889938,0.009313761156214323,0.06373963029447782,-0.002341417316347362,0.03334933513573006,1.0,0.0,0.0,0.0,0.0,0.0,0.0,0.0,0.0,0.0,0.0,0.0,0.6161936979692529
AC_pH8_1,0.04391874070967668,-0.011791989114945348,-0.011798633649216399,-0.006106125582414473,0.0031819786179972725,-0.1693007920569052,0.004933398040821369,0.04940415738676879,0.008512602164207591,0.027837766838138517,1.0,0.0,0.0,0.0,0.0,0.0,0.0,0.0,0.0,0.0,0.0,0.0,0.6417698578516113
AC_pH8_2,0.043982636500149955,-0.010347020743090822,-0.016736523372971494,-0.0038276908542636944,0.009032280142621502,-0.17929307890651022,0.006584596558393019,0.054012374994142534,0.004432011820861828,0.030951517239091512,1.0,0.0,0.0,0.0,0.0,0.0,0.0,0.0,0.0,0.0,0.0,0.0,0.6440713470669853
AC_pH9_0,0.04349815727940396,-0.009173189002777572,-0.008322327846013331,-0.010275435208788382,0.0008275834892107088,-0.18472951588544842,-0.001546469724777599,0.07539238946066926,0.00433111275465268,0.02878879712125205,1.0,0.0,0.0,0.0,0.0,0.0,0.0,0.0,0.0,0.0,0.0,0.0,0.7292859280132171
AC_pH9_1,0.041110200805022645,-0.012210256281592275,-0.010699680378336619,-0.004432319177152666,0.002354269883716883,-0.16986323879748264,0.0024091758481834223,0.05565783093926376,0.00923333602026105,0.025231784351332037,1.0,0.0,0.0,0.0,0.0,0.0,0.0,0.0,0.0,0.0,0.0,0.0,0.7412574926289346
AC_pH9_2,0.05204386685408003,-0.005198570463563438,-0.011679155297739354,-0.011224176676781926,0.00470635684935943,-0.16894419411966657,-0.00029669458734924516,0.058973545829725006,-0.0011260349538339224,0.021536159923138176,1.0,0.0,0.0,0.0,0.0,0.0,0.0,0.0,0.0,0.0,0.0,0.0,0.747526246417331
BA_pH4_0,-0.01832986024167875,-0.009618231783742494,-0.007159432216911859,-0.0065835712922979964,0.0013583393623728469,-0.017370040949596013,-0.002203908638178331,0.018369800011505902,0.0006607429841128373,-0.020332734226451626,0.0,1.0,0.0,0.0,0.0,0.0,0.0,0.0,0.0,0.0,0.0,0.0,-0.0016139574737368786
BA_pH4_1,-0.016617938918264016,-0.006732762248619744,-0.010785146937300654,-0.00559724311971956,0.0006635659161712159,-0.02473931402696863,-0.0006691718030639968,0.02485227274586973,-0.0018261938606915266,-0.01975696479982656,0.0,1.0,0.0,0.0,0.0,0.0,0.0,0.0,0.0,0.0,0.0,0.0,0.00048452299554619434
BA_pH4_2,-0.02227482867913078,-0.006732762248619745,-0.00956830344527312,-0.004088012593109971,-5.66678235064392e-05,-0.023708506733503033,-0.0036208204271109858,0.027138403163736925,-0.0010000274006439285,-0.01729737090088589,0.0,1.0,0.0,0.0,0.0,0.0,0.0,0.0,0.0,0.0,0.0,0.0,0.0018744598294293093
BA_pH5_0,-0.02009329730462606,-0.006177444833776225,-0.014374572761032892,-0.005441603485859283,0.002861150057945886,-0.029223749275602732,-0.0006379490965248443,0.02727014850379656,0.004999911892430288,-0.020391491243170332,0.0,1.0,0.0,0.0,0.0,0.0,0.0,0.0,0.0,0.0,0.0,0.0,0.0511412745403946
BA_pH5_1,-0.025734413811410572,-0.008175497016181118,-0.009820738906526695,-0.006762125701036142,0.0024512758365143896,-0.02357187217627854,-0.006216116320017886,0.03309580656902298,0.00362679363309365,-0.020102009098045527,0.0,1.0,0.0,0.0,0.0,0.0,0.0,0.0,0.0,0.0,0.0,0.0,0.024466462930343342
BA_pH5_2,-0.016779412065592147,-0.008656408605368244,-0.010013657467763708,-0.0015267392628542755,-0.0009569508181479968,-0.03786106595405094,-0.0006595223218850472,0.037949149599096364,0.0007836374174803491,-0.023487927511779833,0.0,1.0,0.0,0.0,0.0,0.0,0.0,0.0,0.0,0.0,0.0,0.0,0.03934321135483189
BA_pH6_0,-0.02485774356021505,-0.014681442146715911,-0.010733764535828453,-0.006722287360538284,0.002868635048279944,-0.05438051303605671,-0.002009545279180874,0.03542920344914107,0.003535099427580184,0.01034346100266861,0.0,1.0,0.0,0.0,0.0,0.0,0.0,0.0,0.0,0.0,0.0,0.0,0.16172687666300212
BA_pH6_1,-0.030243304143052378,-0.018181414170109707,-0.014982476864293543,-0.005989645657575001,0.0012118328976161448,-0.06349251721540222,-0.0020951670379904296,0.04632498673183601,0.0029999630797006497,0.023238845388405024,0.0,1.0,0.0,0.0,0.0,0.0,0.0,0.0,0.0,0.0,0.0,0.0,0.20214567404454245
BA_pH6_2,-0.021073144622066095,-0.018214105166818782,-0.006651562539779622,-0.006129549238425881,0.0010911048584334225,-0.06127832043632542,-0.005980685621540508,0.03942839393938852,0.0005957246296431712,0.017003247206625726,0.0,1.0,0.0,0.0,0.0,0.0,0.0,0.0,0.0,0.0,0.0,0.0,0.19208393160174653
BA_pH7_0,-0.022958751361736137,-0.018948240668877313,-0.01409006145155138,-0.009039281877972512,0.00034167218265002174,-0.056129454380994585,-0.008379211590989775,0.04392478038901058,0.0047978704552287645,0.01927178119774908,0.0,1.0,0.0,0.0,0.0,0.0,0.0,0.0,0.0,0.0,0.0,0.0,0.47615668850189524
BA_pH7_1,-0.022338881077163888,-0.015993580662685886,-0.010240396395042215,-0.01059920295647791,0.0032124014160312374,-0.05325991496565226,-0.005237968439722191,0.03291335482089577,0.0002388877356829843,0.02009640327087887,0.0,1.0,0.0,0.0,0.0,0.0,0.0,0.0,0.0,0.0,0.0,0.0,0.48226683981394347
BA_pH7_2,-0.032359392946262076,-0.016717094584651607,-0.019200007472713686,-0.010758575703138892,0.006758072860336498,-0.04122118310172759,-0.0048490790834488425,0.03198488166818962,0.004146811933783084,0.021006669438768017,0.0,1.0,0.0,0.0,0.0,0.0,0.0,0.0,0.0,0.0,0.0,0.0,0.48110253833913064
BA_pH8_0,-0.029936671091608053,-0.015574111057364422,-0.01507903360032841,-0.008185149448235396,0.003856728120868944,-0.044795100077500816,-0.004164942368136152,0.035483918029652985,0.0036482891112404013,0.013537175390545442,0.0,1.0,0.0,0.0,0.0,0.0,0.0,0.0,0.0,0.0,0.0,0.0,0.6161936980952847
BA_pH8_1,-0.0331237924842002,-0.013878266422644904,-0.014542115320168112,-0.00573287779222364,-0.00023019073814477687,-0.04869894394630809,-0.004826908621572606,0.04869846902888916,0.0014484525245168933,0.009677276780990802,0.0,1.0,0.0,0.0,0.0,0.0,0.0,0.0,0.0,0.0,0.0,0.0,0.6417698583743298
BA_pH8_2,-0.030020439399244345,-0.014408077208892162,-0.006362091065991831,-0.01061200578737518,-0.0007331226365235843,-0.035083607499609176,-0.002992737629734303,0.02350902237443497,0.0033549255756256374,0.012139236286444506,0.0,1.0,0.0,0.0,0.0,0.0,0.0,0.0,0.0,0.0,0.0,0.0,0.64407134594908
BA_pH9_0,-0.0282510274430008,-0.008656408605368244,-0.01610539198164707,-0.005743950266067099,0.003583061610874922,-0.038868170392740035,-0.004135551867277726,0.03380991494040126,0.0018884059118673847,0.001270220758717345,0.0,1.0,0.0,0.0,0.0,0.0,0.0,0.0,0.0,0.0,0.0,0.0,0.7292859295671521
BA_pH9_1,-0.017086222767020046,-0.009618231783742494,-0.013225681178028817,-0.010473972276339066,0.002830283681092702,-0.042321355424254484,-0.009381120945124524,0.040508353425918714,0.0028387396406058386,-0.0052796893639732966,0.0,1.0,0.0,0.0,0.0,0.0,0.0,0.0,0.0,0.0,0.0,0.0,0.741257491587475
BA_pH9_2,-0.02442314696943631,-0.007694585426993994,-0.009520402530046263,-0.008889268073860718,-0.0006024241076944319,-0.033572454264023055,-0.0037446562808168965,0.02702030042429333,0.004959805209351622,-0.004742064971638763,0.0,1.0,0.0,0.0,0.0,0.0,0.0,0.0,0.0,0.0,0.0,0.0,0.74752624576109
BC_pH4_0,-0.012585161697200462,-0.010410131799543034,-0.0007540079918892482,-0.0036203465517610314,0.0024926594810803296,-0.028841922326499358,-0.0014577313585449822,0.020577309764516744,0.0015264407201143687,-0.028136005022198617,0.0,0.0,1.0,0.0,0.0,0.0,0.0,0.0,0.0,0.0,0.0,0.0,-0.0016139570379183382
BC_pH4_1,-0.012854466246360021,-0.013619960393432691,-0.0007540079918892491,-0.002993551815819481,0.0003440675524103898,-0.02311014606981822,-0.0004130694217494007,0.01684510144000144,0.0007023923301502408,-0.025355256230205955,0.0,0.0,1.0,0.0,0.0,0.0,0.0,0.0,0.0,0.0,0.0,0.0,0.0004845233155374915
BC_pH4_2,-0.014597209664466591,-0.006894482749149849,-0.0007121186590065123,-0.006853644029520779,-0.0001443599192830545,-0.028667378383486163,-0.0016548667309562797,0.02179361400720866,0.0032573553389343237,-0.02673580606670483,0.0,0.0,1.0,0.0,0.0,0.0,0.0,0.0,0.0,0.0,0.0,0.0,0.001874459798070219
BC_pH5_0,-0.010215964737631703,-0.0169072026350414,-0.0007826608387024498,-0.0026278503858686796,-0.0022385477910385194,-0.03188259402735402,0.00038839786880366195,0.027908448799229837,-0.0028343266443065984,-0.02201659679655795,0.0,0.0,1.0,0.0,0.0,0.0,0.0,0.0,0.0,0.0,0.0,0.0,0.05114127579932972
BC_pH5_1,-0.01464750116893455,-0.00863913694072677,-0.0006283399932410412,-0.0031136026711243653,-0.0011962722662998283,-0.03420690921864108,-0.0022229359930624145,0.026925614658419205,0.0018159017262413442,-0.025295714933992085,0.0,0.0,1.0,0.0,0.0,0.0,0.0,0.0,0.0,0.0,0.0,0.0,0.02446646428818786
BC_pH5_2,-0.01180868669251061,-0.01613550830429987,-0.0014615756095103592,-0.002749546064549815,-0.0028704846812331163,-0.03543086655194993,0.00015558715059381457,0.03309457322785063,-0.0033702282579210797,-0.020632160964381432,0.0,0.0,1.0,0.0,0.0,0.0,0.0,0.0,0.0,0.0,0.0,0.0,0.039343210450552515
BC_pH6_0,-0.013639693969617717,-0.011811502779145604,-0.00633202668765317,-0.008786522993493988,0.0068957716392596125,-0.053729860299145414,-0.000501340821223414,0.03255036870301094,0.001351450290935842,-0.007205539879429599,0.0,0.0,1.0,0.0,0.0,0.0,0.0,0.0,0.0,0.0,0.0,0.0,0.16172687662413934
BC_pH6_1,-0.011429648585212617,-0.012702609069807375,-0.007228205132743588,-0.01215114895618804,0.0022510623101792897,-0.07587877841382898,-0.0017437687435227886,0.03816018572806016,0.0020980722080592234,0.017415941939486753,0.0,0.0,1.0,0.0,0.0,0.0,0.0,0.0,0.0,0.0,0.0,0.0,0.20214567479932488
BC_pH6_2,-0.005502013285117952,-0.017619101272733962,-0.0053573435723133726,-0.003668723177245778,-0.00045732922204162844,-0.06598610887425425,-0.0008249979348772247,0.03027529931627214,0.0007070307069174618,0.007224390734311032,0.0,0.0,1.0,0.0,0.0,0.0,0.0,0.0,0.0,0.0,0.0,0.0,0.19208393008372077
BC_pH7_0,-0.010502361982412962,-0.019684247313391256,0.00034994449466466923,-0.00979847883724648,0.001942015522281114,-0.10050565776901074,-0.0018064177526242065,0.05812389277164705,-0.006112012712527877,0.026784426843666515,0.0,0.0,1.0,0.0,0.0,0.0,0.0,0.0,0.0,0.0,0.0,0.0,0.4761566893788473
BC_pH7_1,-0.023918772101726216,-0.006828425664697652,0.0001982270213572862,-0.00770439471806521,0.005555690067374835,-0.09725131246220804,-0.0047472330466236745,0.055309308060728334,-0.0022923980952928905,0.020470414087581247,0.0,0.0,1.0,0.0,0.0,0.0,0.0,0.0,0.0,0.0,0.0,0.0,0.48226683949395216
BC_pH7_2,-0.017269703508557187,-0.00587972556281349,-0.00018641222268342983,-0.01070104364629673,-0.006392652475801501,-0.0893923073100007,-0.001007783290241724,0.04434311965156507,-0.0010601754466314684,0.02633778709756292,0.0,0.0,1.0,0.0,0.0,0.0,0.0,0.0,0.0,0.0,0.0,0.0,0.4811025384560845
BC_pH8_0,-0.021364188525501804,-0.007636435865627034,-0.0003854797294606339,-0.012928914894228398,0.003818383598700165,-0.07746262590562844,-0.003227401507370497,0.037233090240751276,0.003613074219016277,0.01713160178502617,0.0,0.0,1.0,0.0,0.0,0.0,0.0,0.0,0.0,0.0,0.0,0.0,0.6161936979692529
BC_pH8_1,-0.030186385908771474,-0.010352613146457334,-5.8834155940491707e-05,-0.005221243855421958,0.00038773169498080586,-0.08298068118160183,-0.0031712859496474265,0.052402500355130305,-0.003119656969590681,0.021091572495744282,0.0,0.0,1.0,0.0,0.0,0.0,0.0,0.0,0.0,0.0,0.0,0.0,0.6417698578516113
BC_pH8_2,-0.017189921046323747,-0.007536155015797071,-0.00019377416566662226,-0.009181893995112699,-1.90137845018683e-06,-0.09520265909519206,-0.006172601023850881,0.053575694250023884,0.0018520755158818272,0.01884223931833454,0.0,0.0,1.0,0.0,0.0,0.0,0.0,0.0,0.0,0.0,0.0,0.0,0.6440713470669853
BC_pH9_0,-0.03039479888732666,-0.0073080677656537805,0.0038090934183286585,-0.016572192706896558,-0.00012102327714471727,-0.06452674812596779,-0.004897947775038042,0.05049012024522474,0.0022663766704499725,0.0060462907952782904,0.0,0.0,1.0,0.0,0.0,0.0,0.0,0.0,0.0,0.0,0.0,0.0,0.7292859280132171
BC_pH9_1,-0.02897397691707896,0.002029731056612471,0.003430556305076764,-0.013284105677967487,0.0004067440249997638,-0.06625135859029126,-0.00764581052667421,0.0466082438259669,-0.0026500896781521,0.005121169385864683,0.0,0.0,1.0,0.0,0.0,0.0,0.0,0.0,0.0,0.0,0.0,0.0,0.7412574926289346
BC_pH9_2,-0.023404127173530666,-0.007115276689114778,-0.0007540079141440597,-0.012565493230586467,-0.0035335150713343972,-0.04635913531417432,0.0036788080758212685,0.04034871059915294,-0.0026611014265243136,-0.008843758452845657,0.0,0.0,1.0,0.0,0.0,0.0,0.0,0.0,0.0,0.0,0.0,0.0,0.747526246417331
BL_pH4_0,-0.014981722630681872,-0.006377960594937855,-0.01320248385729349,0.009082905664716078,-0.0003017821393745109,-0.03168301983999656,-0.0009768745813356784,0.02412013121232715,0.0007816790315606024,-0.027669769780629353,0.0,0.0,0.0,1.0,0.0,0.0,0.0,0.0,0.0,0.0,0.0,0.0,-0.0016139570379183382
BL_pH4_1,-0.011403165693880753,-0.007399244058634276,-0.012785897619779347,0.00909244849791993,0.0004607366424296856,-0.030802124719864335,0.0008753470703959464,0.020881268636364005,0.00010327487819544624,-0.03023154062401179,0.0,0.0,0.0,1.0,0.0,0.0,0.0,0.0,0.0,0.0,0.0,0.0,0.0004845233155374915
BL_pH4_2,-0.007205686005156325,-0.009260663801561231,-0.009212958556397454,0.007906759745724823,0.0008422008581945421,-0.0434206087767835,0.0004342421909551256,0.026421554969907134,0.001556247914128977,-0.029269985529877574,0.0,0.0,0.0,1.0,0.0,0.0,0.0,0.0,0.0,0.0,0.0,0.0,0.001874459798070219
BL_pH5_0,-0.008492471717055078,-0.00983766973140123,-0.012769304179464994,0.009091678663440371,0.0009442202437102146,-0.03756574830647721,0.0001293537976301237,0.026279752339519884,-0.0016538778538613224,-0.027334830246906243,0.0,0.0,0.0,1.0,0.0,0.0,0.0,0.0,0.0,0.0,0.0,0.0,0.05114127579932972
BL_pH5_1,-0.014184245378912788,-0.007255335782816554,-0.008243927543820894,0.007999399114886055,-0.003160496192943792,-0.02970794579419105,0.0005574672077984916,0.024402713097996364,0.0009827571674047605,-0.03259928314865607,0.0,0.0,0.0,1.0,0.0,0.0,0.0,0.0,0.0,0.0,0.0,0.0,0.02446646428818786
BL_pH5_2,-0.011323515605383916,-0.01513753982463285,-0.00959819110495079,0.009266073640597899,-0.0020538119319826378,-0.03212514025746318,0.0010416868729921788,0.026863816726304918,0.0034714787368379223,-0.031613754878104056,0.0,0.0,0.0,1.0,0.0,0.0,0.0,0.0,0.0,0.0,0.0,0.0,0.039343210450552515
BL_pH6_0,-0.009881529067035603,-0.0066336813208687576,-0.007390631343157072,0.013060777469173718,0.0022839079951138598,-0.08756832475409562,0.0006467993812554555,0.024339282198849576,0.0003205881373065983,0.009613914079356774,0.0,0.0,0.0,1.0,0.0,0.0,0.0,0.0,0.0,0.0,0.0,0.0,0.16172687662413934
BL_pH6_1,-0.003541092877276241,-0.009250479659632499,-0.0127246980563454,0.012583488870574078,0.003231208021550073,-0.10748047041058864,0.000897882753456741,0.03763546440709868,-0.0004311436001697322,0.017870943748351673,0.0,0.0,0.0,1.0,0.0,0.0,0.0,0.0,0.0,0.0,0.0,0.0,0.20214567479932488
BL_pH6_2,-0.000738005856375979,-0.01779972444389663,-0.006450268559400803,0.011012040457647778,-0.003519040230742617,-0.10185400860667553,0.003920063015640431,0.03768188808113337,0.0002595617124081942,0.016278597611083613,0.0,0.0,0.0,1.0,0.0,0.0,0.0,0.0,0.0,0.0,0.0,0.0,0.19208393008372077
BL_pH7_0,-0.009987067061921828,-0.009309783724906002,-0.003835269641536087,0.014904910453959652,0.0012721342184459387,-0.11466535725165154,0.00046364840079584805,0.03502462460274768,0.0019614986131858566,0.022961764400015062,0.0,0.0,0.0,1.0,0.0,0.0,0.0,0.0,0.0,0.0,0.0,0.0,0.4761566893788473
BL_pH7_1,-0.020354511352741852,-0.028870953709373016,-0.01050033946177396,0.01561832441421954,0.0013179644023108737,-0.10141728919606816,-0.0003208298122753275,0.05033696773340522,0.0014912659464323015,0.031490504044998924,0.0,0.0,0.0,1.0,0.0,0.0,0.0,0.0,0.0,0.0,0.0,0.0,0.48226683949395216
BL_pH7_2,-0.020996294601051055,-0.01601765232666841,-0.017200968553028682,0.014737649064349087,-0.000745801569327064,-0.08035687024684866,0.0007914374359761893,0.04178460070255981,-0.002900072000920773,0.01969507460522911,0.0,0.0,0.0,1.0,0.0,0.0,0.0,0.0,0.0,0.0,0.0,0.0,0.4811025384560845
BL_pH8_0,-0.026986835942320205,-0.013177303304571819,-0.004076999523069546,0.015269705964171364,0.006693640982975127,-0.11753033813797749,0.0005448696940489443,0.041644301167891716,0.0027335232767559917,0.033676539014255547,0.0,0.0,0.0,1.0,0.0,0.0,0.0,0.0,0.0,0.0,0.0,0.0,0.6161936979692529
BL_pH8_1,-0.010251738090958933,-0.005284799454207329,-0.00941889808918147,0.016243538937490917,0.010247613459258622,-0.11374518114162367,-0.0019709591543220946,0.033575374289496765,-0.0005252132026235703,0.019921365745730047,0.0,0.0,0.0,1.0,0.0,0.0,0.0,0.0,0.0,0.0,0.0,0.0,0.6417698578516113
BL_pH8_2,-0.019266378240578846,0.006154337684097499,-0.011194246837707318,0.01656590609932723,0.0013436594050701537,-0.12032364580334849,0.002821826826700049,0.0474658401504807,-0.0014478668432844715,0.01667167085830284,0.0,0.0,0.0,1.0,0.0,0.0,0.0,0.0,0.0,0.0,0.0,0.0,0.6440713470669853
BL_pH9_0,-0.0256772163597381,-0.002662177050243253,-0.00642376583069563,0.018561555118016573,0.0069363834708929045,-0.11354961224791148,-0.0033208679015059818,0.05497637096792462,0.0038661368515180475,0.006084296214394269,0.0,0.0,0.0,1.0,0.0,0.0,0.0,0.0,0.0,0.0,0.0,0.0,0.7292859280132171
BL_pH9_1,-0.019818634438206965,0.0027313492345907102,-0.021042452706833893,0.02125604476779699,0.007233081735346626,-0.09379684572108088,-0.0020759686655567365,0.04653137271130538,-0.00495916458454145,0.0027323204236429023,0.0,0.0,0.0,1.0,0.0,0.0,0.0,0.0,0.0,0.0,0.0,0.0,0.7412574926289346
BL_pH9_2,-0.025398545408742902,0.00016372155843545562,-0.013098046953951859,0.02118816886421131,-0.0008231684306393503,-0.09969511325045936,-0.0029568905699188302,0.055053736593817244,0.0015082700169928684,0.0028489707351621717,0.0,0.0,0.0,1.0,0.0,0.0,0.0,0.0,0.0,0.0,0.0,0.0,0.747526246417331
BT_pH4_0,-0.012408741029667792,-0.004849382428371388,-0.012140738855156563,-0.006370846851850333,-0.006884286241686861,-0.020535977832041686,-0.0008009860810378319,0.017240774872631804,0.0012191330378308234,-0.015677846265025434,0.0,0.0,0.0,0.0,1.0,0.0,0.0,0.0,0.0,0.0,0.0,0.0,-0.0016139570379183382
BT_pH4_1,-0.016344773713499308,-0.007600729152479247,-0.00730940666049719,-0.005586185262174061,-0.006884286267601925,-0.02805271013720851,0.00048308429956112243,0.031256970361523015,0.001368539585205522,-0.022539399722995967,0.0,0.0,0.0,0.0,1.0,0.0,0.0,0.0,0.0,0.0,0.0,0.0,0.0004845233155374915
BT_pH4_2,-0.010803498933901605,-0.006519520813194306,-0.00808477026005478,-0.0034680680833433,-0.005900816723056461,-0.028821507865239095,-0.001358530714945949,0.023407366193588013,-0.002288047860012107,-0.017371501597049442,0.0,0.0,0.0,0.0,1.0,0.0,0.0,0.0,0.0,0.0,0.0,0.0,0.001874459798070219
BT_pH5_0,-0.011595418552422654,-0.012996025470125936,-0.011766488502490456,-0.006090113087354795,-0.00608440290974534,-0.024593494208529586,-0.002222512111310726,0.03142430658533197,-0.0002550779752757243,-0.01702967050627036,0.0,0.0,0.0,0.0,1.0,0.0,0.0,0.0,0.0,0.0,0.0,0.0,0.05114127579932972
BT_pH5_1,-0.010352507709808972,-0.009612905327230695,-0.009269299382424873,-0.005110629022364385,-0.0073760209750869995,-0.018414471815947603,-0.0014215154852718112,0.02208114370865667,-0.0024124705439190503,-0.019320220892601044,0.0,0.0,0.0,0.0,1.0,0.0,0.0,0.0,0.0,0.0,0.0,0.0,0.02446646428818786
BT_pH5_2,-0.01618121554589142,-0.007748396007506097,-0.007728593306939889,-0.007145651457831264,-0.007376020845511686,-0.020412206564746477,-0.002450744755890059,0.02325370766870354,0.0046205735384770045,-0.02004035012513075,0.0,0.0,0.0,0.0,1.0,0.0,0.0,0.0,0.0,0.0,0.0,0.0,0.039343210450552515
BT_pH6_0,-0.011072554604312328,-0.009112353670694257,-0.012481631817417625,-0.0036934656917077045,-0.01621482245300127,-0.03152485189696207,-0.0013315869734177117,0.023365397168039946,-0.00046722202885734066,0.001324194133605645,0.0,0.0,0.0,0.0,1.0,0.0,0.0,0.0,0.0,0.0,0.0,0.0,0.16172687662413934
BT_pH6_1,-0.012455880752481194,-0.009867949622237816,-0.008421990839440537,-0.004136765037622789,-0.017757933917252913,-0.04193789089179558,0.0008665295755085734,0.01910036978230852,-0.0005448840882467186,0.013947498401950887,0.0,0.0,0.0,0.0,1.0,0.0,0.0,0.0,0.0,0.0,0.0,0.0,0.20214567479932488
BT_pH6_2,-0.009840136407672067,-0.01099880726643555,-0.010409321007116333,-0.010829233865699044,-0.019093428516517515,-0.04578633389516693,-0.0010189235040351104,0.02767745262740747,0.0007452175110254597,0.018344617216726363,0.0,0.0,0.0,0.0,1.0,0.0,0.0,0.0,0.0,0.0,0.0,0.0,0.19208393008372077
BT_pH7_0,-0.011335745126454405,-0.012342407263248511,-0.013777786914016241,-0.008815332414663358,-0.019078118399433467,-0.03871405088261742,-0.0008130041400537545,0.03212035816081841,-0.0021066765628917077,0.013653866812465306,0.0,0.0,0.0,0.0,1.0,0.0,0.0,0.0,0.0,0.0,0.0,0.0,0.4761566893788473
BT_pH7_1,-0.02252720460619615,0.0008084925199332456,-0.016096532535536782,-0.011374805734452346,-0.01686058693281982,-0.044633553329774214,-0.007754847232414329,0.032026868433003196,0.002616993220442014,0.022586279560042465,0.0,0.0,0.0,0.0,1.0,0.0,0.0,0.0,0.0,0.0,0.0,0.0,0.48226683949395216
BT_pH7_2,-0.016721752176628163,-0.005997148656245807,-0.015513978167841941,-0.003623130898720222,-0.019664213187668634,-0.04052200928512637,-0.008640774128270216,0.029668540954589852,-0.0026123481697362394,0.02241791531889011,0.0,0.0,0.0,0.0,1.0,0.0,0.0,0.0,0.0,0.0,0.0,0.0,0.4811025384560845
BT_pH8_0,-0.01601301277987659,-0.007871075615934702,-0.015570968640158363,-0.008385259521234294,-0.014106137908023335,-0.04448270662303042,-0.005663712442974033,0.036897881825899946,0.0003542729600778092,0.01363182145636529,0.0,0.0,0.0,0.0,1.0,0.0,0.0,0.0,0.0,0.0,0.0,0.0,0.6161936979692529
BT_pH8_1,-0.014245353032551377,-0.00585335070429289,-0.01609210568925609,-0.009456714995043435,-0.014332000616451963,-0.04421739368011123,-0.005201340878949218,0.036273311816317884,-0.00014841648992960872,0.012064467072081952,0.0,0.0,0.0,0.0,1.0,0.0,0.0,0.0,0.0,0.0,0.0,0.0,0.6417698578516113
BT_pH8_2,-0.021500441910618028,-0.0014621542568278064,-0.017038174248502957,-0.006350170141490904,-0.014244495296607849,-0.04349718100391328,-0.004229696307169354,0.03773968567545322,-0.002545598522638498,0.011919328768778104,0.0,0.0,0.0,0.0,1.0,0.0,0.0,0.0,0.0,0.0,0.0,0.0,0.6440713470669853
BT_pH9_0,-0.0194931980813651,-0.008506354538966783,-0.01066461562583952,-0.008101711761125403,-0.007867755734402201,-0.03196662812250789,-0.002425443457196588,0.033382672499055445,-0.0012268002440586046,-0.004339061924458845,0.0,0.0,0.0,0.0,1.0,0.0,0.0,0.0,0.0,0.0,0.0,0.0,0.7292859280132171
BT_pH9_1,-0.022390549043800844,-0.004625849738798063,-0.013802910926954255,-0.007348404383975203,-0.007867755656657012,-0.0304917164426297,-0.006017911291235815,0.029809508899469737,-0.0012182318791747102,0.0027449226841006606,0.0,0.0,0.0,0.0,1.0,0.0,0.0,0.0,0.0,0.0,0.0,0.0,0.7412574926289346
BT_pH9_2,-0.02365945179865736,-0.0008587749695162416,-0.00984617874917129,-0.009983361993470918,-0.00590081680080165,-0.051140399217079184,-0.000223170949713043,0.03959569165381886,0.001659602645136739,-0.0008520372098554732,0.0,0.0,0.0,0.0,1.0,0.0,0.0,0.0,0.0,0.0,0.0,0.0,0.747526246417331
BV_pH4_0,-0.01779887206407021,-0.002868389524924368,-0.008724417566807698,-0.008498551117904159,0.001122680227677134,0.06729620588821887,-0.004135479107094198,0.034359162581031735,0.0010010511403822388,-0.12296228779074936,0.0,0.0,0.0,0.0,0.0,1.0,0.0,0.0,0.0,0.0,0.0,0.0,-0.0016139570379183382
BV_pH4_1,-0.019869769194122887,-0.0007663656489761614,-0.012728631593610928,-0.0037478788346862004,0.0019740245734219965,0.06781028242538806,-0.008725187985186017,0.038827890231395545,0.003107487137388924,-0.12709074789455727,0.0,0.0,0.0,0.0,0.0,1.0,0.0,0.0,0.0,0.0,0.0,0.0,0.0004845233155374915
BV_pH4_2,-0.02202341872611609,-0.004844525589243227,-0.014306616963737683,-0.010430340170860287,0.00567043957118269,0.06802790359310483,-0.0010829252203035605,0.03784004495944828,0.006280712278397833,-0.1263401704635876,0.0,0.0,0.0,0.0,0.0,1.0,0.0,0.0,0.0,0.0,0.0,0.0,0.001874459798070219
BV_pH5_0,-0.028099344869994606,-0.024065709016083382,-0.009170870178217147,-0.007075641332599131,0.004859302952966611,0.05978623269895174,-0.0037548781275425274,0.044028515654170645,0.006353057045084625,-0.13813866780038273,0.0,0.0,0.0,0.0,0.0,1.0,0.0,0.0,0.0,0.0,0.0,0.0,0.05114127579932972
BV_pH5_1,-0.022423971067790104,-0.006258124587854939,-0.012324611067205017,-0.006379705097971728,0.003747707383059289,0.07168397518887143,0.0010470581540594917,0.027626905110462202,0.00395576973526698,-0.12188390123090988,0.0,0.0,0.0,0.0,0.0,1.0,0.0,0.0,0.0,0.0,0.0,0.0,0.02446646428818786
BV_pH5_2,-0.023764091129212274,-0.01688582443348739,-0.011577030244364362,-0.007768730339189261,0.004071614395260163,0.06662532658235211,-0.00092342200850987,0.04474091741884046,0.005221322399523596,-0.12094898017629492,0.0,0.0,0.0,0.0,0.0,1.0,0.0,0.0,0.0,0.0,0.0,0.0,0.039343210450552515
BV_pH6_0,-0.008661584965479762,-0.009850568815296432,0.007023674280828109,-0.020127962955233204,0.038220589804544076,0.19087240324801072,0.004015806318139251,0.07876225954367091,0.019901966164698418,0.06773324561669776,0.0,0.0,0.0,0.0,0.0,1.0,0.0,0.0,0.0,0.0,0.0,0.0,0.16172687662413934
BV_pH6_1,-0.023320525503393426,0.01846427755369602,0.006827336374427312,-0.019764646841415556,0.039886480884464524,0.21990292026053956,0.0028387039824915353,0.08572115180406556,0.028639617090153956,0.15463845312635863,0.0,0.0,0.0,0.0,0.0,1.0,0.0,0.0,0.0,0.0,0.0,0.0,0.20214567479932488
BV_pH6_2,-0.013704101872104012,0.022732975287767854,0.007389069595374166,-0.01681734878954518,0.04668696266679986,0.22845136605608077,0.005340051752636621,0.0706537762871417,0.028730504347983275,0.14038050921026454,0.0,0.0,0.0,0.0,0.0,1.0,0.0,0.0,0.0,0.0,0.0,0.0,0.19208393008372077
BV_pH7_0,-0.056149229640343586,0.02129049565967009,-0.01309277061980379,-0.02890324891382908,0.02887645473784727,0.21254230611674163,-0.02518017889202937,0.09390748205351764,0.02622346151215227,0.1384853260990475,0.0,0.0,0.0,0.0,0.0,1.0,0.0,0.0,0.0,0.0,0.0,0.0,0.4761566893788473
BV_pH7_1,-0.06921402157081856,0.02271729908134464,-0.02285240805383933,-0.03033057042782235,0.045134754637256254,0.20977110770935928,-0.03124463665116901,0.10090309731257353,0.02758468247545154,0.1407905854724105,0.0,0.0,0.0,0.0,0.0,1.0,0.0,0.0,0.0,0.0,0.0,0.0,0.48226683949395216
BV_pH7_2,-0.06271413006232644,0.021896365455594723,-0.019925962605959052,-0.0312954982244612,0.028950147241273008,0.2069409610080006,-0.017483789889020437,0.10577306296332213,0.02100483270523988,0.14101735860514253,0.0,0.0,0.0,0.0,0.0,1.0,0.0,0.0,0.0,0.0,0.0,0.0,0.4811025384560845
BV_pH8_0,-0.07048727137320066,0.00238897894590121,-0.011799736124179935,-0.03923630569352889,0.03559813328370775,0.1879527531774796,-0.03503418087108952,0.09727027598201582,0.022651856994742287,0.09111228964311759,0.0,0.0,0.0,0.0,0.0,1.0,0.0,0.0,0.0,0.0,0.0,0.0,0.6161936979692529
BV_pH8_1,-0.09526040484642855,0.04009251378820805,-0.015408983176736075,-0.037115443962342724,0.028182979484655618,0.17541496273737564,-0.03969328750613267,0.09185362493781293,0.019876124895704183,0.07519456527479317,0.0,0.0,0.0,0.0,0.0,1.0,0.0,0.0,0.0,0.0,0.0,0.0,0.6417698578516113
BV_pH8_2,-0.07528871481327098,0.03052430117543301,-0.014027678726402962,-0.0369350896504424,0.022961115554461013,0.17866618269325601,-0.04724092760811681,0.08383298515078977,0.01969737518902706,0.07759273208758753,0.0,0.0,0.0,0.0,0.0,1.0,0.0,0.0,0.0,0.0,0.0,0.0,0.6440713470669853
BV_pH9_0,-0.1235957891937426,0.02247838521517975,-0.024362265915488422,-0.05232634848226672,0.019497567881303638,0.11202123792680062,-0.05892413166898265,0.07699793396841571,0.013356651052346699,-0.046352137526618736,0.0,0.0,0.0,0.0,0.0,1.0,0.0,0.0,0.0,0.0,0.0,0.0,0.7292859280132171
BV_pH9_1,-0.13100217390360058,-0.006339009064452159,-0.02484966022002956,-0.03674642756014415,0.017022773159222432,0.1057697663877321,-0.02878931008906955,0.07817854035524245,0.010998940553273195,-0.04545233673213617,0.0,0.0,0.0,0.0,0.0,1.0,0.0,0.0,0.0,0.0,0.0,0.0,0.7412574926289346
BV_pH9_2,-0.1278242857703615,0.0092989494961322,-0.01845553918640413,-0.04150033499762092,0.015893359718763305,0.11324176601296211,-0.033731362886281445,0.060975358293634714,0.008673600955339878,-0.04778040804394075,0.0,0.0,0.0,0.0,0.0,1.0,0.0,0.0,0.0,0.0,0.0,0.0,0.747526246417331
CC_pH4_0,-0.008463810449871031,-0.008591740805372273,-0.011651301524075477,-0.002601839548138821,0.0014661568474105507,-0.034129179570338,0.009266257124102634,0.03067619009064915,-0.0014999540324282397,-0.035679675122803976,0.0,0.0,0.0,0.0,0.0,0.0,1.0,0.0,0.0,0.0,0.0,0.0,0.0032572508755295392
CC_pH4_1,-0.012777664173070505,-0.01731763228652594,-0.012865824678345867,0.00026558098990632115,0.0027995804308549215,-0.025373885478905362,0.00988400759904281,0.02509414363389268,0.0009728732964266898,-0.03189007632414121,0.0,0.0,0.0,0.0,0.0,0.0,1.0,0.0,0.0,0.0,0.0,0.0,-0.004437627208196163
CC_pH4_2,-0.013157888580032666,-0.008706784571885416,-0.007037943487015108,-0.007131316127741468,-6.967118900755222e-05,-0.03873774641071973,0.010501758073982985,0.0327240650303176,0.0020931492664891726,-0.031686518995253286,0.0,0.0,0.0,0.0,0.0,0.0,1.0,0.0,0.0,0.0,0.0,0.0,0.0011803763326671925
CC_pH5_0,-0.011222545658845619,-0.014025605593038639,-0.005259658152885411,0.0004493420109476734,-0.0040383989384154915,-0.031067620703707565,0.009650481926358267,0.03042896082017409,-0.0013227734240986745,-0.03480107927735409,0.0,0.0,0.0,0.0,0.0,0.0,1.0,0.0,0.0,0.0,0.0,0.0,0.08114687964645667
CC_pH5_1,-0.01653623708807256,-0.015765520539539665,-0.004613081158908165,-0.001153113272688959,0.001019225845761273,-0.04440127322166834,0.01238268030402453,0.03622369875321569,-0.0013674931390130008,-0.02699778347397628,0.0,0.0,0.0,0.0,0.0,0.0,1.0,0.0,0.0,0.0,0.0,0.0,0.11230826956373989
CC_pH5_2,-0.021777463556550768,-0.009806393759487119,-0.007642662244160538,-0.004296688307481616,0.006981750658672789,-0.04112748546647312,0.011784506271714752,0.032125360440948734,0.001202938265531607,-0.028652759355128458,0.0,0.0,0.0,0.0,0.0,0.0,1.0,0.0,0.0,0.0,0.0,0.0,0.09911694942295314
CC_pH6_0,-0.01267849490451424,-0.009057911774953423,-0.012725811696246913,0.0020640170047788514,0.002313469844343867,-0.11084272597997409,0.01243278338857319,0.04069808415380185,0.0026744155670799636,0.023913277406245468,0.0,0.0,0.0,0.0,0.0,0.0,1.0,0.0,0.0,0.0,0.0,0.0,0.2884225051673924
CC_pH6_1,-0.013816900520544987,-0.014286016017279548,-0.0063558036744918505,0.001617281927686671,-0.003105420185981886,-0.09779326266730612,0.012495910927005438,0.03991809347158541,-0.004145014463397474,0.02426223421185885,0.0,0.0,0.0,0.0,0.0,0.0,1.0,0.0,0.0,0.0,0.0,0.0,0.29127362738877827
CC_pH6_2,-0.01709243852523682,-0.00871694138759504,-0.01342249795632518,-0.003379075442157362,0.004416760224848985,-0.10199720824096832,0.010306389040273164,0.04400488438408659,0.00036938125672547677,0.024301849655483074,0.0,0.0,0.0,0.0,0.0,0.0,1.0,0.0,0.0,0.0,0.0,0.0,0.2957269459022493
CC_pH7_0,-0.011478111384355505,-0.013922259664648903,-0.0052197628095746055,-0.010930026395894262,0.004392178090613173,-0.11764644546231819,0.0180352181714514,0.047107168052588466,-0.001885288368667599,0.03033843259205637,0.0,0.0,0.0,0.0,0.0,0.0,1.0,0.0,0.0,0.0,0.0,0.0,0.5922068579302491
CC_pH7_1,-0.010727198052463005,-0.0038088152345026978,-0.008230988859684896,-0.008414776327452906,0.002464080022081083,-0.12221469357589503,0.01771513006609419,0.048628335064074595,-0.0013614781407396454,0.02474150804762284,0.0,0.0,0.0,0.0,0.0,0.0,1.0,0.0,0.0,0.0,0.0,0.0,0.5480973412378645
CC_pH7_2,-0.019681544107506454,-0.01163544620508733,-0.011075135983283751,-0.005162698347323938,-0.0014312553029183458,-0.11806271540405955,0.01713970880145612,0.05395596680838777,0.002835158572896665,0.03190906417657338,0.0,0.0,0.0,0.0,0.0,0.0,1.0,0.0,0.0,0.0,0.0,0.0,0.5469120935714209
CC_pH8_0,-0.025275373717608015,0.0015704144808747183,-0.00017363791961384856,-0.013676399180017734,0.00401090901466491,-0.10269179061662567,0.020660320604624957,0.04629769807074058,0.00022020175486155117,0.00784876051723309,0.0,0.0,0.0,0.0,0.0,0.0,1.0,0.0,0.0,0.0,0.0,0.0,0.8455353071301549
CC_pH8_1,-0.03594360961639525,-0.006157498234559016,-0.0034387676616239797,-0.006224699834888073,0.003957793229947918,-0.08593334831904781,0.016224111396333448,0.04446543723911696,0.0041999439538820925,0.0076417407851018335,0.0,0.0,0.0,0.0,0.0,0.0,1.0,0.0,0.0,0.0,0.0,0.0,0.8378107178569503
CC_pH8_2,-0.01911904488325767,0.007538980921001538,-0.015646209638241843,-0.011216044395190219,0.005176559178077655,-0.08566771487583931,0.018756144798320273,0.040759802058582074,0.001987216999835294,-0.003778587154153249,0.0,0.0,0.0,0.0,0.0,0.0,1.0,0.0,0.0,0.0,0.0,0.0,0.8442380625189879
CC_pH9_0,-0.03519025685751567,-0.017630873510776007,-0.01011083688708427,-0.012031398303806782,0.002149008823275242,-0.04303296725569374,0.01111950854892316,0.038353889606204686,-0.000860955832202151,0.006025984234014604,0.0,0.0,0.0,0.0,0.0,0.0,1.0,0.0,0.0,0.0,0.0,0.0,1.003926186226973
CC_pH9_1,-0.01676913053181994,0.0008035785791909553,-0.014847396486641273,-0.009957080863861613,0.002743541244012505,-0.06333202213980257,0.009266257124102634,0.04043411015107742,0.0035179228388258947,-0.01306867711326998,0.0,0.0,0.0,0.0,0.0,0.0,1.0,0.0,0.0,0.0,0.0,0.0,0.9964236708955914
CC_pH9_2,-0.04156601905741769,-0.004548648112736964,-0.011339041524688188,-0.005244007130841846,0.007907525671484028,-0.04489314088962325,0.00988400759904281,0.03693087634711486,0.006001886542400587,-0.014342336435599819,0.0,0.0,0.0,0.0,0.0,0.0,1.0,0.0,0.0,0.0,0.0,0.0,0.9996501428774356
DF_pH4_0,-0.004024231792630061,-0.005571822209850602,-0.01114041459908628,-0.003717895350216524,-0.0022599628685123253,-0.014048719556354314,0.001131218274164459,-0.006275406713071077,-0.0018049065752521803,-0.013496756166948572,0.0,0.0,0.0,0.0,0.0,0.0,0.0,1.0,0.0,0.0,0.0,0.0,-0.0016139570379183382
DF_pH4_1,-0.008715421779729102,-0.009243257709819337,-0.0020343187702414785,-0.0014537678958605163,-0.002146485673830561,-0.010811778636163347,0.0018087683221244294,-0.009413110069606616,-0.003952506452231952,-0.015247017959456727,0.0,0.0,0.0,0.0,0.0,0.0,0.0,1.0,0.0,0.0,0.0,0.0,0.0004845233155374915
DF_pH4_2,-0.006524837458830165,-0.0036352893685841045,-0.005167656073994611,-0.0035816087889606546,3.370063136453179e-05,-0.016629138150778797,-0.0015897706981100469,-0.0073213078146395485,-0.0035584230016431078,-0.013234565897399317,0.0,0.0,0.0,0.0,0.0,0.0,0.0,1.0,0.0,0.0,0.0,0.0,0.001874459798070219
DF_pH5_0,-0.0028896938252222283,-0.007507754591820033,-0.004442093937617282,-0.004615725886238658,-0.0013579004415837322,-0.014547878117907953,0.0027739912915326985,-0.004685945057350656,-0.0033024232296030164,-0.020633473015268862,0.0,0.0,0.0,0.0,0.0,0.0,0.0,1.0,0.0,0.0,0.0,0.0,0.05114127579932972
DF_pH5_1,-0.0054703745537477986,-0.006178491985344369,-0.002458538812301729,-0.006875470279432511,-0.001311141482513884,-0.02021161440840882,0.0004996710707959924,-0.007844258378381314,-0.0017379599238705377,-0.009620719057224367,0.0,0.0,0.0,0.0,0.0,0.0,0.0,1.0,0.0,0.0,0.0,0.0,0.02446646428818786
DF_pH5_2,-0.0058898490946739926,-0.007019324006674731,-0.007444739862871558,-0.0031344097455882503,-0.002889624749026869,-0.011883794999802891,0.0034549321963087375,-0.006275406713071076,-0.005975998474446976,-0.01415068302141583,0.0,0.0,0.0,0.0,0.0,0.0,0.0,1.0,0.0,0.0,0.0,0.0,0.039343210450552515
DF_pH6_0,-0.007182737211089419,-0.007596036395381974,-0.00594676711070149,-0.002766734804229244,-0.0006225791771936683,-0.01907004604561497,0.0003033270865030909,-0.016202924795772716,-0.005556808526263291,0.0034324096276870243,0.0,0.0,0.0,0.0,0.0,0.0,0.0,1.0,0.0,0.0,0.0,0.0,0.16172687662413934
DF_pH6_1,-0.008914698771322553,-0.005017868484491888,-0.01152056224765661,-0.0033765153513978367,-0.0005447704944273713,-0.02325418426088341,0.0018523716031695191,-0.020822309592495793,-0.004195710478107567,0.014585351086748034,0.0,0.0,0.0,0.0,0.0,0.0,0.0,1.0,0.0,0.0,0.0,0.0,0.20214567479932488
DF_pH6_2,-0.006226985475615315,-0.009229575529613574,-0.00916262917463546,0.00028996276102312207,-0.004055849503239861,-0.02918370823132927,0.0007886105666503958,-0.014013540939144463,-0.0027486928119121686,0.012333511346951124,0.0,0.0,0.0,0.0,0.0,0.0,0.0,1.0,0.0,0.0,0.0,0.0,0.19208393008372077
DF_pH7_0,-0.003836560575291516,-0.01731028739322463,-0.007621267950972137,-0.004483805073668128,-0.006192817966170287,-0.019341460949052935,0.007521111880955489,-0.02012769420509753,-0.004619069307961542,0.014802954933484613,0.0,0.0,0.0,0.0,0.0,0.0,0.0,1.0,0.0,0.0,0.0,0.0,0.4761566893788473
DF_pH7_1,-0.0006378484841274171,-0.009429660162524035,-0.010803051923766085,-0.004355332556221149,-0.002875368155377066,-0.019385283414436426,0.005663498494288196,-0.018654064730457633,-0.007439487130259693,0.006707701510952219,0.0,0.0,0.0,0.0,0.0,0.0,0.0,1.0,0.0,0.0,0.0,0.0,0.48226683949395216
DF_pH7_2,0.0027982398580111882,-0.01421930326513298,-0.00835674569942057,-0.00653054446791825,-0.007492729551766232,-0.023907823183209352,0.005854277230556244,-0.019342610265897665,-0.004799997791162005,0.014788339294736153,0.0,0.0,0.0,0.0,0.0,0.0,0.0,1.0,0.0,0.0,0.0,0.0,0.4811025384560845
DF_pH8_0,-0.007004553755421355,-0.008774191660239647,-0.009671466640885109,-0.0006894040241351598,-0.003361023997321078,-0.021007780069080384,0.003237040280566916,-0.014605591193489406,-0.006482162222104229,0.0071502362912439785,0.0,0.0,0.0,0.0,0.0,0.0,0.0,1.0,0.0,0.0,0.0,0.0,0.6161936979692529
DF_pH8_1,-0.003460992660940342,-0.012726416940922325,-0.005085058539457943,-0.008810652958877061,-0.0011698254444838868,-0.022359542907418116,0.0027852775448042413,-0.014466812066409896,-0.0044102055737343816,0.008495332556574241,0.0,0.0,0.0,0.0,0.0,0.0,0.0,1.0,0.0,0.0,0.0,0.0,0.6417698578516113
DF_pH8_2,-0.008052477939864217,-0.006878347519947136,-0.005842249682578056,-0.005409702118891089,-0.0035987753275295966,-0.022573275428022378,0.0021320424670272548,-0.014912544903547865,-0.0036889104820463973,0.007615343944534009,0.0,0.0,0.0,0.0,0.0,0.0,0.0,1.0,0.0,0.0,0.0,0.0,0.6440713470669853
DF_pH9_0,-0.007730286879384002,-0.004881773460656405,-0.007312951596534771,-0.004808148241237454,-0.0030080769259644593,-0.017106465582290425,7.780044704027799e-05,-0.00889015958361004,-0.0041253689838492355,-0.003423466582823061,0.0,0.0,0.0,0.0,0.0,0.0,0.0,1.0,0.0,0.0,0.0,0.0,0.7292859280132171
DF_pH9_1,-0.0056532462852318666,-0.004006297286680859,-0.007734349977387035,-0.0072772131969585365,-0.003957048212785437,-0.017989702202865616,-0.0020648508612066503,-0.00679835732864297,-0.004210893179330489,-0.0015169407467803227,0.0,0.0,0.0,0.0,0.0,0.0,0.0,1.0,0.0,0.0,0.0,0.0,0.7412574926289346
DF_pH9_2,-0.005449292575130644,-0.008528602258099812,-0.008110061708189871,-0.00534317375484692,-0.002403478795743507,-0.014884835367050509,0.0012093369075623541,-0.009413110147351807,-0.0044493930450762095,-0.0038362862469385503,0.0,0.0,0.0,0.0,0.0,0.0,0.0,1.0,0.0,0.0,0.0,0.0,0.747526246417331
comm11_4_1,0.025186615175081657,0.0050856927057485206,0.015505021212663013,0.0036795540929407534,-0.01920766748285488,0.05743659906150045,-0.0012451032140170727,-0.07228337632127753,-0.009114610082672343,-0.06625162213797804,1.0,1.0,1.0,1.0,1.0,1.0,1.0,1.0,0.0,0.0,0.0,0.0,-0.0016139570379183382
comm11_4_2,0.02167516094551462,0.015930732023983218,0.011839943807167203,0.011066007868832217,-0.004485177324032006,0.044519923732656494,-0.011770793502623944,-0.07138843264268793,-0.006256716540488214,-0.07233954529763888,1.0,1.0,1.0,1.0,1.0,1.0,1.0,1.0,0.0,0.0,0.0,0.0,0.0004845233155374915
comm11_4_3,0.03015183823628594,0.007387072606741085,0.010189468919340038,0.013057710285824926,-0.0006710195715498664,0.04096966564493336,-0.0109122236955749,-0.07537203811918912,-0.007881947208357897,-0.06812742390467422,1.0,1.0,1.0,1.0,1.0,1.0,1.0,1.0,0.0,0.0,0.0,0.0,0.001874459798070219
comm11_4_4,0.026034139289480184,0.01126962750542747,0.0156462363090933,0.013187302709354653,-0.01316109231551704,0.05392790667267273,-0.006404992202904236,-0.07191993982814573,-0.007224695628265974,-0.08256338939678087,1.0,1.0,1.0,1.0,1.0,1.0,1.0,1.0,0.0,0.0,0.0,0.0,0.0053181834532889495
comm11_5_1,0.0446050234078227,0.0044218854116194915,0.011690575904010429,0.011807884777005274,-0.008706956721194413,0.07192405714572449,-0.020809796611454493,-0.09269270755269604,-0.005766880091927623,-0.07768198203781378,1.0,1.0,1.0,1.0,1.0,1.0,1.0,1.0,0.0,0.0,0.0,0.0,0.05114127579932972
comm11_5_2,0.039921436211823126,0.007916011644689285,0.027275397179688778,0.018464247013401724,-0.003620220894277419,0.055370998938122515,-0.01354006941754209,-0.11080463822910805,-0.007514822383856643,-0.07467723705380669,1.0,1.0,1.0,1.0,1.0,1.0,1.0,1.0,0.0,0.0,0.0,0.0,0.02446646428818786
comm11_5_3,0.044272417909182286,0.012760317331058505,0.02005914346436444,0.02551739966982732,-0.003111155136366901,0.06599026957081387,-0.014807223471529463,-0.11583406397546436,-0.00496896086949045,-0.0910870414832607,1.0,1.0,1.0,1.0,1.0,1.0,1.0,1.0,0.0,0.0,0.0,0.0,0.039343210450552515
comm11_5_4,0.031169586327412846,0.0018661930246035676,0.028418806906708564,0.004674963244925372,-0.009778669113090829,0.0503368978337992,-0.007148613303535335,-0.08492544294739872,-0.007719785216385905,-0.0681028336847363,1.0,1.0,1.0,1.0,1.0,1.0,1.0,1.0,0.0,0.0,0.0,0.0,0.02826352230444504
comm11_6_1,0.043574240776183805,0.04009591915199291,0.0001522722350352477,0.008108413128141798,0.011064318698506959,0.07126179377872335,-0.012280279583014227,-0.19433847874585217,-0.014901964474550403,-0.033395500315717704,1.0,1.0,1.0,1.0,1.0,1.0,1.0,1.0,0.0,0.0,0.0,0.0,0.16172687662413934
comm11_6_2,0.05266291279467228,0.03861651473557172,0.009279544770960576,0.016653074602313012,0.00392910575575155,0.0821866204281864,0.0009043257132820475,-0.1702969224880571,-0.00786447918406971,0.018095129553390595,1.0,1.0,1.0,1.0,1.0,1.0,1.0,1.0,0.0,0.0,0.0,0.0,0.20214567479932488
comm11_6_3,0.04378733241586418,0.013220749634277563,0.027112914271976634,0.010873227098794734,0.0074188626377397916,0.09868633744752275,-0.0015647781498568233,-0.18722219552581568,-0.008670890129211812,0.02406788649422157,1.0,1.0,1.0,1.0,1.0,1.0,1.0,1.0,0.0,0.0,0.0,0.0,0.19208393008372077
comm11_6_4,0.05565328066115794,0.03368391211954472,0.017776317004033405,0.002494795390445251,0.005838212971778022,0.09567098716476365,0.0022969997487962265,-0.1771404523637308,-0.009148429818856331,-0.0004262443429425979,1.0,1.0,1.0,1.0,1.0,1.0,1.0,1.0,0.0,0.0,0.0,0.0,0.19174196501252805
comm11_7_1,0.05799302388994914,0.10513986191631336,0.04033909803296886,0.028614983960338264,-0.0006552939029896373,0.11220695763542925,0.0021869365148165306,-0.30208057294296026,-0.011061179687714444,0.0688874830676081,1.0,1.0,1.0,1.0,1.0,1.0,1.0,1.0,0.0,0.0,0.0,0.0,0.4761566893788473
comm11_7_2,0.09790691266504478,0.09356342996227675,0.025520447055080338,0.01611563800753134,0.0012228549095680537,0.1088440929669077,-0.0006879868172109104,-0.2707772080887758,-0.021016057384726793,0.05200978615867866,1.0,1.0,1.0,1.0,1.0,1.0,1.0,1.0,0.0,0.0,0.0,0.0,0.48226683949395216
comm11_7_3,0.08224110907632047,0.0742475481626942,0.04098432078431157,0.002440571713099338,0.023380500764343073,0.11374908608121231,-0.018929443448458032,-0.2640033173259429,-0.01741349768176999,0.06575875957132034,1.0,1.0,1.0,1.0,1.0,1.0,1.0,1.0,0.0,0.0,0.0,0.0,0.4811025384560845
comm11_7_4,0.0634512785753316,0.1273583344892477,0.02266810609473159,0.01478613077521162,0.009511361810905127,0.14228543535360821,-0.0318994239213593,-0.2892057038189682,-0.0223680387392802,0.06586815707770217,1.0,1.0,1.0,1.0,1.0,1.0,1.0,1.0,0.0,0.0,0.0,0.0,0.4811025384560845
comm11_8_1,0.0811718630651012,0.03411701491487253,0.03954373995672263,0.051083995854158105,0.014341053332242634,0.13434494655883017,0.01220592479585953,-0.27971176289163696,-0.022711615780489924,0.0666330683713212,1.0,1.0,1.0,1.0,1.0,1.0,1.0,1.0,0.0,0.0,0.0,0.0,0.6161936979692529
comm11_8_2,0.10154893505771684,0.05303828731179237,0.027337862168762665,0.030553756684429292,0.026299221390534356,0.11620038015889404,0.009591685887831061,-0.25789826153676315,-0.02022961452886786,0.049983845398477895,1.0,1.0,1.0,1.0,1.0,1.0,1.0,1.0,0.0,0.0,0.0,0.0,0.6417698578516113
comm11_8_3,0.10088308652579463,0.029091182853824095,0.04556293628036813,0.03069264110096772,0.020245234794793236,0.12637958817771108,0.01831122284208464,-0.281137422407046,-0.01777088885175307,0.06465469686233478,1.0,1.0,1.0,1.0,1.0,1.0,1.0,1.0,0.0,0.0,0.0,0.0,0.6440713470669853
comm11_8_4,0.06973414615444513,0.050412006905788315,0.029971241319106647,0.027962249747841898,0.006065744129212007,0.10874917297846755,0.01827101157370793,-0.2097366765931087,-0.016128849931790135,0.05066235741721872,1.0,1.0,1.0,1.0,1.0,1.0,1.0,1.0,0.0,0.0,0.0,0.0,0.6395779816459941
comm11_9_1,0.05087670752130773,0.025339044741678828,0.03617694955359657,0.04225935529512556,-0.004570477198930864,0.13020544247357577,0.029863592303438997,-0.20456936117059182,-0.01720067915547153,0.06654851900089694,1.0,1.0,1.0,1.0,1.0,1.0,1.0,1.0,0.0,0.0,0.0,0.0,0.7292859280132171
comm11_9_2,0.09057006854766414,0.016355687364045045,0.033814014919183163,0.022622387926296696,0.02376442298212129,0.10346582786625493,0.02092476684033223,-0.1972651588969419,-0.018988601763773226,0.06219707194189336,1.0,1.0,1.0,1.0,1.0,1.0,1.0,1.0,0.0,0.0,0.0,0.0,0.7412574926289346
comm11_9_3,0.08114453806541859,0.012352224978739803,0.024949104489313197,0.03333702945838803,-0.004904622123171778,0.10758519651428995,0.019500824344830338,-0.17169573138953878,-0.015976278038047572,0.06726001427589876,1.0,1.0,1.0,1.0,1.0,1.0,1.0,1.0,0.0,0.0,0.0,0.0,0.747526246417331
comm11_9_4,0.10109009053720079,0.00924473377329338,0.02337676148355493,0.046288226432490934,0.007041163094260773,0.11931960825626127,0.013657189099846976,-0.20392303355038166,-0.020030239694549333,0.061320975924153684,1.0,1.0,1.0,1.0,1.0,1.0,1.0,1.0,0.0,0.0,0.0,0.0,0.7409024335149471
