Experiments,parc-_OD<--AC_OD,parc-_OD<--BA_OD,parc-_OD<--BC_OD,parc-_OD<--BL_OD,parc-_OD<--BT_OD,parc-_OD<--BV_OD,parc-_OD<--CC_OD,parc-_OD<--DF_OD,parc-_OD<--parc-_OD,parc-_OD<--pH,AC_OD,BA_OD,BC_OD,BL_OD,BT_OD,BV_OD,CC_OD,DF_OD,wt_OD,delarc_OD,parc-_OD,parc+_OD,pH
5comm11parcaTc_1,0.015323357415264059,0.18019852637434783,-0.04110090738567321,0.00761185029278631,-0.0011699948419371467,0.009856414143805916,-0.06013245176280969,-0.026294229747322578,0.40990548273629485,-0.08393913654286576,1.0,1.0,1.0,1.0,1.0,1.0,1.0,1.0,0.0,0.0,1.0,0.0,0.0997489321824637
5comm11parcaTc_2,0.022445068410395272,0.17503193606905962,-0.059055630105507115,0.01783498657705344,0.0008531621819280991,-0.00531956937892929,-0.05302530202609687,-0.048623853915411505,0.44505153917990947,-0.08493342631698951,1.0,1.0,1.0,1.0,1.0,1.0,1.0,1.0,0.0,0.0,1.0,0.0,0.0997489321824637
5comm11parcaTc_3,0.05110735761811552,0.17714124842263435,-0.04305831111076734,0.009539440122797435,0.0006860789915789703,-0.006139630612957731,-0.06006724198551281,-0.014680659812267701,0.39705600210586967,-0.10132537308351501,1.0,1.0,1.0,1.0,1.0,1.0,1.0,1.0,0.0,0.0,1.0,0.0,0.0997489321824637
5comm11parcaTc_4,0.05007909280369466,0.1700973840487068,-0.04777056900055512,0.00609734823927283,-0.0009685062941001908,-0.002192373547864992,-0.07284723614706942,-0.019348888116200343,0.4153854847092019,-0.08827282603263206,1.0,1.0,1.0,1.0,1.0,1.0,1.0,1.0,0.0,0.0,1.0,0.0,0.0997489321824637
6comm11parcaTc_1,-0.02558573753694478,0.20444636202214847,-0.047656856414092626,0.03580559304550939,0.007434891011241982,-0.03449483922723196,-0.07633355824438771,-0.09784869595633254,0.521084532553897,0.04499735688385756,1.0,1.0,1.0,1.0,1.0,1.0,1.0,1.0,0.0,0.0,1.0,0.0,0.294943607271727
6comm11parcaTc_2,-0.05773479884409385,0.19626174041434474,-0.06118106452019319,0.032632814082114596,0.006273030154407021,0.0037031992362893174,-0.0655393789951568,-0.07240747621606874,0.5098472274030035,0.039993755423018466,1.0,1.0,1.0,1.0,1.0,1.0,1.0,1.0,0.0,0.0,1.0,0.0,0.294943607271727
6comm11parcaTc_3,-0.04082493072780579,0.2011269643975665,-0.054734644144773484,0.03721428786282954,0.008189107514917845,-0.01746904566479118,-0.07662377515078884,-0.08238418226899659,0.5122395684553878,0.04511569786411913,1.0,1.0,1.0,1.0,1.0,1.0,1.0,1.0,0.0,0.0,1.0,0.0,0.294943607271727
6comm11parcaTc_4,-0.02333185237629905,0.20221707821945134,-0.07206514895448216,0.029493551524760936,0.003492701542766189,-0.017868789325103815,-0.06879635810933032,-0.09818912799348654,0.5421429079868225,0.03475408562256592,1.0,1.0,1.0,1.0,1.0,1.0,1.0,1.0,0.0,0.0,1.0,0.0,0.294943607271727
7comm11parcaTc_1,-0.044126741641565506,0.18142327972161382,-0.030883566798723273,0.02706006074486219,0.014648869514627304,-0.04568386248677321,-0.08231206590957614,-0.043988210894977266,0.5809382812281991,0.15748782456812002,1.0,1.0,1.0,1.0,1.0,1.0,1.0,1.0,0.0,0.0,1.0,0.0,0.5477367110758552
7comm11parcaTc_2,-0.03950424978185607,0.21311802352333203,-0.026005958157551023,0.028993459839535805,0.006326943067428848,-0.042629297049311184,-0.09883881545099228,-0.07786227820603095,0.5956901230209549,0.15527591724029702,1.0,1.0,1.0,1.0,1.0,1.0,1.0,1.0,0.0,0.0,1.0,0.0,0.5477367110758552
7comm11parcaTc_3,-0.02774085729099487,0.1907191915996373,-0.042399795281336375,0.03607022578625576,0.01748167867893757,-0.04684661652325938,-0.08476085153934747,-0.07341745662219494,0.5934946696363064,0.15196367960180285,1.0,1.0,1.0,1.0,1.0,1.0,1.0,1.0,0.0,0.0,1.0,0.0,0.5477367110758552
7comm11parcaTc_4,-0.05773090123887295,0.2114827403223708,-0.0368857252743581,0.040062885742796504,0.00825988825086665,-0.03578252452628119,-0.0887047556237034,-0.0847208012640476,0.608405789864128,0.1501772717929081,1.0,1.0,1.0,1.0,1.0,1.0,1.0,1.0,0.0,0.0,1.0,0.0,0.5477367110758552
8comm11parcaTc_1,-0.013057192983510699,0.16210181213510427,-0.026859190092300606,0.03456325335023196,0.010078671066819322,-0.02483751762415404,-0.07429199545765698,-0.07389035729853355,0.6533495561746152,0.2120906070611723,1.0,1.0,1.0,1.0,1.0,1.0,1.0,1.0,0.0,0.0,1.0,0.0,0.8453285927693228
8comm11parcaTc_2,-0.045551217708574725,0.16220051590191284,-0.020259816075634696,0.03583545857068637,0.010983507815424516,-0.041975230662071164,-0.06997840508575673,-0.051797003071431244,0.6550343455268963,0.22475549112033585,1.0,1.0,1.0,1.0,1.0,1.0,1.0,1.0,0.0,0.0,1.0,0.0,0.8453285927693228
8comm11parcaTc_3,-0.04205335419625046,0.1575825048578174,-0.017829404625555757,0.03676784994485587,0.009425069633061488,-0.03141677033642064,-0.0708837996520426,-0.04280505013935591,0.6285678538493812,0.23189274699629656,1.0,1.0,1.0,1.0,1.0,1.0,1.0,1.0,0.0,0.0,1.0,0.0,0.8453285927693228
8comm11parcaTc_4,-0.04169294608513945,0.17151057298740618,-0.02307168190974905,0.042743141883579285,0.017235465655508243,-0.04915705268635699,-0.06953024109987464,-0.0514436969047655,0.6353687702548568,0.2272853142363222,1.0,1.0,1.0,1.0,1.0,1.0,1.0,1.0,0.0,0.0,1.0,0.0,0.8453285927693228
parc-_pH4_0,-0.016569472786201075,-0.033225542400842134,0.00894323290447178,0.002691758225631451,-0.00029105182494158083,-0.004925151591229698,0.011965350853684154,0.009634819949936615,0.21088538596244613,-0.2579653385378744,0.0,0.0,0.0,0.0,0.0,0.0,0.0,0.0,0.0,0.0,1.0,0.0,0.0032572508755295392
parc-_pH4_1,-0.0038681617946080536,-0.03803691701315668,0.005584468154803563,0.0006381158206773821,-0.0005027209133233691,-0.005174931968035907,0.0068032219147552645,0.011978743977682746,0.22044932077031415,-0.26656507571430316,0.0,0.0,0.0,0.0,0.0,0.0,0.0,0.0,0.0,0.0,1.0,0.0,-0.004437627208196163
parc-_pH4_2,-0.0037210375912811425,-0.03647690563017259,0.004881720414142245,0.0006414282678262043,-0.0026790072922797297,-0.002047228660110547,0.013945813649536478,0.0027368442204011544,0.21691427487475068,-0.263008169968329,0.0,0.0,0.0,0.0,0.0,0.0,0.0,0.0,0.0,0.0,1.0,0.0,0.0011803763326671925
parc-_pH5_0,-0.008702782577146654,-0.057496619830312914,0.01036846855817282,0.004636241119840873,-0.000854835791270368,-0.02070153961525015,0.008456477548765102,0.0037368404913855624,0.25326668042041683,-0.20910843480216415,0.0,0.0,0.0,0.0,0.0,0.0,0.0,0.0,0.0,0.0,1.0,0.0,0.08114687964645667
parc-_pH5_1,-0.002686680306720987,-0.04935712732293684,-0.00336663407476052,0.0062592017512930484,-0.0020165711527933257,-0.026193352159436623,0.010181511221048628,-0.004414672093546908,0.2674020949783533,-0.18030459617790967,0.0,0.0,0.0,0.0,0.0,0.0,0.0,0.0,0.0,0.0,1.0,0.0,0.11230826956373989
parc-_pH5_2,-0.001213138995125239,-0.05009102393670573,-0.003784103364400242,0.006279064136678764,-0.005111125216859835,-0.021210232671836148,0.010951969600889993,-0.0017325404618421334,0.25850730782455733,-0.19059811090726567,0.0,0.0,0.0,0.0,0.0,0.0,0.0,0.0,0.0,0.0,1.0,0.0,0.09911694942295314
parc-_pH6_0,0.002563040581248384,-0.05274560023666074,-0.010229272039850128,0.0017468729599014559,-0.006225727334132662,-0.02035332172218224,0.007299630380357093,0.0021568391123867616,0.4128486067534466,0.011669964155425186,0.0,0.0,0.0,0.0,0.0,0.0,0.0,0.0,0.0,0.0,1.0,0.0,0.2884225051673924
parc-_pH6_1,0.0012908887409645567,-0.059171512717300125,-0.008088866747591806,0.0034686041817716903,-0.004164712109967414,-0.02327767943882423,0.012020062750772298,0.01096032863239879,0.4108350761923128,0.010538837946951393,0.0,0.0,0.0,0.0,0.0,0.0,0.0,0.0,0.0,0.0,1.0,0.0,0.29127362738877827
parc-_pH6_2,0.006565760281746797,-0.05480138653646344,-0.013610381948073267,0.004548145571480625,-0.007218257026018008,-0.022218982863199458,0.01450595729619912,0.008378272454213841,0.4132687234765161,0.013864731172342661,0.0,0.0,0.0,0.0,0.0,0.0,0.0,0.0,0.0,0.0,1.0,0.0,0.2957269459022493
parc-_pH7_0,0.014646448946517447,-0.05953989077197469,0.0026166676349290026,0.004729792117748576,-0.006789184164903734,0.007322379566891039,0.0197713188899924,0.015762046510758604,0.5516713878050772,0.21343467671829072,0.0,0.0,0.0,0.0,0.0,0.0,0.0,0.0,0.0,0.0,1.0,0.0,0.5922068579302491
parc-_pH7_1,0.022389947163022093,-0.06374041832983493,0.0025072824671540576,0.003338687926854779,-0.005264245051404709,0.007169370666632186,0.01990849884307903,0.014525611878413227,0.5422908261159193,0.20254829420019752,0.0,0.0,0.0,0.0,0.0,0.0,0.0,0.0,0.0,0.0,1.0,0.0,0.5480973412378645
parc-_pH7_2,0.02009039013120143,-0.0615917291799965,7.895828103241689e-05,0.006487974547983522,-0.0045162322688038,0.005275221290471763,0.025231131859447645,0.015019714543190985,0.5424475697136445,0.1963662809967671,0.0,0.0,0.0,0.0,0.0,0.0,0.0,0.0,0.0,0.0,1.0,0.0,0.5469120935714209
parc-_pH8_0,0.012951452485083238,-0.07201163620404574,0.006673637324053304,-0.01733927086967489,-0.005799560398673237,0.015090489406948503,0.025238958282153258,0.015879618692333283,0.5751124600920341,0.25305195566671707,0.0,0.0,0.0,0.0,0.0,0.0,0.0,0.0,0.0,0.0,1.0,0.0,0.8455353071301549
parc-_pH8_1,0.009485045557274774,-0.06808849175906052,0.004646403043652352,-0.01730527093634008,-0.008069897206581156,0.019829445888652753,0.028328069030590698,0.020254238894938114,0.5765687690165056,0.24209746464682008,0.0,0.0,0.0,0.0,0.0,0.0,0.0,0.0,0.0,0.0,1.0,0.0,0.8378107178569503
parc-_pH8_2,0.01431463281502542,-0.06795758487170808,0.008360935683645637,-0.016480897402633803,-0.006030529440259162,0.009496048443505298,0.02724639868444723,0.01695122240273202,0.5729766077977484,0.24978595952381905,0.0,0.0,0.0,0.0,0.0,0.0,0.0,0.0,0.0,0.0,1.0,0.0,0.8442380625189879
parc-_pH9_0,0.01852404460310935,-0.07323080828575336,0.005904394269151536,-0.021643364387361908,-0.005309413279528212,0.013965002618244158,0.030625340444562235,0.016323064864491647,0.5828026428527159,0.2610579490110925,0.0,0.0,0.0,0.0,0.0,0.0,0.0,0.0,0.0,0.0,1.0,0.0,1.003926186226973
parc-_pH9_1,0.011518136765807874,-0.07266622664892801,0.005021932276532702,-0.017534798476035177,-0.00485596581645633,0.019829380203686336,0.029182049812668028,0.018646518653663593,0.5818969534961104,0.2574593914065348,0.0,0.0,0.0,0.0,0.0,0.0,0.0,0.0,0.0,0.0,1.0,0.0,0.9964236708955914
parc-_pH9_2,0.003959526292493805,-0.07619925484952067,0.008049474976470948,-0.01709652264885929,-0.008075547773067066,0.020341980941593642,0.03681373899397643,0.017049892354432657,0.5765690384181622,0.26730939604746906,0.0,0.0,0.0,0.0,0.0,0.0,0.0,0.0,0.0,0.0,1.0,0.0,0.9996501428774356
AC_pH4_0,1.1678355867448566e-05,-0.01732493945518913,0.004187999388769916,-0.0037783991456355743,-0.0005397343935201989,0.001411708114749712,0.009792923982376637,0.005160349555637525,-0.06437962805123434,-0.04103982106661019,1.0,0.0,0.0,0.0,0.0,0.0,0.0,0.0,0.0,0.0,0.0,0.0,-0.0016139570379183382
AC_pH4_1,0.00019468712741914067,-0.01593361140917177,0.004842684659297053,0.0002021834804959926,-0.0008325213655505494,0.001285191557329633,0.006124348322982376,0.004121929478386177,-0.0648423833310928,-0.041660371014605395,1.0,0.0,0.0,0.0,0.0,0.0,0.0,0.0,0.0,0.0,0.0,0.0,0.0004845233155374915
AC_pH4_2,0.0005408932187634972,-0.01642734244627797,0.0020041407207432,-0.0015387460654196516,-4.809327099634161e-05,-0.0003141118294518932,0.006039836362976095,0.008295012919799144,-0.06076965108999739,-0.0442798009628187,1.0,0.0,0.0,0.0,0.0,0.0,0.0,0.0,0.0,0.0,0.0,0.0,0.001874459798070219
AC_pH5_0,0.0007165277781693838,-0.01975200034839952,0.0040855144336819655,-0.002804640410063059,-0.000509961049031951,0.00020298806788480748,0.007483360522791097,0.012130577976450974,-0.07114537502517519,-0.03690485438898854,1.0,0.0,0.0,0.0,0.0,0.0,0.0,0.0,0.0,0.0,0.0,0.0,0.05114127579932972
AC_pH5_1,0.0011641279300269882,-0.020915630884954458,0.004899574814607269,-0.0025157400504078544,-0.0003891566071821295,0.00346093024086693,0.008871734947290114,0.0039241345097189365,-0.0640660264213448,-0.040931811141579046,1.0,0.0,0.0,0.0,0.0,0.0,0.0,0.0,0.0,0.0,0.0,0.0,0.02446646428818786
AC_pH5_2,-1.5922569386336878e-05,-0.01975812254392582,0.005627002931483414,-0.0030089801477025378,-0.0009521075046580779,0.004083043059901052,0.007876112519398982,0.0050241666376266815,-0.06679319372805564,-0.03857986130468223,1.0,0.0,0.0,0.0,0.0,0.0,0.0,0.0,0.0,0.0,0.0,0.0,0.039343210450552515
AC_pH6_0,0.0013151285619191506,-0.019118900329846405,0.006911346029652203,-0.001543021399689756,-0.0010650970365690155,0.00031837514075247876,0.008028661294475846,0.005916371358477554,-0.08431715751957636,-0.02294356847748808,1.0,0.0,0.0,0.0,0.0,0.0,0.0,0.0,0.0,0.0,0.0,0.0,0.16172687662413934
AC_pH6_1,0.00389039941456007,-0.01955959678344105,0.0032194382632556168,-0.0013981456503919935,-0.0014019974110567061,7.258571684360479e-05,0.007996873862069587,0.010634017371289111,-0.09349333519520962,-0.016458102963540867,1.0,0.0,0.0,0.0,0.0,0.0,0.0,0.0,0.0,0.0,0.0,0.0,0.20214567479932488
AC_pH6_2,0.002477759581221188,-0.020951939936241382,0.0057899374061304585,-0.005500327266914687,-0.001177333778013354,0.003470158792384292,0.005706060308477154,0.008438649797083248,-0.08972079111182174,-0.01503003677596217,1.0,0.0,0.0,0.0,0.0,0.0,0.0,0.0,0.0,0.0,0.0,0.0,0.19208393008372077
AC_pH7_0,-0.003971252642247988,-0.022818517131002053,0.004617815816208074,-0.004569017929227455,-0.0010731901487578516,0.006156301478976787,0.00881381340324879,0.007264058722750002,-0.11395528562043024,0.013037411659632044,1.0,0.0,0.0,0.0,0.0,0.0,0.0,0.0,0.0,0.0,0.0,0.0,0.4761566893788473
AC_pH7_1,-0.002672958495500295,-0.023917788035519746,0.005302275344729426,-0.0041480693010532334,-0.001266158971449604,0.006534452253709667,0.010936658542765227,0.00839274656351494,-0.11822206754885287,0.012563047153146371,1.0,0.0,0.0,0.0,0.0,0.0,0.0,0.0,0.0,0.0,0.0,0.0,0.48226683949395216
AC_pH7_2,-0.003798519915536694,-0.02013286323974962,0.0026251657193769587,-0.0035541497268106615,-0.0016706232710377036,0.00312929625744405,0.009310845259739006,0.007239953036541528,-0.11164997431895006,0.01200300761377034,1.0,0.0,0.0,0.0,0.0,0.0,0.0,0.0,0.0,0.0,0.0,0.0,0.4811025384560845
AC_pH8_0,-0.003714632079329178,-0.02188876047244538,0.005712760160474675,-0.005059897050909375,-0.0005516389125715136,0.0052437250672475125,0.007859655301208081,0.007781691300156325,-0.12126199209171794,0.019381225912467295,1.0,0.0,0.0,0.0,0.0,0.0,0.0,0.0,0.0,0.0,0.0,0.0,0.6161936979692529
AC_pH8_1,-0.001466805324282334,-0.02106513936396526,0.007333126427686731,-0.00569527713338966,-0.00044657257021121294,0.007146326915725414,0.007061069458723071,0.005801068208301847,-0.12506747394638218,0.019901814381389514,1.0,0.0,0.0,0.0,0.0,0.0,0.0,0.0,0.0,0.0,0.0,0.0,0.6417698578516113
AC_pH8_2,-0.0032664342710505352,-0.022636005617678166,0.00830696670257527,-0.005195507957883502,-0.0010325535305816206,0.003994489121048345,0.00775732561460008,0.009688370532315712,-0.12278989241013058,0.018675379017772876,1.0,0.0,0.0,0.0,0.0,0.0,0.0,0.0,0.0,0.0,0.0,0.0,0.6440713470669853
AC_pH9_0,-0.003156388581770916,-0.020327343177860197,0.005561894396239,-0.005661788692940836,-0.00031205965125042566,0.005072922254710093,0.008319195972998506,0.008114253982253699,-0.12550342350712287,0.02139487392066614,1.0,0.0,0.0,0.0,0.0,0.0,0.0,0.0,0.0,0.0,0.0,0.0,0.7292859280132171
AC_pH9_1,-0.0020263092900099948,-0.021800106658559776,0.004352864701624798,-0.0034699886105954638,0.0002457434829810389,0.0015306454832139222,0.00930325289297363,0.011304232972147676,-0.1276793704732605,0.021741173121592267,1.0,0.0,0.0,0.0,0.0,0.0,0.0,0.0,0.0,0.0,0.0,0.0,0.7412574926289346
AC_pH9_2,-0.002651026619841223,-0.022934867953476695,0.004303924162750659,-0.003954184286944244,-0.0008622682742450563,0.0009008975586165523,0.009949996165283349,0.011219973839495497,-0.12572084367275238,0.02325053570549126,1.0,0.0,0.0,0.0,0.0,0.0,0.0,0.0,0.0,0.0,0.0,0.0,0.747526246417331
BA_pH4_0,-0.002763191231566926,0.0042630610550227375,0.00277229465544224,-0.0024274170236743015,-6.364760353513412e-05,0.002280009771170823,0.006341573136008305,0.010091544864294325,-0.07342360170153173,-0.05356848826065012,0.0,1.0,0.0,0.0,0.0,0.0,0.0,0.0,0.0,0.0,0.0,0.0,-0.0016139574737368786
BA_pH4_1,-0.004010128314080444,0.0034981163461571155,0.0048053720237120345,0.0013451580055381942,-0.0001250805932542548,0.0023198457920680852,0.005374415523332099,0.0065653701385726135,-0.07194810375085345,-0.054322827665702136,0.0,1.0,0.0,0.0,0.0,0.0,0.0,0.0,0.0,0.0,0.0,0.0,0.00048452299554619434
BA_pH4_2,0.0003472524816575272,0.0024780879688003784,0.0017574923777061954,0.0005411590992108645,-0.0010487197728260692,0.0009114304508851905,0.006565248687630116,0.0034948629804927404,-0.07067959303117315,-0.05086508363323368,0.0,1.0,0.0,0.0,0.0,0.0,0.0,0.0,0.0,0.0,0.0,0.0,0.0018744598294293093
BA_pH5_0,-0.0008108053907104147,0.0024857454293448016,0.0050067511945962925,-0.0034905476511820498,-0.00020030070258223533,0.0021911562428526244,0.005121819247370184,0.0013681555895701696,-0.07028016913682222,-0.047889667862783314,0.0,1.0,0.0,0.0,0.0,0.0,0.0,0.0,0.0,0.0,0.0,0.0,0.0511412745403946
BA_pH5_1,-0.0020091035573378837,0.004478829078700233,0.0033477841058503046,-0.0036936037501563205,-0.0006062872157148705,0.006536747192882972,0.006212160326540471,0.004608334932962192,-0.07656433039061401,-0.04880839306213285,0.0,1.0,0.0,0.0,0.0,0.0,0.0,0.0,0.0,0.0,0.0,0.0,0.024466462930343342
BA_pH5_2,-0.0035290616167628257,0.0025943778098925304,0.004770349069781925,-0.0008628018038428339,-0.00031996403213428303,0.006402023324499958,0.004681791028250819,0.006389220956227058,-0.07998701593960107,-0.04663678113533103,0.0,1.0,0.0,0.0,0.0,0.0,0.0,0.0,0.0,0.0,0.0,0.0,0.03934321135483189
BA_pH6_0,-3.418241506037501e-05,0.005797822543460389,0.00623387792836065,-0.0035208695673424255,-0.001514019013746925,-0.002389196617447812,0.005708711063084397,0.0018411303943266046,-0.09602665382558885,-0.022594482829065423,0.0,1.0,0.0,0.0,0.0,0.0,0.0,0.0,0.0,0.0,0.0,0.0,0.16172687666300212
BA_pH6_1,0.005345824613519337,0.006167363760911899,0.004414053274237594,-0.005826448461283808,-0.0009593219941724901,0.0033471536506777195,0.006529160737991334,0.0015594694407089907,-0.10890162103040062,-0.018173496331209717,0.0,1.0,0.0,0.0,0.0,0.0,0.0,0.0,0.0,0.0,0.0,0.0,0.20214567404454245
BA_pH6_2,-4.537305430225741e-05,0.006188089073352192,0.003444679703401485,-0.0027403895913258843,-0.0013224869577780993,0.0011996512811468974,0.006931757761732392,0.0021746715806100687,-0.10348054181946365,-0.018847920316392958,0.0,1.0,0.0,0.0,0.0,0.0,0.0,0.0,0.0,0.0,0.0,0.0,0.19208393160174653
BA_pH7_0,0.0005221117935750806,0.005311147460471028,-0.0007021834717496562,-0.005504861082071843,-0.0010343507887876557,0.005367519525082212,0.010060576015840409,0.006470877763045874,-0.1416596130524641,0.014670913446208703,0.0,1.0,0.0,0.0,0.0,0.0,0.0,0.0,0.0,0.0,0.0,0.0,0.47615668850189524
BA_pH7_1,0.001984185785379099,0.005363499188552735,0.0024948824780142813,-0.0038013269914233157,-0.00019709648159535164,0.0014894772644924077,0.007837773807670761,0.0053055030496224126,-0.14217254843076932,0.015197787783716036,0.0,1.0,0.0,0.0,0.0,0.0,0.0,0.0,0.0,0.0,0.0,0.0,0.48226683981394347
BA_pH7_2,0.0015187351956315682,0.0053812119364738484,0.005024646151324977,-0.005811981056695398,-0.00085167523311532,0.0031018385485462505,0.008419616609487845,0.00658480310569639,-0.14517245551004357,0.015307397913673651,0.0,1.0,0.0,0.0,0.0,0.0,0.0,0.0,0.0,0.0,0.0,0.0,0.48110253833913064
BA_pH8_0,0.003596070340794065,0.006190924190956614,-0.00022798412357983468,-0.006202836512871408,-0.0008571309758269247,0.0025438196795142197,0.006877507360085198,0.006959585838991663,-0.14735811604753782,0.02198029791045448,0.0,1.0,0.0,0.0,0.0,0.0,0.0,0.0,0.0,0.0,0.0,0.0,0.6161936980952847
BA_pH8_1,0.006165392091092859,0.006289061903953552,0.0005199564831412365,-0.006531811999561992,-0.0004877957183381771,0.004547746602607809,0.0033829203571962285,0.008142952789431035,-0.1521596127845671,0.02363332793602477,0.0,1.0,0.0,0.0,0.0,0.0,0.0,0.0,0.0,0.0,0.0,0.0,0.6417698583743298
BA_pH8_2,0.0039851532746916244,0.006404083400316863,0.003935527827428735,-0.005533050444463025,-0.0005694770699609853,0.0019353750186121967,0.008495990993536037,0.0042771833713935795,-0.1518325141104667,0.02240386539989191,0.0,1.0,0.0,0.0,0.0,0.0,0.0,0.0,0.0,0.0,0.0,0.0,0.64407134594908
BA_pH9_0,0.0027543548316411345,0.0070075807558453605,0.00398610164937766,-0.007768130354259326,-0.0007257761514705148,0.003095443164524824,0.007773115367669127,0.005518770042968835,-0.154666547825479,0.02652722607650187,0.0,1.0,0.0,0.0,0.0,0.0,0.0,0.0,0.0,0.0,0.0,0.0,0.7292859295671521
BA_pH9_1,0.0029114080414823864,0.006738296695377514,0.004279358863182691,-0.007137412700964053,-0.0011992239887299754,0.004888598624130954,0.008022674568321392,0.006205960269207541,-0.1561024843480276,0.024894961636999374,0.0,1.0,0.0,0.0,0.0,0.0,0.0,0.0,0.0,0.0,0.0,0.0,0.741257491587475
BA_pH9_2,0.004394651301529098,0.007648093250134717,0.0022523560796094996,-0.005994375335133593,-0.0015673105823604955,0.0029189852754706903,0.005690362860003242,0.006098774172689604,-0.15420755450168383,0.026268155140721276,0.0,1.0,0.0,0.0,0.0,0.0,0.0,0.0,0.0,0.0,0.0,0.0,0.74752624576109
BC_pH4_0,0.0007433674387309884,-0.014852720648860155,0.002125330363278804,-0.0027892768868933546,0.000552223013794941,0.0008345995082155498,0.007301320598015319,0.01038698066997787,-0.061505025785578336,-0.0492946608558945,0.0,0.0,1.0,0.0,0.0,0.0,0.0,0.0,0.0,0.0,0.0,0.0,-0.0016139570379183382
BC_pH4_1,0.00014814682547812895,-0.011537984437916593,0.0016336188222403117,-0.0038746021947135083,0.0004766034399685648,0.0026340365377457244,0.006665087413528691,0.008294566377349523,-0.06020500330659358,-0.05073233197159742,0.0,0.0,1.0,0.0,0.0,0.0,0.0,0.0,0.0,0.0,0.0,0.0,0.0004845233155374915
BC_pH4_2,0.0013954520193131083,-0.014592526927590369,0.0017302416653736778,-0.0014576088442750585,0.0013492673732664283,0.002814940813442934,0.006135890572939229,0.007102540243902932,-0.06272050177921418,-0.04825555747617845,0.0,0.0,1.0,0.0,0.0,0.0,0.0,0.0,0.0,0.0,0.0,0.0,0.001874459798070219
BC_pH5_0,0.0013296909557412504,-0.021095829137965393,0.0021252108737826354,-0.0008845972447939526,-0.00026327070820590616,0.004126611755270023,0.007865548222123278,0.008401379287242893,-0.06456896754548602,-0.04353363884855871,0.0,0.0,1.0,0.0,0.0,0.0,0.0,0.0,0.0,0.0,0.0,0.0,0.05114127579932972
BC_pH5_1,0.0038633267921598076,-0.015979905933465644,0.0021287107119417727,-0.0016764323526750429,-0.0004275985353666803,0.002463580232275568,0.005291744413907113,0.007541182718199236,-0.059706934733397284,-0.04999553580808898,0.0,0.0,1.0,0.0,0.0,0.0,0.0,0.0,0.0,0.0,0.0,0.0,0.02446646428818786
BC_pH5_2,0.0014484076120931182,-0.016617751528063544,0.002177536932994492,-0.0021364731333501944,-0.0007635009782793724,0.0034863460841386205,0.007117229189885699,0.006290222212024355,-0.0645735167760564,-0.04292636216172705,0.0,0.0,1.0,0.0,0.0,0.0,0.0,0.0,0.0,0.0,0.0,0.0,0.039343210450552515
BC_pH6_0,0.007567282131184701,-0.021931806823805616,0.003857325731736163,-0.00428946428000927,-0.00025496702560264017,0.00280508752912283,0.009329003387981136,0.008257132255188798,-0.09369001496907162,-0.018147440664470195,0.0,0.0,1.0,0.0,0.0,0.0,0.0,0.0,0.0,0.0,0.0,0.0,0.16172687662413934
BC_pH6_1,0.004672108008323803,-0.021973620165625343,0.00809160440998233,0.0008643258265827006,-7.16872318931233e-05,0.0018236142234957732,0.008256133175252575,0.009223385318789799,-0.10224278092060399,-0.015140945613384247,0.0,0.0,1.0,0.0,0.0,0.0,0.0,0.0,0.0,0.0,0.0,0.0,0.20214567479932488
BC_pH6_2,0.0028238738773633605,-0.016578729617530884,0.010156327641528587,-0.0038662819450964087,-0.00040534808745850613,0.002631270436813001,0.007264540809328141,0.008344488850106366,-0.10159406836994962,-0.015273936394116155,0.0,0.0,1.0,0.0,0.0,0.0,0.0,0.0,0.0,0.0,0.0,0.0,0.19208393008372077
BC_pH7_0,0.005798407391361568,-0.023145138855375676,0.002710385882984037,-0.004966010956660559,-0.001388523884765478,0.00661593705739664,0.008422111817028214,0.008648679991779118,-0.12429458174611561,0.015100870911517867,0.0,0.0,1.0,0.0,0.0,0.0,0.0,0.0,0.0,0.0,0.0,0.0,0.4761566893788473
BC_pH7_1,0.008993971317034699,-0.021941311118071502,0.0025752141132302916,-0.0032246671179714417,-0.0023603318566861355,0.0035438615213269765,0.009755621074658376,0.010495416194848393,-0.12905686264452726,0.014721226125307704,0.0,0.0,1.0,0.0,0.0,0.0,0.0,0.0,0.0,0.0,0.0,0.0,0.48226683949395216
BC_pH7_2,0.006975804518746295,-0.022609169684836398,0.0025357975454434116,-0.004216887365378764,0.0003822746322206844,0.004178475002231806,0.009626923631066861,0.009430727062989839,-0.12913217683687156,0.016330368611151762,0.0,0.0,1.0,0.0,0.0,0.0,0.0,0.0,0.0,0.0,0.0,0.0,0.4811025384560845
BC_pH8_0,0.0068857474333566164,-0.023344634632053583,0.002274501262151677,-0.0065378063236889656,-0.0016943278082686914,0.004945903171015821,0.008934471799951535,0.012378605320725756,-0.1305565453871437,0.020216221854738564,0.0,0.0,1.0,0.0,0.0,0.0,0.0,0.0,0.0,0.0,0.0,0.0,0.6161936979692529
BC_pH8_1,0.005699594267036604,-0.023226743957594692,0.00212607009417337,-0.005816472535548003,-0.0012518661274858137,0.006536325062422648,0.010801594101864358,0.009117158419736055,-0.13127219684583993,0.020788674382087976,0.0,0.0,1.0,0.0,0.0,0.0,0.0,0.0,0.0,0.0,0.0,0.0,0.6417698578516113
BC_pH8_2,0.00837408873859955,-0.022415301853223994,0.002007676984952844,-0.005746705875448557,-0.001127256691131901,0.006902080793743545,0.008269951701488185,0.009166401807704698,-0.1323492442751708,0.02042044558116923,0.0,0.0,1.0,0.0,0.0,0.0,0.0,0.0,0.0,0.0,0.0,0.0,0.6440713470669853
BC_pH9_0,0.005946663219643676,-0.019888302670872725,0.0017140920751768604,-0.005916854899538598,-0.001639151467901209,0.003559939415882462,0.010652148121077083,0.009574754587982013,-0.13342364232015358,0.022922490854626113,0.0,0.0,1.0,0.0,0.0,0.0,0.0,0.0,0.0,0.0,0.0,0.0,0.7292859280132171
BC_pH9_1,0.004803306943048602,-0.02291957147419453,0.0020623925862752897,-0.004563720655506073,-0.000670739336992087,0.006456816596505433,0.009106674654328307,0.010210728083291779,-0.13412342063758687,0.023139670798150092,0.0,0.0,1.0,0.0,0.0,0.0,0.0,0.0,0.0,0.0,0.0,0.0,0.7412574926289346
BC_pH9_2,0.0037859866168835905,-0.01998877596596013,0.0019272396357163134,-0.005595555227735768,-0.0011589847715652488,0.007103166653086307,0.00914065361346888,0.009779098331928254,-0.13444572414878922,0.022955032042835073,0.0,0.0,1.0,0.0,0.0,0.0,0.0,0.0,0.0,0.0,0.0,0.0,0.747526246417331
BL_pH4_0,0.0003802996849560221,-0.015420654119680757,0.00497219897158768,-0.0010130045870723923,-0.00039900344675001875,0.0025888748726119147,0.006262802227359753,0.005191215660585012,-0.05915574595413132,-0.04990484575214594,0.0,0.0,0.0,1.0,0.0,0.0,0.0,0.0,0.0,0.0,0.0,0.0,-0.0016139570379183382
BL_pH4_1,0.0018202131921830399,-0.015043820419713208,0.003071889009164728,-0.0014656830481860927,-0.0003024620781450162,0.0011434752526490578,0.0037898650392889977,0.0075820163766975,-0.06271581274254814,-0.04437754292041062,0.0,0.0,0.0,1.0,0.0,0.0,0.0,0.0,0.0,0.0,0.0,0.0,0.0004845233155374915
BL_pH4_2,0.0006687994187940726,-0.018142065541899722,0.00683753455300694,-0.0019183801535678933,-0.0006912030036682669,0.0026161802997407687,0.006487321510263111,0.00468500794113978,-0.05685177382729623,-0.05018928353553233,0.0,0.0,0.0,1.0,0.0,0.0,0.0,0.0,0.0,0.0,0.0,0.0,0.001874459798070219
BL_pH5_0,0.001135978220111651,-0.020831342290924947,0.0057727164256831855,-0.0020389655896502976,-0.00041184734715067785,0.0029886865640140095,0.00798915459814927,0.0018024000849412851,-0.06135123857013557,-0.04155340443405768,0.0,0.0,0.0,1.0,0.0,0.0,0.0,0.0,0.0,0.0,0.0,0.0,0.05114127579932972
BL_pH5_1,0.0015154215968821363,-0.012547503172055535,0.00552581908667217,-0.0013190301702074366,-0.0004924453705873179,0.0017318175376757339,0.006254863570565764,0.0015616200896708867,-0.06251452398364958,-0.04621390173130709,0.0,0.0,0.0,1.0,0.0,0.0,0.0,0.0,0.0,0.0,0.0,0.0,0.02446646428818786
BL_pH5_2,0.0030130246832318942,-0.01947897946704989,0.004102294504966425,-0.0015072400139077846,-0.0007366243304441805,-0.0001579365474374398,0.005287970186251663,0.005334710326531661,-0.058843706688317274,-0.043511375251995485,0.0,0.0,0.0,1.0,0.0,0.0,0.0,0.0,0.0,0.0,0.0,0.0,0.039343210450552515
BL_pH6_0,0.0054923924253038724,-0.0223171844203835,0.004697141877335051,-0.0019211599668082966,-0.0021010634780901922,0.0009336127923882518,0.007197357849420414,0.005296865308090396,-0.07689521950062204,-0.026880605329314,0.0,0.0,0.0,1.0,0.0,0.0,0.0,0.0,0.0,0.0,0.0,0.0,0.16172687662413934
BL_pH6_1,0.004718981425723304,-0.02082744232338408,0.00215518004382434,-0.002241850858149321,-0.0020108754382185305,0.001758938439838263,0.007230989009789798,0.0035523318272569914,-0.08109199326809334,-0.01974212124943733,0.0,0.0,0.0,1.0,0.0,0.0,0.0,0.0,0.0,0.0,0.0,0.0,0.20214567479932488
BL_pH6_2,0.004309622843790315,-0.020197233942377827,0.004427246676514979,-0.002192045662390147,-0.002258582382422427,5.623973582092854e-07,0.007266751062934813,0.00355258619169826,-0.07945938740411529,-0.021947382327331153,0.0,0.0,0.0,1.0,0.0,0.0,0.0,0.0,0.0,0.0,0.0,0.0,0.19208393008372077
BL_pH7_0,0.004199405832459098,-0.02189211175493572,0.007378632949422237,-0.006260454674129901,-0.0015758193559620706,0.0005051022929989762,0.005828155052402745,0.008239678134736809,-0.11544345899606527,0.012523008180053337,0.0,0.0,0.0,1.0,0.0,0.0,0.0,0.0,0.0,0.0,0.0,0.0,0.4761566893788473
BL_pH7_1,0.0024461303716120527,-0.021694607669892518,0.00041495557550502927,-0.0059353939200872926,-0.0012634456740773237,0.0060248495954210324,0.006853110932785534,0.007230757045681063,-0.11373769542931218,0.013163476833344801,0.0,0.0,0.0,1.0,0.0,0.0,0.0,0.0,0.0,0.0,0.0,0.0,0.48226683949395216
BL_pH7_2,0.0027510348059560934,-0.021812803340346916,0.004201521522001082,-0.004459963005198084,-0.001422681629495777,-0.0007432436262783809,0.00823214550057183,0.008683043122291567,-0.11351768326824126,0.011590767527889945,0.0,0.0,0.0,1.0,0.0,0.0,0.0,0.0,0.0,0.0,0.0,0.0,0.4811025384560845
BL_pH8_0,0.0033911494554384916,-0.019160010391927284,0.0004544364806750539,-0.004823191919080587,-0.0005669462437862924,0.005428276360034942,0.006531234700232748,0.004605369752515918,-0.12345404056913178,0.02109585977685841,0.0,0.0,0.0,1.0,0.0,0.0,0.0,0.0,0.0,0.0,0.0,0.0,0.6161936979692529
BL_pH8_1,0.004545083416868813,-0.0216968606558183,0.005713878364666648,-0.0032061025840432727,-0.0009854012760131259,0.0037529543025986004,0.009293390557817792,0.003912541331804316,-0.1285034009538915,0.02067605510516012,0.0,0.0,0.0,1.0,0.0,0.0,0.0,0.0,0.0,0.0,0.0,0.0,0.6417698578516113
BL_pH8_2,0.002210470452580766,-0.021221983784242816,0.0057589649927356976,-0.0027844245893799725,-0.001219824320920136,0.003165211387626501,0.009375454281335294,0.004613322484428469,-0.12780834513351969,0.02141329183850599,0.0,0.0,0.0,1.0,0.0,0.0,0.0,0.0,0.0,0.0,0.0,0.0,0.6440713470669853
BL_pH9_0,0.006285575229836549,-0.021746114695687654,0.003236970809166847,-0.000891012653060581,-0.0006135988624199597,0.004648771637483783,0.008317297462212003,0.0045905423099580015,-0.137706118248727,0.027379824477855277,0.0,0.0,0.0,1.0,0.0,0.0,0.0,0.0,0.0,0.0,0.0,0.0,0.7292859280132171
BL_pH9_1,0.004795948631413605,-0.021482384637322115,0.0023303089517614116,8.598293299260482e-05,-0.001610062472198319,0.004112076741521772,0.0074340259688703905,0.007153817884947943,-0.1360460221151943,0.026728445670526953,0.0,0.0,0.0,1.0,0.0,0.0,0.0,0.0,0.0,0.0,0.0,0.0,0.7412574926289346
BL_pH9_2,0.0034943639163089826,-0.022620674117427807,0.0024508834986583057,-0.0015906949989173706,-0.0003262315455662162,0.0032941732150704958,0.007627860704517884,0.008730471953749656,-0.13663536773994567,0.029077352722701823,0.0,0.0,0.0,1.0,0.0,0.0,0.0,0.0,0.0,0.0,0.0,0.0,0.747526246417331
BT_pH4_0,-0.0006846644211074571,-0.012818573878511139,0.0028130309024582737,-0.0024231534499837,0.0009722299420315295,0.0037212957571382097,0.007180126675445103,0.007417890557452388,-0.06377923315957836,-0.048896811973789464,0.0,0.0,0.0,0.0,1.0,0.0,0.0,0.0,0.0,0.0,0.0,0.0,-0.0016139570379183382
BT_pH4_1,0.0011597323417663582,-0.020873372886815792,0.003541019144265549,-0.003760314455822757,0.0009711098282233533,0.0026802074374712025,0.006360576821734076,0.004339820221066474,-0.05723753373745992,-0.04367910801068597,0.0,0.0,0.0,0.0,1.0,0.0,0.0,0.0,0.0,0.0,0.0,0.0,0.0004845233155374915
BT_pH4_2,3.5274806229976192e-06,-0.016087873676872772,0.004644266360479852,-0.001294736324445061,0.0009703681391218455,0.0013412031045426482,0.008004730521984723,0.005227046808146912,-0.06442052404355744,-0.04488587148325599,0.0,0.0,0.0,0.0,1.0,0.0,0.0,0.0,0.0,0.0,0.0,0.0,0.001874459798070219
BT_pH5_0,0.0024842952094648193,-0.01871289774451567,0.0060787382495144145,-0.0017985561619634194,0.0010754745809928247,0.0034639740055022027,0.007570177392791147,0.006427409961495711,-0.06897550536886504,-0.04411097285216269,0.0,0.0,0.0,0.0,1.0,0.0,0.0,0.0,0.0,0.0,0.0,0.0,0.05114127579932972
BT_pH5_1,2.4150036599325883e-05,-0.015573490976315479,0.005683384001578973,-0.0035506442545548723,0.0010152961864419616,0.0037809863459804757,0.005937344692647457,0.008194547130361851,-0.06396092198303213,-0.04804851444357116,0.0,0.0,0.0,0.0,1.0,0.0,0.0,0.0,0.0,0.0,0.0,0.0,0.02446646428818786
BT_pH5_2,-5.246549844741592e-05,-0.013443330497197483,0.006461003811463066,-0.0010522669683332027,0.0008365325726892642,0.004709810172410111,0.006435757953187694,0.003592061052179856,-0.06684577158368799,-0.047139194270029,0.0,0.0,0.0,0.0,1.0,0.0,0.0,0.0,0.0,0.0,0.0,0.0,0.039343210450552515
BT_pH6_0,0.0042394030677235656,-0.016049617498141263,0.00046458485009877526,-0.0035166942490183787,0.0019728621354569574,-0.0009534493768992627,0.007082167076675789,0.005289980122900528,-0.081396792780446,-0.02363030655228573,0.0,0.0,0.0,0.0,1.0,0.0,0.0,0.0,0.0,0.0,0.0,0.0,0.16172687662413934
BT_pH6_1,0.0028819868486860537,-0.020017282195065333,0.0045163917865442185,-0.0028573890095171714,0.0020840700165085184,0.002130942932613516,0.006174549656393737,0.004181333125933357,-0.08736445854053547,-0.018228007012411302,0.0,0.0,0.0,0.0,1.0,0.0,0.0,0.0,0.0,0.0,0.0,0.0,0.20214567479932488
BT_pH6_2,0.004655714350874009,-0.0203891143721083,0.004539827169931453,-0.004841054689301096,0.0020083205013171498,0.00393320238298696,0.007404702296075613,0.005824394080301991,-0.08991581890084176,-0.01971803521008595,0.0,0.0,0.0,0.0,1.0,0.0,0.0,0.0,0.0,0.0,0.0,0.0,0.19208393008372077
BT_pH7_0,0.005604832755482715,-0.0201985211233082,0.0035944507999912554,-0.0036410755988048483,0.0016193959894387625,0.005928641099320804,0.008477205878690535,0.007248590369911296,-0.12978079297458348,0.014649410056679147,0.0,0.0,0.0,0.0,1.0,0.0,0.0,0.0,0.0,0.0,0.0,0.0,0.4761566893788473
BT_pH7_1,0.003956662701523822,-0.020587402658294073,0.004277039925041404,-0.002889406658385111,0.0016848317306974658,0.003958777373899583,0.006946290187213732,0.0055941147875526705,-0.12492604095002881,0.015487270212691768,0.0,0.0,0.0,0.0,1.0,0.0,0.0,0.0,0.0,0.0,0.0,0.0,0.48226683949395216
BT_pH7_2,0.003055652192105419,-0.019982731408723028,0.0056997305446344895,-0.0038871452422893573,0.0016050175739371255,0.0029267970002863704,0.007050631447978641,0.008927209728761862,-0.12806288382929304,0.016169858804863435,0.0,0.0,0.0,0.0,1.0,0.0,0.0,0.0,0.0,0.0,0.0,0.0,0.4811025384560845
BT_pH8_0,0.005181843993132529,-0.018840365354781567,0.0019365897385970414,-0.005783525336047877,0.0016027981042861942,0.004183718728954378,0.007373642714127252,0.007322117548597899,-0.13113336230425734,0.021658679724711437,0.0,0.0,0.0,0.0,1.0,0.0,0.0,0.0,0.0,0.0,0.0,0.0,0.6161936979692529
BT_pH8_1,0.002345705991205962,-0.018758930688642938,0.0036288230623240073,-0.004916585638471272,0.0015980647180391407,0.006617059184481269,0.01032900317207627,0.00587588794529438,-0.1355632644211469,0.0223463740248395,0.0,0.0,0.0,0.0,1.0,0.0,0.0,0.0,0.0,0.0,0.0,0.0,0.6417698578516113
BT_pH8_2,0.005881130125211634,-0.02265693657424139,0.006745874510835048,-0.007332636921302128,0.001545595423035001,0.004832485444519829,0.009372683611253032,0.00896043686439162,-0.13607106269053793,0.02222456771232511,0.0,0.0,0.0,0.0,1.0,0.0,0.0,0.0,0.0,0.0,0.0,0.0,0.6440713470669853
BT_pH9_0,0.004564153487267703,-0.021884609140131784,0.006200868019267269,-0.004938902900270794,0.0015353047718172509,0.0027452674103171913,0.008355629453840465,0.007519398888816004,-0.133861635359733,0.02326666302978992,0.0,0.0,0.0,0.0,1.0,0.0,0.0,0.0,0.0,0.0,0.0,0.0,0.7292859280132171
BT_pH9_1,0.004284636822083721,-0.0179699851685892,0.0052042668442363335,-0.004881590400700984,0.0015273231656655047,0.0031607619284287737,0.007117287011250206,0.003969377750611824,-0.1339766144687715,0.025066673363680424,0.0,0.0,0.0,0.0,1.0,0.0,0.0,0.0,0.0,0.0,0.0,0.0,0.7412574926289346
BT_pH9_2,0.004327343047960945,-0.021056179482003917,0.0047665432921570276,-0.004276142651620117,0.0015272660229517078,0.004899010063837405,0.008106095066860967,0.00824277573629566,-0.13752460591333068,0.024490032270550733,0.0,0.0,0.0,0.0,1.0,0.0,0.0,0.0,0.0,0.0,0.0,0.0,0.747526246417331
BV_pH4_0,0.002933757693871209,-0.01612286727065625,0.005142100395067879,-0.0028992875989364538,-0.0003059331360070589,0.0019795584127954816,0.005442396112434239,0.008871002756059171,-0.059422022698690055,-0.05211656710699848,0.0,0.0,0.0,0.0,0.0,1.0,0.0,0.0,0.0,0.0,0.0,0.0,-0.0016139570379183382
BV_pH4_1,0.0012677156147749532,-0.016739533308731472,0.0036440546195144253,-0.0014543875792752139,-0.0004952480158080224,0.002052852357535259,0.006410657015183698,0.011356981709275559,-0.066605225197323,-0.04593573002063709,0.0,0.0,0.0,0.0,0.0,1.0,0.0,0.0,0.0,0.0,0.0,0.0,0.0004845233155374915
BV_pH4_2,0.0014267041841926795,-0.017493535210580932,0.004569447814770367,-0.0026320996443214614,-0.00029128542736820627,0.002085042480865249,0.0075611060080320956,0.010060347726811535,-0.06533371076149787,-0.04644987949534602,0.0,0.0,0.0,0.0,0.0,1.0,0.0,0.0,0.0,0.0,0.0,0.0,0.001874459798070219
BV_pH5_0,-0.0015411196568089981,-0.018442764257931194,0.0027693535954408026,-0.0007895875122884052,-0.0002429685077589489,0.002752563488548217,0.006212884500298813,0.012172779670876007,-0.06992400148964444,-0.039465002169751594,0.0,0.0,0.0,0.0,0.0,1.0,0.0,0.0,0.0,0.0,0.0,0.0,0.05114127579932972
BV_pH5_1,0.0066573109089032466,-0.018515145848302737,0.0070104535669088365,-0.0013351366247819824,0.00043910908958186246,0.002324881082319697,0.00649215322635744,0.006992908604443072,-0.06953664608623669,-0.047027750360253064,0.0,0.0,0.0,0.0,0.0,1.0,0.0,0.0,0.0,0.0,0.0,0.0,0.02446646428818786
BV_pH5_2,0.004297065924367179,-0.016749944524920502,0.0031216439086457965,-0.0011300152896539027,0.0007189872358804163,0.002927634963846725,0.00525895983790574,0.009372415751542738,-0.06992084091934171,-0.04439376942327488,0.0,0.0,0.0,0.0,0.0,1.0,0.0,0.0,0.0,0.0,0.0,0.0,0.039343210450552515
BV_pH6_0,0.006700508688455043,-0.019209801229121894,0.003657445805552213,-0.0008903568335201429,-1.771770741627876e-06,0.00602066991445811,0.004998562201533629,0.010107802902550802,-0.09822607018053534,-0.019654851925113924,0.0,0.0,0.0,0.0,0.0,1.0,0.0,0.0,0.0,0.0,0.0,0.0,0.16172687662413934
BV_pH6_1,0.0068068405370349475,-0.019287433588634374,0.0017882490579200839,-0.002785725752296655,4.634449339431131e-05,0.00426383109520311,0.005953101821891639,0.011087942688685399,-0.10460859856689755,-0.009762414433062073,0.0,0.0,0.0,0.0,0.0,1.0,0.0,0.0,0.0,0.0,0.0,0.0,0.20214567479932488
BV_pH6_2,0.005847824844329254,-0.021363075383655405,0.005968461603574131,-9.313329406404704e-06,-0.0013031540616698883,0.00808957307558993,0.009918813111017583,0.008243497206788995,-0.10841814880299826,-0.013472340835825257,0.0,0.0,0.0,0.0,0.0,1.0,0.0,0.0,0.0,0.0,0.0,0.0,0.19208393008372077
BV_pH7_0,0.007644837385286456,-0.020181141314299215,0.00419788179838139,-0.004641449299195539,-0.0010048888996243468,0.0008070218239141548,0.008371165019014607,0.004571034874281158,-0.12016883140348868,0.013906507372208264,0.0,0.0,0.0,0.0,0.0,1.0,0.0,0.0,0.0,0.0,0.0,0.0,0.4761566893788473
BV_pH7_1,0.005711210949913318,-0.020340543162563573,0.0051210210229391635,-0.005208327112638432,-0.0009702446084955456,0.0008583733617611571,0.00926819675156604,0.008827550210382628,-0.12369438463417086,0.013929284765668537,0.0,0.0,0.0,0.0,0.0,1.0,0.0,0.0,0.0,0.0,0.0,0.0,0.48226683949395216
BV_pH7_2,0.005655150543088501,-0.019956499969829684,0.006512036496854347,-0.004582403010648232,-0.0014542965882498287,0.0008705342658188025,0.009223544809805313,0.008538788017695365,-0.1256151903550262,0.014310473398022033,0.0,0.0,0.0,0.0,0.0,1.0,0.0,0.0,0.0,0.0,0.0,0.0,0.4811025384560845
BV_pH8_0,0.004240784805430019,-0.021022930687860302,0.005115581946852415,-0.005111956589895747,-0.00022310725858677987,0.0013107350614407797,0.007358225755717445,0.010041192585359448,-0.12645065369975309,0.018244265590025035,0.0,0.0,0.0,0.0,0.0,1.0,0.0,0.0,0.0,0.0,0.0,0.0,0.6161936979692529
BV_pH8_1,0.0027298708778360626,-0.02221502631578756,0.006606579027746036,-0.005933494982512099,-0.0010281585124523737,0.0007035183161497105,0.009238500804032967,0.008311523370768714,-0.1251667963632423,0.020255621127460315,0.0,0.0,0.0,0.0,0.0,1.0,0.0,0.0,0.0,0.0,0.0,0.0,0.6417698578516113
BV_pH8_2,0.008012253125400649,-0.02152004162578479,0.004121839211362859,-0.003884663811844328,-0.0009896293428281067,0.00030806565252335257,0.007846243896562119,0.010020168253585052,-0.1290113094772982,0.01859921162543089,0.0,0.0,0.0,0.0,0.0,1.0,0.0,0.0,0.0,0.0,0.0,0.0,0.6440713470669853
BV_pH9_0,0.003984378728529683,-0.020792632650422017,0.004200157132809576,-0.0031559317089293326,-0.0010743699319984603,0.0010550093359273443,0.010053392847918946,0.00815867205514856,-0.13093164684817846,0.022005108181873092,0.0,0.0,0.0,0.0,0.0,1.0,0.0,0.0,0.0,0.0,0.0,0.0,0.7292859280132171
BV_pH9_1,0.0030717470286333063,-0.020921284498079964,0.0019832400993808454,-0.003956953685568727,6.625126723362257e-05,0.0003984450824234808,0.009488025566805964,0.009706694070735706,-0.1298217663590027,0.023487738910252628,0.0,0.0,0.0,0.0,0.0,1.0,0.0,0.0,0.0,0.0,0.0,0.0,0.7412574926289346
BV_pH9_2,0.0056633579763381405,-0.021929019793220185,0.006607462470622166,-0.004427538060623667,-0.0010762412554543948,0.0005871177918237209,0.0076411478108038096,0.0092125119123122,-0.1304103018667387,0.02163364044512096,0.0,0.0,0.0,0.0,0.0,1.0,0.0,0.0,0.0,0.0,0.0,0.0,0.747526246417331
CC_pH4_0,0.0012947278664163927,-0.016144103537435114,0.004312941849879597,-0.0005243609100580209,0.00014960929751396185,0.0011753801855704043,-0.00021523072829712902,0.007357356886824839,-0.05749794933135094,-0.046406233918083746,0.0,0.0,0.0,0.0,0.0,0.0,1.0,0.0,0.0,0.0,0.0,0.0,0.0032572508755295392
CC_pH4_1,0.002288406395717807,-0.018703909986045052,0.006327590961009266,-0.0033828167544434906,-0.00010262503329178497,0.004251168575137853,-0.0002205212284689351,0.007870136888130853,-0.06251719844406067,-0.04230809371270563,0.0,0.0,0.0,0.0,0.0,0.0,1.0,0.0,0.0,0.0,0.0,0.0,-0.004437627208196163
CC_pH4_2,0.0024168971359081874,-0.016146881823306494,0.004376601742013641,-0.0016632369176849066,-0.0004729959595462546,0.0034513892298159397,0.00020500163021295,0.008573293216202574,-0.06231593093632356,-0.04492199965631184,0.0,0.0,0.0,0.0,0.0,0.0,1.0,0.0,0.0,0.0,0.0,0.0,0.0011803763326671925
CC_pH5_0,0.003317267357007318,-0.02169559745279991,0.0055524965683403215,-0.0018889131137858272,-0.0007118940555854977,0.0034109190365542524,0.0002475231772531651,0.006870929764016817,-0.06899757143029052,-0.03260302218972989,0.0,0.0,0.0,0.0,0.0,0.0,1.0,0.0,0.0,0.0,0.0,0.0,0.08114687964645667
CC_pH5_1,0.0038004027031686006,-0.01930376249325016,0.003746363600796981,-0.0038123411166927066,-0.00027203282746283817,0.0030401148444608498,0.0005936064797898999,0.006701150129994621,-0.07285275380410576,-0.028138609855719234,0.0,0.0,0.0,0.0,0.0,0.0,1.0,0.0,0.0,0.0,0.0,0.0,0.11230826956373989
CC_pH5_2,0.0036692939180394883,-0.02039990926404362,0.0059824489073260975,-0.003852939341703187,-0.0008204084051691968,0.0037747165738888392,6.2598352846910945e-06,0.006882960924311826,-0.070256386893275,-0.0314838987491701,0.0,0.0,0.0,0.0,0.0,0.0,1.0,0.0,0.0,0.0,0.0,0.0,0.09911694942295314
CC_pH6_0,0.005850754556772502,-0.01992322592145723,0.0005063582325111262,-0.004989947035260822,-0.0004547365519987491,0.004531074475658975,0.0002564681548139324,0.00989546651101631,-0.09723353221769568,-0.0049365425433801555,0.0,0.0,0.0,0.0,0.0,0.0,1.0,0.0,0.0,0.0,0.0,0.0,0.2884225051673924
CC_pH6_1,0.00737579941101696,-0.019370424816303928,0.005763136524221169,-0.003824957271470971,-0.0003928157751974855,0.0012816025478684385,0.0002620807937953798,0.007917277463104415,-0.10187443917536214,-0.0036351220406915844,0.0,0.0,0.0,0.0,0.0,0.0,1.0,0.0,0.0,0.0,0.0,0.0,0.29127362738877827
CC_pH6_2,0.006468053208259139,-0.025063961135304492,0.007069082029325808,-0.0025337710604071612,-0.0011724666344082866,0.0041239006801143925,0.0007072387344163402,0.011842476916701898,-0.1033347848430276,-0.004603630234689815,0.0,0.0,0.0,0.0,0.0,0.0,1.0,0.0,0.0,0.0,0.0,0.0,0.2957269459022493
CC_pH7_0,0.0052562318612699955,-0.020116350930993974,0.0035142446924810835,-0.004146700470667818,3.074503949155033e-05,0.003787388995937678,-0.0014040618519420205,0.010474008018879788,-0.1240107196958169,0.020117352002340824,0.0,0.0,0.0,0.0,0.0,0.0,1.0,0.0,0.0,0.0,0.0,0.0,0.5922068579302491
CC_pH7_1,0.00436406246022038,-0.02094709716251363,0.0038889020389836783,-0.00521957062832687,0.00027014674861793676,0.0051861506878681796,-0.0016444509929936868,0.008486397034772067,-0.11939837428214758,0.018515971756499747,0.0,0.0,0.0,0.0,0.0,0.0,1.0,0.0,0.0,0.0,0.0,0.0,0.5480973412378645
CC_pH7_2,0.005381805190573571,-0.02176642308821497,0.0078025122553758,-0.004476667037638632,-0.0006647417564754912,0.004229111391241133,-0.0013090929874907365,0.009151821217459184,-0.12298751122439683,0.01814132370054722,0.0,0.0,0.0,0.0,0.0,0.0,1.0,0.0,0.0,0.0,0.0,0.0,0.5469120935714209
CC_pH8_0,0.0034730874844219376,-0.019666411128381026,0.005565938217484436,-0.00516582365107277,-0.0005451365657474695,0.0034043003732095595,-0.001981886868243631,0.01151395179331303,-0.12737611606069227,0.024280234066688503,0.0,0.0,0.0,0.0,0.0,0.0,1.0,0.0,0.0,0.0,0.0,0.0,0.8455353071301549
CC_pH8_1,0.004803710751559424,-0.021544001450681166,0.006422329008903192,-0.005777481954706752,-0.0010082312851496362,0.0050723581906893965,-0.002342153959300206,0.009772508973660679,-0.12593029151630142,0.024033390746816343,0.0,0.0,0.0,0.0,0.0,0.0,1.0,0.0,0.0,0.0,0.0,0.0,0.8378107178569503
CC_pH8_2,0.0049828387975044885,-0.0201664348481142,0.004368262473979723,-0.005179994763887446,-0.0010509982186814996,0.003382546989166217,-0.0017819007777649424,0.012753018056568892,-0.12592246980932742,0.02211726976153643,0.0,0.0,0.0,0.0,0.0,0.0,1.0,0.0,0.0,0.0,0.0,0.0,0.8442380625189879
CC_pH9_0,0.003986675518200451,-0.019287007944253476,0.00643507590274448,-0.00594523341273484,-0.0002918050559642526,0.005107225113264891,-0.002403826331314832,0.005233442381672238,-0.12675235368716328,0.027419945072868598,0.0,0.0,0.0,0.0,0.0,0.0,1.0,0.0,0.0,0.0,0.0,0.0,1.003926186226973
CC_pH9_1,0.005650134216184202,-0.021274425218934596,0.004239132669956788,-0.004693325335240882,0.0006470515352228418,0.002995124068921027,-0.0026934661910585733,0.010602553595343367,-0.12811337916099505,0.02614273737792087,0.0,0.0,0.0,0.0,0.0,0.0,1.0,0.0,0.0,0.0,0.0,0.0,0.9964236708955914
CC_pH9_2,0.005958169225765312,-0.01961560463937728,0.004361424197483323,-0.00482136396367265,-0.0010399857131035434,0.00482262328914974,-0.0020719664025565833,0.007856864294280176,-0.12720038097027853,0.025252358343290253,0.0,0.0,0.0,0.0,0.0,0.0,1.0,0.0,0.0,0.0,0.0,0.0,0.9996501428774356
DF_pH4_0,0.0016035807829188281,-0.017152990682617476,0.002589058367454488,-0.002528773413404174,0.00016403354380441787,0.003819584640795768,0.007940881006095721,-0.0004170157468837234,-0.05715046620887258,-0.04536575544139613,0.0,0.0,0.0,0.0,0.0,0.0,0.0,1.0,0.0,0.0,0.0,0.0,-0.0016139570379183382
DF_pH4_1,0.004994315263693748,-0.017901359193998833,0.005786074058193227,-0.0035239596826874696,-0.00024949588853379924,0.005436602221882861,0.006283676902885021,-0.0005093551362338265,-0.06248420310085234,-0.044330158309768074,0.0,0.0,0.0,0.0,0.0,0.0,0.0,1.0,0.0,0.0,0.0,0.0,0.0004845233155374915
DF_pH4_2,0.0064398947422919075,-0.022795224863549936,0.004930239752258944,-0.0030316034299523926,-0.0008178942148452215,0.004488817433138256,0.010810714469331763,-0.00047836008279219866,-0.06524731888395287,-0.040797127824600626,0.0,0.0,0.0,0.0,0.0,0.0,0.0,1.0,0.0,0.0,0.0,0.0,0.001874459798070219
DF_pH5_0,0.0012267819824426079,-0.021552208525978996,0.007160432583288005,-0.003532638732829818,-0.0007305236225542821,0.003778807582414667,0.009229865607036198,-0.0006997540172027492,-0.0626456915166067,-0.038732934171414886,0.0,0.0,0.0,0.0,0.0,0.0,0.0,1.0,0.0,0.0,0.0,0.0,0.05114127579932972
DF_pH5_1,0.0019369682199929083,-0.016642770125004258,0.0057639711755125425,-0.0030254085807372697,-0.00023886715588362326,0.004006254072098628,0.0075935251249567345,-0.0006242147314807637,-0.06019310659850423,-0.04507421459678722,0.0,0.0,0.0,0.0,0.0,0.0,0.0,1.0,0.0,0.0,0.0,0.0,0.02446646428818786
DF_pH5_2,0.0032808948162457237,-0.021109202182649268,0.005977145200190335,-0.0018912492352335345,0.00014154713438904837,0.007023675615048926,0.0070283719030735286,-0.0007948229040788554,-0.06434528586657151,-0.04180893795969694,0.0,0.0,0.0,0.0,0.0,0.0,0.0,1.0,0.0,0.0,0.0,0.0,0.039343210450552515
DF_pH6_0,0.0041576349046891165,-0.02233810197885917,0.007545376685650451,-0.004427750807093536,-0.0004525819080679311,0.0038648345070364677,0.007746988246622291,0.0016753667884546793,-0.08514331049893213,-0.01912631936695264,0.0,0.0,0.0,0.0,0.0,0.0,0.0,1.0,0.0,0.0,0.0,0.0,0.16172687662413934
DF_pH6_1,0.005631530641213707,-0.02341037826369638,0.005588851709566689,-0.0037364412439258206,-0.0008260420402107025,0.007582354048347991,0.008738200628887057,0.0014319863494323657,-0.08983052975862572,-0.01766739441000897,0.0,0.0,0.0,0.0,0.0,0.0,0.0,1.0,0.0,0.0,0.0,0.0,0.20214567479932488
DF_pH6_2,0.007539559978505842,-0.020738215213236603,0.00575673350011525,-0.004011052420929722,-0.0006335355487206694,0.004457156926231538,0.005993507235594417,0.0013644529911487012,-0.08910610790161985,-0.0171203618861087,0.0,0.0,0.0,0.0,0.0,0.0,0.0,1.0,0.0,0.0,0.0,0.0,0.19208393008372077
DF_pH7_0,0.005102391174953918,-0.022506491820449417,0.0050518801079496075,-0.002150192592778931,-0.001210394632881103,0.0061984411043965295,0.011432879805240943,-0.0015747142421162618,-0.11960021652929158,0.012758554353014285,0.0,0.0,0.0,0.0,0.0,0.0,0.0,1.0,0.0,0.0,0.0,0.0,0.4761566893788473
DF_pH7_1,0.008980945326063946,-0.021767800003290174,0.007595206839234932,-0.005277376816324566,-0.0014359701959335283,0.004721914411562938,0.009207089272854123,-0.0017182751939348539,-0.12127788911533095,0.014474292358626491,0.0,0.0,0.0,0.0,0.0,0.0,0.0,1.0,0.0,0.0,0.0,0.0,0.48226683949395216
DF_pH7_2,0.00527179385656896,-0.023842810282240744,0.007267458184581736,-0.002896508129070632,-0.001621960016048472,0.006586856252473332,0.010030163980048636,-0.0016130504724772058,-0.1194536860190008,0.013773879381301613,0.0,0.0,0.0,0.0,0.0,0.0,0.0,1.0,0.0,0.0,0.0,0.0,0.4811025384560845
DF_pH8_0,0.006419240748104843,-0.021587619360374365,0.005757755484917892,-0.00671645629665126,-0.0007645182279141045,0.006446792624242926,0.009667938722540504,-0.0017709481230248553,-0.12356650299514114,0.019616455084279828,0.0,0.0,0.0,0.0,0.0,0.0,0.0,1.0,0.0,0.0,0.0,0.0,0.6161936979692529
DF_pH8_1,0.004313372966387999,-0.020809326071454137,0.004478231913045697,-0.004773726913592088,-0.00027623439450626754,0.005639869117218513,0.010204295778404114,-0.002117939497465672,-0.12373786820179744,0.020581462964739488,0.0,0.0,0.0,0.0,0.0,0.0,0.0,1.0,0.0,0.0,0.0,0.0,0.6417698578516113
DF_pH8_2,0.005248982517615609,-0.020805572008957038,0.006696822424621689,-0.00316179176711518,-0.001017556069013864,0.00548477807446666,0.008701917116084826,-0.001989337691794268,-0.12680909231629062,0.021152987381362395,0.0,0.0,0.0,0.0,0.0,0.0,0.0,1.0,0.0,0.0,0.0,0.0,0.6440713470669853
DF_pH9_0,0.004955732595661413,-0.021416251592985963,0.006453927199801673,-0.005908226318981336,-0.00012458777298097993,0.005922511592507363,0.009844858296539473,-0.0015095519566017627,-0.12741080251238918,0.022694527974919134,0.0,0.0,0.0,0.0,0.0,0.0,0.0,1.0,0.0,0.0,0.0,0.0,0.7292859280132171
DF_pH9_1,0.006916755881646407,-0.020696495063602924,0.0061060720795522595,-0.0052009360986235344,-0.0008741196180167395,0.005752797882356072,0.008656482152316881,-0.0015203583434872004,-0.12845720782552075,0.02281914552592713,0.0,0.0,0.0,0.0,0.0,0.0,0.0,1.0,0.0,0.0,0.0,0.0,0.7412574926289346
DF_pH9_2,0.005470712607645471,-0.022032252815754515,0.0046889793921424,-0.005224410013660141,-0.0010429744746374046,0.0041838266765293845,0.011452373731071533,-0.002141178593687388,-0.12358707144370547,0.021734132595036343,0.0,0.0,0.0,0.0,0.0,0.0,0.0,1.0,0.0,0.0,0.0,0.0,0.747526246417331
comm11_4_1,0.0003480789802320628,0.010112170988450879,0.0023670388401850415,-0.00041194419821967003,0.0008090196760452321,0.0003236498408343485,-0.002430272170382997,-0.0012926058325430617,-0.07000102366523252,-0.0463219747983891,1.0,1.0,1.0,1.0,1.0,1.0,1.0,1.0,0.0,0.0,0.0,0.0,-0.0016139570379183382
comm11_4_2,0.0003843450627249221,0.008732433029167028,-0.0009106810828265936,-0.0014494307258206857,0.0014907541174603548,-0.0002121140386747275,-0.001993151443160098,-0.002369685106627317,-0.06564968757979246,-0.04452064468322889,1.0,1.0,1.0,1.0,1.0,1.0,1.0,1.0,0.0,0.0,0.0,0.0,0.0004845233155374915
comm11_4_3,0.0009507538021906569,0.009779260134243448,0.0003206643672740973,-0.000637675326155578,0.0013296463599671495,0.0011579926830271015,-0.0016422547335210051,-0.0014535974160484627,-0.06902604101792627,-0.0472766109685535,1.0,1.0,1.0,1.0,1.0,1.0,1.0,1.0,0.0,0.0,0.0,0.0,0.001874459798070219
comm11_4_4,0.0013481911012659905,0.009350912962918696,0.002407502389472463,-0.0031613743127040226,0.001098630718238976,0.0019428650678499878,-0.0008514104572975109,-0.0030065512074076597,-0.0701362449027922,-0.0454903839836302,1.0,1.0,1.0,1.0,1.0,1.0,1.0,1.0,0.0,0.0,0.0,0.0,0.0053181834532889495
comm11_5_1,0.0014882951343189114,0.012852572628661341,0.002328646540965723,-0.0026506294391077496,0.00033098734267380056,0.0024160859879592197,-0.0038317519385853535,-0.0015555898002956208,-0.07787013221451121,-0.04000634672849075,1.0,1.0,1.0,1.0,1.0,1.0,1.0,1.0,0.0,0.0,0.0,0.0,0.05114127579932972
comm11_5_2,0.001086640777471273,0.00917752540305905,-0.0010315665149170411,-0.000568631757860598,0.0015143562221656675,0.002042894297805818,-0.002747034341420816,-0.0011085852049291117,-0.06975615019869544,-0.04510731102169857,1.0,1.0,1.0,1.0,1.0,1.0,1.0,1.0,0.0,0.0,0.0,0.0,0.02446646428818786
comm11_5_3,0.0029309837503925613,0.008774470786523561,-0.0015228452897914078,-0.0012577519954546622,0.0009632664513976684,0.0009180600981673472,-0.0026758973567706087,-0.0012059127563691645,-0.07000790115364866,-0.04341433487346639,1.0,1.0,1.0,1.0,1.0,1.0,1.0,1.0,0.0,0.0,0.0,0.0,0.039343210450552515
comm11_5_4,0.0021882749284091213,0.010308830352581068,-0.0003995975463286689,-0.0014919767245326343,0.0007193591729130434,0.0015886990483040396,-0.0022429962294257207,-0.0007194740187538697,-0.07167229944759089,-0.04477668174501994,1.0,1.0,1.0,1.0,1.0,1.0,1.0,1.0,0.0,0.0,0.0,0.0,0.02826352230444504
comm11_6_1,0.0017259458225706353,0.014168267629068833,0.0012028747618846266,-0.0007218192307197513,0.0013669440814334415,0.002371260423375214,-0.004214445803638385,0.000530999377369882,-0.11232580809732495,-0.01060208130303932,1.0,1.0,1.0,1.0,1.0,1.0,1.0,1.0,0.0,0.0,0.0,0.0,0.16172687662413934
comm11_6_2,-0.0019629484658008037,0.017496293888467806,-0.0021528415430499158,0.0008328357112148546,0.0013909521731345562,0.00331379487057743,-0.005769604960375504,0.0010249745926779262,-0.11054673417916763,-0.010124584426698476,1.0,1.0,1.0,1.0,1.0,1.0,1.0,1.0,0.0,0.0,0.0,0.0,0.20214567479932488
comm11_6_3,0.0005648861128998832,0.012472055104115734,0.0008902313430672133,-0.0009194994102353626,0.001378320802165115,0.0016044736685960211,-0.003119071796536444,-0.000878208686152231,-0.11006198891479038,-0.008429060562149338,1.0,1.0,1.0,1.0,1.0,1.0,1.0,1.0,0.0,0.0,0.0,0.0,0.19208393008372077
comm11_6_4,0.0008057146956739212,0.014621862486490734,0.0015104265008931573,-0.0010450799471658201,0.000957473905190178,0.0019846297039285963,-0.004042245130176129,0.000984378656291444,-0.11383150935577961,-0.008443513698875903,1.0,1.0,1.0,1.0,1.0,1.0,1.0,1.0,0.0,0.0,0.0,0.0,0.19174196501252805
comm11_7_1,-0.0027032529076804275,0.01406012601502564,-0.0002685604236372148,-0.00016194279589082673,0.0011578302733276213,0.0010738140814330265,-0.0030999474462283685,-0.0029200935363769527,-0.12258819848460994,0.008952363118853257,1.0,1.0,1.0,1.0,1.0,1.0,1.0,1.0,0.0,0.0,0.0,0.0,0.4761566893788473
comm11_7_2,-0.0019474757948647373,0.01438111406467531,0.00022976897332979302,0.0002394563899092072,0.0017278706509134046,4.181715457335849e-05,-0.003984005209058521,-0.0018241664516213132,-0.12585491429690435,0.010492672364672889,1.0,1.0,1.0,1.0,1.0,1.0,1.0,1.0,0.0,0.0,0.0,0.0,0.48226683949395216
comm11_7_3,0.0011525277113137034,0.014686785385660503,0.0007229166348343326,0.00016384823328774957,0.0013423923451615423,0.0015443901328936881,-0.00457517289435086,-0.0017073855921626066,-0.13045458703261356,0.010626422736955726,1.0,1.0,1.0,1.0,1.0,1.0,1.0,1.0,0.0,0.0,0.0,0.0,0.4811025384560845
comm11_7_4,0.0006673643640849892,0.013854013550216742,0.00023602661717197202,-0.0010649080525921722,0.001189556883081147,0.001483089729495672,-0.003434553868744686,-0.004152528005449666,-0.1262949725305257,0.011019048974241899,1.0,1.0,1.0,1.0,1.0,1.0,1.0,1.0,0.0,0.0,0.0,0.0,0.4811025384560845
comm11_8_1,0.000459587039506954,0.013485399606111257,-0.00016945180847593004,-9.246593260245774e-06,0.0021554479569844587,-0.0014222877877561933,-0.005248777500313259,-0.00010170599526685256,-0.13402623277805423,0.018379405521504254,1.0,1.0,1.0,1.0,1.0,1.0,1.0,1.0,0.0,0.0,0.0,0.0,0.6161936979692529
comm11_8_2,-0.0014102590650967933,0.01271164287043655,0.0016722348964084766,-1.9233748316764674e-05,0.0016385156580287481,0.00028721794971953423,-0.004320421087677067,-0.0007568501324757252,-0.1336681967844134,0.01736748710436665,1.0,1.0,1.0,1.0,1.0,1.0,1.0,1.0,0.0,0.0,0.0,0.0,0.6417698578516113
comm11_8_3,-0.003122783275726049,0.016564833356634428,0.0005131972386785171,0.0006680082173451139,0.0018742321399242996,0.00019928178385548065,-0.004942139471354692,-0.002079701870679854,-0.1344786884457521,0.01830589798805506,1.0,1.0,1.0,1.0,1.0,1.0,1.0,1.0,0.0,0.0,0.0,0.0,0.6440713470669853
comm11_8_4,-0.0010470463691846172,0.013683761086962794,0.000318121372357658,0.0020058179711518083,0.0016590723136196972,0.0003770782231636683,-0.0029882400782535908,-0.003998701904454958,-0.1337244711605751,0.017216746076617554,1.0,1.0,1.0,1.0,1.0,1.0,1.0,1.0,0.0,0.0,0.0,0.0,0.6395779816459941
comm11_9_1,-0.002022314472528904,0.015139198677371377,-0.0012209869629662966,0.002885734281786111,0.0012380110666803713,-0.00015051044523715795,-0.004299655822308166,-0.0027086348054201712,-0.1378601971965121,0.022501493340115187,1.0,1.0,1.0,1.0,1.0,1.0,1.0,1.0,0.0,0.0,0.0,0.0,0.7292859280132171
comm11_9_2,-0.0002710459964430841,0.013262578273273035,-0.0009502028592902684,0.0013760582981226248,0.0011019735022083595,-0.0009940337713645845,-0.0027312819675906846,-0.003959216762172139,-0.1372269925718074,0.023894301516044398,1.0,1.0,1.0,1.0,1.0,1.0,1.0,1.0,0.0,0.0,0.0,0.0,0.7412574926289346
comm11_9_3,-0.002041377203296059,0.01620189771056176,0.0009299838980254923,0.0012948615006778564,0.0009737167604591558,-0.0016850415520046067,-0.004607526332787845,-0.001977904071302516,-0.13847145056918914,0.022884977519836116,1.0,1.0,1.0,1.0,1.0,1.0,1.0,1.0,0.0,0.0,0.0,0.0,0.747526246417331
comm11_9_4,-0.002419652469132257,0.012555478846897252,-0.0014756038687799274,0.0015542650992131748,0.002007140586881535,-0.0011928054641770266,-0.003994443834475851,0.0017687157865451746,-0.13909420080725918,0.02379324386301248,1.0,1.0,1.0,1.0,1.0,1.0,1.0,1.0,0.0,0.0,0.0,0.0,0.7409024335149471
