Experiments,Time,pH,AC_OD,BA_OD,BC_OD,BL_OD,BT_OD,BV_OD,CC_OD,DF_OD,wt_OD,delarc_OD,parc-_OD,parc+_OD
AC_pH4_0,0,5.00323233,0.01,0,0,0,0,0,0,0,0,0,0,0
AC_pH4_0,3,5.014134,0.01,0,0,0,0,0,0,0,0,0,0,0
AC_pH4_0,6,5.016297,0.01,0,0,0,0,0,0,0,0,0,0,0
AC_pH4_0,9,5.043927,0.01,0,0,0,0,0,0,0,0,0,0,0
AC_pH4_0,12,5.011965,0.01,0,0,0,0,0,0,0,0,0,0,0
AC_pH4_0,24,5.003232,0.01,0,0,0,0,0,0,0,0,0,0,0
AC_pH4_1,0,5.00979026,0.01,0,0,0,0,0,0,0,0,0,0,0
AC_pH4_1,3,5.014134,0.01,0,0,0,0,0,0,0,0,0,0,0
AC_pH4_1,6,5.005424,0.046513,0,0,0,0,0,0,0,0,0,0,0
AC_pH4_1,9,5.039735,0.01,0,0,0,0,0,0,0,0,0,0,0
AC_pH4_1,12,5.027032,0.01,0,0,0,0,0,0,0,0,0,0,0
AC_pH4_1,24,5.052249,0.01,0,0,0,0,0,0,0,0,0,0,0
AC_pH4_2,0,5.01413393,0.01,0,0,0,0,0,0,0,0,0,0,0
AC_pH4_2,3,5.033407,0.01,0,0,0,0,0,0,0,0,0,0,0
AC_pH4_2,6,5.016297,0.01,0,0,0,0,0,0,0,0,0,0,0
AC_pH4_2,9,5.020608,0.01,0,0,0,0,0,0,0,0,0,0,0
AC_pH4_2,12,5.014134,0.01,0,0,0,0,0,0,0,0,0,0,0
AC_pH4_2,24,5.056379,0.047467,0,0,0,0,0,0,0,0,0,0,0
AC_pH5_0,0,5.16809693,0.01,0,0,0,0,0,0,0,0,0,0,0
AC_pH5_0,3,5.117931,0.01,0,0,0,0,0,0,0,0,0,0,0
AC_pH5_0,6,5.112167,0.01,0,0,0,0,0,0,0,0,0,0,0
AC_pH5_0,9,5.127449,0.01,0,0,0,0,0,0,0,0,0,0,0
AC_pH5_0,12,5.12934,0.01,0,0,0,0,0,0,0,0,0,0,0
AC_pH5_0,24,5.110237,0.01,0,0,0,0,0,0,0,0,0,0,0
AC_pH5_1,0,5.08473587,0.01,0,0,0,0,0,0,0,0,0,0,0
AC_pH5_1,3,5.104421,0.01,0,0,0,0,0,0,0,0,0,0,0
AC_pH5_1,6,5.402648,0.01,0,0,0,0,0,0,0,0,0,0,0
AC_pH5_1,9,5.127449,0.01,0,0,0,0,0,0,0,0,0,0,0
AC_pH5_1,12,5.133109,0.01,0,0,0,0,0,0,0,0,0,0,0
AC_pH5_1,24,5.114093,0.01,0,0,0,0,0,0,0,0,0,0,0
AC_pH5_2,0,5.13122697,0.01,0,0,0,0,0,0,0,0,0,0,0
AC_pH5_2,3,5.096602,0.01,0,0,0,0,0,0,0,0,0,0,0
AC_pH5_2,6,5.104421,0.01,0,0,0,0,0,0,0,0,0,0,0
AC_pH5_2,9,5.123655,0.01,0,0,0,0,0,0,0,0,0,0,0
AC_pH5_2,12,5.136862,0.01,0,0,0,0,0,0,0,0,0,0,0
AC_pH5_2,24,5.12934,0.01,0,0,0,0,0,0,0,0,0,0,0
AC_pH6_0,0,5.51368636,0.01,0,0,0,0,0,0,0,0,0,0,0
AC_pH6_0,3,5.879993,0.046036,0,0,0,0,0,0,0,0,0,0,0
AC_pH6_0,6,5.862808,0.053191,0,0,0,0,0,0,0,0,0,0,0
AC_pH6_0,9,5.896076,0.065115,0,0,0,0,0,0,0,0,0,0,0
AC_pH6_0,12,5.88462,0.060345,0,0,0,0,0,0,0,0,0,0,0
AC_pH6_0,24,5.155376,3.788265,0,0,0,0,0,0,0,0,0,0,0
AC_pH6_1,0,5.63999855,0.01,0,0,0,0,0,0,0,0,0,0,0
AC_pH6_1,3,5.869881,0.049852,0,0,0,0,0,0,0,0,0,0,0
AC_pH6_1,6,5.855675,0.064638,0,0,0,0,0,0,0,0,0,0,0
AC_pH6_1,9,5.878445,0.099456,0,0,0,0,0,0,0,0,0,0,0
AC_pH6_1,12,5.839603,0.339367,0,0,0,0,0,0,0,0,0,0,0
AC_pH6_1,24,5.123655,4.1436,0,0,0,0,0,0,0,0,0,0,0
AC_pH6_2,0,5.60855474,0.01,0,0,0,0,0,0,0,0,0,0,0
AC_pH6_2,3,5.825697,0.063684,0,0,0,0,0,0,0,0,0,0,0
AC_pH6_2,6,5.858059,0.084193,0,0,0,0,0,0,0,0,0,0,0
AC_pH6_2,9,5.838792,0.293102,0,0,0,0,0,0,0,0,0,0,0
AC_pH6_2,12,5.621274,1.14686,0,0,0,0,0,0,0,0,0,0,0
AC_pH6_2,24,5.173491,4.014821,0,0,0,0,0,0,0,0,0,0,0
AC_pH7_0,0,6.49630633,0.01,0,0,0,0,0,0,0,0,0,0,0
AC_pH7_0,3,6.841175,0.03602,0,0,0,0,0,0,0,0,0,0,0
AC_pH7_0,6,6.881585,0.135228,0,0,0,0,0,0,0,0,0,0,0
AC_pH7_0,9,6.789866,0.975631,0,0,0,0,0,0,0,0,0,0,0
AC_pH7_0,12,6.46721,3.927537,0,0,0,0,0,0,0,0,0,0,0
AC_pH7_0,24,5.580318,5.147123,0,0,0,0,0,0,0,0,0,0,0
AC_pH7_1,0,6.51540107,0.01,0,0,0,0,0,0,0,0,0,0,0
AC_pH7_1,3,6.861863,0.040313,0,0,0,0,0,0,0,0,0,0,0
AC_pH7_1,6,6.884398,0.210588,0,0,0,0,0,0,0,0,0,0,0
AC_pH7_1,9,6.677072,1.613327,0,0,0,0,0,0,0,0,0,0,0
AC_pH7_1,12,6.056493,4.621514,0,0,0,0,0,0,0,0,0,0,0
AC_pH7_1,24,5.604272,5.077965,0,0,0,0,0,0,0,0,0,0,0
AC_pH7_2,0,6.51176253,0.01,0,0,0,0,0,0,0,0,0,0,0
AC_pH7_2,3,6.83648,0.049852,0,0,0,0,0,0,0,0,0,0,0
AC_pH7_2,6,6.80749,0.276885,0,0,0,0,0,0,0,0,0,0,0
AC_pH7_2,9,6.593361,2.007296,0,0,0,0,0,0,0,0,0,0,0
AC_pH7_2,12,5.938239,4.819452,0,0,0,0,0,0,0,0,0,0,0
AC_pH7_2,24,5.598888,5.06604,0,0,0,0,0,0,0,0,0,0,0
AC_pH8_0,0,6.93393392,0.01,0,0,0,0,0,0,0,0,0,0,0
AC_pH8_0,3,7.360586,0.028866,0,0,0,0,0,0,0,0,0,0,0
AC_pH8_0,6,7.416589,0.287378,0,0,0,0,0,0,0,0,0,0,0
AC_pH8_0,9,7.214593,1.62859,0,0,0,0,0,0,0,0,0,0,0
AC_pH8_0,12,6.667128,5.000697,0,0,0,0,0,0,0,0,0,0,0
AC_pH8_0,24,6.739402,5.109443,0,0,0,0,0,0,0,0,0,0,0
AC_pH8_1,0,7.0138616,0.01,0,0,0,0,0,0,0,0,0,0,0
AC_pH8_1,3,7.357793,0.044128,0,0,0,0,0,0,0,0,0,0,0
AC_pH8_1,6,7.406212,0.318857,0,0,0,0,0,0,0,0,0,0,0
AC_pH8_1,9,7.134579,2.362631,0,0,0,0,0,0,0,0,0,0,0
AC_pH8_1,12,6.715709,4.980665,0,0,0,0,0,0,0,0,0,0,0
AC_pH8_1,24,6.753742,5.095135,0,0,0,0,0,0,0,0,0,0,0
AC_pH8_2,0,7.02105395,0.01,0,0,0,0,0,0,0,0,0,0,0
AC_pH8_2,3,7.287647,0.076085,0,0,0,0,0,0,0,0,0,0,0
AC_pH8_2,6,7.41547,0.408049,0,0,0,0,0,0,0,0,0,0,0
AC_pH8_2,9,7.012657,2.70175,0,0,0,0,0,0,0,0,0,0,0
AC_pH8_2,12,6.696612,4.892427,0,0,0,0,0,0,0,0,0,0,0
AC_pH8_2,24,6.767034,5.05507,0,0,0,0,0,0,0,0,0,0,0
AC_pH9_0,0,7.28735678,0.01,0,0,0,0,0,0,0,0,0,0,0
AC_pH9_0,3,7.636131,0.031251,0,0,0,0,0,0,0,0,0,0,0
AC_pH9_0,6,7.661394,0.321719,0,0,0,0,0,0,0,0,0,0,0
AC_pH9_0,9,7.397613,2.550553,0,0,0,0,0,0,0,0,0,0,0
AC_pH9_0,12,7.048261,4.945846,0,0,0,0,0,0,0,0,0,0,0
AC_pH9_0,24,7.251233,4.992588,0,0,0,0,0,0,0,0,0,0,0
AC_pH9_1,0,7.32476894,0.01,0,0,0,0,0,0,0,0,0,0,0
AC_pH9_1,3,7.62728,0.037928,0,0,0,0,0,0,0,0,0,0,0
AC_pH9_1,6,7.65121,0.390401,0,0,0,0,0,0,0,0,0,0,0
AC_pH9_1,9,7.349489,2.91829,0,0,0,0,0,0,0,0,0,0,0
AC_pH9_1,12,7.076851,4.922952,0,0,0,0,0,0,0,0,0,0,0
AC_pH9_1,24,7.245769,5.018821,0,0,0,0,0,0,0,0,0,0,0
AC_pH9_2,0,7.34435933,0.01,0,0,0,0,0,0,0,0,0,0,0
AC_pH9_2,3,7.583511,0.046036,0,0,0,0,0,0,0,0,0,0,0
AC_pH9_2,6,7.604837,0.449068,0,0,0,0,0,0,0,0,0,0,0
AC_pH9_2,9,7.339334,3.110981,0,0,0,0,0,0,0,0,0,0,0
AC_pH9_2,12,7.093441,5.010713,0,0,0,0,0,0,0,0,0,0,0
AC_pH9_2,24,7.222613,4.9468,0,0,0,0,0,0,0,0,0,0,0
BA_pH4_0,0,5.003232328638030,0,0.01,0,0,0,0,0,0,0,0,0,0
BA_pH4_0,3,5.575889,0,0.01,0,0,0,0,0,0,0,0,0,0
BA_pH4_0,6,4.992187,0,0.01,0,0,0,0,0,0,0,0,0,0
BA_pH4_0,9,5.022755,0,0.01,0,0,0,0,0,0,0,0,0,0
BA_pH4_0,12,5.046015,0,0.01,0,0,0,0,0,0,0,0,0,0
BA_pH4_0,24,5.016297,0,0.01,0,0,0,0,0,0,0,0,0,0
BA_pH4_1,0,5.009790259,0,0.01,0,0,0,0,0,0,0,0,0,0
BA_pH4_1,3,5.020608,0,0.01,0,0,0,0,0,0,0,0,0,0
BA_pH4_1,6,5.031288,0,0.01,0,0,0,0,0,0,0,0,0,0
BA_pH4_1,9,5.014134,0,0.01,0,0,0,0,0,0,0,0,0,0
BA_pH4_1,12,5.024896,0,0.01,0,0,0,0,0,0,0,0,0,0
BA_pH4_1,24,5.018455,0,0.01,0,0,0,0,0,0,0,0,0,0
BA_pH4_2,0,5.014133930098000,0,0.01,0,0,0,0,0,0,0,0,0,0
BA_pH4_2,3,4.989961,0,0.01,0,0,0,0,0,0,0,0,0,0
BA_pH4_2,6,5.033407,0,0.01,0,0,0,0,0,0,0,0,0,0
BA_pH4_2,9,5.037631,0,0.01,0,0,0,0,0,0,0,0,0,0
BA_pH4_2,12,5.037631,0,0.01,0,0,0,0,0,0,0,0,0,0
BA_pH4_2,24,5.039735,0,0.01,0,0,0,0,0,0,0,0,0,0
BA_pH5_0,0,5.168096926065720,0,0.01,0,0,0,0,0,0,0,0,0,0
BA_pH5_0,3,5.144316,0,0.01,0,0,0,0,0,0,0,0,0,0
BA_pH5_0,6,5.110237,0,0.01,0,0,0,0,0,0,0,0,0,0
BA_pH5_0,9,5.119843,0,0.01,0,0,0,0,0,0,0,0,0,0
BA_pH5_0,12,5.138732,0,0.01,0,0,0,0,0,0,0,0,0,0
BA_pH5_0,24,5.119843,0,0.01,0,0,0,0,0,0,0,0,0,0
BA_pH5_1,0,5.084735865756620,0,0.01,0,0,0,0,0,0,0,0,0,0
BA_pH5_1,3,5.098563,0,0.01,0,0,0,0,0,0,0,0,0,0
BA_pH5_1,6,5.102473,0,0.01,0,0,0,0,0,0,0,0,0,0
BA_pH5_1,9,5.104421,0,0.01,0,0,0,0,0,0,0,0,0,0
BA_pH5_1,12,5.12934,0,0.01,0,0,0,0,0,0,0,0,0,0
BA_pH5_1,24,5.108303,0,0.01,0,0,0,0,0,0,0,0,0,0
BA_pH5_2,0,5.131226972825950,0,0.01,0,0,0,0,0,0,0,0,0,0
BA_pH5_2,3,5.134988,0,0.01,0,0,0,0,0,0,0,0,0,0
BA_pH5_2,6,5.149864,0,0.032681,0,0,0,0,0,0,0,0,0,0
BA_pH5_2,9,5.14617,0,0.01,0,0,0,0,0,0,0,0,0,0
BA_pH5_2,12,5.175281,0,0.01,0,0,0,0,0,0,0,0,0,0
BA_pH5_2,24,5.149864,0,0.01,0,0,0,0,0,0,0,0,0,0
BA_pH6_0,0,5.513686360121450,0,0.01,0,0,0,0,0,0,0,0,0,0
BA_pH6_0,3,5.869881,0,0.042221,0,0,0,0,0,0,0,0,0,0
BA_pH6_0,6,5.822391,0,0.063684,0,0,0,0,0,0,0,0,0,0
BA_pH6_0,9,5.837166,0,0.086101,0,0,0,0,0,0,0,0,0,0
BA_pH6_0,12,5.817408,0,0.081808,0,0,0,0,0,0,0,0,0,0
BA_pH6_0,24,5.611753,0,0.287855,0,0,0,0,0,0,0,0,0,0
BA_pH6_1,0,5.639998547641240,0,0.01,0,0,0,0,0,0,0,0,0,0
BA_pH6_1,3,5.821563,0,0.045559,0,0,0,0,0,0,0,0,0,0
BA_pH6_1,6,5.861228,0,0.064638,0,0,0,0,0,0,0,0,0,0
BA_pH6_1,9,5.862018,0,0.088009,0,0,0,0,0,0,0,0,0,0
BA_pH6_1,12,5.850885,0,0.101364,0,0,0,0,0,0,0,0,0,0
BA_pH6_1,24,5.675255,0,0.218696,0,0,0,0,0,0,0,0,0,0
BA_pH6_2,0,5.6085547447439600,0,0.01,0,0,0,0,0,0,0,0,0,0
BA_pH6_2,3,5.733375,0,0.044605,0,0,0,0,0,0,0,0,0,0
BA_pH6_2,6,5.872225,0,0.064161,0,0,0,0,0,0,0,0,0,0
BA_pH6_2,9,5.838792,0,0.082285,0,0,0,0,0,0,0,0,0,0
BA_pH6_2,12,5.855675,0,0.082285,0,0,0,0,0,0,0,0,0,0
BA_pH6_2,24,5.772936,0,0.172908,0,0,0,0,0,0,0,0,0,0
BA_pH7_0,0,6.496306327259450,0,0.01,0,0,0,0,0,0,0,0,0,0
BA_pH7_0,3,6.771329,0,0.034112,0,0,0,0,0,0,0,0,0,0
BA_pH7_0,6,6.888834,0,0.062253,0,0,0,0,0,0,0,0,0,0
BA_pH7_0,9,6.738567,0,0.053668,0,0,0,0,0,0,0,0,0,0
BA_pH7_0,12,6.902459,0,0.078947,0,0,0,0,0,0,0,0,0,0
BA_pH7_0,24,5.136862,0,3.859808,0,0,0,0,0,0,0,0,0,0
BA_pH7_1,0,6.515401071,0,0.01,0,0,0,0,0,0,0,0,0,0
BA_pH7_1,3,6.869283,0,0.035543,0,0,0,0,0,0,0,0,0,0
BA_pH7_1,6,6.933492,0,0.052237,0,0,0,0,0,0,0,0,0,0
BA_pH7_1,9,6.752373,0,0.056529,0,0,0,0,0,0,0,0,0,0
BA_pH7_1,12,6.919018,0,0.097071,0,0,0,0,0,0,0,0,0,0
BA_pH7_1,24,5.223918,0,4.072533,0,0,0,0,0,0,0,0,0,0
BA_pH7_2,0,6.511762529634510,0,0.01,0,0,0,0,0,0,0,0,0,0
BA_pH7_2,3,6.797428,0,0.036497,0,0,0,0,0,0,0,0,0,0
BA_pH7_2,6,6.915417,0,0.047944,0,0,0,0,0,0,0,0,0,0
BA_pH7_2,9,6.894172,0,0.050806,0,0,0,0,0,0,0,0,0,0
BA_pH7_2,12,6.904975,0,0.076085,0,0,0,0,0,0,0,0,0,0
BA_pH7_2,24,5.15903,0,3.866486,0,0,0,0,0,0,0,0,0,0
BA_pH8_0,0,6.933933920393860,0,0.01,0,0,0,0,0,0,0,0,0,0
BA_pH8_0,3,7.373634,0,0.010264,0,0,0,0,0,0,0,0,0,0
BA_pH8_0,6,7.434295,0,0.02505,0,0,0,0,0,0,0,0,0,0
BA_pH8_0,9,7.378849,0,0.040313,0,0,0,0,0,0,0,0,0,0
BA_pH8_0,12,7.331396,0,0.061299,0,0,0,0,0,0,0,0,0,0
BA_pH8_0,24,6.156255,0,3.776818,0,0,0,0,0,0,0,0,0,0
BA_pH8_1,0,7.013861601633540,0,0.01,0,0,0,0,0,0,0,0,0,0
BA_pH8_1,3,7.370358,0,0.015511,0,0,0,0,0,0,0,0,0,0
BA_pH8_1,6,7.410478,0,0.024096,0,0,0,0,0,0,0,0,0,0
BA_pH8_1,9,7.423273,0,0.043652,0,0,0,0,0,0,0,0,0,0
BA_pH8_1,12,7.246378,0,0.058437,0,0,0,0,0,0,0,0,0,0
BA_pH8_1,24,6.148988,0,3.883656,0,0,0,0,0,0,0,0,0,0
BA_pH8_2,0,7.021053946506450,0,0.01,0,0,0,0,0,0,0,0,0,0
BA_pH8_2,3,7.365355,0,0.022665,0,0,0,0,0,0,0,0,0,0
BA_pH8_2,6,7.431125,0,0.030297,0,0,0,0,0,0,0,0,0,0
BA_pH8_2,9,7.438058,0,0.045559,0,0,0,0,0,0,0,0,0,0
BA_pH8_2,12,7.303575,0,0.060822,0,0,0,0,0,0,0,0,0,0
BA_pH8_2,24,6.146739,0,3.843115,0,0,0,0,0,0,0,0,0,0
BA_pH9_0,0,7.2873567848561800,0,0.01,0,0,0,0,0,0,0,0,0,0
BA_pH9_0,3,7.613532,0,0.010741,0,0,0,0,0,0,0,0,0,0
BA_pH9_0,6,7.714645,0,0.018373,0,0,0,0,0,0,0,0,0,0
BA_pH9_0,9,7.632871,0,0.02982,0,0,0,0,0,0,0,0,0,0
BA_pH9_0,12,7.55607,0,0.031728,0,0,0,0,0,0,0,0,0,0
BA_pH9_0,24,7.350431,0,1.496949,0,0,0,0,0,0,0,0,0,0
BA_pH9_1,0,7.324768936745350,0,0.01,0,0,0,0,0,0,0,0,0,0
BA_pH9_1,3,7.597855,0,0.015511,0,0,0,0,0,0,0,0,0,0
BA_pH9_1,6,7.701468,0,0.016465,0,0,0,0,0,0,0,0,0,0
BA_pH9_1,9,7.593638,0,0.036974,0,0,0,0,0,0,0,0,0,0
BA_pH9_1,12,7.624956,0,0.041267,0,0,0,0,0,0,0,0,0,0
BA_pH9_1,24,7.412104,0,1.350522,0,0,0,0,0,0,0,0,0,0
BA_pH9_2,0,7.344359327949190,0,0.01,0,0,0,0,0,0,0,0,0,0
BA_pH9_2,3,7.6368,0,0.017896,0,0,0,0,0,0,0,0,0,0
BA_pH9_2,6,7.713686,0,0.014557,0,0,0,0,0,0,0,0,0,0
BA_pH9_2,9,7.583206,0,0.036974,0,0,0,0,0,0,0,0,0,0
BA_pH9_2,12,7.622917,0,0.034589,0,0,0,0,0,0,0,0,0,0
BA_pH9_2,24,7.491212,0,0.947014,0,0,0,0,0,0,0,0,0,0
BC_pH4_0,0,5.00323233,0,0,0.01,0,0,0,0,0,0,0,0,0
BC_pH4_0,3,5.020608,0,0,0.01,0,0,0,0,0,0,0,0,0
BC_pH4_0,6,5.011965,0,0,0.01,0,0,0,0,0,0,0,0,0
BC_pH4_0,9,5.014134,0,0,0.01,0,0,0,0,0,0,0,0,0
BC_pH4_0,12,5.014134,0,0,0.01,0,0,0,0,0,0,0,0,0
BC_pH4_0,24,5.014134,0,0,0.01,0,0,0,0,0,0,0,0,0
BC_pH4_1,0,5.00979026,0,0,0.01,0,0,0,0,0,0,0,0,0
BC_pH4_1,3,5.046015,0,0,0.01,0,0,0,0,0,0,0,0,0
BC_pH4_1,6,5.029162,0,0,0.01,0,0,0,0,0,0,0,0,0
BC_pH4_1,9,5.064579,0,0,0.01,0,0,0,0,0,0,0,0,0
BC_pH4_1,12,5.00761,0,0,0.01,0,0,0,0,0,0,0,0,0
BC_pH4_1,24,5.052249,0,0,0.043652,0,0,0,0,0,0,0,0,0
BC_pH4_2,0,5.01413393,0,0,0.01,0,0,0,0,0,0,0,0,0
BC_pH4_2,3,5.031288,0,0,0.011695,0,0,0,0,0,0,0,0,0
BC_pH4_2,6,5.00979,0,0,0.01,0,0,0,0,0,0,0,0,0
BC_pH4_2,9,5.035522,0,0,0.01,0,0,0,0,0,0,0,0,0
BC_pH4_2,12,5.050176,0,0,0.01,0,0,0,0,0,0,0,0,0
BC_pH4_2,24,5.08871,0,0,0.01,0,0,0,0,0,0,0,0,0
BC_pH5_0,0,5.16809693,0,0,0.01,0,0,0,0,0,0,0,0,0
BC_pH5_0,3,5.171696,0,0,0.01,0,0,0,0,0,0,0,0,0
BC_pH5_0,6,5.153542,0,0,0.01,0,0,0,0,0,0,0,0,0
BC_pH5_0,9,5.228966,0,0,0.01,0,0,0,0,0,0,0,0,0
BC_pH5_0,12,5.157205,0,0,0.01,0,0,0,0,0,0,0,0,0
BC_pH5_0,24,5.15903,0,0,0.01,0,0,0,0,0,0,0,0,0
BC_pH5_1,0,5.08473587,0,0,0.01,0,0,0,0,0,0,0,0,0
BC_pH5_1,3,5.148019,0,0,0.01,0,0,0,0,0,0,0,0,0
BC_pH5_1,6,5.142459,0,0,0.01,0,0,0,0,0,0,0,0,0
BC_pH5_1,9,5.144316,0,0,0.01,0,0,0,0,0,0,0,0,0
BC_pH5_1,12,5.14617,0,0,0.01,0,0,0,0,0,0,0,0,0
BC_pH5_1,24,5.164482,0,0,0.01,0,0,0,0,0,0,0,0,0
BC_pH5_2,0,5.13122697,0,0,0.01,0,0,0,0,0,0,0,0,0
BC_pH5_2,3,5.136862,0,0,0.01,0,0,0,0,0,0,0,0,0
BC_pH5_2,6,5.138732,0,0,0.01,0,0,0,0,0,0,0,0,0
BC_pH5_2,9,5.134988,0,0,0.01,0,0,0,0,0,0,0,0,0
BC_pH5_2,12,5.133109,0,0,0.01,0,0,0,0,0,0,0,0,0
BC_pH5_2,24,5.12934,0,0,0.01,0,0,0,0,0,0,0,0,0
BC_pH6_0,0,5.51368636,0,0,0.01,0,0,0,0,0,0,0,0,0
BC_pH6_0,3,5.902876,0,0,0.043175,0,0,0,0,0,0,0,0,0
BC_pH6_0,6,5.869098,0,0,0.049852,0,0,0,0,0,0,0,0,0
BC_pH6_0,9,5.901369,0,0,0.052714,0,0,0,0,0,0,0,0,0
BC_pH6_0,12,5.894558,0,0,0.065115,0,0,0,0,0,0,0,0,0
BC_pH6_0,24,5.581422,0,0,0.840175,0,0,0,0,0,0,0,0,0
BC_pH6_1,0,5.63999855,0,0,0.01,0,0,0,0,0,0,0,0,0
BC_pH6_1,3,5.872225,0,0,0.046036,0,0,0,0,0,0,0,0,0
BC_pH6_1,6,5.868314,0,0,0.051283,0,0,0,0,0,0,0,0,0
BC_pH6_1,9,5.919269,0,0,0.058914,0,0,0,0,0,0,0,0,0
BC_pH6_1,12,5.872225,0,0,0.072269,0,0,0,0,0,0,0,0,0
BC_pH6_1,24,5.662332,0,0,0.684686,0,0,0,0,0,0,0,0,0
BC_pH6_2,0,5.60855474,0,0,0.01,0,0,0,0,0,0,0,0,0
BC_pH6_2,3,5.861228,0,0,0.048421,0,0,0,0,0,0,0,0,0
BC_pH6_2,6,5.868314,0,0,0.049375,0,0,0,0,0,0,0,0,0
BC_pH6_2,9,5.902876,0,0,0.057483,0,0,0,0,0,0,0,0,0
BC_pH6_2,12,5.844457,0,0,0.072269,0,0,0,0,0,0,0,0,0
BC_pH6_2,24,5.629647,0,0,0.609326,0,0,0,0,0,0,0,0,0
BC_pH7_0,0,6.49630633,0,0,0.01,0,0,0,0,0,0,0,0,0
BC_pH7_0,3,6.893014,0,0,0.030297,0,0,0,0,0,0,0,0,0
BC_pH7_0,6,6.882993,0,0,0.048421,0,0,0,0,0,0,0,0,0
BC_pH7_0,9,6.902917,0,0,0.092301,0,0,0,0,0,0,0,0,0
BC_pH7_0,12,6.924392,0,0,0.18674,0,0,0,0,0,0,0,0,0
BC_pH7_0,24,6.752921,0,0,2.927829,0,0,0,0,0,0,0,0,0
BC_pH7_1,0,6.51540107,0,0,0.01,0,0,0,0,0,0,0,0,0
BC_pH7_1,3,6.907028,0,0,0.034589,0,0,0,0,0,0,0,0,0
BC_pH7_1,6,6.899016,0,0,0.057483,0,0,0,0,0,0,0,0,0
BC_pH7_1,9,6.904975,0,0,0.104702,0,0,0,0,0,0,0,0,0
BC_pH7_1,12,6.928399,0,0,0.193894,0,0,0,0,0,0,0,0,0
BC_pH7_1,24,6.393727,0,0,2.629252,0,0,0,0,0,0,0,0,0
BC_pH7_2,0,6.51176253,0,0,0.01,0,0,0,0,0,0,0,0,0
BC_pH7_2,3,6.847802,0,0,0.033158,0,0,0,0,0,0,0,0,0
BC_pH7_2,6,6.921485,0,0,0.05176,0,0,0,0,0,0,0,0,0
BC_pH7_2,9,6.923051,0,0,0.098025,0,0,0,0,0,0,0,0,0
BC_pH7_2,12,6.932167,0,0,0.18197,0,0,0,0,0,0,0,0,0
BC_pH7_2,24,6.394985,0,0,2.50238,0,0,0,0,0,0,0,0,0
BC_pH8_0,0,6.93393392,0,0,0.01,0,0,0,0,0,0,0,0,0
BC_pH8_0,3,7.388926,0,0,0.01885,0,0,0,0,0,0,0,0,0
BC_pH8_0,6,7.410729,0,0,0.042698,0,0,0,0,0,0,0,0,0
BC_pH8_0,9,7.417831,0,0,0.055099,0,0,0,0,0,0,0,0,0
BC_pH8_0,12,7.473284,0,0,0.088486,0,0,0,0,0,0,0,0,0
BC_pH8_0,24,7.396596,0,0,0.489132,0,0,0,0,0,0,0,0,0
BC_pH8_1,0,7.0138616,0,0,0.01,0,0,0,0,0,0,0,0,0
BC_pH8_1,3,7.375854,0,0,0.023142,0,0,0,0,0,0,0,0,0
BC_pH8_1,6,7.424874,0,0,0.03602,0,0,0,0,0,0,0,0,0
BC_pH8_1,9,7.43721,0,0,0.061299,0,0,0,0,0,0,0,0,0
BC_pH8_1,12,7.443732,0,0,0.080377,0,0,0,0,0,0,0,0,0
BC_pH8_1,24,7.39443,0,0,0.419973,0,0,0,0,0,0,0,0,0
BC_pH8_2,0,7.02105395,0,0,0.01,0,0,0,0,0,0,0,0,0
BC_pH8_2,3,7.410729,0,0,0.020757,0,0,0,0,0,0,0,0,0
BC_pH8_2,6,7.445655,0,0,0.034112,0,0,0,0,0,0,0,0,0
BC_pH8_2,9,7.436967,0,0,0.054145,0,0,0,0,0,0,0,0,0
BC_pH8_2,12,7.449607,0,0,0.08467,0,0,0,0,0,0,0,0,0
BC_pH8_2,24,7.414599,0,0,0.423789,0,0,0,0,0,0,0,0,0
BC_pH9_0,0,7.28735678,0,0,0.01,0,0,0,0,0,0,0,0,0
BC_pH9_0,3,7.66879,0,0,0.010741,0,0,0,0,0,0,0,0,0
BC_pH9_0,6,7.690058,0,0,0.03602,0,0,0,0,0,0,0,0,0
BC_pH9_0,9,7.727619,0,0,0.071792,0,0,0,0,0,0,0,0,0
BC_pH9_0,12,7.651304,0,0,0.144767,0,0,0,0,0,0,0,0,0
BC_pH9_0,24,7.681035,0,0,1.028097,0,0,0,0,0,0,0,0,0
BC_pH9_1,0,7.32476894,0,0,0.01,0,0,0,0,0,0,0,0,0
BC_pH9_1,3,7.669158,0,0,0.01408,0,0,0,0,0,0,0,0,0
BC_pH9_1,6,7.695961,0,0,0.04079,0,0,0,0,0,0,0,0,0
BC_pH9_1,9,7.720984,0,0,0.099933,0,0,0,0,0,0,0,0,0
BC_pH9_1,12,7.722713,0,0,0.171,0,0,0,0,0,0,0,0,0
BC_pH9_1,24,7.603545,0,0,1.193125,0,0,0,0,0,0,0,0,0
BC_pH9_2,0,7.34435933,0,0,0.01,0,0,0,0,0,0,0,0,0
BC_pH9_2,3,7.568919,0,0,0.015034,0,0,0,0,0,0,0,0,0
BC_pH9_2,6,7.694177,0,0,0.036497,0,0,0,0,0,0,0,0,0
BC_pH9_2,9,7.7065,0,0,0.077516,0,0,0,0,0,0,0,0,0
BC_pH9_2,12,7.682848,0,0,0.202479,0,0,0,0,0,0,0,0,0
BC_pH9_2,24,7.623306,0,0,1.051945,0,0,0,0,0,0,0,0,0
BL_pH4_0,0,5.00323233,0,0,0,0.01,0,0,0,0,0,0,0,0
BL_pH4_0,3,4.992187469157310,0,0,0,0.01,0,0,0,0,0,0,0,0
BL_pH4_0,6,5.228966,0,0,0,0.01,0,0,0,0,0,0,0,0
BL_pH4_0,9,4.998832,0,0,0,0.01,0,0,0,0,0,0,0,0
BL_pH4_0,12,5.037631,0,0,0,0.01,0,0,0,0,0,0,0,0
BL_pH4_0,24,5.033407,0,0,0,0.01885,0,0,0,0,0,0,0,0
BL_pH4_1,0,5.00979026,0,0,0,0.01,0,0,0,0,0,0,0,0
BL_pH4_1,3,5.0686492775508700,0,0,0,0.01,0,0,0,0,0,0,0,0
BL_pH4_1,6,5.138732,0,0,0,0.01,0,0,0,0,0,0,0,0
BL_pH4_1,9,5.054316,0,0,0,0.01,0,0,0,0,0,0,0,0
BL_pH4_1,12,5.0466853333333300,0,0,0,0.010741,0,0,0,0,0,0,0,0
BL_pH4_1,24,5.166291,0,0,0,0.035066,0,0,0,0,0,0,0,0
BL_pH4_2,0,5.01413393,0,0,0,0.01,0,0,0,0,0,0,0,0
BL_pH4_2,3,5.022754503666320,0,0,0,0.01,0,0,0,0,0,0,0,0
BL_pH4_2,6,5.070677,0,0,0,0.01,0,0,0,0,0,0,0,0
BL_pH4_2,9,5.046015,0,0,0,0.01,0,0,0,0,0,0,0,0
BL_pH4_2,12,5.050176,0,0,0,0.01,0,0,0,0,0,0,0,0
BL_pH4_2,24,5.078739,0,0,0,0.038882,0,0,0,0,0,0,0,0
BL_pH5_0,0,5.16809693,0,0,0,0.01,0,0,0,0,0,0,0,0
BL_pH5_0,3,5.125554330224290,0,0,0,0.011218,0,0,0,0,0,0,0,0
BL_pH5_0,6,5.127449,0,0,0,0.027435,0,0,0,0,0,0,0,0
BL_pH5_0,9,5.112167,0,0,0,0.064638,0,0,0,0,0,0,0,0
BL_pH5_0,12,5.125554,0,0,0,0.162892,0,0,0,0,0,0,0,0
BL_pH5_0,24,5.353482,0,0,0,1.354814,0,0,0,0,0,0,0,0
BL_pH5_1,0,5.08473587,0,0,0,0.01,0,0,0,0,0,0,0,0
BL_pH5_1,3,5.125554330224290,0,0,0,0.01,0,0,0,0,0,0,0,0
BL_pH5_1,6,5.127449,0,0,0,0.028866,0,0,0,0,0,0,0,0
BL_pH5_1,9,5.114093,0,0,0,0.08467,0,0,0,0,0,0,0,0
BL_pH5_1,12,5.116014,0,0,0,0.172908,0,0,0,0,0,0,0,0
BL_pH5_1,24,5.347675,0,0,0,1.400603,0,0,0,0,0,0,0,0
BL_pH5_2,0,5.13122697,0,0,0,0.01,0,0,0,0,0,0,0,0
BL_pH5_2,3,5.112167231391700,0,0,0,0.01,0,0,0,0,0,0,0,0
BL_pH5_2,6,5.117931,0,0,0,0.028866,0,0,0,0,0,0,0,0
BL_pH5_2,9,5.116014,0,0,0,0.077516,0,0,0,0,0,0,0,0
BL_pH5_2,12,5.096602,0,0,0,0.172908,0,0,0,0,0,0,0,0
BL_pH5_2,24,5.290415,0,0,0,1.397264,0,0,0,0,0,0,0,0
BL_pH6_0,0,5.51368636,0,0,0,0.01,0,0,0,0,0,0,0,0
BL_pH6_0,3,5.7920387903292800,0,0,0,0.058914,0,0,0,0,0,0,0,0
BL_pH6_0,6,5.847677,0,0,0,0.071792,0,0,0,0,0,0,0,0
BL_pH6_0,9,5.867529,0,0,0,0.102318,0,0,0,0,0,0,0,0
BL_pH6_0,12,5.828168,0,0,0,0.123304,0,0,0,0,0,0,0,0
BL_pH6_0,24,5.039735,0,0,0,2.668839,0,0,0,0,0,0,0,0
BL_pH6_1,0,5.63999855,0,0,0,0.01,0,0,0,0,0,0,0,0
BL_pH6_1,3,5.822391083954400,0,0,0,0.070838,0,0,0,0,0,0,0,0
BL_pH6_1,6,5.873784,0,0,0,0.090394,0,0,0,0,0,0,0,0
BL_pH6_1,9,5.838792,0,0,0,0.102318,0,0,0,0,0,0,0,0
BL_pH6_1,12,5.834721,0,0,0,0.137613,0,0,0,0,0,0,0,0
BL_pH6_1,24,5.108303,0,0,0,2.667408,0,0,0,0,0,0,0,0
BL_pH6_2,0,5.60855474,0,0,0,0.01,0,0,0,0,0,0,0,0
BL_pH6_2,3,5.806508505662670,0,0,0,0.061299,0,0,0,0,0,0,0,0
BL_pH6_2,6,5.886924,0,0,0,0.086101,0,0,0,0,0,0,0,0
BL_pH6_2,9,5.846873,0,0,0,0.108995,0,0,0,0,0,0,0,0
BL_pH6_2,12,5.847677,0,0,0,0.134751,0,0,0,0,0,0,0,0
BL_pH6_2,24,5.20859,0,0,0,2.700796,0,0,0,0,0,0,0,0
BL_pH7_0,0,6.49630633,0,0,0,0.01,0,0,0,0,0,0,0,0
BL_pH7_0,3,6.724247331513530,0,0,0,0.049375,0,0,0,0,0,0,0,0
BL_pH7_0,6,6.916769,0,0,0,0.050806,0,0,0,0,0,0,0,0
BL_pH7_0,9,6.904975,0,0,0,0.058437,0,0,0,0,0,0,0,0
BL_pH7_0,12,6.873799,0,0,0,0.077039,0,0,0,0,0,0,0,0
BL_pH7_0,24,6.222074,0,0,0,1.962939,0,0,0,0,0,0,0,0
BL_pH7_1,0,6.51540107,0,0,0,0.01,0,0,0,0,0,0,0,0
BL_pH7_1,3,6.7854016280134600,0,0,0,0.044605,0,0,0,0,0,0,0,0
BL_pH7_1,6,6.904518,0,0,0,0.053668,0,0,0,0,0,0,0,0
BL_pH7_1,9,6.87451,0,0,0,0.057006,0,0,0,0,0,0,0,0
BL_pH7_1,12,6.88135,0,0,0,0.087055,0,0,0,0,0,0,0,0
BL_pH7_1,24,6.261782,0,0,0,1.900934,0,0,0,0,0,0,0,0
BL_pH7_2,0,6.51176253,0,0,0,0.01,0,0,0,0,0,0,0,0
BL_pH7_2,3,6.734660540569450,0,0,0,0.045559,0,0,0,0,0,0,0,0
BL_pH7_2,6,6.921709,0,0,0,0.057006,0,0,0,0,0,0,0,0
BL_pH7_2,9,6.909758,0,0,0,0.059868,0,0,0,0,0,0,0,0
BL_pH7_2,12,6.889532,0,0,0,0.09564,0,0,0,0,0,0,0,0
BL_pH7_2,24,6.062115,0,0,0,2.234806,0,0,0,0,0,0,0,0
BL_pH8_0,0,6.93393392,0,0,0,0.01,0,0,0,0,0,0,0,0
BL_pH8_0,3,7.381185134927560,0,0,0,0.030297,0,0,0,0,0,0,0,0
BL_pH8_0,6,7.442528,0,0,0,0.039836,0,0,0,0,0,0,0,0
BL_pH8_0,9,7.381574,0,0,0,0.052714,0,0,0,0,0,0,0,0
BL_pH8_0,12,7.416589,0,0,0,0.060345,0,0,0,0,0,0,0,0
BL_pH8_0,24,7.420309,0,0,0,0.124258,0,0,0,0,0,0,0,0
BL_pH8_1,0,7.0138616,0,0,0,0.01,0,0,0,0,0,0,0,0
BL_pH8_1,3,7.352981283494650,0,0,0,0.031251,0,0,0,0,0,0,0,0
BL_pH8_1,6,7.417955,0,0,0,0.050806,0,0,0,0,0,0,0,0
BL_pH8_1,9,7.380277,0,0,0,0.052714,0,0,0,0,0,0,0,0
BL_pH8_1,12,7.402176,0,0,0,0.076562,0,0,0,0,0,0,0,0
BL_pH8_1,24,7.556281,0,0,0,0.14444933333333300,0,0,0,0,0,0,0,0
BL_pH8_2,0,7.02105395,0,0,0,0.01,0,0,0,0,0,0,0,0
BL_pH8_2,3,7.347737816,0,0,0,0.035066,0,0,0,0,0,0,0,0
BL_pH8_2,6,7.437331,0,0,0,0.044605,0,0,0,0,0,0,0,0
BL_pH8_2,9,7.358459,0,0,0,0.054622,0,0,0,0,0,0,0,0
BL_pH8_2,12,7.387641,0,0,0,0.059868,0,0,0,0,0,0,0,0
BL_pH8_2,24,7.441443,0,0,0,0.146198,0,0,0,0,0,0,0,0
BL_pH9_0,0,7.28735678,0,0,0,0.01,0,0,0,0,0,0,0,0
BL_pH9_0,3,7.568711317397530,0,0,0,0.026004,0,0,0,0,0,0,0,0
BL_pH9_0,6,7.646687,0,0,0,0.029343,0,0,0,0,0,0,0,0
BL_pH9_0,9,7.658976,0,0,0,0.034589,0,0,0,0,0,0,0,0
BL_pH9_0,12,7.68916,0,0,0,0.033635,0,0,0,0,0,0,0,0
BL_pH9_0,24,7.687362,0,0,0,0.049375,0,0,0,0,0,0,0,0
BL_pH9_1,0,7.32476894,0,0,0,0.01,0,0,0,0,0,0,0,0
BL_pH9_1,3,7.574600878101680,0,0,0,0.033635,0,0,0,0,0,0,0,0
BL_pH9_1,6,7.688891,0,0,0,0.038405,0,0,0,0,0,0,0,0
BL_pH9_1,9,7.619801,0,0,0,0.044128,0,0,0,0,0,0,0,0
BL_pH9_1,12,7.630658,0,0,0,0.038882,0,0,0,0,0,0,0,0
BL_pH9_1,24,7.693194,0,0,0,0.104702,0,0,0,0,0,0,0,0
BL_pH9_2,0,7.34435933,0,0,0,0.01,0,0,0,0,0,0,0,0
BL_pH9_2,3,7.472470848534790,0,0,0,0.030297,0,0,0,0,0,0,0,0
BL_pH9_2,6,7.693373,0,0,0,0.040313,0,0,0,0,0,0,0,0
BL_pH9_2,9,7.598156,0,0,0,0.04079,0,0,0,0,0,0,0,0
BL_pH9_2,12,7.625828,0,0,0,0.036974,0,0,0,0,0,0,0,0
BL_pH9_2,24,7.698808,0,0,0,0.055576,0,0,0,0,0,0,0,0
BT_pH4_0,0,5.00323233,0,0,0,0,0.01,0,0,0,0,0,0,0
BT_pH4_0,3,5.037631,0,0,0,0,0.01,0,0,0,0,0,0,0
BT_pH4_0,6,5.031288,0,0,0,0,0.01,0,0,0,0,0,0,0
BT_pH4_0,9,5.00979,0,0,0,0,0.01,0,0,0,0,0,0,0
BT_pH4_0,12,5.043927,0,0,0,0,0.026481,0,0,0,0,0,0,0
BT_pH4_0,24,5.060489,0,0,0,0,0.01,0,0,0,0,0,0,0
BT_pH4_1,0,5.00979026,0,0,0,0,0.01,0,0,0,0,0,0,0
BT_pH4_1,3,5.052249,0,0,0,0,0.01,0,0,0,0,0,0,0
BT_pH4_1,6,5.0727,0,0,0,0,0.01,0,0,0,0,0,0,0
BT_pH4_1,9,5.029162,0,0,0,0,0.01,0,0,0,0,0,0,0
BT_pH4_1,12,5.016297,0,0,0,0,0.023142,0,0,0,0,0,0,0
BT_pH4_1,24,5.024896,0,0,0,0,0.01,0,0,0,0,0,0,0
BT_pH4_2,0,5.01413393,0,0,0,0,0.01,0,0,0,0,0,0,0
BT_pH4_2,3,5.039735,0,0,0,0,0.01,0,0,0,0,0,0,0
BT_pH4_2,6,5.086725,0,0,0,0,0.01,0,0,0,0,0,0,0
BT_pH4_2,9,5.035522,0,0,0,0,0.01,0,0,0,0,0,0,0
BT_pH4_2,12,5.035522,0,0,0,0,0.01,0,0,0,0,0,0,0
BT_pH4_2,24,5.033407,0,0,0,0,0.01,0,0,0,0,0,0,0
BT_pH5_0,0,5.16809693,0,0,0,0,0.01,0,0,0,0,0,0,0
BT_pH5_0,3,5.136862,0,0,0,0,0.01,0,0,0,0,0,0,0
BT_pH5_0,6,5.116014,0,0,0,0,0.01,0,0,0,0,0,0,0
BT_pH5_0,9,5.140597,0,0,0,0,0.01,0,0,0,0,0,0,0
BT_pH5_0,12,5.144316,0,0,0,0,0.01,0,0,0,0,0,0,0
BT_pH5_0,24,5.138732,0,0,0,0,0.032204,0,0,0,0,0,0,0
BT_pH5_1,0,5.08473587,0,0,0,0,0.01,0,0,0,0,0,0,0
BT_pH5_1,3,5.134988,0,0,0,0,0.01,0,0,0,0,0,0,0
BT_pH5_1,6,5.125554,0,0,0,0,0.01,0,0,0,0,0,0,0
BT_pH5_1,9,5.117931,0,0,0,0,0.01,0,0,0,0,0,0,0
BT_pH5_1,12,5.142459,0,0,0,0,0.01,0,0,0,0,0,0,0
BT_pH5_1,24,5.106364,0,0,0,0,0.018373,0,0,0,0,0,0,0
BT_pH5_2,0,5.13122697,0,0,0,0,0.01,0,0,0,0,0,0,0
BT_pH5_2,3,5.134988,0,0,0,0,0.01,0,0,0,0,0,0,0
BT_pH5_2,6,5.245578,0,0,0,0,0.01,0,0,0,0,0,0,0
BT_pH5_2,9,5.136862,0,0,0,0,0.01,0,0,0,0,0,0,0
BT_pH5_2,12,5.144316,0,0,0,0,0.01,0,0,0,0,0,0,0
BT_pH5_2,24,5.127449,0,0,0,0,0.013603,0,0,0,0,0,0,0
BT_pH6_0,0,5.51368636,0,0,0,0,0.01,0,0,0,0,0,0,0
BT_pH6_0,3,5.862808,0,0,0,0,0.075608,0,0,0,0,0,0,0
BT_pH6_0,6,5.854878,0,0,0,0,0.169092,0,0,0,0,0,0,0
BT_pH6_0,9,5.82899,0,0,0,0,0.305026,0,0,0,0,0,0,0
BT_pH6_0,12,5.824046,0,0,0,0,0.412342,0,0,0,0,0,0,0
BT_pH6_0,24,5.28729,0,0,0,0,1.603311,0,0,0,0,0,0,0
BT_pH6_1,0,5.63999855,0,0,0,0,0.01,0,0,0,0,0,0,0
BT_pH6_1,3,5.773813,0,0,0,0,0.080854,0,0,0,0,0,0,0
BT_pH6_1,6,5.854081,0,0,0,0,0.179108,0,0,0,0,0,0,0
BT_pH6_1,9,5.826521,0,0,0,0,0.305026,0,0,0,0,0,0,0
BT_pH6_1,12,5.81574,0,0,0,0,0.428558,0,0,0,0,0,0,0
BT_pH6_1,24,5.21373,0,0,0,0,1.567062,0,0,0,0,0,0,0
BT_pH6_2,0,5.60855474,0,0,0,0,0.01,0,0,0,0,0,0,0
BT_pH6_2,3,5.80058,0,0,0,0,0.076085,0,0,0,0,0,0,0
BT_pH6_2,6,5.844457,0,0,0,0,0.18197,0,0,0,0,0,0,0
BT_pH6_2,9,5.842034,0,0,0,0,0.339844,0,0,0,0,0,0,0
BT_pH6_2,12,5.816574,0,0,0,0,0.443344,0,0,0,0,0,0,0
BT_pH6_2,24,5.277846,0,0,0,0,1.585186,0,0,0,0,0,0,0
BT_pH7_0,0,6.49630633,0,0,0,0,0.01,0,0,0,0,0,0,0
BT_pH7_0,3,6.568851,0,0,0,0,0.09564,0,0,0,0,0,0,0
BT_pH7_0,6,6.902688,0,0,0,0,0.277839,0,0,0,0,0,0,0
BT_pH7_0,9,6.819207,0,0,0,0,0.443821,0,0,0,0,0,0,0
BT_pH7_0,12,6.792742,0,0,0,0,0.881193,0,0,0,0,0,0,0
BT_pH7_0,24,5.321038,0,0,0,0,3.934214,0,0,0,0,0,0,0
BT_pH7_1,0,6.51540107,0,0,0,0,0.01,0,0,0,0,0,0,0
BT_pH7_1,3,6.587384,0,0,0,0,0.103748,0,0,0,0,0,0,0
BT_pH7_1,6,6.904518,0,0,0,0,0.231574,0,0,0,0,0,0,0
BT_pH7_1,9,6.811074,0,0,0,0,0.460038,0,0,0,0,0,0,0
BT_pH7_1,12,6.683041,0,0,0,0,0.902657,0,0,0,0,0,0,0
BT_pH7_1,24,5.296629,0,0,0,0,3.857424,0,0,0,0,0,0,0
BT_pH7_2,0,6.51176253,0,0,0,0,0.01,0,0,0,0,0,0,0
BT_pH7_2,3,6.666825,0,0,0,0,0.087055,0,0,0,0,0,0,0
BT_pH7_2,6,6.900165,0,0,0,0,0.238728,0,0,0,0,0,0,0
BT_pH7_2,9,6.732139,0,0,0,0,0.460515,0,0,0,0,0,0,0
BT_pH7_2,12,6.709967,0,0,0,0,0.90361,0,0,0,0,0,0,0
BT_pH7_2,24,5.316515,0,0,0,0,3.880795,0,0,0,0,0,0,0
BT_pH8_0,0,6.93393392,0,0,0,0,0.01,0,0,0,0,0,0,0
BT_pH8_0,3,7.327536,0,0,0,0,0.048898,0,0,0,0,0,0,0
BT_pH8_0,6,7.389824,0,0,0,0,0.097071,0,0,0,0,0,0,0
BT_pH8_0,9,7.349758,0,0,0,0,0.148106,0,0,0,0,0,0,0
BT_pH8_0,12,7.201534,0,0,0,0,0.219173,0,0,0,0,0,0,0
BT_pH8_0,24,7.375463,0,0,0,0,0.553999,0,0,0,0,0,0,0
BT_pH8_1,0,7.0138616,0,0,0,0,0.01,0,0,0,0,0,0,0
BT_pH8_1,3,7.336605,0,0,0,0,0.052714,0,0,0,0,0,0,0
BT_pH8_1,6,7.405457,0,0,0,0,0.104225,0,0,0,0,0,0,0
BT_pH8_1,9,7.368255,0,0,0,0,0.175769,0,0,0,0,0,0,0
BT_pH8_1,12,7.25606,0,0,0,0,0.235866,0,0,0,0,0,0,0
BT_pH8_1,24,7.279933,0,0,0,0,0.619342,0,0,0,0,0,0,0
BT_pH8_2,0,7.02105395,0,0,0,0,0.01,0,0,0,0,0,0,0
BT_pH8_2,3,7.203778,0,0,0,0,0.070838,0,0,0,0,0,0,0
BT_pH8_2,6,7.430759,0,0,0,0,0.101364,0,0,0,0,0,0,0
BT_pH8_2,9,7.3639,0,0,0,0,0.164799,0,0,0,0,0,0,0
BT_pH8_2,12,7.330983,0,0,0,0,0.224419,0,0,0,0,0,0,0
BT_pH8_2,24,7.359656,0,0,0,0,0.602649,0,0,0,0,0,0,0
BT_pH9_0,0,7.28735678,0,0,0,0,0.01,0,0,0,0,0,0,0
BT_pH9_0,3,7.495182,0,0,0,0,0.056529,0,0,0,0,0,0,0
BT_pH9_0,6,7.690238,0,0,0,0,0.148106,0,0,0,0,0,0,0
BT_pH9_0,9,7.576658,0,0,0,0,0.331258,0,0,0,0,0,0,0
BT_pH9_0,12,7.508765,0,0,0,0,0.492471,0,0,0,0,0,0,0
BT_pH9_0,24,7.57192,0,0,0,0,1.106795,0,0,0,0,0,0,0
BT_pH9_1,0,7.32476894,0,0,0,0,0.01,0,0,0,0,0,0,0
BT_pH9_1,3,7.362444,0,0,0,0,0.047944,0,0,0,0,0,0,0
BT_pH9_1,6,7.597655,0,0,0,0,0.150014,0,0,0,0,0,0,0
BT_pH9_1,9,7.61941,0,0,0,0,0.275931,0,0,0,0,0,0,0
BT_pH9_1,12,7.479994,0,0,0,0,0.366553,0,0,0,0,0,0,0
BT_pH9_1,24,7.397359,0,0,0,0,0.736197,0,0,0,0,0,0,0
BT_pH9_2,0,7.34435933,0,0,0,0,0.01,0,0,0,0,0,0,0
BT_pH9_2,3,7.444333,0,0,0,0,0.058437,0,0,0,0,0,0,0
BT_pH9_2,6,7.663434,0,0,0,0,0.157168,0,0,0,0,0,0,0
BT_pH9_2,9,7.591522,0,0,0,0,0.284993,0,0,0,0,0,0,0
BT_pH9_2,12,7.472936,0,0,0,0,0.390878,0,0,0,0,0,0,0
BT_pH9_2,24,7.626022,0,0,0,0,0.683732,0,0,0,0,0,0,0
BV_pH4_0,0,5.00323233,0,0,0,0,0,0.01,0,0,0,0,0,0
BV_pH4_0,3,5.033407,0,0,0,0,0,0.01,0,0,0,0,0,0
BV_pH4_0,6,5.043927,0,0,0,0,0,0.01,0,0,0,0,0,0
BV_pH4_0,9,5.048098,0,0,0,0,0,0.01,0,0,0,0,0,0
BV_pH4_0,12,4.976477,0,0,0,0,0,0.01,0,0,0,0,0,0
BV_pH4_0,24,5.005424,0,0,0,0,0,0.01,0,0,0,0,0,0
BV_pH4_1,0,5.00979026,0,0,0,0,0,0.01,0,0,0,0,0,0
BV_pH4_1,3,5.001035,0,0,0,0,0,0.01,0,0,0,0,0,0
BV_pH4_1,6,5.022755,0,0,0,0,0,0.01,0,0,0,0,0,0
BV_pH4_1,9,5.003232,0,0,0,0,0,0.01,0,0,0,0,0,0
BV_pH4_1,12,5.029162,0,0,0,0,0,0.01,0,0,0,0,0,0
BV_pH4_1,24,5.00761,0,0,0,0,0,0.01,0,0,0,0,0,0
BV_pH4_2,0,5.01413393,0,0,0,0,0,0.01,0,0,0,0,0,0
BV_pH4_2,3,5.029162,0,0,0,0,0,0.01,0,0,0,0,0,0
BV_pH4_2,6,5.046015,0,0,0,0,0,0.01,0,0,0,0,0,0
BV_pH4_2,9,5.018455,0,0,0,0,0,0.01,0,0,0,0,0,0
BV_pH4_2,12,4.987729,0,0,0,0,0,0.01,0,0,0,0,0,0
BV_pH4_2,24,5.027032,0,0,0,0,0,0.01,0,0,0,0,0,0
BV_pH5_0,0,5.16809693,0,0,0,0,0,0.01,0,0,0,0,0,0
BV_pH5_0,3,5.157205,0,0,0,0,0,0.01,0,0,0,0,0,0
BV_pH5_0,6,5.114093,0,0,0,0,0,0.01,0,0,0,0,0,0
BV_pH5_0,9,5.148019,0,0,0,0,0,0.01,0,0,0,0,0,0
BV_pH5_0,12,5.133109,0,0,0,0,0,0.01,0,0,0,0,0,0
BV_pH5_0,24,5.134988,0,0,0,0,0,0.01,0,0,0,0,0,0
BV_pH5_1,0,5.08473587,0,0,0,0,0,0.01,0,0,0,0,0,0
BV_pH5_1,3,5.153542,0,0,0,0,0,0.01,0,0,0,0,0,0
BV_pH5_1,6,5.116014,0,0,0,0,0,0.01,0,0,0,0,0,0
BV_pH5_1,9,5.131227,0,0,0,0,0,0.01,0,0,0,0,0,0
BV_pH5_1,12,5.121751,0,0,0,0,0,0.01,0,0,0,0,0,0
BV_pH5_1,24,5.12934,0,0,0,0,0,0.034112,0,0,0,0,0,0
BV_pH5_2,0,5.13122697,0,0,0,0,0,0.01,0,0,0,0,0,0
BV_pH5_2,3,5.162669,0,0,0,0,0,0.01,0,0,0,0,0,0
BV_pH5_2,6,5.169899,0,0,0,0,0,0.01,0,0,0,0,0,0
BV_pH5_2,9,5.177067,0,0,0,0,0,0.01,0,0,0,0,0,0
BV_pH5_2,12,5.17885,0,0,0,0,0,0.01,0,0,0,0,0,0
BV_pH5_2,24,5.168097,0,0,0,0,0,0.01,0,0,0,0,0,0
BV_pH6_0,0,5.51368636,0,0,0,0,0,0.01,0,0,0,0,0,0
BV_pH6_0,3,5.844457,0,0,0,0,0,0.04079,0,0,0,0,0,0
BV_pH6_0,6,5.824046,0,0,0,0,0,0.061299,0,0,0,0,0,0
BV_pH6_0,9,5.872225,0,0,0,0,0,0.057006,0,0,0,0,0,0
BV_pH6_0,12,5.867529,0,0,0,0,0,0.060822,0,0,0,0,0,0
BV_pH6_0,24,5.349131,0,0,0,0,0,1.38534,0,0,0,0,0,0
BV_pH6_1,0,5.63999855,0,0,0,0,0,0.01,0,0,0,0,0,0
BV_pH6_1,3,5.865172,0,0,0,0,0,0.05176,0,0,0,0,0,0
BV_pH6_1,6,5.890749,0,0,0,0,0,0.058914,0,0,0,0,0,0
BV_pH6_1,9,5.90588,0,0,0,0,0,0.083239,0,0,0,0,0,0
BV_pH6_1,12,5.910367,0,0,0,0,0,0.074177,0,0,0,0,0,0
BV_pH6_1,24,5.461909,0,0,0,0,0,1.454022,0,0,0,0,0,0
BV_pH6_2,0,5.60855474,0,0,0,0,0,0.01,0,0,0,0,0,0
BV_pH6_2,3,5.865958,0,0,0,0,0,0.050806,0,0,0,0,0,0
BV_pH6_2,6,5.865958,0,0,0,0,0,0.05796,0,0,0,0,0,0
BV_pH6_2,9,5.898349,0,0,0,0,0,0.065115,0,0,0,0,0,0
BV_pH6_2,12,5.895317,0,0,0,0,0,0.093255,0,0,0,0,0,0
BV_pH6_2,24,5.245578,0,0,0,0,0,1.546553,0,0,0,0,0,0
BV_pH7_0,0,6.49630633,0,0,0,0,0,0.01,0,0,0,0,0,0
BV_pH7_0,3,6.896482,0,0,0,0,0,0.038405,0,0,0,0,0,0
BV_pH7_0,6,6.896943,0,0,0,0,0,0.053191,0,0,0,0,0,0
BV_pH7_0,9,6.906345,0,0,0,0,0,0.151921,0,0,0,0,0,0
BV_pH7_0,12,6.876166,0,0,0,0,0,0.446683,0,0,0,0,0,0
BV_pH7_0,24,6.43906,0,0,0,0,0,3.976187,0,0,0,0,0,0
BV_pH7_1,0,6.51540107,0,0,0,0,0,0.01,0,0,0,0,0,0
BV_pH7_1,3,6.903375,0,0,0,0,0,0.048898,0,0,0,0,0,0
BV_pH7_1,6,6.866658,0,0,0,0,0,0.057006,0,0,0,0,0,0
BV_pH7_1,9,6.900625,0,0,0,0,0,0.156691,0,0,0,0,0,0
BV_pH7_1,12,6.886736,0,0,0,0,0,0.456222,0,0,0,0,0,0
BV_pH7_1,24,6.561666,0,0,0,0,0,3.957108,0,0,0,0,0,0
BV_pH7_2,0,6.51176253,0,0,0,0,0,0.01,0,0,0,0,0,0
BV_pH7_2,3,6.906801,0,0,0,0,0,0.032681,0,0,0,0,0,0
BV_pH7_2,6,6.923498,0,0,0,0,0,0.052237,0,0,0,0,0,0
BV_pH7_2,9,6.885801,0,0,0,0,0,0.122827,0,0,0,0,0,0
BV_pH7_2,12,6.895097,0,0,0,0,0,0.353199,0,0,0,0,0,0
BV_pH7_2,24,6.423815,0,0,0,0,0,3.869348,0,0,0,0,0,0
BV_pH8_0,0,6.93393392,0,0,0,0,0,0.01,0,0,0,0,0,0
BV_pH8_0,3,7.412603,0,0,0,0,0,0.01408,0,0,0,0,0,0
BV_pH8_0,6,7.384548,0,0,0,0,0,0.030297,0,0,0,0,0,0
BV_pH8_0,9,7.410603,0,0,0,0,0,0.032204,0,0,0,0,0,0
BV_pH8_0,12,7.443973,0,0,0,0,0,0.035543,0,0,0,0,0,0
BV_pH8_0,24,7.337015,0,0,0,0,0,0.035066,0,0,0,0,0,0
BV_pH8_1,0,7.0138616,0,0,0,0,0,0.01,0,0,0,0,0,0
BV_pH8_1,3,7.42068,0,0,0,0,0,0.018373,0,0,0,0,0,0
BV_pH8_1,6,7.424874,0,0,0,0,0,0.032204,0,0,0,0,0,0
BV_pH8_1,9,7.422162,0,0,0,0,0,0.035543,0,0,0,0,0,0
BV_pH8_1,12,7.450323,0,0,0,0,0,0.031728,0,0,0,0,0,0
BV_pH8_1,24,7.378459,0,0,0,0,0,0.039836,0,0,0,0,0,0
BV_pH8_2,0,7.02105395,0,0,0,0,0,0.01,0,0,0,0,0,0
BV_pH8_2,3,7.421792,0,0,0,0,0,0.021234,0,0,0,0,0,0
BV_pH8_2,6,7.419071,0,0,0,0,0,0.033635,0,0,0,0,0,0
BV_pH8_2,9,7.449248,0,0,0,0,0,0.041744,0,0,0,0,0,0
BV_pH8_2,12,7.450562,0,0,0,0,0,0.045082,0,0,0,0,0,0
BV_pH8_2,24,7.369833,0,0,0,0,0,0.041744,0,0,0,0,0,0
BV_pH9_0,0,7.28735678,0,0,0,0,0,0.01,0,0,0,0,0,0
BV_pH9_0,3,7.657111,0,0,0,0,0,0.01408,0,0,0,0,0,0
BV_pH9_0,6,7.66584,0,0,0,0,0,0.027912,0,0,0,0,0,0
BV_pH9_0,9,7.729505,0,0,0,0,0,0.025527,0,0,0,0,0,0
BV_pH9_0,12,7.689071,0,0,0,0,0,0.030297,0,0,0,0,0,0
BV_pH9_0,24,7.72159,0,0,0,0,0,0.022665,0,0,0,0,0,0
BV_pH9_1,0,7.32476894,0,0,0,0,0,0.01,0,0,0,0,0,0
BV_pH9_1,3,7.673929,0,0,0,0,0,0.014557,0,0,0,0,0,0
BV_pH9_1,6,7.677399,0,0,0,0,0,0.035543,0,0,0,0,0,0
BV_pH9_1,9,7.724782,0,0,0,0,0,0.03602,0,0,0,0,0,0
BV_pH9_1,12,7.699873,0,0,0,0,0,0.035066,0,0,0,0,0,0
BV_pH9_1,24,7.70076,0,0,0,0,0,0.027912,0,0,0,0,0,0
BV_pH9_2,0,7.34435933,0,0,0,0,0,0.01,0,0,0,0,0,0
BV_pH9_2,3,7.67118,0,0,0,0,0,0.013126,0,0,0,0,0,0
BV_pH9_2,6,7.674478,0,0,0,0,0,0.026958,0,0,0,0,0,0
BV_pH9_2,9,7.734372,0,0,0,0,0,0.032681,0,0,0,0,0,0
BV_pH9_2,12,7.657111,0,0,0,0,0,0.027912,0,0,0,0,0,0
BV_pH9_2,24,7.682757,0,0,0,0,0,0.021711,0,0,0,0,0,0
CC_pH4_0,0,5.01845527,0,0,0,0,0,0,0.01,0,0,0,0,0
CC_pH4_0,3,5.033407,0,0,0,0,0,0,0.01,0,0,0,0,0
CC_pH4_0,6,5.082742,0,0,0,0,0,0,0.01,0,0,0,0,0
CC_pH4_0,9,5.020608,0,0,0,0,0,0,0.023619,0,0,0,0,0
CC_pH4_0,12,5.035522,0,0,0,0,0,0,0.017419,0,0,0,0,0
CC_pH4_0,24,5.054316,0,0,0,0,0,0,0.010264,0,0,0,0,0
CC_pH4_1,0,4.99440812,0,0,0,0,0,0,0.01,0,0,0,0,0
CC_pH4_1,3,5.016297,0,0,0,0,0,0,0.01,0,0,0,0,0
CC_pH4_1,6,5.142459,0,0,0,0,0,0,0.01,0,0,0,0,0
CC_pH4_1,9,5.056379,0,0,0,0,0,0,0.028389,0,0,0,0,0
CC_pH4_1,12,5.056379,0,0,0,0,0,0,0.023142,0,0,0,0,0
CC_pH4_1,24,5.058436,0,0,0,0,0,0,0.010741,0,0,0,0,0
CC_pH4_2,0,5.01196486,0,0,0,0,0,0,0.01,0,0,0,0,0
CC_pH4_2,3,5.084736,0,0,0,0,0,0,0.01,0,0,0,0,0
CC_pH4_2,6,5.138732,0,0,0,0,0,0,0.01,0,0,0,0,0
CC_pH4_2,9,5.035522,0,0,0,0,0,0,0.022188,0,0,0,0,0
CC_pH4_2,12,5.043927,0,0,0,0,0,0,0.017896,0,0,0,0,0
CC_pH4_2,24,5.037631,0,0,0,0,0,0,0.013603,0,0,0,0,0
CC_pH5_0,0,5.261867,0,0,0,0,0,0,0.01,0,0,0,0,0
CC_pH5_0,3,5.374906,0,0,0,0,0,0,0.06273,0,0,0,0,0
CC_pH5_0,6,5.417525,0,0,0,0,0,0,0.075131,0,0,0,0,0
CC_pH5_0,9,5.412145,0,0,0,0,0,0,0.074177,0,0,0,0,0
CC_pH5_0,12,5.421536,0,0,0,0,0,0,0.085147,0,0,0,0,0
CC_pH5_0,24,5.398545,0,0,0,0,0,0,0.435713,0,0,0,0,0
CC_pH5_1,0,5.359249,0,0,0,0,0,0,0.01,0,0,0,0,0
CC_pH5_1,3,5.354927,0,0,0,0,0,0,0.07847,0,0,0,0,0
CC_pH5_1,6,5.417525,0,0,0,0,0,0,0.075131,0,0,0,0,0
CC_pH5_1,9,5.346217,0,0,0,0,0,0,0.077039,0,0,0,0,0
CC_pH5_1,12,5.413493,0,0,0,0,0,0,0.083239,0,0,0,0,0
CC_pH5_1,24,5.377722,0,0,0,0,0,0,0.098979,0,0,0,0,0
CC_pH5_2,0,5.318025,0,0,0,0,0,0,0.01,0,0,0,0,0
CC_pH5_2,3,5.730609,0,0,0,0,0,0,0.057006,0,0,0,0,0
CC_pH5_2,6,5.483252,0,0,0,0,0,0,0.07847,0,0,0,0,0
CC_pH5_2,9,5.324039,0,0,0,0,0,0,0.077993,0,0,0,0,0
CC_pH5_2,12,5.399915,0,0,0,0,0,0,0.075131,0,0,0,0,0
CC_pH5_2,24,5.372081,0,0,0,0,0,0,0.082285,0,0,0,0,0
CC_pH6_0,0,5.909621,0,0,0,0,0,0,0.01,0,0,0,0,0
CC_pH6_0,3,6.146739,0,0,0,0,0,0,0.12855,0,0,0,0,0
CC_pH6_0,6,6.184174,0,0,0,0,0,0,0.226327,0,0,0,0,0
CC_pH6_0,9,6.174971,0,0,0,0,0,0,0.495333,0,0,0,0,0
CC_pH6_0,12,6.159589,0,0,0,0,0,0,0.995187,0,0,0,0,0
CC_pH6_0,24,5.066617,0,0,0,0,0,0,3.789218,0,0,0,0,0
CC_pH6_1,0,5.918531,0,0,0,0,0,0,0.01,0,0,0,0,0
CC_pH6_1,3,6.182557,0,0,0,0,0,0,0.134274,0,0,0,0,0
CC_pH6_1,6,6.208584,0,0,0,0,0,0,0.223465,0,0,0,0,0
CC_pH6_1,9,6.168961,0,0,0,0,0,0,0.518704,0,0,0,0,0
CC_pH6_1,12,6.20439,0,0,0,0,0,0,1.033344,0,0,0,0,0
CC_pH6_1,24,5.162669,0,0,0,0,0,0,3.768232,0,0,0,0,0
CC_pH6_2,0,5.932448,0,0,0,0,0,0,0.01,0,0,0,0,0
CC_pH6_2,3,6.160697,0,0,0,0,0,0,0.139044,0,0,0,0,0
CC_pH6_2,6,6.210674,0,0,0,0,0,0,0.207249,0,0,0,0,0
CC_pH6_2,9,6.68036,0,0,0,0,0,0,0.493425,0,0,0,0,0
CC_pH6_2,12,6.148426,0,0,0,0,0,0,0.981355,0,0,0,0,0
CC_pH6_2,24,5.102473,0,0,0,0,0,0,3.687626,0,0,0,0,0
CC_pH7_0,0,6.858973,0,0,0,0,0,0,0.01,0,0,0,0,0
CC_pH7_0,3,7.010847,0,0,0,0,0,0,0.142382,0,0,0,0,0
CC_pH7_0,6,7.001329,0,0,0,0,0,0,0.240159,0,0,0,0,0
CC_pH7_0,9,7.044787,0,0,0,0,0,0,0.36703,0,0,0,0,0
CC_pH7_0,12,7.059168,0,0,0,0,0,0,0.536351,0,0,0,0,0
CC_pH7_0,24,6.984253,0,0,0,0,0,0,0.871654,0,0,0,0,0
CC_pH7_1,0,6.721127,0,0,0,0,0,0,0.01,0,0,0,0,0
CC_pH7_1,3,7.004378,0,0,0,0,0,0,0.147629,0,0,0,0,0
CC_pH7_1,6,7.006607,0,0,0,0,0,0,0.241113,0,0,0,0,0
CC_pH7_1,9,7.027396,0,0,0,0,0,0,0.37657,0,0,0,0,0
CC_pH7_1,12,7.050377,0,0,0,0,0,0,0.525381,0,0,0,0,0
CC_pH7_1,24,6.973585,0,0,0,0,0,0,0.947014,0,0,0,0,0
CC_pH7_2,0,6.717423,0,0,0,0,0,0,0.01,0,0,0,0,0
CC_pH7_2,3,6.986743,0,0,0,0,0,0,0.148583,0,0,0,0,0
CC_pH7_2,6,7.048646,0,0,0,0,0,0,0.231097,0,0,0,0,0
CC_pH7_2,9,7.07592,0,0,0,0,0,0,0.3656,0,0,0,0,0
CC_pH7_2,12,7.041881,0,0,0,0,0,0,0.527766,0,0,0,0,0
CC_pH7_2,24,7.007214,0,0,0,0,0,0,0.842083,0,0,0,0,0
CC_pH8_0,0,7.650646,0,0,0,0,0,0,0.01,0,0,0,0,0
CC_pH8_0,3,7.745788,0,0,0,0,0,0,0.056529,0,0,0,0,0
CC_pH8_0,6,7.695248,0,0,0,0,0,0,0.058914,0,0,0,0,0
CC_pH8_0,9,7.671088,0,0,0,0,0,0,0.052714,0,0,0,0,0
CC_pH8_0,12,7.62282,0,0,0,0,0,0,0.064161,0,0,0,0,0
CC_pH8_0,24,7.565803,0,0,0,0,0,0,0.06893,0,0,0,0,0
CC_pH8_1,0,7.626506,0,0,0,0,0,0,0.01,0,0,0,0,0
CC_pH8_1,3,7.712813,0,0,0,0,0,0,0.050806,0,0,0,0,0
CC_pH8_1,6,7.689789,0,0,0,0,0,0,0.079424,0,0,0,0,0
CC_pH8_1,9,7.723748,0,0,0,0,0,0,0.056052,0,0,0,0,0
CC_pH8_1,12,7.634119,0,0,0,0,0,0,0.058914,0,0,0,0,0
CC_pH8_1,24,7.54056,0,0,0,0,0,0,0.064161,0,0,0,0,0
CC_pH8_2,0,7.646592,0,0,0,0,0,0,0.01,0,0,0,0,0
CC_pH8_2,3,7.677763,0,0,0,0,0,0,0.053668,0,0,0,0,0
CC_pH8_2,6,7.713599,0,0,0,0,0,0,0.060822,0,0,0,0,0
CC_pH8_2,9,7.666763,0,0,0,0,0,0,0.059391,0,0,0,0,0
CC_pH8_2,12,7.597454,0,0,0,0,0,0,0.053668,0,0,0,0,0
CC_pH8_2,24,7.516855,0,0,0,0,0,0,0.067023,0,0,0,0,0
CC_pH9_0,0,8.145631,0,0,0,0,0,0,0.01,0,0,0,0,0
CC_pH9_0,3,8.14756,0,0,0,0,0,0,0.022188,0,0,0,0,0
CC_pH9_0,6,8.097237,0,0,0,0,0,0,0.02028,0,0,0,0,0
CC_pH9_0,9,8.026623,0,0,0,0,0,0,0.023142,0,0,0,0,0
CC_pH9_0,12,7.974912,0,0,0,0,0,0,0.024573,0,0,0,0,0
CC_pH9_0,24,7.786448,0,0,0,0,0,0,0.067023,0,0,0,0,0
CC_pH9_1,0,8.122185,0,0,0,0,0,0,0.01,0,0,0,0,0
CC_pH9_1,3,8.061778,0,0,0,0,0,0,0.030774,0,0,0,0,0
CC_pH9_1,6,8.1148,0,0,0,0,0,0,0.024573,0,0,0,0,0
CC_pH9_1,9,8.140921,0,0,0,0,0,0,0.023142,0,0,0,0,0
CC_pH9_1,12,8.043353,0,0,0,0,0,0,0.023142,0,0,0,0,0
CC_pH9_1,24,7.809652,0,0,0,0,0,0,0.077516,0,0,0,0,0
CC_pH9_2,0,8.132268,0,0,0,0,0,0,0.01,0,0,0,0,0
CC_pH9_2,3,8.078734,0,0,0,0,0,0,0.009787,0,0,0,0,0
CC_pH9_2,6,8.107676,0,0,0,0,0,0,0.023619,0,0,0,0,0
CC_pH9_2,9,8.150575,0,0,0,0,0,0,0.016942,0,0,0,0,0
CC_pH9_2,12,8.044943,0,0,0,0,0,0,0.023619,0,0,0,0,0
CC_pH9_2,24,7.810015,0,0,0,0,0,0,0.073859,0,0,0,0,0
DF_pH4_0,0,5.00323233,0,0,0,0,0,0,0,0.01,0,0,0,0
DF_pH4_0,3,5.016297,0,0,0,0,0,0,0,0.01,0,0,0,0
DF_pH4_0,6,5.046015,0,0,0,0,0,0,0,0.01,0,0,0,0
DF_pH4_0,9,5.027032,0,0,0,0,0,0,0,0.01,0,0,0,0
DF_pH4_0,12,5.018455,0,0,0,0,0,0,0,0.01,0,0,0,0
DF_pH4_0,24,5.014134,0,0,0,0,0,0,0,0.01,0,0,0,0
DF_pH4_1,0,5.00979026,0,0,0,0,0,0,0,0.01,0,0,0,0
DF_pH4_1,3,5.014134,0,0,0,0,0,0,0,0.01,0,0,0,0
DF_pH4_1,6,5.027032,0,0,0,0,0,0,0,0.01408,0,0,0,0
DF_pH4_1,9,5.003232,0,0,0,0,0,0,0,0.01,0,0,0,0
DF_pH4_1,12,5.024896,0,0,0,0,0,0,0,0.01,0,0,0,0
DF_pH4_1,24,5.027032,0,0,0,0,0,0,0,0.01,0,0,0,0
DF_pH4_2,0,5.01413393,0,0,0,0,0,0,0,0.01,0,0,0,0
DF_pH4_2,3,5.027032,0,0,0,0,0,0,0,0.01,0,0,0,0
DF_pH4_2,6,5.043927,0,0,0,0,0,0,0,0.01,0,0,0,0
DF_pH4_2,9,5.037631,0,0,0,0,0,0,0,0.01,0,0,0,0
DF_pH4_2,12,5.037631,0,0,0,0,0,0,0,0.01,0,0,0,0
DF_pH4_2,24,5.024896,0,0,0,0,0,0,0,0.01,0,0,0,0
DF_pH5_0,0,5.16809693,0,0,0,0,0,0,0,0.01,0,0,0,0
DF_pH5_0,3,5.169899,0,0,0,0,0,0,0,0.01,0,0,0,0
DF_pH5_0,6,5.134988,0,0,0,0,0,0,0,0.024573,0,0,0,0
DF_pH5_0,9,5.12934,0,0,0,0,0,0,0,0.01,0,0,0,0
DF_pH5_0,12,5.140597,0,0,0,0,0,0,0,0.01,0,0,0,0
DF_pH5_0,24,5.108303,0,0,0,0,0,0,0,0.01,0,0,0,0
DF_pH5_1,0,5.08473587,0,0,0,0,0,0,0,0.01,0,0,0,0
DF_pH5_1,3,5.127449,0,0,0,0,0,0,0,0.01,0,0,0,0
DF_pH5_1,6,5.127449,0,0,0,0,0,0,0,0.011218,0,0,0,0
DF_pH5_1,9,5.298176,0,0,0,0,0,0,0,0.01,0,0,0,0
DF_pH5_1,12,5.133109,0,0,0,0,0,0,0,0.01,0,0,0,0
DF_pH5_1,24,5.08871,0,0,0,0,0,0,0,0.01,0,0,0,0
DF_pH5_2,0,5.13122697,0,0,0,0,0,0,0,0.01,0,0,0,0
DF_pH5_2,3,5.904379,0,0,0,0,0,0,0,0.018373,0,0,0,0
DF_pH5_2,6,5.173491,0,0,0,0,0,0,0,0.019804,0,0,0,0
DF_pH5_2,9,5.192976,0,0,0,0,0,0,0,0.01408,0,0,0,0
DF_pH5_2,12,5.160851,0,0,0,0,0,0,0,0.012649,0,0,0,0
DF_pH5_2,24,5.136862,0,0,0,0,0,0,0,0.01,0,0,0,0
DF_pH6_0,0,5.51368636,0,0,0,0,0,0,0,0.01,0,0,0,0
DF_pH6_0,3,5.893797,0,0,0,0,0,0,0,0.042221,0,0,0,0
DF_pH6_0,6,5.836352,0,0,0,0,0,0,0,0.049375,0,0,0,0
DF_pH6_0,9,5.875341,0,0,0,0,0,0,0,0.030297,0,0,0,0
DF_pH6_0,12,5.88231,0,0,0,0,0,0,0,0.033635,0,0,0,0
DF_pH6_0,24,5.858059,0,0,0,0,0,0,0,0.031251,0,0,0,0
DF_pH6_1,0,5.63999855,0,0,0,0,0,0,0,0.01,0,0,0,0
DF_pH6_1,3,5.89986,0,0,0,0,0,0,0,0.050329,0,0,0,0
DF_pH6_1,6,5.88769,0,0,0,0,0,0,0,0.050806,0,0,0,0
DF_pH6_1,9,5.902876,0,0,0,0,0,0,0,0.039359,0,0,0,0
DF_pH6_1,12,5.77469,0,0,0,0,0,0,0,0.070838,0,0,0,0
DF_pH6_1,24,5.916312,0,0,0,0,0,0,0,0.042221,0,0,0,0
DF_pH6_2,0,5.60855474,0,0,0,0,0,0,0,0.01,0,0,0,0
DF_pH6_2,3,5.871444,0,0,0,0,0,0,0,0.04699,0,0,0,0
DF_pH6_2,6,5.886156,0,0,0,0,0,0,0,0.042698,0,0,0,0
DF_pH6_2,9,5.894558,0,0,0,0,0,0,0,0.038405,0,0,0,0
DF_pH6_2,12,5.833088,0,0,0,0,0,0,0,0.039836,0,0,0,0
DF_pH6_2,24,5.963819,0,0,0,0,0,0,0,0.043652,0,0,0,0
DF_pH7_0,0,6.49630633,0,0,0,0,0,0,0,0.01,0,0,0,0
DF_pH7_0,3,6.833004,0,0,0,0,0,0,0,0.04079,0,0,0,0
DF_pH7_0,6,6.867614,0,0,0,0,0,0,0,0.065592,0,0,0,0
DF_pH7_0,9,6.937457,0,0,0,0,0,0,0,0.043652,0,0,0,0
DF_pH7_0,12,6.951188,0,0,0,0,0,0,0,0.055099,0,0,0,0
DF_pH7_0,24,6.941622,0,0,0,0,0,0,0,0.050329,0,0,0,0
DF_pH7_1,0,6.51540107,0,0,0,0,0,0,0,0.01,0,0,0,0
DF_pH7_1,3,6.853892,0,0,0,0,0,0,0,0.042221,0,0,0,0
DF_pH7_1,6,6.921933,0,0,0,0,0,0,0,0.049375,0,0,0,0
DF_pH7_1,9,6.939432,0,0,0,0,0,0,0,0.041744,0,0,0,0
DF_pH7_1,12,6.817688,0,0,0,0,0,0,0,0.064161,0,0,0,0
DF_pH7_1,24,6.979041,0,0,0,0,0,0,0,0.046513,0,0,0,0
DF_pH7_2,0,6.51176253,0,0,0,0,0,0,0,0.01,0,0,0,0
DF_pH7_2,3,6.793264,0,0,0,0,0,0,0,0.037451,0,0,0,0
DF_pH7_2,6,6.877111,0,0,0,0,0,0,0,0.036497,0,0,0,0
DF_pH7_2,9,6.941184,0,0,0,0,0,0,0,0.025527,0,0,0,0
DF_pH7_2,12,6.930618,0,0,0,0,0,0,0,0.038405,0,0,0,0
DF_pH7_2,24,6.972954,0,0,0,0,0,0,0,0.031728,0,0,0,0
DF_pH8_0,0,6.93393392,0,0,0,0,0,0,0,0.01,0,0,0,0
DF_pH8_0,3,7.373372,0,0,0,0,0,0,0,0.031728,0,0,0,0
DF_pH8_0,6,7.219791,0,0,0,0,0,0,0,0.039836,0,0,0,0
DF_pH8_0,9,7.429903,0,0,0,0,0,0,0,0.051283,0,0,0,0
DF_pH8_0,12,7.479879,0,0,0,0,0,0,0,0.033635,0,0,0,0
DF_pH8_0,24,7.444454,0,0,0,0,0,0,0,0.026958,0,0,0,0
DF_pH8_1,0,7.0138616,0,0,0,0,0,0,0,0.01,0,0,0,0
DF_pH8_1,3,7.356592,0,0,0,0,0,0,0,0.031251,0,0,0,0
DF_pH8_1,6,7.203778,0,0,0,0,0,0,0,0.043652,0,0,0,0
DF_pH8_1,9,7.480455,0,0,0,0,0,0,0,0.026958,0,0,0,0
DF_pH8_1,12,7.376506,0,0,0,0,0,0,0,0.030774,0,0,0,0
DF_pH8_1,24,7.509544,0,0,0,0,0,0,0,0.017419,0,0,0,0
DF_pH8_2,0,7.02105395,0,0,0,0,0,0,0,0.01,0,0,0,0
DF_pH8_2,3,7.395322,0,0,0,0,0,0,0,0.030774,0,0,0,0
DF_pH8_2,6,7.149053,0,0,0,0,0,0,0,0.036974,0,0,0,0
DF_pH8_2,9,7.48287,0,0,0,0,0,0,0,0.030297,0,0,0,0
DF_pH8_2,12,7.477456,0,0,0,0,0,0,0,0.031251,0,0,0,0
DF_pH8_2,24,7.456034,0,0,0,0,0,0,0,0.03602,0,0,0,0
DF_pH9_0,0,7.28735678,0,0,0,0,0,0,0,0.01,0,0,0,0
DF_pH9_0,3,7.609887,0,0,0,0,0,0,0,0.027435,0,0,0,0
DF_pH9_0,6,7.664268,0,0,0,0,0,0,0,0.075608,0,0,0,0
DF_pH9_0,9,7.735648,0,0,0,0,0,0,0,0.033158,0,0,0,0
DF_pH9_0,12,7.74124,0,0,0,0,0,0,0,0.042698,0,0,0,0
DF_pH9_0,24,7.673655,0,0,0,0,0,0,0,0.030297,0,0,0,0
DF_pH9_1,0,7.32476894,0,0,0,0,0,0,0,0.01,0,0,0,0
DF_pH9_1,3,7.633543,0,0,0,0,0,0,0,0.033635,0,0,0,0
DF_pH9_1,6,7.667501,0,0,0,0,0,0,0,0.049375,0,0,0,0
DF_pH9_1,9,7.752647,0,0,0,0,0,0,0,0.041744,0,0,0,0
DF_pH9_1,12,7.58004,0,0,0,0,0,0,0,0.037451,0,0,0,0
DF_pH9_1,24,7.628923,0,0,0,0,0,0,0,0.035066,0,0,0,0
DF_pH9_2,0,7.34435933,0,0,0,0,0,0,0,0.01,0,0,0,0
DF_pH9_2,3,7.599856,0,0,0,0,0,0,0,0.029343,0,0,0,0
DF_pH9_2,6,7.548351,0,0,0,0,0,0,0,0.048898,0,0,0,0
DF_pH9_2,9,7.75173,0,0,0,0,0,0,0,0.031728,0,0,0,0
DF_pH9_2,12,7.730361,0,0,0,0,0,0,0,0.031251,0,0,0,0
DF_pH9_2,24,7.737432,0,0,0,0,0,0,0,0.036974,0,0,0,0
wt_pH4_0,0,5.01845527,0,0,0,0,0,0,0,0,0.01,0,0,0
wt_pH4_0,3,5.054316,0,0,0,0,0,0,0,0,0.01,0,0,0
wt_pH4_0,6,5.048098,0,0,0,0,0,0,0,0,0.01,0,0,0
wt_pH4_0,9,5.039735,0,0,0,0,0,0,0,0,0.01,0,0,0
wt_pH4_0,24,4.996623,0,0,0,0,0,0,0,0,0.01,0,0,0
wt_pH4_1,0,4.99440812,0,0,0,0,0,0,0,0,0.01,0,0,0
wt_pH4_1,3,5.003232,0,0,0,0,0,0,0,0,0.01,0,0,0
wt_pH4_1,6,5.027032,0,0,0,0,0,0,0,0,0.01,0,0,0
wt_pH4_1,9,5.060489,0,0,0,0,0,0,0,0,0.01,0,0,0
wt_pH4_1,24,4.992187,0,0,0,0,0,0,0,0,0.01,0,0,0
wt_pH4_2,0,5.01196486,0,0,0,0,0,0,0,0,0.01,0,0,0
wt_pH4_2,3,5.024896,0,0,0,0,0,0,0,0,0.01,0,0,0
wt_pH4_2,6,7.160253,0,0,0,0,0,0,0,0,0.01,0,0,0
wt_pH4_2,9,5.066617,0,0,0,0,0,0,0,0,0.01,0,0,0
wt_pH4_2,24,5.192976,0,0,0,0,0,0,0,0,0.01,0,0,0
wt_pH5_0,0,5.261867,0,0,0,0,0,0,0,0,0.01,0,0,0
wt_pH5_0,3,5.318025,0,0,0,0,0,0,0,0,0.10184065,0,0,0
wt_pH5_0,6,5.184175,0,0,0,0,0,0,0,0,0.621727,0,0,0
wt_pH5_0,9,5.134988,0,0,0,0,0,0,0,0,0.739059,0,0,0
wt_pH5_0,24,5.068649,0,0,0,0,0,0,0,0,0.936998,0,0,0
wt_pH5_1,0,5.359249,0,0,0,0,0,0,0,0,0.01,0,0,0
wt_pH5_1,3,5.352034,0,0,0,0,0,0,0,0,0.10994897,0,0,0
wt_pH5_1,6,5.17885,0,0,0,0,0,0,0,0,0.567354,0,0,0
wt_pH5_1,9,5.21202,0,0,0,0,0,0,0,0,0.750029,0,0,0
wt_pH5_1,24,5.054316,0,0,0,0,0,0,0,0,0.939382,0,0,0
wt_pH5_2,0,5.318025,0,0,0,0,0,0,0,0,0.01,0,0,0
wt_pH5_2,3,5.372081,0,0,0,0,0,0,0,0,0.11519551,0,0,0
wt_pH5_2,6,5.271491,0,0,0,0,0,0,0,0,0.630789,0,0,0
wt_pH5_2,9,5.293528,0,0,0,0,0,0,0,0,0.682778,0,0,0
wt_pH5_2,24,5.359249,0,0,0,0,0,0,0,0,0.88167,0,0,0
wt_pH6_0,0,5.909621,0,0,0,0,0,0,0,0,0.01,0,0,0
wt_pH6_0,3,6.11285,0,0,0,0,0,0,0,0,0.20057138,0,0,0
wt_pH6_0,6,5.65529,0,0,0,0,0,0,0,0,1.133505,0,0,0
wt_pH6_0,9,5.268295,0,0,0,0,0,0,0,0,1.704426,0,0,0
wt_pH6_0,24,5.943274,0,0,0,0,0,0,0,0,2.549122,0,0,0
wt_pH6_1,0,5.918531,0,0,0,0,0,0,0,0,0.01,0,0,0
wt_pH6_1,3,6.155699,0,0,0,0,0,0,0,0,0.18721648,0,0,0
wt_pH6_1,6,5.841224,0,0,0,0,0,0,0,0,1.001387,0,0,0
wt_pH6_1,9,5.291973,0,0,0,0,0,0,0,0,1.766431,0,0,0
wt_pH6_1,24,6.146739,0,0,0,0,0,0,0,0,2.791418,0,0,0
wt_pH6_2,0,5.932448,0,0,0,0,0,0,0,0,0.01,0,0,0
wt_pH6_2,3,6.160143,0,0,0,0,0,0,0,0,0.18340081,0,0,0
wt_pH6_2,6,5.694757,0,0,0,0,0,0,0,0,1.013788,0,0,0
wt_pH6_2,9,5.290415,0,0,0,0,0,0,0,0,1.730659,0,0,0
wt_pH6_2,24,6.331924,0,0,0,0,0,0,0,0,2.612081,0,0,0
wt_pH7_0,0,6.858973,0,0,0,0,0,0,0,0,0.01,0,0,0
wt_pH7_0,3,6.91112,0,0,0,0,0,0,0,0,0.21821887,0,0,0
wt_pH7_0,6,6.524788,0,0,0,0,0,0,0,0,1.190263,0,0,0
wt_pH7_0,9,5.89986,0,0,0,0,0,0,0,0,2.646422,0,0,0
wt_pH7_0,24,7.445535,0,0,0,0,0,0,0,0,4.743138,0,0,0
wt_pH7_1,0,6.721127,0,0,0,0,0,0,0,0,0.01,0,0,0
wt_pH7_1,3,6.932609,0,0,0,0,0,0,0,0,0.20915662,0,0,0
wt_pH7_1,6,6.533716,0,0,0,0,0,0,0,0,1.20648,0,0,0
wt_pH7_1,9,5.850885,0,0,0,0,0,0,0,0,2.493795,0,0,0
wt_pH7_1,24,7.513872,0,0,0,0,0,0,0,0,4.654424,0,0,0
wt_pH7_2,0,6.717423,0,0,0,0,0,0,0,0,0.01,0,0,0
wt_pH7_2,3,6.92014,0,0,0,0,0,0,0,0,0.2120184,0,0,0
wt_pH7_2,6,6.548157,0,0,0,0,0,0,0,0,1.13112,0,0,0
wt_pH7_2,9,5.891512,0,0,0,0,0,0,0,0,2.431313,0,0,0
wt_pH7_2,24,7.424012,0,0,0,0,0,0,0,0,4.708797,0,0,0
wt_pH8_0,0,7.650646,0,0,0,0,0,0,0,0,0.01,0,0,0
wt_pH8_0,3,7.586258,0,0,0,0,0,0,0,0,0.17433856,0,0,0
wt_pH8_0,6,7.034474,0,0,0,0,0,0,0,0,1.554184,0,0,0
wt_pH8_0,9,6.469514,0,0,0,0,0,0,0,0,3.215913,0,0,0
wt_pH8_0,24,7.686551,0,0,0,0,0,0,0,0,4.783203,0,0,0
wt_pH8_1,0,7.626506,0,0,0,0,0,0,0,0,0.01,0,0,0
wt_pH8_1,3,7.576658,0,0,0,0,0,0,0,0,0.18817038,0,0,0
wt_pH8_1,6,7.045367,0,0,0,0,0,0,0,0,1.470239,0,0,0
wt_pH8_1,9,6.473339,0,0,0,0,0,0,0,0,3.254069,0,0,0
wt_pH8_1,24,7.733946,0,0,0,0,0,0,0,0,4.770802,0,0,0
wt_pH8_2,0,7.646592,0,0,0,0,0,0,0,0,0.01,0,0,0
wt_pH8_2,3,7.614613,0,0,0,0,0,0,0,0,0.17910817,0,0,0
wt_pH8_2,6,7.088865,0,0,0,0,0,0,0,0,1.464515,0,0,0
wt_pH8_2,9,6.472958,0,0,0,0,0,0,0,0,3.140553,0,0,0
wt_pH8_2,24,7.663897,0,0,0,0,0,0,0,0,4.856178,0,0,0
wt_pH9_0,0,8.145631,0,0,0,0,0,0,0,0,0.01,0,0,0
wt_pH9_0,3,8.01585,0,0,0,0,0,0,0,0,0.19914047,0,0,0
wt_pH9_0,6,7.279933,0,0,0,0,0,0,0,0,2.200942,0,0,0
wt_pH9_0,9,6.7521,0,0,0,0,0,0,0,0,4.114982,0,0,0
wt_pH9_0,24,7.804185,0,0,0,0,0,0,0,0,4.070148,0,0,0
wt_pH9_1,0,8.122185,0,0,0,0,0,0,0,0,0.01,0,0,0
wt_pH9_1,3,7.977275,0,0,0,0,0,0,0,0,0.23491247,0,0,0
wt_pH9_1,6,7.291837,0,0,0,0,0,0,0,0,1.852284,0,0,0
wt_pH9_1,9,6.725662,0,0,0,0,0,0,0,0,4.069194,0,0,0
wt_pH9_1,24,7.842177,0,0,0,0,0,0,0,0,4.389711,0,0,0
wt_pH9_2,0,8.132268,0,0,0,0,0,0,0,0,0.01,0,0,0
wt_pH9_2,3,8.003455,0,0,0,0,0,0,0,0,0.22489632,0,0,0
wt_pH9_2,6,7.355791,0,0,0,0,0,0,0,0,1.919535,0,0,0
wt_pH9_2,9,6.751825,0,0,0,0,0,0,0,0,4.036284,0,0,0
wt_pH9_2,24,7.783241,0,0,0,0,0,0,0,0,4.551877,0,0,0
delarc_pH4_0,0,5.01845527,0,0,0,0,0,0,0,0,0,0.01,0,0
delarc_pH4_0,3,5.050176,0,0,0,0,0,0,0,0,0,0.01,0,0
delarc_pH4_0,6,5.054316,0,0,0,0,0,0,0,0,0,0.01,0,0
delarc_pH4_0,9,5.074718,0,0,0,0,0,0,0,0,0,0.01,0,0
delarc_pH4_0,24,5.027032,0,0,0,0,0,0,0,0,0,0.01,0,0
delarc_pH4_1,0,4.99440812,0,0,0,0,0,0,0,0,0,0.01,0,0
delarc_pH4_1,3,5.031288,0,0,0,0,0,0,0,0,0,0.01,0,0
delarc_pH4_1,6,5.054316,0,0,0,0,0,0,0,0,0,0.01,0,0
delarc_pH4_1,9,5.056379,0,0,0,0,0,0,0,0,0,0.01,0,0
delarc_pH4_1,24,5.014134,0,0,0,0,0,0,0,0,0,0.01,0,0
delarc_pH4_2,0,5.01196486,0,0,0,0,0,0,0,0,0,0.01,0,0
delarc_pH4_2,3,5.153542,0,0,0,0,0,0,0,0,0,0.01,0,0
delarc_pH4_2,6,5.068649,0,0,0,0,0,0,0,0,0,0.01,0,0
delarc_pH4_2,9,5.056379,0,0,0,0,0,0,0,0,0,0.01,0,0
delarc_pH4_2,24,5.031288,0,0,0,0,0,0,0,0,0,0.01,0,0
delarc_pH5_0,0,5.261867,0,0,0,0,0,0,0,0,0,0.01,0,0
delarc_pH5_0,3,5.383325,0,0,0,0,0,0,0,0,0,0.085624,0,0
delarc_pH5_0,6,5.257013,0,0,0,0,0,0,0,0,0,0.458607,0,0
delarc_pH5_0,9,5.205145,0,0,0,0,0,0,0,0,0,0.623635,0,0
delarc_pH5_0,24,5.068649,0,0,0,0,0,0,0,0,0,0.760522,0,0
delarc_pH5_1,0,5.359249,0,0,0,0,0,0,0,0,0,0.01,0,0
delarc_pH5_1,3,5.366402,0,0,0,0,0,0,0,0,0,0.112334,0,0
delarc_pH5_1,6,5.20859,0,0,0,0,0,0,0,0,0,0.581185,0,0
delarc_pH5_1,9,5.220536,0,0,0,0,0,0,0,0,0,0.687071,0,0
delarc_pH5_1,24,5.578106,0,0,0,0,0,0,0,0,0,0.776262,0,0
delarc_pH5_2,0,5.318025,0,0,0,0,0,0,0,0,0,0.01,0,0
delarc_pH5_2,3,5.44001,0,0,0,0,0,0,0,0,0,0.099933,0,0
delarc_pH5_2,6,5.160851,0,0,0,0,0,0,0,0,0,0.505349,0,0
delarc_pH5_2,9,5.230642,0,0,0,0,0,0,0,0,0,0.652729,0,0
delarc_pH5_2,24,5.09069,0,0,0,0,0,0,0,0,0,0.757661,0,0
delarc_pH6_0,0,5.909621,0,0,0,0,0,0,0,0,0,0.01,0,0
delarc_pH6_0,3,6.146176,0,0,0,0,0,0,0,0,0,0.173385,0,0
delarc_pH6_0,6,5.808195,0,0,0,0,0,0,0,0,0,0.867361,0,0
delarc_pH6_0,9,5.288854,0,0,0,0,0,0,0,0,0,1.539398,0,0
delarc_pH6_0,24,5.34036,0,0,0,0,0,0,0,0,0,1.848945,0,0
delarc_pH6_1,0,5.918531,0,0,0,0,0,0,0,0,0,0.01,0,0
delarc_pH6_1,3,6.166765,0,0,0,0,0,0,0,0,0,0.167184,0,0
delarc_pH6_1,6,5.729685,0,0,0,0,0,0,0,0,0,0.927935,0,0
delarc_pH6_1,9,5.321038,0,0,0,0,0,0,0,0,0,1.703949,0,0
delarc_pH6_1,24,5.215437,0,0,0,0,0,0,0,0,0,1.933367,0,0
delarc_pH6_2,0,5.932448,0,0,0,0,0,0,0,0,0,0.01,0,0
delarc_pH6_2,3,6.167315,0,0,0,0,0,0,0,0,0,0.178631,0,0
delarc_pH6_2,6,5.679192,0,0,0,0,0,0,0,0,0,0.947491,0,0
delarc_pH6_2,9,5.393042,0,0,0,0,0,0,0,0,0,1.653868,0,0
delarc_pH6_2,24,5.296629,0,0,0,0,0,0,0,0,0,1.92669,0,0
delarc_pH7_0,0,6.858973,0,0,0,0,0,0,0,0,0,0.01,0,0
delarc_pH7_0,3,6.923051,0,0,0,0,0,0,0,0,0,0.200571,0,0
delarc_pH7_0,6,6.628043,0,0,0,0,0,0,0,0,0,1.083901,0,0
delarc_pH7_0,9,5.858852,0,0,0,0,0,0,0,0,0,2.482825,0,0
delarc_pH7_0,24,6.024555,0,0,0,0,0,0,0,0,0,3.503519,0,0
delarc_pH7_1,0,6.721127,0,0,0,0,0,0,0,0,0,0.01,0,0
delarc_pH7_1,3,6.891391,0,0,0,0,0,0,0,0,0,0.222988,0,0
delarc_pH7_1,6,6.634999,0,0,0,0,0,0,0,0,0,1.198372,0,0
delarc_pH7_1,9,5.88231,0,0,0,0,0,0,0,0,0,2.563431,0,0
delarc_pH7_1,24,6.076926,0,0,0,0,0,0,0,0,0,3.609881,0,0
delarc_pH7_2,0,6.717423,0,0,0,0,0,0,0,0,0,0.01,0,0
delarc_pH7_2,3,6.930396,0,0,0,0,0,0,0,0,0,0.256853,0,0
delarc_pH7_2,6,6.521911,0,0,0,0,0,0,0,0,0,1.1688,0,0
delarc_pH7_2,9,6.068936,0,0,0,0,0,0,0,0,0,2.631636,0,0
delarc_pH7_2,24,6.096277,0,0,0,0,0,0,0,0,0,3.589372,0,0
delarc_pH8_0,0,7.650646,0,0,0,0,0,0,0,0,0,0.01,0,0
delarc_pH8_0,3,7.594946,0,0,0,0,0,0,0,0,0,0.152875,0,0
delarc_pH8_0,6,7.144943,0,0,0,0,0,0,0,0,0,1.320474,0,0
delarc_pH8_0,9,6.415269,0,0,0,0,0,0,0,0,0,3.058516,0,0
delarc_pH8_0,24,6.866658,0,0,0,0,0,0,0,0,0,3.947569,0,0
delarc_pH8_1,0,7.626506,0,0,0,0,0,0,0,0,0,0.01,0,0
delarc_pH8_1,3,7.618922,0,0,0,0,0,0,0,0,0,0.168615,0,0
delarc_pH8_1,6,7.13995,0,0,0,0,0,0,0,0,0,1.292333,0,0
delarc_pH8_1,9,6.430268,0,0,0,0,0,0,0,0,0,2.901119,0,0
delarc_pH8_1,24,6.876875,0,0,0,0,0,0,0,0,0,3.91609,0,0
delarc_pH8_2,0,7.646592,0,0,0,0,0,0,0,0,0,0.01,0,0
delarc_pH8_2,3,7.617847,0,0,0,0,0,0,0,0,0,0.16623,0,0
delarc_pH8_2,6,7.081863,0,0,0,0,0,0,0,0,0,1.466423,0,0
delarc_pH8_2,9,6.445003,0,0,0,0,0,0,0,0,0,3.054223,0,0
delarc_pH8_2,24,6.947722,0,0,0,0,0,0,0,0,0,3.858378,0,0
delarc_pH9_0,0,8.145631,0,0,0,0,0,0,0,0,0,0.01,0,0
delarc_pH9_0,3,8.029025,0,0,0,0,0,0,0,0,0,0.178154,0,0
delarc_pH9_0,6,7.437695,0,0,0,0,0,0,0,0,0,1.783125,0,0
delarc_pH9_0,9,6.611367,0,0,0,0,0,0,0,0,0,3.740092,0,0
delarc_pH9_0,24,7.259212,0,0,0,0,0,0,0,0,0,4.08541,0,0
delarc_pH9_1,0,8.122185,0,0,0,0,0,0,0,0,0,0.01,0,0
delarc_pH9_1,3,8.036071,0,0,0,0,0,0,0,0,0,0.183878,0,0
delarc_pH9_1,6,7.449607,0,0,0,0,0,0,0,0,0,1.729705,0,0
delarc_pH9_1,9,6.568851,0,0,0,0,0,0,0,0,0,3.764893,0,0
delarc_pH9_1,24,7.18402,0,0,0,0,0,0,0,0,0,4.201312,0,0
delarc_pH9_2,0,8.132268,0,0,0,0,0,0,0,0,0,0.01,0,0
delarc_pH9_2,3,8.037141,0,0,0,0,0,0,0,0,0,0.189601,0,0
delarc_pH9_2,6,7.416589,0,0,0,0,0,0,0,0,0,1.772155,0,0
delarc_pH9_2,9,6.566121,0,0,0,0,0,0,0,0,0,3.735799,0,0
delarc_pH9_2,24,7.194604,0,0,0,0,0,0,0,0,0,4.326752,0,0
parc-_pH4_0,0,5.01845527,0,0,0,0,0,0,0,0,0,0,0.01,0
parc-_pH4_0,3,5.052249,0,0,0,0,0,0,0,0,0,0,0.01,0
parc-_pH4_0,6,5.041834,0,0,0,0,0,0,0,0,0,0,0.01,0
parc-_pH4_0,9,5.076731,0,0,0,0,0,0,0,0,0,0,0.01,0
parc-_pH4_0,24,5.058436,0,0,0,0,0,0,0,0,0,0,0.01,0
parc-_pH4_1,0,4.99440812,0,0,0,0,0,0,0,0,0,0,0.01,0
parc-_pH4_1,3,5.058436,0,0,0,0,0,0,0,0,0,0,0.01,0
parc-_pH4_1,6,5.00979,0,0,0,0,0,0,0,0,0,0,0.01,0
parc-_pH4_1,9,5.064579,0,0,0,0,0,0,0,0,0,0,0.01,0
parc-_pH4_1,24,5.022755,0,0,0,0,0,0,0,0,0,0,0.01,0
parc-_pH4_2,0,5.01196486,0,0,0,0,0,0,0,0,0,0,0.01,0
parc-_pH4_2,3,5.033407,0,0,0,0,0,0,0,0,0,0,0.01,0
parc-_pH4_2,6,5.031288,0,0,0,0,0,0,0,0,0,0,0.01,0
parc-_pH4_2,9,5.058436,0,0,0,0,0,0,0,0,0,0,0.01,0
parc-_pH4_2,24,5.029162,0,0,0,0,0,0,0,0,0,0,0.01,0
parc-_pH5_0,0,5.261867,0,0,0,0,0,0,0,0,0,0,0.01,0
parc-_pH5_0,3,5.501645,0,0,0,0,0,0,0,0,0,0,0.089917,0
parc-_pH5_0,6,5.341828,0,0,0,0,0,0,0,0,0,0,0.540644,0
parc-_pH5_0,9,5.225604,0,0,0,0,0,0,0,0,0,0,0.664653,0
parc-_pH5_0,24,5.29508,0,0,0,0,0,0,0,0,0,0,0.783416,0
parc-_pH5_1,0,5.359249,0,0,0,0,0,0,0,0,0,0,0.01,0
parc-_pH5_1,3,5.406731,0,0,0,0,0,0,0,0,0,0,0.098025,0
parc-_pH5_1,6,5.173491,0,0,0,0,0,0,0,0,0,0,0.508687,0
parc-_pH5_1,9,5.230642,0,0,0,0,0,0,0,0,0,0,0.679439,0
parc-_pH5_1,24,5.084736,0,0,0,0,0,0,0,0,0,0,0.800587,0
parc-_pH5_2,0,5.318025,0,0,0,0,0,0,0,0,0,0,0.01,0
parc-_pH5_2,3,5.354927,0,0,0,0,0,0,0,0,0,0,0.143336,0
parc-_pH5_2,6,5.116014,0,0,0,0,0,0,0,0,0,0,0.54589,0
parc-_pH5_2,9,5.17885,0,0,0,0,0,0,0,0,0,0,0.666084,0
parc-_pH5_2,24,5.064579,0,0,0,0,0,0,0,0,0,0,0.769108,0
parc-_pH6_0,0,5.909621,0,0,0,0,0,0,0,0,0,0,0.01,0
parc-_pH6_0,3,6.179314,0,0,0,0,0,0,0,0,0,0,0.167184,0
parc-_pH6_0,6,5.736133,0,0,0,0,0,0,0,0,0,0,0.909334,0
parc-_pH6_0,9,5.374906,0,0,0,0,0,0,0,0,0,0,1.638606,0
parc-_pH6_0,24,5.321038,0,0,0,0,0,0,0,0,0,0,1.942429,0
parc-_pH6_1,0,5.918531,0,0,0,0,0,0,0,0,0,0,0.01,0
parc-_pH6_1,3,6.176059,0,0,0,0,0,0,0,0,0,0,0.18197,0
parc-_pH6_1,6,5.683111,0,0,0,0,0,0,0,0,0,0,0.954168,0
parc-_pH6_1,9,5.394421,0,0,0,0,0,0,0,0,0,0,1.698226,0
parc-_pH6_1,24,5.328522,0,0,0,0,0,0,0,0,0,0,1.923828,0
parc-_pH6_2,0,5.932448,0,0,0,0,0,0,0,0,0,0,0.01,0
parc-_pH6_2,3,6.134833,0,0,0,0,0,0,0,0,0,0,0.269254,0
parc-_pH6_2,6,5.574778,0,0,0,0,0,0,0,0,0,0,1.138275,0
parc-_pH6_2,9,5.285724,0,0,0,0,0,0,0,0,0,0,1.664839,0
parc-_pH6_2,24,5.271491,0,0,0,0,0,0,0,0,0,0,1.874224,0
parc-_pH7_0,0,6.858973,0,0,0,0,0,0,0,0,0,0,0.01,0
parc-_pH7_0,3,6.963634,0,0,0,0,0,0,0,0,0,0,0.265915,0
parc-_pH7_0,6,6.661349,0,0,0,0,0,0,0,0,0,0,1.182632,0
parc-_pH7_0,9,6.105196,0,0,0,0,0,0,0,0,0,0,2.602065,0
parc-_pH7_0,24,6.30996,0,0,0,0,0,0,0,0,0,0,3.649946,0
parc-_pH7_1,0,6.721127,0,0,0,0,0,0,0,0,0,0,0.01,0
parc-_pH7_1,3,6.926175,0,0,0,0,0,0,0,0,0,0,0.292625,0
parc-_pH7_1,6,6.515764,0,0,0,0,0,0,0,0,0,0,1.199326,0
parc-_pH7_1,9,5.924419,0,0,0,0,0,0,0,0,0,0,2.604927,0
parc-_pH7_1,24,6.117526,0,0,0,0,0,0,0,0,0,0,3.712428,0
parc-_pH7_2,0,6.717423,0,0,0,0,0,0,0,0,0,0,0.01,0
parc-_pH7_2,3,6.882054,0,0,0,0,0,0,0,0,0,0,0.413772,0
parc-_pH7_2,6,6.356842,0,0,0,0,0,0,0,0,0,0,1.577078,0
parc-_pH7_2,9,5.917052,0,0,0,0,0,0,0,0,0,0,2.695549,0
parc-_pH7_2,24,6.059621,0,0,0,0,0,0,0,0,0,0,3.651377,0
parc-_pH8_0,0,7.650646,0,0,0,0,0,0,0,0,0,0,0.01,0
parc-_pH8_0,3,7.618042,0,0,0,0,0,0,0,0,0,0,0.169569,0
parc-_pH8_0,6,7.105581,0,0,0,0,0,0,0,0,0,0,1.588525,0
parc-_pH8_0,9,6.478666,0,0,0,0,0,0,0,0,0,0,3.073301,0
parc-_pH8_0,24,7.017266,0,0,0,0,0,0,0,0,0,0,3.934691,0
parc-_pH8_1,0,7.626506,0,0,0,0,0,0,0,0,0,0,0.01,0
parc-_pH8_1,3,7.583613,0,0,0,0,0,0,0,0,0,0,0.195802,0
parc-_pH8_1,6,7.073494,0,0,0,0,0,0,0,0,0,0,1.524135,0
parc-_pH8_1,9,6.438265,0,0,0,0,0,0,0,0,0,0,2.967893,0
parc-_pH8_1,24,6.949457,0,0,0,0,0,0,0,0,0,0,3.960924,0
parc-_pH8_2,0,7.646592,0,0,0,0,0,0,0,0,0,0,0.01,0
parc-_pH8_2,3,7.531939,0,0,0,0,0,0,0,0,0,0,0.325058,0
parc-_pH8_2,6,6.874273,0,0,0,0,0,0,0,0,0,0,1.961031,0
parc-_pH8_2,9,6.335529,0,0,0,0,0,0,0,0,0,0,3.254546,0
parc-_pH8_2,24,6.969788,0,0,0,0,0,0,0,0,0,0,3.9428,0
parc-_pH9_0,0,8.145631,0,0,0,0,0,0,0,0,0,0,0.01,0
parc-_pH9_0,3,8.030702,0,0,0,0,0,0,0,0,0,0,0.212972,0
parc-_pH9_0,6,7.460999,0,0,0,0,0,0,0,0,0,0,1.862777,0
parc-_pH9_0,9,6.584379,0,0,0,0,0,0,0,0,0,0,3.718151,0
parc-_pH9_0,24,7.338107,0,0,0,0,0,0,0,0,0,0,3.940415,0
parc-_pH9_1,0,8.122185,0,0,0,0,0,0,0,0,0,0,0.01,0
parc-_pH9_1,3,8.036368,0,0,0,0,0,0,0,0,0,0,0.216311,0
parc-_pH9_1,6,7.345577,0,0,0,0,0,0,0,0,0,0,2.167077,0
parc-_pH9_1,9,6.610394,0,0,0,0,0,0,0,0,0,0,3.766324,0
parc-_pH9_1,24,7.380537,0,0,0,0,0,0,0,0,0,0,3.897011,0
parc-_pH9_2,0,8.132268,0,0,0,0,0,0,0,0,0,0,0.01,0
parc-_pH9_2,3,7.985588,0,0,0,0,0,0,0,0,0,0,0.427127,0
parc-_pH9_2,6,7.199284,0,0,0,0,0,0,0,0,0,0,2.297765,0
parc-_pH9_2,9,6.645328,0,0,0,0,0,0,0,0,0,0,3.723875,0
parc-_pH9_2,24,7.313466,0,0,0,0,0,0,0,0,0,0,4.3444,0
parc+_pH4_0,0,5.01845527,0,0,0,0,0,0,0,0,0,0,0,0.01
parc+_pH4_0,3,5.062536,0,0,0,0,0,0,0,0,0,0,0,0.01
parc+_pH4_0,6,5.037631,0,0,0,0,0,0,0,0,0,0,0,0.01
parc+_pH4_0,9,5.080743,0,0,0,0,0,0,0,0,0,0,0,0.01
parc+_pH4_0,24,5.020608,0,0,0,0,0,0,0,0,0,0,0,0.01
parc+_pH4_1,0,4.99440812,0,0,0,0,0,0,0,0,0,0,0,0.01
parc+_pH4_1,3,5.033407,0,0,0,0,0,0,0,0,0,0,0,0.01
parc+_pH4_1,6,5.031288,0,0,0,0,0,0,0,0,0,0,0,0.01
parc+_pH4_1,9,5.066617,0,0,0,0,0,0,0,0,0,0,0,0.01
parc+_pH4_1,24,5.005424,0,0,0,0,0,0,0,0,0,0,0,0.01
parc+_pH4_2,0,5.01196486,0,0,0,0,0,0,0,0,0,0,0,0.01
parc+_pH4_2,3,5.070677,0,0,0,0,0,0,0,0,0,0,0,0.01
parc+_pH4_2,6,5.037631,0,0,0,0,0,0,0,0,0,0,0,0.01
parc+_pH4_2,9,5.074718,0,0,0,0,0,0,0,0,0,0,0,0.01
parc+_pH4_2,24,5.031288,0,0,0,0,0,0,0,0,0,0,0,0.01
parc+_pH5_0,0,5.261867,0,0,0,0,0,0,0,0,0,0,0,0.01
parc+_pH5_0,3,5.380528,0,0,0,0,0,0,0,0,0,0,0,0.070838
parc+_pH5_0,6,5.562458,0,0,0,0,0,0,0,0,0,0,0,0.289286
parc+_pH5_0,9,6.186862,0,0,0,0,0,0,0,0,0,0,0,1.506965
parc+_pH5_0,24,7.305846,0,0,0,0,0,0,0,0,0,0,0,4.754108
parc+_pH5_1,0,5.359249,0,0,0,0,0,0,0,0,0,0,0,0.01
parc+_pH5_1,3,5.376315,0,0,0,0,0,0,0,0,0,0,0,0.075608
parc+_pH5_1,6,5.561329,0,0,0,0,0,0,0,0,0,0,0,0.318857
parc+_pH5_1,9,6.236364,0,0,0,0,0,0,0,0,0,0,0,1.45593
parc+_pH5_1,24,7.272592,0,0,0,0,0,0,0,0,0,0,0,4.70212
parc+_pH5_2,0,5.318025,0,0,0,0,0,0,0,0,0,0,0,0.01
parc+_pH5_2,3,5.388892,0,0,0,0,0,0,0,0,0,0,0,0.075608
parc+_pH5_2,6,6.135974,0,0,0,0,0,0,0,0,0,0,0,0.316473
parc+_pH5_2,9,6.225669,0,0,0,0,0,0,0,0,0,0,0,1.572308
parc+_pH5_2,24,6.806977,0,0,0,0,0,0,0,0,0,0,0,4.574771
parc+_pH6_0,0,5.909621,0,0,0,0,0,0,0,0,0,0,0,0.01
parc+_pH6_0,3,6.200702,0,0,0,0,0,0,0,0,0,0,0,0.123781
parc+_pH6_0,6,6.247922,0,0,0,0,0,0,0,0,0,0,0,0.615527
parc+_pH6_0,9,6.513948,0,0,0,0,0,0,0,0,0,0,0,1.973909
parc+_pH6_0,24,7.285906,0,0,0,0,0,0,0,0,0,0,0,4.850931
parc+_pH6_1,0,5.918531,0,0,0,0,0,0,0,0,0,0,0,0.01
parc+_pH6_1,3,6.198588,0,0,0,0,0,0,0,0,0,0,0,0.13809
parc+_pH6_1,6,6.246923,0,0,0,0,0,0,0,0,0,0,0,0.725227
parc+_pH6_1,9,6.580356,0,0,0,0,0,0,0,0,0,0,0,2.261516
parc+_pH6_1,24,7.202977,0,0,0,0,0,0,0,0,0,0,0,4.954432
parc+_pH6_2,0,5.932448,0,0,0,0,0,0,0,0,0,0,0,0.01
parc+_pH6_2,3,6.155141,0,0,0,0,0,0,0,0,0,0,0,0.140951
parc+_pH6_2,6,6.274451,0,0,0,0,0,0,0,0,0,0,0,0.703764
parc+_pH6_2,9,6.56441,0,0,0,0,0,0,0,0,0,0,0,2.097441
parc+_pH6_2,24,7.204898,0,0,0,0,0,0,0,0,0,0,0,4.729783
parc+_pH7_0,0,6.858973,0,0,0,0,0,0,0,0,0,0,0,0.01
parc+_pH7_0,3,6.942496,0,0,0,0,0,0,0,0,0,0,0,0.240636
parc+_pH7_0,6,6.916544,0,0,0,0,0,0,0,0,0,0,0,0.971816
parc+_pH7_0,9,7.011249,0,0,0,0,0,0,0,0,0,0,0,2.080748
parc+_pH7_0,24,7.497217,0,0,0,0,0,0,0,0,0,0,0,5.306428
parc+_pH7_1,0,6.721127,0,0,0,0,0,0,0,0,0,0,0,0.01
parc+_pH7_1,3,6.950539,0,0,0,0,0,0,0,0,0,0,0,0.243975
parc+_pH7_1,6,6.937896,0,0,0,0,0,0,0,0,0,0,0,1.007111
parc+_pH7_1,9,7.027593,0,0,0,0,0,0,0,0,0,0,0,2.145137
parc+_pH7_1,24,7.488479,0,0,0,0,0,0,0,0,0,0,0,5.302135
parc+_pH7_2,0,6.717423,0,0,0,0,0,0,0,0,0,0,0,0.01
parc+_pH7_2,3,6.9527,0,0,0,0,0,0,0,0,0,0,0,0.249698
parc+_pH7_2,6,6.938336,0,0,0,0,0,0,0,0,0,0,0,0.991848
parc+_pH7_2,9,7.017266,0,0,0,0,0,0,0,0,0,0,0,2.152292
parc+_pH7_2,24,7.50687,0,0,0,0,0,0,0,0,0,0,0,5.313583
parc+_pH8_0,0,7.650646,0,0,0,0,0,0,0,0,0,0,0,0.01
parc+_pH8_0,3,7.636992,0,0,0,0,0,0,0,0,0,0,0,0.148106
parc+_pH8_0,6,7.481491,0,0,0,0,0,0,0,0,0,0,0,1.193602
parc+_pH8_0,9,7.466286,0,0,0,0,0,0,0,0,0,0,0,2.252453
parc+_pH8_0,24,7.763326,0,0,0,0,0,0,0,0,0,0,0,4.678749
parc+_pH8_1,0,7.626506,0,0,0,0,0,0,0,0,0,0,0,0.01
parc+_pH8_1,3,7.618629,0,0,0,0,0,0,0,0,0,0,0,0.160507
parc+_pH8_1,6,7.48482,0,0,0,0,0,0,0,0,0,0,0,0.93509
parc+_pH8_1,9,7.490757,0,0,0,0,0,0,0,0,0,0,0,2.299195
parc+_pH8_1,24,7.775007,0,0,0,0,0,0,0,0,0,0,0,4.694488
parc+_pH8_2,0,7.646592,0,0,0,0,0,0,0,0,0,0,0,0.01
parc+_pH8_2,3,7.603047,0,0,0,0,0,0,0,0,0,0,0,0.16003
parc+_pH8_2,6,7.489733,0,0,0,0,0,0,0,0,0,0,0,1.118242
parc+_pH8_2,9,7.486308,0,0,0,0,0,0,0,0,0,0,0,2.353569
parc+_pH8_2,24,7.654119,0,0,0,0,0,0,0,0,0,0,0,4.609112
parc+_pH9_0,0,8.145631,0,0,0,0,0,0,0,0,0,0,0,0.01
parc+_pH9_0,3,8.043942,0,0,0,0,0,0,0,0,0,0,0,0.146198
parc+_pH9_0,6,7.870599,0,0,0,0,0,0,0,0,0,0,0,0.905518
parc+_pH9_0,9,7.733946,0,0,0,0,0,0,0,0,0,0,0,2.726552
parc+_pH9_0,24,7.786128,0,0,0,0,0,0,0,0,0,0,0,4.232314
parc+_pH9_1,0,8.122185,0,0,0,0,0,0,0,0,0,0,0,0.01
parc+_pH9_1,3,8.037378,0,0,0,0,0,0,0,0,0,0,0,0.175769
parc+_pH9_1,6,7.85842,0,0,0,0,0,0,0,0,0,0,0,1.010926
parc+_pH9_1,9,7.766692,0,0,0,0,0,0,0,0,0,0,0,2.852469
parc+_pH9_1,24,7.771919,0,0,0,0,0,0,0,0,0,0,0,4.400681
parc+_pH9_2,0,8.132268,0,0,0,0,0,0,0,0,0,0,0,0.01
parc+_pH9_2,3,8.040755,0,0,0,0,0,0,0,0,0,0,0,0.183878
parc+_pH9_2,6,7.873923,0,0,0,0,0,0,0,0,0,0,0,1.026189
parc+_pH9_2,9,7.745788,0,0,0,0,0,0,0,0,0,0,0,2.903504
parc+_pH9_2,24,7.748053,0,0,0,0,0,0,0,0,0,0,0,4.257116