Experiments,Time,AC_OD true,AC_OD pred,AC_OD stdv,BA_OD true,BA_OD pred,BA_OD stdv,BC_OD true,BC_OD pred,BC_OD stdv,BL_OD true,BL_OD pred,BL_OD stdv,BT_OD true,BT_OD pred,BT_OD stdv,BV_OD true,BV_OD pred,BV_OD stdv,CC_OD true,CC_OD pred,CC_OD stdv,DF_OD true,DF_OD pred,DF_OD stdv,wt_OD true,wt_OD pred,wt_OD stdv,delarc_OD true,delarc_OD pred,delarc_OD stdv,parc-_OD true,parc-_OD pred,parc-_OD stdv,parc+_OD true,parc+_OD pred,parc+_OD stdv,pH true,pH pred,pH stdv
5comm11delarcaTc,0.0,0.01,0.01,0.0,0.01,0.01,0.0,0.01,0.01,0.0,0.01,0.01,0.0,0.01,0.01,0.0,0.01,0.01,0.0,0.01,0.01,0.0,0.01,0.01,0.0,0.0,0.0,0.0,0.01,0.01,0.0,0.0,0.0,0.0,0.0,0.0,0.0,5.32,5.32,0.0
5comm11delarcaTc,3.0,0.008698786352034275,0.003859374742756287,0.00900822926668326,0.002560759083242275,0.006599639749502142,0.012255707571258148,0.018137843966652325,0.024220849613191646,0.011450722759286658,0.013004063257751474,0.011631541764184832,0.021035037956128516,0.013216750016794725,0.013484890106783795,0.024426048099466236,0.001656214456706625,0.0036017143833041187,0.00976226524611314,0.02518232306581995,0.011024888267397882,0.01648544223406911,0.027056454249149525,0.014641035121749512,0.012389744448675204,0.0,0.0,0.03796635146680762,0.1021474843018484,0.18772980554812294,0.033806259239891216,0.0,0.0,0.03939986816269619,0.0,0.0,0.05491125435555849,5.37488318675,5.540232017626027,0.21257962252948182
5comm11delarcaTc,6.0,0.03243533174330395,0.017670765322178605,0.06632464227541289,0.000300346783500175,0.017443862050692944,0.031707573814216385,0.3374499719198367,0.03532354956466378,0.05767487740518161,0.01905730818838095,0.04466704600868622,0.0275114348359704,0.00455981025859365,0.07762328813874832,0.07634433248812177,0.000819127591364125,0.005360545992161725,0.019543738459450694,0.00690797602050415,0.03549429337148369,0.02774927680525432,0.0256922416784304,0.0741734890004904,0.030551754699913447,0.0,0.0,0.24682968890014542,0.4505132058160858,0.7538135097668968,0.2519481606747528,0.0,0.0,0.2489797733979995,0.0,0.0,0.3849843075167087,5.40661550875,5.434027168205142,0.23162040641079354
5comm11delarcaTc,9.0,0.0399818753571122,0.05779627601015568,0.4958162347867489,0.003159283193969675,0.06326096125227454,0.15229436463613816,0.03886475450406203,0.060785990855912096,0.1680709702592504,0.04610509356893633,0.05435031064059337,0.03530013812497258,0.028597173827163876,0.12065317949063678,0.2969696481966287,0.002823483154308175,0.0,0.11107802372570186,0.029156182575008925,0.09918123006855449,0.06353996617322168,0.07325318614181692,0.13630727571118448,0.08838570239506993,0.0,0.0,0.3822791620884733,0.9935465879276215,0.7840521752270834,0.40047143706745914,0.0,0.0,0.49192573617476704,0.0,0.0,0.6032388995568821,5.2977122755,5.125144381555001,0.22648947843849668
5comm11delarcaTc,12.0,0.015094923448242975,0.31663374894084784,0.8437343641183377,0.002255618790364375,0.00963399592938502,0.0446392711756218,0.0213276031511974,0.0775161590241479,0.15663963610700596,0.03968852819178058,0.20143403716996638,0.34526583645592634,0.017887813492834727,0.05913339464930501,0.2564220938146146,0.0022059593207972,0.0,0.10355160579440263,0.010464353496851226,0.03253305220992118,0.11527495642937718,0.041882093842113124,0.08743359888539015,0.17941649210958646,0.0,0.0,0.26770334594982476,0.5489031132658181,0.6671314104674819,0.2639478084383651,0.0,0.0,0.39768105655690694,0.0,0.0,0.39702052146883543,5.32769242775,5.225209070815405,0.21929253583252428
5comm11delarcaTc,24.0,0.017447387178540472,0.29726086139049135,0.8661740113552809,0.008342019523964074,0.2228243823918253,1.0899652903641164,0.0509052727819955,0.03932749679996073,0.5170706727269591,0.16768374034902037,0.26229479335726796,0.8855582081014812,0.05678705320270795,0.18933807773766292,0.9852764684761762,0.01493753710811305,0.0,0.78767716168648,0.05248366688880795,0.0,0.4241153070968886,0.05769672174246882,0.09789237347259006,0.17896105244140675,0.0,0.0,0.38828978753226745,0.6918397619743816,0.8154090196253956,0.3803211609298637,0.0,0.0,0.47933168495983386,0.0,0.0,0.7361278383074106,5.241501218750001,5.196499003212675,0.2096495800993666
5comm11parc,0.0,0.01,0.01,0.0,0.01,0.01,0.0,0.01,0.01,0.0,0.01,0.01,0.0,0.01,0.01,0.0,0.01,0.01,0.0,0.01,0.01,0.0,0.01,0.01,0.0,0.0,0.0,0.0,0.0,0.0,0.0,0.0,0.0,0.0,0.01,0.01,0.0,5.32,5.32,0.0
5comm11parc,3.0,0.0214524277803817,0.010360824793299039,0.0085367384553353,0.00199521280335945,0.01160056399638454,0.011956641157567501,0.011248106340877875,0.029893743068636174,0.013289926913133087,0.008009865943396324,0.0,0.018267961895942687,0.0242343397302507,0.021798000715399512,0.022693672105654174,0.0018381230884718,0.010076777242720126,0.009039298866808413,0.024225809764289324,0.007882191312596203,0.01736348708082736,0.01434896036879125,0.01792973041062835,0.011170858379309805,0.0,0.0,0.038511895933167076,0.0,0.0,0.030387235393533704,0.0,0.0,0.03905024227410773,0.13542947593018126,0.19946407959650542,0.0493035553978198,5.36531987225,5.46324432685719,0.21587836140810943
5comm11parc,6.0,0.057951519641011674,0.02279679375562072,0.06334874268998704,0.0126086573429864,0.027045248509054477,0.03107018148088885,0.048646043344282575,0.12441005007110167,0.07658044610247698,0.042478978519470474,0.0,0.023286513305435578,0.0772890000284294,0.08194132049183625,0.07426228329611403,0.0209883309208616,0.031657698313467826,0.018658997417339673,0.04220279050362425,0.059184793867041674,0.03131794216479361,0.03536360939482732,0.05982852658386718,0.029156316155997904,0.0,0.0,0.25037642346141675,0.0,0.0,0.21744624836303647,0.0,0.0,0.24677038086512684,0.6395333215545058,0.9003025156094075,0.3652721041476662,5.27916004375,5.167915204770836,0.26486891998459905
5comm11parc,9.0,0.07762537167909722,0.0,0.4921330231380463,0.0047130199755559005,0.017379358910136096,0.1566637550864682,0.0388834400689302,0.10962761393554939,0.2000685252312823,0.0569520198376278,0.0,0.02941504168360432,0.026518272928821675,0.0,0.3309829086710769,0.004305841531561025,0.09107903066902008,0.1270999165732226,0.03742871302714997,0.07117803022050859,0.07918904636524123,0.07817333040395175,0.08071498384488307,0.08804773542943015,0.0,0.0,0.3877721914006057,0.0,0.0,0.3480333680265892,0.0,0.0,0.48756049383640626,1.038322839547304,0.42798621248642615,0.6759907089189897,5.15386269275,5.254859248120824,0.36136639553606525
5comm11parc,12.0,0.0300991743408934,0.0,0.7775739998829961,0.0021318768232118,0.0,0.04376574680361119,0.025016095400918575,0.029032628726320644,0.20223458021175272,0.05466328872518621,0.0,0.29149339640293187,0.018200990418822997,0.0,0.2262740175858165,0.007205693786857325,0.013778779421541905,0.14466364653846833,0.0155156849193182,0.055547629190618786,0.1738769846600592,0.047197762834789776,0.2282448494215472,0.18937365162142034,0.0,0.0,0.27155001736718537,0.0,0.0,0.2218006153118447,0.0,0.0,0.39415212107419517,0.6334667102500013,0.08731245765271947,0.5413877696882409,5.1796873972499995,5.426098818177541,0.707451791857481
5comm11parc,24.0,0.06306561562982452,0.0,0.7990842952891986,0.06315110094128785,0.0,1.0473645506818194,0.10002093291036677,0.11913412452702224,0.8644927643070818,0.09176861994019135,0.0,0.7537837613562445,0.10495129435406694,0.0,0.8733930896626263,0.0,0.28674840362674,1.794909359309733,0.10657023018953343,0.42538555915773907,1.329916484929641,0.17384748761590907,0.27394642678448977,0.3206832827259497,0.0,0.0,0.39386918446529406,0.0,0.0,0.32431311166355015,0.0,0.0,0.4750781995016933,0.7514816531688198,0.48564937213297193,1.9079745190383794,5.15953569975,5.78075579458787,1.6175565870750628
5comm11parcaTc,0.0,0.01,0.01,0.0,0.01,0.01,0.0,0.01,0.01,0.0,0.01,0.01,0.0,0.01,0.01,0.0,0.01,0.01,0.0,0.01,0.01,0.0,0.01,0.01,0.0,0.0,0.0,0.0,0.0,0.0,0.0,0.01,0.01,0.0,0.0,0.0,0.0,5.32,5.32,0.0
5comm11parcaTc,3.0,0.014322913746696775,0.015193431237022081,0.008837423385262489,0.003799201560454725,0.009054942719539006,0.012281318350881337,0.024653207617180276,0.04113583286428494,0.01352761217959698,0.0178960779703479,0.005600414241999387,0.01922485009506345,0.019895376093990648,0.05120541202867048,0.02425105593768279,0.0034213557066178502,0.01353428015510241,0.00917613698796431,0.0243071122390165,0.02682075050607324,0.01942719795367122,0.0306189411099862,0.03470532572431324,0.012243458126235946,0.0,0.0,0.039609136636380465,0.0,0.0,0.030167835885877063,0.07370041120570865,0.12440483547324274,0.0451421624712886,0.0,0.0,0.04843171993484329,5.3626074015,6.0527499816178585,0.2173740452311287
5comm11parcaTc,6.0,0.12777845232226326,0.16604205923799675,0.06564046816027165,0.001040218910947,0.051907971520993086,0.0321052116478145,0.06443205082966363,0.2105731514706108,0.07628869854181511,0.05886184633878613,0.027231781961699324,0.025384881667306024,0.08325837300650984,0.2467372357103158,0.07730738707596203,0.033492211657595854,0.041698361015440895,0.018547208438947634,0.032147835326715876,0.11040208698753516,0.032446563516780734,0.016442169882710675,0.12936302559792334,0.030606424454195313,0.0,0.0,0.25750988693523813,0.0,0.0,0.21587626020140246,0.4032854542248076,0.8345357711370687,0.2908987981044203,0.0,0.0,0.33955611431177224,5.67217733825,6.144613549802314,0.22571903314126043
5comm11parcaTc,9.0,0.2955279455950707,0.4994313453534444,0.4799430146916708,0.01184293514444795,0.1570756115692388,0.15866997106487885,0.09790004326827863,0.5255919522466787,0.19438076041820446,0.06058208955656497,0.06752269913144907,0.03313690906805793,0.10686614753664164,0.6653522793059292,0.3069834590761664,0.01705220265616645,0.18671030133164998,0.1060685278041512,0.18860722921144693,0.22789149972033504,0.069983324086835,0.18826877472415499,0.23845075968910065,0.09565949673566401,0.0,0.0,0.3988201915488551,0.0,0.0,0.34552052509750303,1.8145160263072273,2.0241701346095415,0.6124240666352174,0.0,0.0,0.5320566390263957,5.9009897845,6.262201503090064,0.24114921583616744
5comm11parcaTc,12.0,0.2751942621020802,0.7127336205727458,0.8479417606365681,0.016322806094226275,0.04549869389504418,0.0455501197786485,0.11873752570216009,0.5377641299406041,0.19247571452047343,0.06000551117511595,0.22107126827533902,0.3171987554086152,0.14129892429363014,0.4937997209128123,0.2759059109599746,0.02267363549245065,0.1437425338536162,0.10915632322891793,0.17240669591389252,0.18725711346458393,0.14624846048231918,0.11174248599781615,0.2336363719154731,0.19872012414701531,0.0,0.0,0.2792867367572317,0.0,0.0,0.2201991880952143,2.2231247789786277,1.7353327447898954,0.4854623760130741,0.0,0.0,0.35017205361322523,6.17862726075,6.321195229555925,0.25078077106297014
5comm11parcaTc,24.0,0.7274299567341654,0.3871645777424177,0.9074492871038516,0.012102336764671574,0.44132781737846877,1.1012301874057948,0.2492692065443976,0.8429218020270169,0.6455654674285949,0.042319514737202725,0.0,0.847916122142444,0.3413195575356557,0.6226054648334384,1.1264529726649224,0.0118391784031462,0.10834315570450326,0.8904024034094711,0.02421384907100775,0.3068941155382196,0.6473173111642002,0.13459935246358556,0.114081101869271,0.21981934352770333,0.0,0.0,0.40509089377004404,0.0,0.0,0.3219715318487336,2.6244739894961677,1.4805761071542105,0.5872327056060335,0.0,0.0,0.6492646674995721,7.42451031775,6.671708130849887,0.2582333053306714
5comm11wtaTc,0.0,0.01,0.01,0.0,0.01,0.01,0.0,0.01,0.01,0.0,0.01,0.01,0.0,0.01,0.01,0.0,0.01,0.01,0.0,0.01,0.01,0.0,0.01,0.01,0.0,0.01,0.01,0.0,0.0,0.0,0.0,0.0,0.0,0.0,0.0,0.0,0.0,5.32,5.32,0.0
5comm11wtaTc,3.0,0.008298624152705575,0.00754244531917572,0.00910185942339897,0.0026277233728858747,0.0036974139456202584,0.012203178775956234,0.01862872723808725,0.02234419383277274,0.01352728422722152,0.01232177751999325,0.03427343474634489,0.018863588393022615,0.01470954208896785,0.01865260099179143,0.023693684759449957,0.001709165806200875,0.0,0.008525249285956223,0.02510781173802155,0.0,0.017170637958034876,0.026604613913558825,0.016911702139531963,0.012783917013023288,0.12693157466957855,0.21166598999933203,0.04271356217949814,0.0,0.0,0.034364694958465884,0.0,0.0,0.04196730684406362,0.0,0.0,0.05242622226867839,5.34057441175,5.438770167555869,0.18650376521472506
5comm11wtaTc,6.0,0.044930630362454746,0.03825800002221267,0.06643348422485591,0.017410095676105047,0.02970379318324357,0.03137977281200361,0.0940609501321378,0.11948155782486528,0.07734254986486774,0.06681393223826095,0.025006827386975287,0.02454402383199334,0.030173130490620575,0.07443203778485,0.07454446131952727,0.03447420059513132,0.0,0.016368292759881067,0.06706926638530358,0.0,0.02673676192459464,0.0901058707847058,0.05956913252209005,0.0315947881966587,0.57018094533528,0.7398747507348042,0.2874370366494761,0.0,0.0,0.2459083196640085,0.0,0.0,0.2652042008113215,0.0,0.0,0.36756167952628666,5.290375392,5.0708410837135185,0.19655971183005727
5comm11wtaTc,9.0,0.058573956296002205,0.0,0.49189888837925594,0.006547870775944425,0.004356707345341132,0.15026934686630627,0.045983420170563755,0.027534293628484585,0.19285117252907485,0.05570107111510957,0.0524991008734703,0.031562063160131375,0.03366508146492525,0.0,0.2845377282062237,0.006443945623128425,0.0,0.09245890216800569,0.04170349344656987,0.0,0.0565783359528184,0.08084583302177732,0.0825730450476932,0.0894419092709473,1.1438744380859789,0.4073285187455616,0.4457204249629878,0.0,0.0,0.3935883068239333,0.0,0.0,0.5239814059602574,0.0,0.0,0.5759390675088578,5.2185780525,5.239641882729451,0.19784451917576798
5comm11wtaTc,12.0,0.0267115527699223,0.0,0.8328181774766297,0.003263545724594025,0.010286139725408865,0.04489434970615867,0.02702406949127455,0.047166331255722116,0.18373003093773113,0.0471764511208052,0.0,0.3057674995569895,0.0224988215664976,0.0,0.2422374586839349,0.003988923788474575,0.0,0.0890760035015446,0.0184055438703245,0.0,0.11296758478003739,0.052655501629815825,0.04712541110930679,0.1882314642732303,0.663848437538291,0.3633951358966049,0.2952422770814055,0.0,0.0,0.2508326403531115,0.0,0.0,0.423595400311437,0.0,0.0,0.37905318951514355,5.28845457225,5.270171334881147,0.18403627533763645
5comm11wtaTc,24.0,0.03714841576866195,0.0,0.855856711455226,0.024094634933490598,0.0,1.0901387623708347,0.05671218358320347,0.07964245741437376,0.609498038357079,0.1295797256602378,0.0,0.7693354014164806,0.0509703263911149,0.0,0.9350102355068027,0.00214513537500175,0.0,0.6775668332152913,0.0268707121052938,0.0,0.42205222270476817,0.1373051651145766,0.17590079681149853,0.18933595550601345,0.8486119830684187,0.5089091336322948,0.43386847984847177,0.0,0.0,0.3667632480880568,0.0,0.0,0.510566680571725,0.0,0.0,0.7028140610187948,5.466704526,5.411722522184745,0.20956444578930522
6comm11delarcaTc,0.0,0.01,0.01,0.0,0.01,0.01,0.0,0.01,0.01,0.0,0.01,0.01,0.0,0.01,0.01,0.0,0.01,0.01,0.0,0.01,0.01,0.0,0.01,0.01,0.0,0.0,0.0,0.0,0.01,0.01,0.0,0.0,0.0,0.0,0.0,0.0,0.0,5.93,5.93,0.0
6comm11delarcaTc,3.0,0.013866456404597851,0.016363574378172555,0.008846495515743891,0.009387316177499576,0.00819975388949116,0.011980634331206481,0.04112777389011357,0.032093979120291403,0.01305314708040144,0.017542501945957075,0.010138934949552019,0.019834116951555014,0.037201083319490125,0.030867967052288173,0.02303359370974313,0.011371946721774575,0.01350274315257867,0.009307269396742184,0.015800261987564047,0.03473615880182386,0.015864054270595316,0.0245551996065075,0.02721165586084853,0.010892421781680567,0.0,0.0,0.03564766938338393,0.17698021419649523,0.2218517430773288,0.03193726448820269,0.0,0.0,0.04021473349948393,0.0,0.0,0.05063884261377259,6.533328171,6.230936257895768,0.19040945224028202
6comm11delarcaTc,6.0,0.09573393814493783,0.19331276121123633,0.06556599006726345,0.06840854023479451,0.053712569782112224,0.03071984302398315,0.15738790413822187,0.22901527809062486,0.07412224411186336,0.03217189534484537,0.008478598864868283,0.02551673141194383,0.1763942606994256,0.21674589101213965,0.07225357322590131,0.0074338108415457,0.03409659435510284,0.018611215719208693,0.1083712615833837,0.08032003201587003,0.02607839239251862,0.1158216914268513,0.08691427577620094,0.026704442334958525,0.0,0.0,0.23175529920509755,1.4233593870859937,1.590572063467048,0.2327285600501275,0.0,0.0,0.25412915577830375,0.0,0.0,0.35503031183510764,6.088186179,5.881070911652158,0.1943080339958271
6comm11delarcaTc,9.0,0.22837211964335624,0.7005560010727246,0.4806525785311063,0.21345885511496665,0.21724009606728353,0.14858653790878196,0.35962931474504467,0.6064744998338429,0.186404679968794,0.0732933055909179,0.011938825559531649,0.03239650741421183,0.3667375549781542,0.664278551639708,0.2777311663233932,0.017206226904873924,0.13157907113570752,0.10641974745915418,0.288918798673609,0.22920640501521033,0.05680327228880923,0.29058479580177066,0.21589728372310035,0.07677982184953792,0.0,0.0,0.3589325983614927,2.3241193215473066,2.916797834962494,0.4021624769189865,0.0,0.0,0.5020997100831909,0.0,0.0,0.5563034400082708,5.6082722325,5.679312063021103,0.2014199959629775
6comm11delarcaTc,12.0,0.12114846385938402,0.5009366810603813,0.8733035045869947,0.11902927084166792,0.05681199924376437,0.04470879962346491,0.36461223946369536,0.4658387674437566,0.18645945003869524,0.0399909701881277,0.10929870410102936,0.32148618261879924,0.32276429237299925,0.506491225488295,0.2568813915040581,0.07541492266285915,0.19605052217464705,0.10721584871678509,0.25523207693871064,0.32574368016107874,0.1266977142498791,0.36864720620204194,0.3901511748353522,0.17074377825016157,0.0,0.0,0.25135415968500546,1.7046811457205135,1.6950148896855968,0.2799081776644685,0.0,0.0,0.4059058685473229,0.0,0.0,0.3661300390429553,5.470171297,6.227308249971231,0.2626396535807848
6comm11delarcaTc,24.0,0.2660041504769457,0.15573255568331482,0.8705361542083423,0.1450222018330941,0.7100457721909285,1.0827224824511805,0.5458334071983019,0.3715270652703643,0.6442090707680732,0.036531804365803125,0.13218167499476174,0.8313521799597243,0.3359509879590973,0.03127998880302161,0.9933419645849167,0.058056578419507676,0.25743390698836993,0.7838678678955535,0.40635271707511716,0.6131148444417714,0.5022172370860377,0.7253081553272143,0.19717627118060424,0.14928184644627485,0.0,0.0,0.3645761427193185,1.2043378653449186,1.728240465332826,0.43070940611025693,0.0,0.0,0.4892451895757616,0.0,0.0,0.678852854212612,5.491608467,7.001603267879577,0.44371952090685574
6comm11parc,0.0,0.01,0.01,0.0,0.01,0.01,0.0,0.01,0.01,0.0,0.01,0.01,0.0,0.01,0.01,0.0,0.01,0.01,0.0,0.01,0.01,0.0,0.01,0.01,0.0,0.0,0.0,0.0,0.0,0.0,0.0,0.0,0.0,0.0,0.01,0.01,0.0,5.93,5.93,0.0
6comm11parc,3.0,0.019002968570394976,0.013126604774574438,0.009552199631750583,0.014892443370342375,0.0027473189888646203,0.012187776010682185,0.0598057373999066,0.023186258466956496,0.012331425984069881,0.0080069383336255,0.012760147227575382,0.017317526628782352,0.040727396302287625,0.030359677213474007,0.023994707366301805,0.016920205113431324,0.01619286014870802,0.012376563841819762,0.01685552737141215,0.01696621326941252,0.018308893943399195,0.02447206790638585,0.015192593857399976,0.012127695461143406,0.0,0.0,0.051300667442955826,0.0,0.0,0.04175446274715837,0.0,0.0,0.046078246602321044,0.24564169788221318,0.23969062278174888,0.058864602404986165,6.433177741,6.288179748468121,0.24208707746231056
6comm11parc,6.0,0.11446733293614528,0.1684347595378558,0.07236371802826723,0.0865228280356265,0.04245907044557781,0.03139549888722834,0.2513472052557638,0.15928193906126983,0.07587338316736998,0.03031065040560415,0.029428164487600324,0.022536526621947685,0.2615776768502814,0.23939279736749333,0.07731766304185472,0.09504062010021512,0.034321619495093825,0.01573722824844718,0.1450235769893783,0.08551510972070694,0.030927578008691472,0.11799292695426325,0.07840086548280427,0.030573691762809708,0.0,0.0,0.33351974303838283,0.0,0.0,0.298788328691323,0.0,0.0,0.2911824818867097,1.5921931392227222,1.680656858975284,0.43102058904479856,5.82349142775,6.365781741516997,0.26615414738447724
6comm11parc,9.0,0.26129451348071364,0.6036352912096977,0.5597012290941874,0.18699508740506837,0.22150606045635585,0.15333074855447093,0.48884297450297537,0.5109944160093455,0.19363612839931096,0.05608783469709535,0.05245142528810103,0.0287878625348111,0.4315093243277722,0.902996768794026,0.31701070446933344,0.5368520422221623,0.15127762969256972,0.05939084912775719,0.33885385418548614,0.2071283806257248,0.06673147740932306,0.29906748852150666,0.22138144818863784,0.09229083584186808,0.0,0.0,0.5165409739679041,0.0,0.0,0.47822535060647936,0.0,0.0,0.5753084068172196,2.0514627564072194,3.1952688204452797,0.7211448232208452,5.34878962925,6.049297467241447,0.3319759565882684
6comm11parc,12.0,0.14134516402984437,0.18060002704019845,0.936586730348155,0.08388446927960483,0.06860181653217524,0.046299587071401055,0.44410123982902816,0.4302781673102313,0.1783812498609953,0.02998835422106505,0.28458977532929197,0.2930239323349462,0.34605753370420367,0.6437098123590017,0.27592480678355097,0.517209627969609,0.18898529052233698,0.11807341632628442,0.2554610891516638,0.2974832531119982,0.14342004965535798,0.30306558243843007,0.5325763977780842,0.22540282824555538,0.0,0.0,0.3617245216713808,0.0,0.0,0.3047715729778421,0.0,0.0,0.46508901292340704,1.455261939376551,1.4912227796264943,0.5253710069911673,5.40065453325,5.674808555576165,0.4230457981395721
6comm11parc,24.0,0.20454614099179474,0.0,0.9943699563987652,0.14213381411954468,0.43623266323519494,1.205717885960559,0.4661719996722156,0.6978622588037848,0.6191882100785673,0.06691034983738656,0.967209288510561,1.4730826632801095,0.473023310965066,0.5180304526256024,1.1408623779720068,0.37140898760516916,0.38093700025970734,1.146176508150071,0.4543099214803734,0.37254012428781386,0.5984141707585652,0.4811967927816527,0.3141263254859357,0.253396675508762,0.0,0.0,0.5246626155031945,0.0,0.0,0.445631843897596,0.0,0.0,0.5605796317053935,1.304561376546797,1.2739030927180948,0.9560971199542583,5.31845635125,6.208367426054686,0.4164535233487622
6comm11parcaTc,0.0,0.01,0.01,0.0,0.01,0.01,0.0,0.01,0.01,0.0,0.01,0.01,0.0,0.01,0.01,0.0,0.01,0.01,0.0,0.01,0.01,0.0,0.01,0.01,0.0,0.0,0.0,0.0,0.0,0.0,0.0,0.01,0.01,0.0,0.0,0.0,0.0,5.93,5.93,0.0
6comm11parcaTc,3.0,0.019720289637757626,0.01889871886336803,0.008971958974619706,0.008411117002406775,0.00315738605124255,0.011870092661778131,0.056923351857812804,0.03924321970551014,0.013182158910797421,0.015984001451945725,0.015112438310950995,0.01703106579568982,0.0503319533640709,0.05539977603412764,0.02303963537689459,0.014392905373358175,0.018144007285475727,0.008608619050383567,0.017564817382887697,0.02966040117347241,0.015909705156445506,0.027829115524979027,0.030330192031477066,0.010873188569920282,0.0,0.0,0.03320910126063095,0.0,0.0,0.02478144280926113,0.15861536965478082,0.1763501512944286,0.040263308054986686,0.0,0.0,0.043248737203788,6.45946501375,6.373128555896312,0.18815159871485454
6comm11parcaTc,6.0,0.2850126563194258,0.1814027607411941,0.0671440454905828,0.088167900397444,0.04219906016866506,0.03045770923894568,0.17594885928628615,0.22436497684828466,0.07549967777335363,0.03488960627579923,0.032158588302781184,0.02248974926473697,0.21079243152777033,0.27193808595052577,0.07308740084092413,0.01028665325021515,0.04869747978661598,0.01740450797392947,0.12487242567209637,0.11452725913678607,0.026171451657635472,0.10630234004717852,0.10285624556523708,0.026907127828398072,0.0,0.0,0.21590149740833667,0.0,0.0,0.17733208362362776,1.3186075719737842,1.1034647909258406,0.26096970334334424,0.0,0.0,0.30321808049695387,6.4357261475000005,6.539007943016499,0.20080286398511388
6comm11parcaTc,9.0,0.6870911276559806,0.3470878824855089,0.49181663863690694,0.4081138450485287,0.20980115108302602,0.14797455580646124,0.8245317504256293,0.5937522492224302,0.19091527527142352,0.058954126710268326,0.0415509239406685,0.029999480427215494,0.7156344042936584,0.7474934447485108,0.2895285466771082,0.025092388161673,0.21803675224024566,0.1006987005478634,0.36502184839025265,0.2488345768689116,0.05953679424601794,0.23553051373929712,0.21230159267862034,0.08575667994959882,0.0,0.0,0.3343789148326273,0.0,0.0,0.2838286831220181,2.4213264803247116,2.2924527814570164,0.5754265785067049,0.0,0.0,0.4751179142458786,6.13087770375,6.5296164837943715,0.21580387141740331
6comm11parcaTc,12.0,0.1309313453272251,0.0,0.8734867947669626,0.14392322364614688,0.04575655337137416,0.045280689838733686,0.8040288097940127,0.5436785079328796,0.17736871874743626,0.04420981714013325,0.0,0.294230095425402,0.7420165695301225,0.41480583559526835,0.27837831982509886,0.22246569696640184,0.1554974102278206,0.10583350917841566,0.27363168727474807,0.19777922991648314,0.14554534949646392,0.23205366995887755,0.23700422177380742,0.2238801286715356,0.0,0.0,0.23415964874132728,0.0,0.0,0.18088316334887944,2.0472119718623323,1.7345837499266796,0.4764321184406965,0.0,0.0,0.3126979414153268,6.6008904765,6.545550189508756,0.25862426792800425
6comm11parcaTc,24.0,0.2842517113426947,0.0,0.8414790254195929,0.16158221693628544,0.27058948920386033,1.100882540127466,0.8512971911077003,0.1589593163800165,0.6284006826190501,0.04547989098517062,0.0,0.7043250700867076,0.7275512599781511,0.0,1.0416305815539657,0.08736858218636515,0.0,0.7916911131249815,0.02602060178038195,0.0,0.5919668400319814,0.17100685907515006,0.12900775541959447,0.20936513184532907,0.0,0.0,0.339636398401392,0.0,0.0,0.2644843048372219,2.0036733998581004,1.2363635433665514,0.6174458155029914,0.0,0.0,0.57978277497001,7.516439303249999,6.99448376707403,0.3429611257904578
6comm11wtaTc,0.0,0.01,0.01,0.0,0.01,0.01,0.0,0.01,0.01,0.0,0.01,0.01,0.0,0.01,0.01,0.0,0.01,0.01,0.0,0.01,0.01,0.0,0.01,0.01,0.0,0.01,0.01,0.0,0.0,0.0,0.0,0.0,0.0,0.0,0.0,0.0,0.0,5.93,5.93,0.0
6comm11wtaTc,3.0,0.013644007442155074,0.015878176559885344,0.009327586330970129,0.009861787036925699,0.008909348975072303,0.012654088416745264,0.03841452697594155,0.03583937348302166,0.013651481930627743,0.01657688819499865,0.0098131491899242,0.02107672579451402,0.035689323870812674,0.040524540067926704,0.024785040156739387,0.009357139714245226,0.013992935977220533,0.009703175199727215,0.014685471367963525,0.03199736925172806,0.017848016063109044,0.033259769643662326,0.028856575295457886,0.013343965831508322,0.24621848125329493,0.26514142028970644,0.05204679532030168,0.0,0.0,0.04030709344967462,0.0,0.0,0.042208416484330075,0.0,0.0,0.05995630593027953,6.460119166,6.190642841974487,0.24782837228439744
6comm11wtaTc,6.0,0.2295853135124026,0.16008136629966896,0.06844389671532314,0.10790818315556075,0.0667183839847965,0.032397316848634436,0.1499329469918991,0.24441946883922858,0.0772391056935831,0.03409089592853902,0.035396533494522174,0.027441218236704666,0.1536390407103592,0.27261117065211943,0.07677375169934345,0.0047177722874869,0.05143209014284058,0.019385797847083358,0.140396427558645,0.11530777514648438,0.029125731256773077,0.12086792860957835,0.09811989512331394,0.031895612206439966,1.5917673027455288,1.949923095103087,0.3525672007093576,0.0,0.0,0.2884311830129551,0.0,0.0,0.2667278461024612,0.0,0.0,0.42035530221851614,5.8464431935,6.066812053857108,0.2512566894452523
6comm11wtaTc,9.0,0.3704429010625567,0.1060227731897831,0.5137561820864678,0.2781877543258799,0.2781659234503618,0.1568115922757382,0.3667796348299449,0.5771610232413767,0.19483553643826187,0.07536260271749873,0.052456441475033755,0.03523791559749841,0.354215584947558,0.8178029373801516,0.29974842232723736,0.02377794935978255,0.24295718831344396,0.11071596445169996,0.3492386162892418,0.2312792995636066,0.06298036955504617,0.3433018365515226,0.2292886884193231,0.08290693087207487,2.303286936916015,3.1894546183308288,0.5921554727756358,0.0,0.0,0.46164823179794373,0.0,0.0,0.5269917723096355,0.0,0.0,0.6586623531978454,5.443265229750001,5.651275502479474,0.2601268083268405
6comm11wtaTc,12.0,0.21265319255924806,0.0,0.9159663633797765,0.10776311568700148,0.04219277373900263,0.04674848167376804,0.3596266168075782,0.3940078149345551,0.189287604254912,0.04546795880650485,0.6307238170302809,0.36103092465583453,0.3094553541014862,0.2718412060171957,0.26596274233951994,0.06935583170133615,0.14940399039909472,0.1077111714446438,0.3375834901105703,0.27817923111089066,0.12863398293416697,0.4065785313444954,0.3695420045702966,0.20005098430941495,1.6635012853817792,1.4631664168799217,0.39305327576556187,0.0,0.0,0.2942070251797992,0.0,0.0,0.42602903120815167,0.0,0.0,0.4334973608807211,5.42509968475,5.853266726326306,0.28020299574673174
6comm11wtaTc,24.0,0.1381909643691664,0.0,0.8737072200808923,0.12351803914163617,0.7158386823179821,1.1449314194334148,0.5550490314898979,1.1069040619691015,0.6518210729107857,0.0341737355263254,0.0,0.9147389205818077,0.3538588814312323,1.0126715810984372,1.0585541275892256,0.09490178013474479,0.6969526199769029,0.820931596506387,0.4653425364818081,0.55135345997562,0.5029703845131993,0.6281621345506612,0.29380293557441123,0.20279604810366134,1.3688345393745276,1.579130843636314,0.5657795009430399,0.0,0.0,0.43018454062981903,0.0,0.0,0.5134999769383968,0.0,0.0,0.803760656997025,6.58879131725,5.907876224827039,0.29894742122446494
7comm11delarcaTc,0.0,0.01,0.01,0.0,0.01,0.01,0.0,0.01,0.01,0.0,0.01,0.01,0.0,0.01,0.01,0.0,0.01,0.01,0.0,0.01,0.01,0.0,0.01,0.01,0.0,0.0,0.0,0.0,0.01,0.01,0.0,0.0,0.0,0.0,0.0,0.0,0.0,6.72,6.72,0.0
7comm11delarcaTc,3.0,0.00830951961966575,0.015070324185967444,0.009186108334581057,0.002647508963376175,0.005789045554672678,0.012760290167679388,0.02036951502213575,0.03122156876637431,0.013174688191331458,0.004109669193863725,0.007860741555333138,0.019892047199269135,0.020597995368008826,0.03948350547421392,0.024836535568791326,0.0126070710368503,0.014555341345866519,0.009560237598697343,0.00529134666562935,0.0192451760751009,0.017261809018537404,0.011804314953535299,0.02624242480064916,0.01181040086384609,0.0,0.0,0.04274845720530642,0.2508872589269344,0.2738173951028781,0.03707807945666177,0.0,0.0,0.044079226956638934,0.0,0.0,0.05554304577389684,7.219595919750001,6.973092351789673,0.20867382088159767
7comm11delarcaTc,6.0,0.1007195969828383,0.1736633027722836,0.06787445912184319,0.0225972894995886,0.04808022865782407,0.03284404103644353,0.12244913501055413,0.1694509456087959,0.07453478883987752,0.008097508885497375,0.02566994113092621,0.02601745755417148,0.18113834375355387,0.19307331816198042,0.07727562093791986,0.006085551544953325,0.020794008996588266,0.019134892594080195,0.016372094656845873,0.0717215894518296,0.02938181053947409,0.017244722839109525,0.08886467158136226,0.029176754726584667,0.0,0.0,0.277919473041063,2.1159137100770584,2.120704949747961,0.27336405184621815,0.0,0.0,0.278550067576468,0.0,0.0,0.38941381444636364,6.7083822845,6.297008440756559,0.2177283095659689
7comm11delarcaTc,9.0,0.6077743793273775,0.024822759158690772,0.49926974378712974,0.026306611314384276,0.2048592298754781,0.15804341757420665,0.5772130884201339,0.5206656462281638,0.18805856197648144,0.017542466559471774,0.030372893483161925,0.03284032467892766,0.6851317074771555,0.5024405788381956,0.30092425229704156,0.027809292918979177,0.04358722795533333,0.11083176038159627,0.00637180038105865,0.15629443094893297,0.06397111973332366,0.00868483366218345,0.14777023161994401,0.08376422180855589,0.0,0.0,0.430429677060396,3.370460839439256,3.8285343941044783,0.4559833844444911,0.0,0.0,0.5503497138903979,0.0,0.0,0.6101795743679163,5.9182712565,5.518210434127728,0.2272807436709405
7comm11delarcaTc,12.0,0.2665597323600374,0.0,0.8951553894056976,0.015539719433195326,0.039191818630734926,0.04727534362166122,0.5108310847723797,0.2255636715498911,0.18690586071632087,0.012987389122940726,0.19831936629080865,0.3280572489735711,0.5606205723465094,0.09167414702820395,0.27894744761151435,0.12989215556061642,0.02495611453545676,0.10923679226689226,0.004401122703384975,0.05701175727812697,0.1356828238075872,0.0060278913568855745,0.2540207571424245,0.1913462249179755,0.0,0.0,0.3014223012200249,2.2287007795940506,1.808205922331603,0.3186065681250171,0.0,0.0,0.4449119848813296,0.0,0.0,0.401588513245968,6.243313994,6.116586663209756,0.25830181981444356
7comm11delarcaTc,24.0,0.29310077716488164,0.0,0.8595068056734005,0.09141846984175135,0.35669694956570364,1.1564909844648836,0.43146277306411734,0.14227691446924956,0.6190015819396377,0.07663270701474315,0.0,0.8504156197563311,0.6727590270512375,0.0,1.0639389712971747,0.05141828023173503,0.0,0.8385024316463222,0.052820717313962796,0.0,0.5306542496608495,0.0247979337037015,0.24790901200102536,0.19909653561696683,0.0,0.0,0.4371973793713699,2.02946422161387,1.8741629052276412,0.43295456480010847,0.0,0.0,0.5362599194902182,0.0,0.0,0.7445974909587801,6.7373119955,6.168600038908091,0.34059621163539383
7comm11parc,0.0,0.01,0.01,0.0,0.01,0.01,0.0,0.01,0.01,0.0,0.01,0.01,0.0,0.01,0.01,0.0,0.01,0.01,0.0,0.01,0.01,0.0,0.01,0.01,0.0,0.0,0.0,0.0,0.0,0.0,0.0,0.0,0.0,0.0,0.01,0.01,0.0,6.72,6.72,0.0
7comm11parc,3.0,0.006647922223423,0.011295293070415656,0.008989839298884073,0.002516467858781825,0.008205789006451766,0.011483880684723457,0.0241626842874964,0.02844844269118873,0.01373182848026537,0.003527008351449025,0.0,0.018489344910214346,0.023911487402867526,0.022937951755106163,0.022678112506759333,0.015044877739991299,0.01743848416539033,0.008426640078584352,0.0052997083913693,0.019083492858916525,0.0162469019228071,0.014458883213216875,0.01588093281121179,0.012094727419360738,0.0,0.0,0.04235249734266001,0.0,0.0,0.03108172997814569,0.0,0.0,0.043183040955360553,0.34300537153140437,0.29267402663004705,0.05095457313946078,7.2147194955,6.80132189980489,0.1927416841938222
7comm11parc,6.0,0.19047869837733417,0.1572353491719564,0.06705342365233104,0.040479887849922,0.03743480647351669,0.02966886467163272,0.2032869038345893,0.183120741861993,0.07805332878493387,0.0168987043534641,0.0,0.0234911349534293,0.2943757261367096,0.19576142148328263,0.07086824792485165,0.017677654112495826,0.05047421855957281,0.01710823567039346,0.0230008030022835,0.0462159237604787,0.027169344203196468,0.022359427127408425,0.06364328096146778,0.029713344650604157,0.0,0.0,0.2753452291135315,0.0,0.0,0.22241594172199391,0.0,0.0,0.27288679513607916,2.2529388659557927,2.2153341722180917,0.3635795323642298,6.505963109,6.261454147856146,0.2044379218202209
7comm11parc,9.0,0.6329640144514921,0.31529450027918815,0.49663655877145135,0.06534669372362024,0.005384589936432126,0.1473714073044203,0.6383549098383765,0.38773150066113454,0.19819911702064805,0.03417652360005145,0.0,0.02967351551462213,0.7662287510915348,0.3374440485400147,0.28062234255136725,0.21551254480033075,0.226004904168187,0.09787579177010212,0.022159024980615,0.03242923276878894,0.059944897091751305,0.010987911482006774,0.0,0.08965379725745777,0.0,0.0,0.42644279924187634,0.0,0.0,0.3559876055947152,0.0,0.0,0.5391604135453325,3.2370416412819725,3.0960757711121696,0.6006257284263268,5.77356483725,5.730153685650031,0.20579372182929523
7comm11parc,12.0,0.1714208699163724,0.594420031125471,0.8904567308607549,0.053301988597330874,0.0,0.0445533452339312,0.6324633019350545,0.37406737121898564,0.19920533751423516,0.014536315023543175,0.0,0.29405478712591887,0.6903655572522083,0.5740587251783276,0.2582156349195163,0.3361092819493836,0.3261755306706556,0.10296769082523419,0.017471411195653826,0.0130955140597069,0.12963934343737363,0.02505977976359105,0.0,0.17203928530448423,0.0,0.0,0.2986303610941756,0.0,0.0,0.22686982691345228,0.0,0.0,0.43586636588615413,1.8037748618668619,1.9174553896948667,0.4567774241527779,6.11595849375,6.410482204672654,0.268542019559741
7comm11parc,24.0,0.3533458689351339,1.0370427462680738,0.9623254133213759,0.03403691110592868,0.0,1.0067442049356798,0.6234345371894843,0.31790770408523084,0.6779089005215466,0.013534527916690426,0.0,0.760407358176281,0.7814054795755012,0.701250052575454,1.0760383170347214,0.23338749921368449,1.533697258754452,0.9405417097101112,0.005334249716045275,0.6777241583810846,0.6146041035525998,0.035325240892420874,0.0,0.17145900624362956,0.0,0.0,0.4331478153495888,0.0,0.0,0.33172522720654307,0.0,0.0,0.5253570823473037,1.7320696739551107,2.719064880852938,0.9207847564502359,6.61714194675,7.356255068154204,0.3704495500980592
7comm11parcaTc,0.0,0.01,0.01,0.0,0.01,0.01,0.0,0.01,0.01,0.0,0.01,0.01,0.0,0.01,0.01,0.0,0.01,0.01,0.0,0.01,0.01,0.0,0.01,0.01,0.0,0.0,0.0,0.0,0.0,0.0,0.0,0.01,0.01,0.0,0.0,0.0,0.0,6.72,6.72,0.0
7comm11parcaTc,3.0,0.02693188553419365,0.0258106947072347,0.009016982770880063,0.005146374585414125,0.00467239636225005,0.011698196380982797,0.0343723099378912,0.043599496661527744,0.013439433093470465,0.01053144472462385,0.007978729620387157,0.01784204940734307,0.03250846035648133,0.05877242142243983,0.024445173319671366,0.018127556785288476,0.015397370056509969,0.009086788081288336,0.008039481569708625,0.035079807255059485,0.016792076543852688,0.015475332233735725,0.04315302637388775,0.012568220851952559,0.0,0.0,0.03683303647347615,0.0,0.0,0.02834310612736529,0.18501439477266257,0.256691018781624,0.04344899367193237,0.0,0.0,0.05071823097461988,7.229036914,7.060292800213158,0.21097857786331073
7comm11parcaTc,6.0,0.18899690588354173,0.30493722559007014,0.06616281838820379,0.03596360302399408,0.06813642973048364,0.030185896833675736,0.19119248499747551,0.2323574721730061,0.07604388100500119,0.01410146886514055,0.02027623929520448,0.023281447094430523,0.2998297380700376,0.2809933220955808,0.07527687152686763,0.026859855875597773,0.0346601490288413,0.018299101627970223,0.022197197990351775,0.08955194987397393,0.02753252656178425,0.025427185871173277,0.07638600569117474,0.03067414477972072,0.0,0.0,0.23946169654843263,0.0,0.0,0.20281878277292906,1.5519813571726873,1.6403306601467131,0.27945282065409915,0.0,0.0,0.3555869058063139,7.21223448725,7.088672927814285,0.220664266395184
7comm11parcaTc,9.0,0.38458882646189774,0.6468139341890018,0.48930060623351734,0.147316907845867,0.2884252506068926,0.1520674302553719,0.8292291734293269,0.7240142474370701,0.1918847719132689,0.019626771000652726,0.01672966263103485,0.02965661626125375,1.1558653180218241,0.891501393643374,0.2490092823161022,0.21578973733181447,0.12590978240517178,0.10493307171422413,0.012003319265641476,0.15545629394598803,0.05912438226072988,0.006903223135624875,0.06860636810199917,0.08855998051975458,0.0,0.0,0.3708679337429783,0.0,0.0,0.3246213930978761,3.2110765540073505,3.212462666111094,0.5644569172923328,0.0,0.0,0.5571755772048652,6.9530391715,6.658526806629817,0.22760673309254656
7comm11parcaTc,12.0,0.13517174431867887,0.2343360516449511,0.8543580255454034,0.02812388669203485,0.081287285683562,0.045267303835408265,0.7780070103743489,0.7682169928304162,0.1857713713584291,0.0122426284469734,0.0,0.2969056310556079,1.008010536214758,1.0183193115997315,0.23450716667592528,0.2859564344806549,0.2807905000035905,0.10309944240115329,0.006103314374598601,0.2396000261708001,0.12085756496542194,0.004902439819896325,0.3433563261310768,0.19535626506897927,0.0,0.0,0.2597122642680576,0.0,0.0,0.2068802343314287,2.731924133028056,2.7528890535473454,0.46022155032706535,0.0,0.0,0.36670403446141825,7.23612743275,6.627923732909521,0.2345110956841707
7comm11parcaTc,24.0,0.48590774625384686,0.2860503297069073,0.8904471606916984,0.033818038447103946,0.9803986713640044,1.091999015221258,0.6339838574758968,1.3628275251184105,0.6309295699619204,0.0126997581096868,0.0,0.7364352231519421,0.8030110870029772,1.9834195582732557,1.0595542412217558,0.08254916994203508,0.4627188059240182,0.8161153120502085,0.002442305184893375,0.408038284976542,0.4768047671677669,0.00030162735563935,0.19648745718094068,0.20487220894294683,0.0,0.0,0.37669913894564905,0.0,0.0,0.3024967827225278,2.3541950754779206,2.2783547848627568,0.5599769136661092,0.0,0.0,0.6799171165964008,7.6258516812499995,7.341876530968678,0.2575179758729234
7comm11wtaTc,0.0,0.01,0.01,0.0,0.01,0.01,0.0,0.01,0.01,0.0,0.01,0.01,0.0,0.01,0.01,0.0,0.01,0.01,0.0,0.01,0.01,0.0,0.01,0.01,0.0,0.01,0.01,0.0,0.0,0.0,0.0,0.0,0.0,0.0,0.0,0.0,0.0,6.72,6.72,0.0
7comm11wtaTc,3.0,0.016900391654689925,0.015301204596281051,0.008841513215184211,0.004271620810024075,0.006031023628388842,0.011535516508917014,0.025845712481957474,0.02693921655342488,0.01272378486619778,0.006990981303031125,0.010828154581993819,0.01953486982357502,0.02568521685327715,0.02918692216946525,0.02290764541520613,0.01357906867130305,0.009390377124210198,0.009587485882182915,0.008041464996309075,0.01976573995611072,0.0160071797644645,0.015884278488979726,0.030929715878711097,0.011078687435483034,0.35106640499042807,0.33424339742624676,0.03887930850133455,0.0,0.0,0.03169623879728721,0.0,0.0,0.03888895376129365,0.0,0.0,0.0467137350401847,7.1830475825,7.02425884166807,0.18658823040763037
7comm11wtaTc,6.0,0.20515632729666,0.1637236466976007,0.06452543080792825,0.11292093339507295,0.04108484768366873,0.028275844299271876,0.2982560882688786,0.11816468114153858,0.07192290396928269,0.00952433619122025,0.03391627740640441,0.02560599933243791,0.19403189915872154,0.14036250091800315,0.07117284095734472,0.00626953677987105,0.006243730613328259,0.01912590104123531,0.023272738289344026,0.08434763701012732,0.026315433447996778,0.01829136455242695,0.08723160313560706,0.02729845044987562,2.395527601567804,2.367361838834023,0.2517558190820578,0.0,0.0,0.2268132695992367,0.0,0.0,0.24575114960256716,0.0,0.0,0.32751127518441125,6.4578117915,6.488699686761459,0.18995241435832041
7comm11wtaTc,9.0,0.3921676917829678,0.36140788225181897,0.48329505393218997,0.031739098903516026,0.19114662955561754,0.14288495949405214,0.8445967090215664,0.4060442327170575,0.1780183638553402,0.01438118868485485,0.024303628205905356,0.03293933361578981,0.7814198033558368,0.4253898539521807,0.27566672939568576,0.05759199643412078,0.0,0.10981489212343315,0.0060356327605909,0.1540846922050516,0.05856407431630294,0.0149343526633992,0.14074713217715126,0.08091667133296035,3.5273628343931467,3.9032075743556947,0.40049250699418093,0.0,0.0,0.363025744182781,0.0,0.0,0.48554673150413225,0.0,0.0,0.5131833619637622,5.8435544925,5.9331198914806045,0.19217316473406562
7comm11wtaTc,12.0,0.15989062014606198,0.0,0.8337287896973491,0.037236759504598774,0.025353159942059826,0.04255901325302118,0.5177286933663863,0.40118896447710045,0.17307473762136796,0.018684292381054502,0.0,0.3277151538770101,0.6107440933498365,0.4144255759214522,0.2439852472621166,0.10115602619309393,0.0,0.10143524157968861,0.0058382370058153756,0.11168002306549746,0.11564911672372122,0.012930870175853475,0.3098369382231035,0.16993487527943463,2.371989341877299,2.5313827342928232,0.31190958275908315,0.0,0.0,0.2313552113992403,0.0,0.0,0.39252416166271864,0.0,0.0,0.3377506426154651,6.46681105175,6.688545149568876,0.22230095533311364
7comm11wtaTc,24.0,0.2566970298810172,0.0,0.8316087781344652,0.005718618190231525,0.0,1.060778156390498,0.4572248824192608,0.05698951629711688,0.5995015034551472,0.01448892682823875,0.0,0.806714970664521,0.5579716331573372,0.0,0.983954115332365,0.11460672860528878,0.0,0.7715787946456969,0.00124185616455855,0.0,0.48435741044523317,0.001102288975395075,0.12451470282200738,0.1807301382673355,2.5188426072786716,2.0758607579739095,0.48822208645904064,0.0,0.0,0.33828368060644964,0.0,0.0,0.4731159925650458,0.0,0.0,0.6262337511311175,7.80144425825,7.616685471793586,0.21820307307707054
8comm11delarcaTc,0.0,0.01,0.01,0.0,0.01,0.01,0.0,0.01,0.01,0.0,0.01,0.01,0.0,0.01,0.01,0.0,0.01,0.01,0.0,0.01,0.01,0.0,0.01,0.01,0.0,0.0,0.0,0.0,0.01,0.01,0.0,0.0,0.0,0.0,0.0,0.0,0.0,7.65,7.65,0.0
8comm11delarcaTc,3.0,0.008543320745398625,0.006804258759399255,0.009045560853759448,0.003612292310978125,0.0014413967450211446,0.011793913940936327,0.015166049221574924,0.023717515793206367,0.013203021315986276,0.003729315208422375,0.006970746536627412,0.017484236228058735,0.015603960567310525,0.011162017534498157,0.020526542528531054,0.007646217627934275,8.040119898319244e-05,0.00885734125671784,0.00660607712426355,0.0,0.016309256610482933,0.015674359715895276,0.005507098386102305,0.010682014123465648,0.0,0.0,0.03057044662757998,0.3939491289782219,0.29040870879845293,0.02405611200878859,0.0,0.0,0.04281795963942097,0.0,0.0,0.03502841666862713,7.46558152275,7.670012790107508,0.17028433912608398
8comm11delarcaTc,6.0,0.14036899034560035,0.11657675865928334,0.06840502829831839,0.00641073867124305,0.02188713790166794,0.03116244471186708,0.1213954879915887,0.11957830417210992,0.07519422280403329,0.0047596120347332,0.012338716205393273,0.022754154175798097,0.14312618335496902,0.058559365360556025,0.06680510420401498,0.002958760565504875,0.0,0.017915043784247867,0.007294876188173375,0.0,0.02458796334066987,0.01074409318366925,0.0,0.02638307877210819,0.0,0.0,0.19874687819873732,2.819037633164518,2.287415155548908,0.20394316723470954,0.0,0.0,0.27057973504798116,0.0,0.0,0.24558518818853156,6.8254311455,7.05455418009466,0.18605792522966247
8comm11delarcaTc,9.0,0.22331777905816322,0.3806169899540742,0.4945345877652963,0.0025968647541516,0.0,0.1486746794102895,0.4210199578740642,0.5070948831144051,0.1905993547606865,0.006051930259054425,0.0,0.029041295253743726,0.4825753835305868,0.48735220768615056,0.2618986609061665,0.02143680564626505,0.0,0.09370825825446912,0.006758590959746125,0.0,0.05203120909732581,0.00543442091197025,0.0,0.06755417696898541,0.0,0.0,0.3078105814744573,4.512007769505998,4.149971393623352,0.37758353325641153,0.0,0.0,0.5346022029857025,0.0,0.0,0.3848118891544427,6.0666469285,6.021891658324877,0.1998627359958888
8comm11delarcaTc,12.0,0.2615979632801489,0.0,0.876031128531307,0.002774273162503225,0.0,0.0422660821597977,0.2390736730549757,0.29679715740123336,0.19112677790764823,0.008293801477402026,0.0,0.27522044518467254,0.3164038722357989,0.13955705769224525,0.2623438166114478,0.0058220724927489,0.0,0.09027964798058322,0.003640001237429875,0.0,0.10388852775400875,0.002671997768940475,0.0,0.1432075677043545,0.0,0.0,0.21555431410201362,2.8754889372900516,2.3135542445535227,0.25417062301907306,0.0,0.0,0.4321814316408791,0.0,0.0,0.2532632046967295,6.5605191055,6.631757160066923,0.2243764489853382
8comm11delarcaTc,24.0,0.3139185357717378,0.0,0.812785781965216,0.07649430880352673,0.0,1.0314441572652457,0.3940426558445205,0.0,0.6304141208163053,0.02639028494150095,0.0,0.7117029234057665,0.32662879547769474,0.0,0.956701627610743,0.00768529738257825,0.0,0.6867224929431677,0.026755944154098623,0.0,0.3881324376145601,0.024928479787657824,0.0,0.14272453644351377,0.0,0.0,0.31265032765045014,2.4354542273366846,2.4672788791899283,0.5343341100915968,0.0,0.0,0.5209155689494909,0.0,0.0,0.4695830198058039,7.0872946809999995,7.2938432542917395,0.28983934980835574
8comm11parc,0.0,0.01,0.01,0.0,0.01,0.01,0.0,0.01,0.01,0.0,0.01,0.01,0.0,0.01,0.01,0.0,0.01,0.01,0.0,0.01,0.01,0.0,0.01,0.01,0.0,0.0,0.0,0.0,0.0,0.0,0.0,0.0,0.0,0.0,0.01,0.01,0.0,7.65,7.65,0.0
8comm11parc,3.0,0.007833472415687775,0.029109142539103825,0.009774845692634582,0.0030850911981646504,0.012762201046943663,0.013123265169014534,0.017428656297521626,0.029743385816237485,0.013686430246812542,0.00405088446836945,0.0,0.021595655399401982,0.0154980469933511,0.02131413552668454,0.025757797570196122,0.00977164787709415,0.016171484198927878,0.010015057570000489,0.004665939181769375,0.0,0.01775075386078656,0.014559839817619775,0.016424974471424516,0.01297615123658926,0.0,0.0,0.03899137010447177,0.0,0.0,0.031063931230143307,0.0,0.0,0.03965169837372865,0.3959027057504217,0.3199821300710996,0.05795533931951122,7.5809453405,7.8328272953308025,0.20496645340654251
8comm11parc,6.0,0.1456843120865031,0.24969174902145072,0.07336795241888365,0.007827625100632899,0.04370885761880911,0.034053064257353584,0.10572432327842005,0.09232457656309352,0.07823601042710633,0.0035127516170924754,0.0,0.027009902145057916,0.1296301011668034,0.10736556129493074,0.08166487913807789,0.00532710398443115,0.014009782531921996,0.020257559273219674,0.0067204226791537,0.0,0.026946729102998973,0.0065873454868870755,0.0,0.03219754231957451,0.0,0.0,0.2534936168699606,0.0,0.0,0.22228857669755014,0.0,0.0,0.25057116524273154,2.775684708100076,2.0641965316300035,0.38555980017312436,6.8637560542500005,7.248971385231475,0.2146152723513917
8comm11parc,9.0,0.41814436945834993,0.5636117994866371,0.5446283032538096,0.002899415773902675,0.16723781774801436,0.16747661670750508,0.4085747179416766,0.4884615888363975,0.20030798900141186,0.007759522565784825,0.0,0.03411834940877557,0.40185527223160195,0.3845501381804894,0.316648075943754,0.0340616189566905,0.10089056580400388,0.11692690614371065,0.004836374922351625,0.0,0.05702265279239417,0.004551268458686674,0.0,0.08443945490318283,0.0,0.0,0.39259996592641616,0.0,0.0,0.3557837516365087,0.0,0.0,0.49506995385188307,4.349270752440955,4.1864950016558025,0.5922932860355445,6.111833218,6.8929758256527585,0.240025620584488
8comm11parc,12.0,0.1964584854900602,0.9900308209969104,0.9664125509760977,0.0020491506801780003,0.02985674555601884,0.05056994307090764,0.27994671725567755,0.477323383012005,0.19681372166221506,0.00475764299520915,0.0,0.3381016303087328,0.345530282616982,0.42051330558805217,0.28511571734649016,0.03957127612623443,0.2593457981038549,0.11830062247201095,0.0032854354936160002,0.0,0.11385473353403805,0.005074430295196525,0.0,0.17900253540973543,0.0,0.0,0.2749308226064511,0.0,0.0,0.22673991140098193,0.0,0.0,0.40022289512303594,2.8624641802968456,2.365423793858534,0.33014713371184734,6.5664886209999995,7.3090556045811965,0.27672289874017236
8comm11parc,24.0,0.36973371500687696,0.0,1.0920160908592145,0.0015036767734927,0.0,1.3155784110801616,0.2799764313804349,0.41206043925371766,0.6674507992442698,0.005813298123705725,0.0,0.8743097502713502,0.36702198784021944,0.3398361192968041,1.1445354909618795,0.012326957513968225,1.0213684072694977,0.9477311083381126,0.00118702018544675,0.0,0.42536665227520465,0.0004956116168441499,0.0,0.17839876968870066,0.0,0.0,0.39877286672367157,0.0,0.0,0.3315352669395556,0.0,0.0,0.4823954058555365,2.654813781309011,4.073351062121272,1.245028974895835,7.08898457475,7.567896656940185,0.37739660204013303
8comm11parcaTc,0.0,0.01,0.01,0.0,0.01,0.01,0.0,0.01,0.01,0.0,0.01,0.01,0.0,0.01,0.01,0.0,0.01,0.01,0.0,0.01,0.01,0.0,0.01,0.01,0.0,0.0,0.0,0.0,0.0,0.0,0.0,0.01,0.01,0.0,0.0,0.0,0.0,7.65,7.65,0.0
8comm11parcaTc,3.0,0.017088152666003525,0.020688319057941437,0.009952100189606348,0.0048866753664478,0.0,0.01232911926527818,0.02930645739777325,0.032454833674288475,0.013625704695681666,0.005347511869102575,0.02152832285023729,0.01986112247180939,0.02701072812221115,0.03990448515176006,0.025298910466739256,0.014054552386788875,0.008855118926962216,0.009861161412437756,0.0078247323446235,0.0,0.01489780332900584,0.02289321412579865,0.011198112227500548,0.01289832102754342,0.0,0.0,0.033762876082054694,0.0,0.0,0.023097544470258292,0.33377189772125027,0.295355860435009,0.04627969545769692,0.0,0.0,0.04617151436441485,7.48524570025,7.946588212806166,0.18924488939604533
8comm11parcaTc,6.0,0.3113559620626269,0.193187752445817,0.07160756899462145,0.01086623485382375,0.0,0.03001561571227701,0.24607175313414437,0.1941108252051991,0.07814934098630026,0.004960896650245876,0.025070312881161766,0.02575506778156757,0.29254637615416823,0.18927514245559235,0.07866615570689597,0.018740894476056,0.0013034409356268478,0.019788425109753916,0.03883467493739605,0.0,0.023036400013039512,0.0181175272430148,0.0,0.031179986794235698,0.0,0.0,0.21950173977063625,0.0,0.0,0.16528237354967898,1.8976198069885237,2.2096649648497104,0.2994424383963396,0.0,0.0,0.32370975118295914,7.54635299875,7.40230889153566,0.19489794080939152
8comm11parcaTc,9.0,0.18680009442683598,0.5095277782336871,0.5294198997290135,0.0138013657389662,0.0,0.14456525614323998,0.6968031728272281,0.7191006275740338,0.1959357332037629,0.00715247505284955,0.015224610265642403,0.03290660065932075,0.9704682317917257,0.8091941699414171,0.3084292538749785,0.13342416260637419,0.0,0.1152978754024072,0.007962965109689775,0.0,0.04874790682421128,0.0071209210544552,0.0,0.08413442214462065,0.0,0.0,0.3399548147160975,0.0,0.0,0.2645425321198691,4.167297865641875,3.941130784763892,0.559800003157556,0.0,0.0,0.5072266850018694,7.3551021225,7.089915890739124,0.22060090109503278
8comm11parcaTc,12.0,0.152938784012835,0.5755644603515938,0.9037752752846628,0.0060425702167552,0.0,0.04283873605448116,0.6114595176108636,0.6251029532834697,0.19156821648567066,0.007137347275202125,0.0,0.32592165549577107,0.7352945546132158,0.9166697472632975,0.2677127839968244,0.08232319555596584,0.0,0.10356263454580014,0.0058444713550395,0.0,0.09733289613900581,0.005702197758411475,0.0,0.17835589886727715,0.0,0.0,0.2380643529562558,0.0,0.0,0.1685921575078907,3.3689138346017113,2.9280853868435623,0.42220015149299156,0.0,0.0,0.3338302671301155,7.485426030499999,7.754183118061384,0.2811768273425102
8comm11parcaTc,24.0,0.25133231586446847,0.24677171428241332,0.9510666142343283,0.00314688723991115,0.0,1.0454189683578212,0.601039417434405,0.9103088114928007,0.6409487228171975,0.005420963262168425,0.0,0.8118424298180839,0.6227358620812806,1.8052281818021534,1.0635531883342266,0.06344501513124315,0.0,0.7877610531484336,0.001869046164127225,0.0,0.36364028882928684,0.000673910090092225,0.0,0.17775431421578652,0.0,0.0,0.34529996889062725,0.0,0.0,0.2465126037931939,2.6367434434823034,4.153463428371429,0.6615615569644671,0.0,0.0,0.6189648635665477,7.634217867249999,8.357603104058184,0.29520081977377777
8comm11wtaTc,0.0,0.01,0.01,0.0,0.01,0.01,0.0,0.01,0.01,0.0,0.01,0.01,0.0,0.01,0.01,0.0,0.01,0.01,0.0,0.01,0.01,0.0,0.01,0.01,0.0,0.01,0.01,0.0,0.0,0.0,0.0,0.0,0.0,0.0,0.0,0.0,0.0,7.65,7.65,0.0
8comm11wtaTc,3.0,0.011243159157581875,0.02280043087553978,0.009658631114641825,0.00342362632378965,0.010752497893174489,0.011482443251113096,0.016012951867464525,0.023492527987192317,0.013107676292220993,0.004270727996452975,0.011922977048650384,0.017886037526180346,0.0165205722256238,0.021627895789615735,0.022591613762143564,0.006399722570918375,0.004832957697729269,0.009038054191251595,0.0056238773392180245,0.004831072801530362,0.014967405952602627,0.0174972086184739,0.019412268853190147,0.010805644650961397,0.46966817915047643,0.40844410848664303,0.04142996091772864,0.0,0.0,0.025524760674590724,0.0,0.0,0.03947915960293605,0.0,0.0,0.04622890677494489,7.44407994625,7.804870634635906,0.20321195236873127
8comm11wtaTc,6.0,0.17242761428858702,0.16061738016907376,0.07205149026656152,0.008362888745190476,0.04728725485997382,0.03120569226006161,0.122386827172785,0.11732639717328729,0.07630575989089002,0.00428880809212995,0.022291121235410372,0.024150277616699533,0.1594549067226391,0.0,0.07439237702431548,0.0045756323933333,0.0,0.019086398539502374,0.006848919317254125,0.0,0.026129056616380812,0.01012712416093875,0.0,0.02665052723004887,3.0534419576071423,3.0378654152308693,0.2714142306587746,0.0,0.0,0.18265114865418777,0.0,0.0,0.2494808401716699,0.0,0.0,0.3241121309443384,6.66688416375,7.160771799133878,0.2099928104148806
8comm11wtaTc,9.0,0.3934154279538269,1.0237902437082926,0.546892174141407,0.00249079020511845,0.05030208585023368,0.1488093715540055,0.3370106459326804,0.6198890520728001,0.19579014446708032,0.0065365650627264,0.03231677808277805,0.030672428387214738,0.46508214614224186,0.0,0.2619031390773763,0.005492119139721225,0.0,0.09849495400720855,0.004793116843507675,0.0,0.04660757480335733,0.003841075072916225,0.0,0.06877636447282798,4.729039031897261,5.4158402122386295,0.5042577779463431,0.0,0.0,0.29234210715795533,0.0,0.0,0.4929157267998951,0.0,0.0,0.50785718115384,6.3768849979999995,6.360182666366736,0.2635700514910222
8comm11wtaTc,12.0,0.11464918184778936,1.1662922660070063,0.9698268479293138,0.002663660246269375,0.014438084590009396,0.04450325458854879,0.2624119552700358,0.5857250266748407,0.19650687722140267,0.00703361462731765,0.0,0.3029302715061437,0.34461013595479173,0.0,0.22840128477038513,0.003967799090696725,0.0,0.09489120746954491,0.00267051410271295,0.0,0.09305938517493505,0.0008037852589107249,0.0,0.145798473367883,3.3116625166014755,2.9186740297239533,0.304150486377502,0.0,0.0,0.18630874279917303,0.0,0.0,0.3984813816646027,0.0,0.0,0.3342452269598336,7.271543613,7.847189993371328,0.3613901598465442
8comm11wtaTc,24.0,0.3049897974163499,0.8818399167931875,1.0607032679469983,0.0005524299518801,0.0,1.3294312057139575,0.1939084973769166,0.4798717054797709,0.7244172572385073,0.005882788241002751,0.0,0.7357430828333199,0.21108360118492503,0.0,0.8816041095521002,0.0014660727573139,0.0,0.7218008489121298,0.000426251177084225,0.0,0.3476742503886918,0.0007811322802412,0.0,0.14530670312453292,3.043179591614286,6.0814031550763445,0.7015764987611621,0.0,0.0,0.2724174954265654,0.0,0.0,0.4802963303108315,0.0,0.0,0.61973425322254,7.82707945825,10.133768666250347,0.48287067813267803
comm11,0.0,0.01,0.01,0.0,0.01,0.01,0.0,0.01,0.01,0.0,0.01,0.01,0.0,0.01,0.01,0.0,0.01,0.01,0.0,0.01,0.01,0.0,0.01,0.01,0.0,0.0,0.0,0.0,0.0,0.0,0.0,0.0,0.0,0.0,0.0,0.0,0.0,6.09140325,6.09140325,0.0
comm11,3.0,0.039635872636552924,0.021446361107905706,0.007873918108304342,0.017527734725766596,0.014242618262171745,0.009170300383369127,0.04504308965000209,0.03204348158387016,0.013957918669671927,0.014505133457718809,0.021776643059601385,0.011732447589794795,0.09671980419864669,0.031338376378297804,0.014424674512580036,0.019435245649240825,0.013511824726978936,0.009562618717153866,0.025167384088670725,0.05403329911363126,0.01714578867006302,0.049769375811836346,0.03531752379496892,0.00760699803541104,0.0,0.0,0.03935449253007597,0.0,0.0,0.0307151121651534,0.0,0.0,0.040938400624325105,0.0,0.0,0.044515909831471294,6.33898675,6.456125299243549,0.17833518214316044
comm11,6.0,0.28673273847201036,0.22331735655101143,0.0626754464253386,0.08208456732115445,0.10628983337258847,0.024293230776358095,0.13619025638937457,0.29152818178257356,0.0810750279642833,0.03983886272165302,0.05587841310624281,0.015819462149386603,0.2790630033376854,0.28919520351705164,0.04824204540686611,0.04054755531363622,0.05196253652828045,0.020019290912015996,0.0673876420440361,0.17805661148599786,0.03503319355876744,0.06815506774498123,0.11596160543384264,0.021629497349737046,0.0,0.0,0.25585437559134866,0.0,0.0,0.21979248266144383,0.0,0.0,0.25870222886612515,0.0,0.0,0.31210226247928363,6.089028666666667,5.935642190316379,0.42022318792837376
comm11,9.0,0.8139625326307406,0.6866732673589389,0.5361579861346086,0.5438650273469294,0.45637151219964084,0.12503658345076007,0.4149728267541087,0.918946943716894,0.22289645654476728,0.07469600033850363,0.08523658125770091,0.021108095919032892,0.976554486536462,1.0113220768799434,0.2764414874624481,0.07752973273159353,0.3812333200545998,0.12644393163039508,0.10075216998691883,0.4294058839157423,0.10569023216370743,0.2419208272164186,0.3640199185206091,0.07769556469032105,0.0,0.0,0.39625620707765946,0.0,0.0,0.3517886309074227,0.0,0.0,0.5111350317665773,0.0,0.0,0.48903870025675017,5.8055973750000005,5.061023388010899,0.46816450441432017
comm11,12.0,0.5556708162999395,0.0,0.8952907137280852,0.16116244647810385,0.11602556245559052,0.0635599562495918,0.2950390397187557,0.6899489564985637,0.26649718241943127,1.0359933804230663,0.0994529478176435,0.03848022603126367,0.7308432236357169,0.4074702005051952,0.26070327459951065,0.07179348322072135,0.30552320332625155,0.1402324005838853,0.18175133672685662,0.45232452818564567,0.2907881654205322,0.7277628594831772,0.39392985359903715,0.12508662354846203,0.0,0.0,0.2774912237134325,0.0,0.0,0.22419383301493276,0.0,0.0,0.4132101748869775,0.0,0.0,0.3218598799530307,6.033000458333333,4.997789333333333,0.4688729845011234
comm11,24.0,0.7449412063856822,0.0,0.7275529907303652,1.407183036458527,0.0,2.05820550803562,1.2059423269699445,0.6609386301107705,1.0563349619752764,0.055171397108049906,0.7557453711714744,0.69839177724577,0.903099792929953,0.0,1.1626777261887788,0.022578984711960612,0.7905150497998595,1.256378114752819,0.048513537054222684,0.0,1.343437168065071,0.11042001668985844,0.5996687356887224,0.2808768845986127,0.0,0.0,0.4024865954344571,0.0,0.0,0.32781243414778016,0.0,0.0,0.49804919320510826,0.0,0.0,0.5967702041978836,5.565948291666667,5.013355333333333,0.6488835647707424
