Treatments,Time,BC_OD,sample_1,sample_2,sample_3,sample_4,sample_5,sample_6,sample_7,sample_8,sample_9,sample_10,sample_11,sample_12,sample_13,sample_14,sample_15,sample_16,sample_17,sample_18,sample_19,sample_20,sample_21,sample_22,sample_23,sample_24,sample_25,sample_26,sample_27,sample_28,sample_29,sample_30,sample_31,sample_32,sample_33,sample_34,sample_35,sample_36,sample_37,sample_38,sample_39,sample_40,sample_41,sample_42,sample_43,sample_44,sample_45,sample_46,sample_47,sample_48,sample_49,sample_50,sample_51,sample_52,sample_53,sample_54,sample_55,sample_56,sample_57,sample_58,sample_59,sample_60,sample_61,sample_62,sample_63,sample_64,sample_65,sample_66,sample_67,sample_68,sample_69,sample_70,sample_71,sample_72,sample_73,sample_74,sample_75,sample_76,sample_77,sample_78,sample_79,sample_80,sample_81,sample_82,sample_83,sample_84,sample_85,sample_86,sample_87,sample_88,sample_89,sample_90,sample_91,sample_92,sample_93,sample_94,sample_95,sample_96,sample_97,sample_98,sample_99,sample_100
BC_4,0,0.01,0.01,0.01,0.01,0.01,0.01,0.01,0.01,0.01,0.01,0.01,0.01,0.01,0.01,0.01,0.01,0.01,0.01,0.01,0.01,0.01,0.01,0.01,0.01,0.01,0.01,0.01,0.01,0.01,0.01,0.01,0.01,0.01,0.01,0.01,0.01,0.01,0.01,0.01,0.01,0.01,0.01,0.01,0.01,0.01,0.01,0.01,0.01,0.01,0.01,0.01,0.01,0.01,0.01,0.01,0.01,0.01,0.01,0.01,0.01,0.01,0.01,0.01,0.01,0.01,0.01,0.01,0.01,0.01,0.01,0.01,0.01,0.01,0.01,0.01,0.01,0.01,0.01,0.01,0.01,0.01,0.01,0.01,0.01,0.01,0.01,0.01,0.01,0.01,0.01,0.01,0.01,0.01,0.01,0.01,0.01,0.01,0.01,0.01,0.01,0.01
BC_4,3,0.010565,0.009823043,0.011152274,0.011210927,0.009870984,0.0099876635,0.010931775,0.011008018,0.0103333155,0.0121287545,0.0116079785,0.010274813,0.0106976945,0.010473175,0.0092544565,0.010314607,0.009670476,0.011258705,0.011103233,0.010824994,0.011421608,0.009795188,0.009632183,0.010619428,0.010474263,0.0102370605,0.009539125,0.00973001,0.010675207,0.009453882,0.0097800465,0.011205753,0.010167367,0.011953297,0.01033741,0.010246203,0.011193755,0.012366796,0.010859786,0.010426782,0.009979345,0.009703294,0.010875949,0.010559679,0.011751824,0.009657611,0.01022701,0.011262066,0.010583884,0.009786125,0.0097453,0.008764453,0.010262958,0.01048585,0.012166994,0.009922483,0.010548335,0.010543434,0.011467361,0.010114438,0.011934147,0.011142063,0.009557326,0.010283822,0.009937901,0.010014757,0.011042075,0.00966516,0.009726106,0.010977106,0.00976781,0.010347375,0.012308605,0.0103968885,0.011171391,0.012448825,0.011028027,0.010237606,0.011848159,0.01108672,0.010510963,0.009976824,0.009772999,0.010313914,0.010226471,0.0093584275,0.009914447,0.009956217,0.011062146,0.010479406,0.009534156,0.0103442725,0.011051417,0.011567126,0.009996845,0.0119555555,0.010317405,0.009593359,0.01168518,0.0112495,0.009586852
BC_4,6,0.01,0.009649107,0.012437449,0.012573588,0.009744796,0.009976435,0.011951651,0.012118509,0.010679212,0.014716949,0.013481174,0.010556261,0.011446875,0.010968463,0.008565221,0.010638975,0.009353617,0.012675725,0.012331701,0.011725752,0.013049552,0.009596459,0.009280269,0.011277775,0.010972964,0.010480186,0.009098134,0.009469618,0.011397758,0.008937293,0.009567451,0.012557127,0.010338096,0.014288472,0.010688713,0.010501494,0.012531231,0.015295989,0.011798861,0.010871835,0.009959674,0.009417518,0.011830887,0.011151807,0.013810843,0.009328976,0.01045951,0.012687246,0.01120204,0.009578589,0.009498582,0.007682778,0.010534354,0.010994051,0.014805028,0.009847371,0.011130113,0.01111819,0.013148716,0.010232128,0.014245957,0.012415066,0.009136982,0.010577262,0.009878026,0.010031088,0.012194253,0.009342571,0.009461764,0.012052276,0.009543981,0.010709091,0.01514814,0.0108088,0.012482005,0.0154934665,0.012162774,0.010483175,0.014038992,0.012293878,0.0110466555,0.009956726,0.00955385,0.010637103,0.010461095,0.008758753,0.009831133,0.009913143,0.0122359535,0.01098321,0.0090898955,0.010705064,0.012215139,0.013380605,0.009994962,0.014292805,0.010647757,0.009203881,0.0136548355,0.012655677,0.009191812
BC_4,9,0.01,0.009478129,0.013870935,0.014108289,0.00962137,0.009966297,0.013068205,0.0133420555,0.011038251,0.017866716,0.015665635,0.010844459,0.01225175,0.011486869,0.007927951,0.010973363,0.009048798,0.014270923,0.013700408,0.012710509,0.014915099,0.009403597,0.008943417,0.011977557,0.011497533,0.0107295625,0.0086763,0.009218372,0.012171212,0.008448666,0.009361908,0.014071766,0.010512267,0.017080279,0.011054634,0.010766356,0.014030024,0.018922321,0.012825462,0.011335973,0.009941,0.009142183,0.012872346,0.011778446,0.016230963,0.009013425,0.010697649,0.014297614,0.011856537,0.009377196,0.009259529,0.0067355344,0.01081453,0.011525499,0.018017236,0.009774592,0.011747736,0.011726277,0.015074834,0.010353145,0.017010674,0.013834147,0.008737632,0.010880731,0.009820353,0.010049047,0.013468482,0.009031723,0.0092065465,0.013235877,0.009328125,0.01108589,0.018639678,0.011236238,0.0139488755,0.019276896,0.013415548,0.010737059,0.016636524,0.013635323,0.011608135,0.009939688,0.009342173,0.010969806,0.01070423,0.008198147,0.009750004,0.009870773,0.013532892,0.011512799,0.008666224,0.011083456,0.013503538,0.015479443,0.009994337,0.017086,0.010991753,0.008830784,0.015957102,0.0142383315,0.00881401
BC_4,12,0.01,0.0093100695,0.01546983,0.015838398,0.009500623,0.009957242,0.014290894,0.014690403,0.011411038,0.021704221,0.018216185,0.011139483,0.013116907,0.012029443,0.0073386226,0.01131808,0.008755473,0.016066704,0.015226409,0.013788611,0.01705455,0.009216368,0.008620854,0.012721463,0.0120495185,0.01098537,0.0082729,0.008975852,0.0129994275,0.007986517,0.00916311,0.015769467,0.010690002,0.02041824,0.0114359595,0.011041266,0.015709985,0.023413522,0.013948889,0.011820012,0.009923306,0.008876791,0.014008638,0.012441739,0.019075736,0.008710316,0.010941581,0.016118566,0.012549503,0.009181676,0.009027847,0.0059057944,0.011103846,0.0120811155,0.021929566,0.009704102,0.012403826,0.012369834,0.017280826,0.010477623,0.020319164,0.01541622,0.008358036,0.0111946585,0.00976483,0.010068632,0.014878112,0.008732132,0.00896005,0.014539492,0.009119868,0.011478555,0.022931332,0.011679722,0.0155912535,0.023975052,0.014798892,0.0109996535,0.019716848,0.015126671,0.012196473,0.0099256905,0.009137627,0.011312257,0.010956299,0.0076739863,0.009671008,0.00982909,0.014965559,0.012069628,0.008262221,0.011480601,0.014930474,0.017908888,0.009994975,0.020423608,0.011350125,0.008473338,0.018648406,0.016019778,0.008452611
BC_4,24,0.021217333333333335,0.00866609,0.023937905,0.025320206,0.009043021,0.009931843,0.02046906,0.021613771,0.013052912,0.047711294,0.033608135,0.01239013,0.017288936,0.014463986,0.0053914124,0.01280658,0.0076871635,0.025808128,0.023331735,0.019271892,0.029317683,0.008519593,0.0074593383,0.01619879,0.014566569,0.012076781,0.0068299286,0.008085606,0.016949464,0.006375575,0.008429676,0.024878213,0.011438129,0.041716266,0.01313271,0.01225221,0.024734559,0.05506891,0.019641796,0.013972944,0.009862236,0.00790608,0.019702237,0.015510146,0.03640817,0.007610954,0.011978413,0.026163775,0.01575413,0.008454146,0.008169294,0.003493942,0.012360473,0.0145646,0.048232537,0.009443929,0.015473954,0.0153477695,0.029788746,0.011012389,0.041578487,0.023787795,0.0070152036,0.012564467,0.009563409,0.010163487,0.022195391,0.0076372777,0.008054001,0.021237135,0.008356135,0.013225587,0.05236402,0.013624958,0.024397084,0.05702189,0.021941217,0.012145378,0.038960002,0.022977546,0.014840955,0.009899851,0.0083848545,0.01278449,0.012063327,0.005895547,0.009375242,0.009669102,0.022350404,0.014602356,0.0068252156,0.013283548,0.022362,0.032119136,0.0100102,0.041653156,0.012944041,0.007186647,0.03480676,0.025689175,0.0071561206
BC_5,0,0.01,0.01,0.01,0.01,0.01,0.01,0.01,0.01,0.01,0.01,0.01,0.01,0.01,0.01,0.01,0.01,0.01,0.01,0.01,0.01,0.01,0.01,0.01,0.01,0.01,0.01,0.01,0.01,0.01,0.01,0.01,0.01,0.01,0.01,0.01,0.01,0.01,0.01,0.01,0.01,0.01,0.01,0.01,0.01,0.01,0.01,0.01,0.01,0.01,0.01,0.01,0.01,0.01,0.01,0.01,0.01,0.01,0.01,0.01,0.01,0.01,0.01,0.01,0.01,0.01,0.01,0.01,0.01,0.01,0.01,0.01,0.01,0.01,0.01,0.01,0.01,0.01,0.01,0.01,0.01,0.01,0.01,0.01,0.01,0.01,0.01,0.01,0.01,0.01,0.01,0.01,0.01,0.01,0.01,0.01,0.01,0.01,0.01,0.01,0.01,0.01
BC_5,3,0.01,0.009501056,0.010588922,0.01261782,0.011002342,0.011649511,0.010800334,0.010462306,0.0108417915,0.009811256,0.011109731,0.010391993,0.009722241,0.010884384,0.010700842,0.0091888225,0.009937031,0.008419508,0.010689647,0.009011945,0.010055537,0.010814215,0.0098781865,0.010640924,0.009432607,0.011925386,0.009262783,0.011204338,0.010228459,0.011673675,0.009996916,0.010257508,0.010891774,0.010565751,0.010672476,0.010051451,0.009670835,0.010221617,0.010590053,0.010167204,0.011060485,0.009672801,0.011306497,0.010093666,0.009588119,0.010700291,0.011280821,0.010274709,0.010396117,0.009983413,0.010278066,0.009759766,0.01166357,0.010211019,0.008687867,0.010798189,0.00998795,0.010734254,0.009646175,0.008822871,0.010177366,0.010269232,0.011170521,0.010149611,0.010033714,0.011372754,0.010911012,0.010450091,0.01079473,0.009410281,0.010472246,0.010867501,0.009059773,0.009959472,0.012473629,0.011016199,0.01184292,0.00943704,0.012061615,0.011269277,0.011015924,0.011312043,0.010232842,0.010927446,0.01035792,0.009843309,0.010145225,0.01116143,0.010074688,0.012402156,0.009418761,0.0098229665,0.010883358,0.011583404,0.010843564,0.010068418,0.009095267,0.009824462,0.010995236,0.010824462,0.010398142
BC_5,6,0.01,0.009036841,0.011218405,0.015920822,0.012106097,0.013569518,0.011667992,0.0109472405,0.01175516,0.009628446,0.012345898,0.010803388,0.009449071,0.011849414,0.011454816,0.008447259,0.009882999,0.0070935655,0.011433031,0.008124918,0.010119473,0.0116930995,0.009762778,0.011329234,0.008899409,0.014221905,0.008581518,0.012558745,0.010462854,0.01362929,0.009991462,0.010525714,0.011868565,0.011164936,0.011397887,0.010106621,0.009358755,0.010448646,0.011214755,0.010340149,0.0122374855,0.009362351,0.012789745,0.010191181,0.009193281,0.01145517,0.012733959,0.010557036,0.010811325,0.009967778,0.010567464,0.009526775,0.013609443,0.010428783,0.007548622,0.01165926,0.009977844,0.011521042,0.009307755,0.007786357,0.010359644,0.010548343,0.012477649,0.010304619,0.010069682,0.012940454,0.011908607,0.010930728,0.011659374,0.008859687,0.010970546,0.011812949,0.008211627,0.009919673,0.015565755,0.012139052,0.014024969,0.008909321,0.014548023,0.01270273,0.012139573,0.0128017105,0.010482263,0.011944488,0.010733624,0.009695604,0.010294391,0.012462542,0.01015424,0.015389658,0.008874826,0.009649298,0.011851779,0.013414836,0.011759892,0.010137087,0.008273801,0.009653885,0.01209745,0.011718843,0.010814125
BC_5,9,0.01,0.008604239,0.01189195,0.020088334,0.013321724,0.015803814,0.012609164,0.01145603,0.012746295,0.009451324,0.013723667,0.011235459,0.009180623,0.012902872,0.012266504,0.0077687753,0.009837722,0.0059798188,0.012235219,0.007327955,0.010192014,0.012641517,0.009653537,0.012069215,0.008398156,0.01696129,0.007951696,0.014083188,0.010703424,0.015915051,0.009983643,0.010805194,0.01293948,0.01179968,0.012181396,0.010165638,0.009062563,0.010681257,0.01187613,0.010519084,0.013544726,0.009067541,0.014475317,0.010292671,0.008814747,0.012269682,0.014384812,0.0108471885,0.011246795,0.009953088,0.010868825,0.009300743,0.015887469,0.010653568,0.0065592933,0.012588042,0.009969673,0.012363939,0.0089838905,0.0068731643,0.0105470335,0.0108378045,0.013937249,0.010465255,0.01010791,0.01473267,0.013001693,0.011444728,0.012601134,0.008345176,0.011496665,0.012843846,0.0074459147,0.009880589,0.01943466,0.013380487,0.016608369,0.008414302,0.017546676,0.014322468,0.0133833075,0.014494523,0.010749468,0.013060418,0.011128284,0.00955649,0.01044764,0.013921255,0.0102387825,0.019109571,0.008365422,0.0094789,0.012914697,0.015532176,0.0127555365,0.01020601,0.0075277053,0.009488079,0.01331974,0.01268939,0.011248901
BC_5,12,0.01,0.008200433,0.012613347,0.025346441,0.014660806,0.018403057,0.013630706,0.011989978,0.013821987,0.009279666,0.015260176,0.011689531,0.00891701,0.014053407,0.013140989,0.007147508,0.009801036,0.0050433436,0.013101784,0.0066114278,0.0102733895,0.013664646,0.009550221,0.012865684,0.007926716,0.020229168,0.007369287,0.01580063,0.010950314,0.018587532,0.009973474,0.011096609,0.01411474,0.012472289,0.013028802,0.010228569,0.008781233,0.010919603,0.012576294,0.010704268,0.014997657,0.0087873265,0.016392926,0.010398265,0.008451866,0.013149396,0.016263127,0.0111453915,0.011703772,0.009939375,0.011182799,0.009081411,0.01855707,0.010885694,0.0057000453,0.013589686,0.009963433,0.013266691,0.008673801,0.006068326,0.010739715,0.011138128,0.015566965,0.010631745,0.010148442,0.016783984,0.014200201,0.011995253,0.013628173,0.007863962,0.012052546,0.013968457,0.006754089,0.009842211,0.024281235,0.01475389,0.019666648,0.007949613,0.021162916,0.01615369,0.014761139,0.016420143,0.011035793,0.014285691,0.011543193,0.009425552,0.010605126,0.0155581115,0.010328504,0.023748271,0.007888033,0.009311717,0.014082844,0.017978875,0.013837702,0.010275184,0.0068498496,0.009326868,0.014677164,0.013743,0.01170348
BC_5,24,0.01,0.006827134,0.016070344,0.06422906,0.021529969,0.033764426,0.018685566,0.014406311,0.019128291,0.008643372,0.023425363,0.013757083,0.0079127485,0.019834239,0.017388392,0.005137788,0.009738133,0.0025605783,0.01734977,0.004392947,0.010693182,0.01861959,0.009192202,0.01673269,0.006302517,0.040956218,0.005443589,0.025195621,0.012005376,0.03467136,0.009909438,0.012396064,0.020115992,0.01559331,0.01720179,0.010521308,0.007786104,0.011933742,0.015811844,0.011513329,0.022656905,0.0077947075,0.027174268,0.010864563,0.0071441378,0.017457,0.026854506,0.0124233235,0.013775707,0.0098938495,0.012579969,0.008266194,0.034804087,0.011894276,0.0032523456,0.018441526,0.00995772,0.017559042,0.0075571467,0.003693302,0.011567497,0.012459496,0.024215534,0.011361579,0.010334289,0.028512547,0.020292494,0.014640269,0.018792562,0.0062251687,0.01461832,0.01960426,0.0045865965,0.009695658,0.059785016,0.021899823,0.038639516,0.0063539892,0.04476617,0.026241872,0.02196517,0.02723521,0.01240476,0.0205366,0.013435109,0.008976675,0.011280528,0.024415787,0.010742284,0.057383522,0.006255443,0.0086737545,0.02007935,0.032159127,0.019201955,0.010554366,0.0047018477,0.008724783,0.021848334,0.01895107,0.013742639
BC_6,0,0.01,0.01,0.01,0.01,0.01,0.01,0.01,0.01,0.01,0.01,0.01,0.01,0.01,0.01,0.01,0.01,0.01,0.01,0.01,0.01,0.01,0.01,0.01,0.01,0.01,0.01,0.01,0.01,0.01,0.01,0.01,0.01,0.01,0.01,0.01,0.01,0.01,0.01,0.01,0.01,0.01,0.01,0.01,0.01,0.01,0.01,0.01,0.01,0.01,0.01,0.01,0.01,0.01,0.01,0.01,0.01,0.01,0.01,0.01,0.01,0.01,0.01,0.01,0.01,0.01,0.01,0.01,0.01,0.01,0.01,0.01,0.01,0.01,0.01,0.01,0.01,0.01,0.01,0.01,0.01,0.01,0.01,0.01,0.01,0.01,0.01,0.01,0.01,0.01,0.01,0.01,0.01,0.01,0.01,0.01,0.01,0.01,0.01,0.01,0.01,0.01
BC_6,3,0.04587733333333333,0.012354785,0.014777472,0.0113947615,0.012851626,0.015175308,0.013028758,0.011515611,0.013748297,0.011128162,0.014674693,0.010289608,0.015748244,0.0133142825,0.012845027,0.014413375,0.013780187,0.012353261,0.013457575,0.015500957,0.01634195,0.011259487,0.016195416,0.016358027,0.01355805,0.013202303,0.013092668,0.014514207,0.012003857,0.013434117,0.012338218,0.012728365,0.013141034,0.015274647,0.0152757075,0.013878025,0.011925849,0.015159704,0.014849692,0.012323893,0.017129486,0.011528897,0.012699287,0.011449079,0.012793518,0.014473469,0.0127649065,0.013729678,0.014101999,0.012390732,0.011683791,0.014376334,0.014281464,0.0127222035,0.014518342,0.015282589,0.010413335,0.014471095,0.01205268,0.012559983,0.0147296,0.01582393,0.015263076,0.01618503,0.015108054,0.011712842,0.016537309,0.014041896,0.012796262,0.014513678,0.015281418,0.0127695985,0.011236055,0.011062885,0.014502853,0.013915142,0.012213681,0.013466,0.013933645,0.014139646,0.014224532,0.012044062,0.01396827,0.013470113,0.014752242,0.009765573,0.015851533,0.01453716,0.011722884,0.0130433105,0.012591536,0.010241083,0.014381707,0.013215202,0.012833456,0.01272935,0.0123060495,0.012327914,0.014985664,0.013530461,0.0152648585
BC_6,6,0.05017,0.015279349,0.021837901,0.012989851,0.01652133,0.023018124,0.016982028,0.013271784,0.018910114,0.0123937065,0.02152118,0.01059108,0.024773251,0.017727738,0.016507547,0.020775674,0.01899443,0.015262827,0.018114831,0.024022806,0.026691133,0.012685448,0.02620037,0.026730802,0.01839052,0.017431373,0.017139327,0.021058949,0.014414353,0.01804287,0.015239786,0.016210038,0.017268645,0.023326881,0.023332737,0.019258967,0.014227919,0.022979088,0.022050235,0.015194348,0.02929301,0.013302718,0.01613241,0.013114845,0.01637643,0.020931501,0.0163035,0.018855203,0.01988508,0.01535372,0.013657941,0.020678597,0.020410568,0.016189903,0.021078486,0.023353966,0.01084747,0.020936158,0.014530246,0.015775636,0.021691868,0.025027625,0.02327869,0.02617235,0.022820776,0.01372338,0.027323425,0.01972615,0.016383385,0.021061763,0.023342615,0.016316783,0.01263071,0.012245506,0.021031044,0.019364376,0.014921408,0.018132707,0.019407254,0.019993264,0.020234391,0.0145133175,0.019514818,0.01813659,0.021768982,0.0095405355,0.025115509,0.021138549,0.013744685,0.01701072,0.015861234,0.010490122,0.020672042,0.017479202,0.016477164,0.016208725,0.015147027,0.015198567,0.022456035,0.018309664,0.023279835
BC_6,9,0.056370333333333335,0.01891956,0.03227249,0.014815767,0.021246951,0.034888558,0.02214692,0.015310213,0.026025945,0.0138157,0.03153295,0.010905078,0.038902413,0.023605404,0.021227665,0.0299485,0.02619117,0.018861536,0.024391346,0.037217084,0.043554254,0.014301946,0.042310677,0.043606754,0.024960794,0.023017371,0.022432413,0.030539254,0.017316226,0.024224242,0.018849103,0.020658508,0.022692634,0.03561288,0.03563419,0.026724216,0.016981948,0.034825515,0.03273956,0.018743256,0.049950883,0.015364349,0.020502053,0.015031716,0.020977542,0.030236399,0.020838015,0.025903098,0.02803656,0.019026328,0.01597498,0.029765347,0.029199518,0.020609984,0.030603293,0.035683256,0.011303791,0.030278726,0.017522268,0.019815072,0.031935718,0.039553963,0.03546333,0.04226184,0.034460243,0.016084949,0.04507619,0.02772837,0.020990688,0.030557834,0.035633594,0.020866456,0.014205806,0.013562875,0.030492937,0.026949883,0.01823533,0.024415527,0.027016645,0.028270634,0.028784564,0.01749946,0.027270567,0.024405578,0.032135915,0.0093244165,0.039763942,0.030749317,0.016118033,0.02218133,0.01999037,0.010747466,0.02969025,0.02314522,0.021167558,0.020647336,0.018648708,0.018738976,0.033647805,0.024781171,0.03545256
BC_6,12,0.06988433333333334,0.023462746,0.047693405,0.016908132,0.027337419,0.052820526,0.028903035,0.017680936,0.03584921,0.015416466,0.046139844,0.01123231,0.060923103,0.031433884,0.027319307,0.04317458,0.03613246,0.023314526,0.03285597,0.05762653,0.07096244,0.016137078,0.06813059,0.070937835,0.033906374,0.030397223,0.029352628,0.044253845,0.020812834,0.03250791,0.023351982,0.026351118,0.029819963,0.05434232,0.05440763,0.037078828,0.02027979,0.052763678,0.0486037,0.023135945,0.0847623,0.01776538,0.026068702,0.01724026,0.026895523,0.043605544,0.026658058,0.035601795,0.039522838,0.023578998,0.018697903,0.04288858,0.041832227,0.02624841,0.044431847,0.05450772,0.0117837405,0.04376724,0.021137832,0.024889559,0.046996176,0.062434252,0.053931706,0.068083346,0.052010812,0.018860972,0.074174635,0.039009627,0.02691746,0.04432177,0.05434246,0.026712622,0.0159866,0.015032153,0.04420111,0.037511066,0.022293972,0.032873016,0.037581358,0.039975125,0.040949702,0.021115508,0.03812127,0.032815978,0.047465805,0.009116762,0.06287941,0.044753503,0.01890509,0.028917486,0.025210695,0.011013486,0.042594306,0.030693596,0.02721313,0.02631468,0.022967007,0.023105944,0.050410036,0.03354759,0.05387318
BC_6,24,0.7113956666666666,0.056832984,0.22674797,0.02889882,0.075514466,0.2685055,0.08484916,0.03191202,0.13106054,0.02420736,0.2049498,0.012689446,0.3404868,0.09893451,0.07595431,0.18630897,0.13205808,0.05463281,0.10895351,0.3252893,0.47438964,0.02641872,0.42115423,0.45492718,0.11718985,0.092643864,0.08562274,0.19141802,0.043756604,0.10445691,0.0564607,0.07079068,0.08888067,0.28958642,0.29230404,0.13693891,0.04155931,0.27507895,0.2345798,0.054238852,0.5993376,0.032241236,0.06871288,0.030097052,0.07377301,0.181883,0.07248427,0.12808594,0.155388,0.055669308,0.035422962,0.1883949,0.18126152,0.069554895,0.19691004,0.29283148,0.013973194,0.1885813,0.044995543,0.061981753,0.21773452,0.37329555,0.2760375,0.4274781,0.26587352,0.035868194,0.49900058,0.15527302,0.073858075,0.19458115,0.28570366,0.07300417,0.0258294,0.022874374,0.19384842,0.1410098,0.05009187,0.10784255,0.13847733,0.15957907,0.16771765,0.045248788,0.14633875,0.10571712,0.2276404,0.008362757,0.3776148,0.20279758,0.03588231,0.08320426,0.06441709,0.01217258,0.17590675,0.09748031,0.07526065,0.069994494,0.053081386,0.053474747,0.25202304,0.11311741,0.27202377
BC_7,0,0.01,0.01,0.01,0.01,0.01,0.01,0.01,0.01,0.01,0.01,0.01,0.01,0.01,0.01,0.01,0.01,0.01,0.01,0.01,0.01,0.01,0.01,0.01,0.01,0.01,0.01,0.01,0.01,0.01,0.01,0.01,0.01,0.01,0.01,0.01,0.01,0.01,0.01,0.01,0.01,0.01,0.01,0.01,0.01,0.01,0.01,0.01,0.01,0.01,0.01,0.01,0.01,0.01,0.01,0.01,0.01,0.01,0.01,0.01,0.01,0.01,0.01,0.01,0.01,0.01,0.01,0.01,0.01,0.01,0.01,0.01,0.01,0.01,0.01,0.01,0.01,0.01,0.01,0.01,0.01,0.01,0.01,0.01,0.01,0.01,0.01,0.01,0.01,0.01,0.01,0.01,0.01,0.01,0.01,0.01,0.01,0.01,0.01,0.01,0.01,0.01
BC_7,3,0.03268133333333333,0.022748055,0.022237403,0.022488998,0.023653977,0.02357578,0.023095002,0.021628276,0.022581702,0.021325277,0.023652434,0.022958875,0.02326166,0.02212491,0.02250886,0.023088336,0.021907706,0.022946687,0.022738686,0.023320705,0.022088272,0.022290943,0.023040852,0.023173638,0.02192015,0.022371225,0.021454442,0.023363441,0.02257141,0.023678405,0.023243833,0.022579152,0.022630053,0.02223959,0.023326298,0.023089433,0.021509789,0.021581123,0.023409,0.023235677,0.024668586,0.023893688,0.021797486,0.022699334,0.023306467,0.022580419,0.023345726,0.022085026,0.022323709,0.023492668,0.021913318,0.021839691,0.022496155,0.022232173,0.022917459,0.022830924,0.024938673,0.023537014,0.023250157,0.02417632,0.022760399,0.02407202,0.022292983,0.022879492,0.021548826,0.02407489,0.023110619,0.022540784,0.022761758,0.023987936,0.022291496,0.024396196,0.023312083,0.023016836,0.02305995,0.022553856,0.022953965,0.022565808,0.022081388,0.024118153,0.02202134,0.022458032,0.022870598,0.021921815,0.023124196,0.023416089,0.023236793,0.022317607,0.0231874,0.023712955,0.023027465,0.024562715,0.022711618,0.022303293,0.022359448,0.023861546,0.022182422,0.023242366,0.022372006,0.022335883,0.023466876
BC_7,6,0.052554666666666666,0.050742086,0.048521746,0.049640793,0.054703318,0.054637592,0.052272197,0.04610713,0.050052233,0.044665746,0.05480205,0.051659342,0.052822065,0.04811934,0.049708866,0.05212732,0.04719847,0.05156082,0.0506806,0.05326983,0.047889072,0.048825685,0.05194281,0.052615047,0.047349267,0.0491197,0.04523783,0.053330276,0.05001504,0.054803252,0.052908596,0.050177336,0.0502579,0.048590902,0.05325322,0.052298855,0.04553843,0.045703065,0.053749856,0.05287132,0.059506666,0.05594995,0.046752512,0.050444297,0.053177994,0.049910102,0.05335716,0.047969334,0.048906174,0.053994663,0.04725681,0.046950072,0.049721036,0.048578836,0.051452145,0.051185284,0.060409248,0.054253694,0.053085938,0.057155933,0.05079053,0.05660717,0.048882354,0.051347815,0.04576862,0.056650836,0.052249525,0.049800344,0.05075347,0.056287978,0.04880531,0.058001902,0.053239882,0.051837448,0.052014872,0.05005189,0.051577274,0.049969096,0.047930066,0.05695823,0.047592387,0.04958449,0.05142766,0.047114186,0.05256136,0.053824108,0.05305558,0.048759874,0.052758966,0.055080153,0.051993653,0.0589993,0.050523277,0.04879272,0.04904802,0.055624995,0.04835043,0.052768182,0.04925441,0.049025986,0.053744752
BC_7,9,0.09834266666666668,0.10854797,0.101761654,0.10532911,0.120395206,0.12187922,0.11325787,0.0954021,0.10663141,0.09022793,0.12131586,0.11130857,0.11388692,0.10096839,0.10544452,0.11216871,0.09821666,0.11076153,0.108247615,0.11630558,0.099884175,0.103070974,0.11174975,0.11428135,0.099186495,0.10369104,0.092089385,0.115751274,0.10655913,0.120644644,0.11508058,0.10777024,0.1072417,0.10229035,0.116011426,0.113627546,0.09333388,0.09315207,0.11828145,0.11496205,0.13636647,0.12522411,0.09698701,0.10716721,0.11586103,0.10546699,0.11643132,0.10062435,0.10299585,0.11829743,0.098575234,0.097678095,0.105845526,0.10236016,0.11053879,0.110345915,0.13698219,0.11944704,0.11648422,0.12849179,0.108661465,0.12634982,0.1035069,0.11056613,0.09436426,0.1266721,0.1126729,0.105470195,0.10831549,0.125739,0.102889426,0.13015367,0.116258055,0.11142663,0.1119025,0.10729701,0.11072367,0.106303915,0.100382425,0.12829044,0.098936364,0.10558404,0.11146919,0.097221464,0.115058854,0.11876675,0.11656574,0.10192005,0.11519784,0.122207895,0.112514175,0.13466161,0.107552886,0.102515854,0.10336011,0.123153724,0.10158782,0.1139088,0.104804575,0.10372073,0.1167654
BC_7,12,0.18753466666666666,0.21403754,0.19779272,0.2069467,0.24032605,0.2513981,0.22520007,0.18631212,0.21024781,0.1703901,0.24514087,0.2203264,0.22222678,0.1976481,0.20688736,0.21993183,0.1911654,0.21803755,0.21285321,0.23225182,0.19345145,0.20249015,0.21961032,0.22747138,0.19564755,0.20289102,0.17545234,0.22778532,0.2102482,0.24063917,0.22888438,0.21627672,0.21169832,0.20038603,0.2304646,0.22729665,0.1798312,0.17677082,0.23901463,0.22860295,0.2813783,0.2557064,0.18868351,0.20874105,0.2305231,0.20451488,0.23188072,0.19728361,0.20102446,0.2358694,0.19280036,0.19073287,0.20935917,0.20100047,0.21797103,0.2201486,0.2728523,0.2400693,0.23594779,0.26100135,0.2141282,0.25418478,0.20469606,0.21951072,0.18372516,0.25578547,0.2216406,0.20590854,0.21235831,0.25449395,0.20157437,0.2605449,0.23230603,0.21881792,0.21968481,0.21472478,0.21756151,0.20918097,0.1962106,0.262442,0.1909989,0.20938376,0.22443272,0.18583524,0.23343891,0.24135318,0.23699014,0.19592059,0.23169439,0.24732122,0.22394454,0.2769215,0.21030961,0.19932005,0.20161936,0.24624819,0.19880883,0.22312993,0.2084732,0.20426314,0.22911906
BC_7,24,2.686487,0.7412762,0.69572204,0.73104984,0.7590703,0.9561298,0.7618594,0.77457047,0.7445435,0.61052334,0.82141256,0.7454051,0.66413414,0.7426398,0.72999793,0.6923534,0.72639704,0.7220985,0.7265174,0.7737475,0.68432677,0.7446804,0.7112674,0.7622568,0.8082911,0.7273357,0.64417297,0.69728523,0.7481275,0.7533697,0.7527936,0.8624301,0.7601417,0.7421803,0.7393323,0.7924335,0.7043807,0.62263644,0.8277881,0.7555432,0.89288634,0.85881954,0.7362602,0.6711261,0.75592345,0.6661284,0.75255233,0.7560209,0.71354747,0.7612556,0.7598152,0.75138795,0.774208,0.7569941,0.7317377,0.7955638,0.7221796,0.80161524,0.8546733,0.81969696,0.73239404,0.77667564,0.79412496,0.7705133,0.76972985,0.79844236,0.70574105,0.7031346,0.708631,0.8114679,0.7329086,0.7510495,0.7727792,0.7043685,0.7060959,0.83864325,0.7097433,0.73785615,0.7431014,0.8599012,0.67524153,0.7910919,0.83741665,0.6339515,0.8723196,0.86893445,0.8906736,0.6383596,0.81999475,0.82298684,0.7729966,0.8703952,0.69840616,0.6937582,0.70862556,0.7568412,0.7391672,0.6913468,0.81232506,0.7645042,0.6886358
BC_8,0,0.01,0.01,0.01,0.01,0.01,0.01,0.01,0.01,0.01,0.01,0.01,0.01,0.01,0.01,0.01,0.01,0.01,0.01,0.01,0.01,0.01,0.01,0.01,0.01,0.01,0.01,0.01,0.01,0.01,0.01,0.01,0.01,0.01,0.01,0.01,0.01,0.01,0.01,0.01,0.01,0.01,0.01,0.01,0.01,0.01,0.01,0.01,0.01,0.01,0.01,0.01,0.01,0.01,0.01,0.01,0.01,0.01,0.01,0.01,0.01,0.01,0.01,0.01,0.01,0.01,0.01,0.01,0.01,0.01,0.01,0.01,0.01,0.01,0.01,0.01,0.01,0.01,0.01,0.01,0.01,0.01,0.01,0.01,0.01,0.01,0.01,0.01,0.01,0.01,0.01,0.01,0.01,0.01,0.01,0.01,0.01,0.01,0.01,0.01,0.01,0.01
BC_8,3,0.020916333333333332,0.02145132,0.021168154,0.02143593,0.021575946,0.021371435,0.021244569,0.02132411,0.021519294,0.021366144,0.021262784,0.021476422,0.021535054,0.020968355,0.02137933,0.021562794,0.021633359,0.021477904,0.02116941,0.021566225,0.021494087,0.021274062,0.021452473,0.021178266,0.021300009,0.021523152,0.021655101,0.021517038,0.021267854,0.021315748,0.021359742,0.021387458,0.021437382,0.02142809,0.02125343,0.021114446,0.021188408,0.021454882,0.021471364,0.021427456,0.021318622,0.021325415,0.021454215,0.021308538,0.021471068,0.021391738,0.021544123,0.021208113,0.02128678,0.021482477,0.021466434,0.021044187,0.02115759,0.021475233,0.021099387,0.021491501,0.021292143,0.021512814,0.021264635,0.021343572,0.021376735,0.021495229,0.021367433,0.021336842,0.021125048,0.021319004,0.021181947,0.021452077,0.021239378,0.021035668,0.021305893,0.021271918,0.021441111,0.021655738,0.021247525,0.021204682,0.021137126,0.021227764,0.0212327,0.0215887,0.021377724,0.021252599,0.021300837,0.021369303,0.021249069,0.02125613,0.021312062,0.021308668,0.021505518,0.021398315,0.021146538,0.02131564,0.02124335,0.021588106,0.02105323,0.02144565,0.021664465,0.021151653,0.021224227,0.021165516,0.021402562
BC_8,6,0.037610000000000005,0.045863297,0.044665266,0.045807797,0.046393644,0.0455223,0.04499297,0.045318566,0.046155166,0.04549875,0.04505645,0.04597675,0.04622017,0.043824844,0.04555933,0.04633629,0.046640005,0.045983143,0.044672918,0.046365757,0.04604784,0.045113873,0.045864265,0.04470546,0.045223337,0.04616887,0.046731614,0.046153214,0.04508266,0.045288917,0.045473527,0.04559754,0.04581196,0.045773912,0.045030963,0.044449072,0.044755045,0.045886222,0.045956817,0.045765445,0.04529059,0.045329098,0.04588293,0.045268856,0.04594795,0.045615356,0.046263784,0.044838518,0.04517544,0.04599961,0.04593446,0.04414997,0.044631895,0.04596762,0.044377107,0.046034038,0.045195926,0.0461323,0.045076102,0.045407493,0.04555273,0.04605478,0.045506038,0.04538319,0.044482224,0.045308515,0.044720426,0.045872327,0.044973843,0.04411058,0.045244437,0.045105446,0.045813818,0.046735562,0.045005098,0.04483375,0.044538498,0.0449279,0.044937365,0.04644732,0.045559578,0.045023844,0.04522547,0.045523167,0.045010727,0.045027837,0.0452777,0.0452609,0.046090644,0.04562579,0.044578616,0.045294106,0.044985276,0.046445493,0.04418447,0.04583461,0.04677238,0.04460167,0.04490563,0.04466261,0.045663435
BC_8,9,0.056847666666666664,0.09736816,0.09361279,0.09724865,0.0990352,0.09628674,0.09466754,0.09562975,0.098301046,0.096206665,0.09479344,0.097762324,0.09849393,0.09098241,0.09642267,0.09884753,0.09981813,0.09778307,0.09364949,0.09902349,0.09796338,0.095026396,0.09734956,0.09372562,0.095368184,0.09832913,0.10009951,0.09833797,0.09490162,0.09556828,0.09613795,0.096563205,0.09725058,0.097138904,0.094789915,0.09298996,0.09391767,0.09748339,0.09770838,0.09708035,0.09551608,0.09569035,0.0974707,0.09556264,0.097638264,0.09661716,0.09865895,0.09418086,0.09526194,0.097818255,0.097630374,0.0920348,0.09356834,0.09771096,0.09271882,0.09790465,0.09531427,0.098255605,0.09491932,0.09594437,0.096426204,0.09799664,0.096239656,0.095891185,0.09303224,0.095661566,0.09376937,0.09742889,0.09462307,0.09189244,0.09541355,0.09500347,0.09717901,0.100118786,0.09470379,0.094218545,0.09323734,0.09449599,0.09446365,0.099200025,0.09646226,0.0947479,0.09536732,0.096344024,0.094716616,0.09470108,0.09555709,0.09549115,0.09806543,0.096553594,0.09336548,0.09561537,0.09462957,0.09919847,0.092124015,0.097252645,0.10023223,0.09344577,0.094386235,0.093650185,0.096780285
BC_8,12,0.084511,0.20369853,0.19349943,0.2036409,0.20821032,0.20071208,0.19650534,0.19884203,0.20630234,0.20046455,0.1964999,0.20494927,0.20676726,0.18630974,0.20117661,0.20766644,0.2103623,0.20500948,0.19365989,0.2085546,0.20538698,0.19738673,0.20354167,0.19374482,0.1983101,0.20630455,0.21108752,0.20661503,0.19691874,0.19882701,0.20032899,0.20165841,0.20359343,0.20332843,0.19685616,0.19205493,0.19444312,0.20422034,0.20484692,0.20301291,0.19840829,0.19914012,0.20417559,0.19908756,0.2044494,0.20179565,0.20735179,0.19516893,0.19823124,0.205025,0.20459774,0.18935555,0.19366358,0.20470037,0.19109894,0.20515141,0.19831826,0.20630926,0.19715017,0.19986813,0.20130505,0.20553033,0.2006037,0.19983588,0.19188088,0.1992343,0.1938496,0.20402165,0.19646004,0.18887661,0.19833279,0.19734204,0.20302023,0.21117467,0.19659762,0.19552289,0.19257712,0.1961938,0.1958093,0.20863341,0.2014727,0.19664657,0.19827144,0.20113207,0.1966091,0.19623578,0.19891202,0.19866897,0.20550318,0.20115396,0.19293922,0.19910355,0.19633603,0.20865184,0.18951137,0.20325983,0.21146673,0.19319573,0.1957046,0.19381897,0.20229825
BC_8,24,0.444298,2.1318893,2.0101204,2.1914306,2.1748018,2.0888355,2.0750766,2.045134,2.1773376,2.077094,2.0013502,2.1815577,2.167254,1.892645,2.115026,2.1614504,2.195278,2.1870394,2.026801,2.2639308,2.1698318,2.0699224,2.106327,1.9986292,2.0835125,2.160152,2.1972492,2.2322874,2.0364106,2.081865,2.088229,2.144747,2.1847017,2.189959,2.0924683,2.0449996,2.0515811,2.1815262,2.1944506,2.1476583,2.011804,2.0819466,2.182618,2.1486216,2.1406324,2.1457102,2.204407,2.0625474,2.125527,2.1717875,2.1851099,1.9854662,2.0808115,2.157427,1.9830806,2.1469877,2.1210916,2.2051797,2.081389,2.0955555,2.1492138,2.1714613,2.0922146,2.1244497,1.9772031,2.1236029,1.9973903,2.1744084,2.0999882,1.9560933,2.0561535,2.076674,2.0863276,2.2069163,2.0833554,2.1284947,2.0201266,2.1118655,2.036168,2.1642802,2.163941,2.064461,2.0727165,2.153702,2.0775,1.9945292,2.108537,2.0922616,2.130418,2.02564,2.029965,2.1190166,2.058951,2.1791413,1.9659795,2.096074,2.2034316,2.0395977,2.062901,2.0687916,2.1676738
BC_9,0,0.01,0.01,0.01,0.01,0.01,0.01,0.01,0.01,0.01,0.01,0.01,0.01,0.01,0.01,0.01,0.01,0.01,0.01,0.01,0.01,0.01,0.01,0.01,0.01,0.01,0.01,0.01,0.01,0.01,0.01,0.01,0.01,0.01,0.01,0.01,0.01,0.01,0.01,0.01,0.01,0.01,0.01,0.01,0.01,0.01,0.01,0.01,0.01,0.01,0.01,0.01,0.01,0.01,0.01,0.01,0.01,0.01,0.01,0.01,0.01,0.01,0.01,0.01,0.01,0.01,0.01,0.01,0.01,0.01,0.01,0.01,0.01,0.01,0.01,0.01,0.01,0.01,0.01,0.01,0.01,0.01,0.01,0.01,0.01,0.01,0.01,0.01,0.01,0.01,0.01,0.01,0.01,0.01,0.01,0.01,0.01,0.01,0.01,0.01,0.01,0.01
BC_9,3,0.013285,0.011569817,0.011795371,0.011636805,0.011531531,0.011405913,0.012049562,0.0121049145,0.012008794,0.011760026,0.012194033,0.011703473,0.011856013,0.011818452,0.01179353,0.012276361,0.0118194455,0.011907811,0.011551191,0.011867678,0.01199447,0.0113761285,0.01211874,0.011834722,0.011832757,0.011634843,0.012086451,0.01134679,0.011831612,0.0118168695,0.011858362,0.011737333,0.011809148,0.012019566,0.012145198,0.011499643,0.011699941,0.011664566,0.011124073,0.01198964,0.0118233245,0.012067789,0.011993331,0.011577715,0.012214896,0.011713136,0.012003946,0.011806318,0.011967666,0.011589309,0.012033737,0.011676448,0.0116248885,0.011552171,0.012071559,0.012146503,0.011533331,0.012012918,0.012009372,0.011820431,0.011683282,0.012129734,0.011991749,0.012355026,0.011554639,0.011740403,0.011918711,0.011680126,0.011823544,0.011754522,0.012434325,0.011902043,0.011790441,0.011960216,0.01176381,0.012352451,0.011888041,0.011183301,0.011656472,0.011573794,0.011328781,0.012380697,0.011916571,0.011695954,0.011570811,0.011969697,0.012237731,0.011830558,0.011657497,0.011690877,0.011657646,0.011197388,0.011566318,0.012089885,0.011523049,0.011573237,0.01192008,0.01217962,0.012091754,0.012072764,0.011135577
BC_9,6,0.037769000000000004,0.013387659,0.0139137115,0.013540702,0.013299014,0.013007603,0.014514408,0.014650685,0.014419923,0.013829339,0.014870189,0.013696024,0.014054431,0.013964481,0.013908034,0.015071388,0.013968362,0.014180224,0.013343255,0.014083831,0.014387178,0.0129397875,0.01468459,0.014006143,0.014000797,0.013537136,0.014606742,0.012874491,0.013997952,0.013962641,0.014063034,0.013774325,0.0139449565,0.014446664,0.014750228,0.013225827,0.013687834,0.013604822,0.012375294,0.014374742,0.013977966,0.014561064,0.014383591,0.013402511,0.014919247,0.013719413,0.014408172,0.013939188,0.0143218385,0.01343141,0.014478481,0.013631859,0.013513376,0.013345632,0.014571184,0.0147519065,0.013300779,0.014429398,0.014421193,0.013969581,0.013646872,0.014712511,0.014379146,0.015261776,0.013352875,0.013783982,0.014204765,0.013641788,0.013978817,0.0138165755,0.0154583575,0.014164301,0.013899786,0.014304669,0.01384044,0.015257381,0.014131913,0.012504655,0.013587896,0.013394636,0.012834599,0.015326706,0.014199926,0.013680083,0.013388421,0.014325221,0.014975479,0.013996081,0.0135864355,0.013666645,0.013589844,0.012538069,0.013378116,0.014615064,0.013277519,0.013391042,0.0142092835,0.014830199,0.014619365,0.014576007,0.012401073
BC_9,9,0.08308033333333333,0.015493263,0.016413378,0.015754912,0.015339236,0.014831758,0.017476546,0.017728608,0.017313447,0.016262116,0.018134745,0.016026318,0.016657574,0.016495807,0.016400708,0.018503478,0.016505776,0.016887251,0.015413733,0.016713316,0.017257877,0.014716029,0.01779106,0.016576095,0.016565189,0.015750714,0.017650425,0.01460724,0.016559906,0.016496371,0.016678965,0.016161874,0.016466187,0.01736342,0.017913477,0.0152133135,0.016012063,0.015865948,0.01376826,0.017233765,0.01652366,0.017566392,0.017249627,0.015512422,0.018220648,0.016068865,0.01729209,0.016457764,0.017138142,0.015566563,0.01741611,0.015911868,0.015708063,0.015418027,0.017586885,0.017913435,0.015337756,0.017329616,0.017315468,0.016505774,0.015936362,0.017844409,0.01724031,0.018847972,0.015433491,0.016183684,0.016928153,0.01593188,0.016525863,0.016240006,0.019213382,0.016854327,0.016384177,0.017108662,0.016286016,0.018844124,0.01679841,0.013979672,0.015840083,0.015501094,0.014541185,0.018971507,0.016920077,0.016001545,0.015491544,0.017141195,0.018324696,0.0165578,0.015830059,0.015974868,0.01584201,0.014039156,0.015473908,0.017665537,0.01529839,0.015490461,0.01693878,0.018051552,0.017672798,0.017599523,0.013811625
BC_9,12,0.17274866666666666,0.017932868,0.019363338,0.018329665,0.017694907,0.016908556,0.021033168,0.02144841,0.02078514,0.019121936,0.022117686,0.018751044,0.019738754,0.01947996,0.01933876,0.02271825,0.019501025,0.020112325,0.017805915,0.01983301,0.02070229,0.016733015,0.021550791,0.019617757,0.019598056,0.01832657,0.021325158,0.016572446,0.019589266,0.019487584,0.019783404,0.018959166,0.019442003,0.020868385,0.021754311,0.017502353,0.018729055,0.018500304,0.015319236,0.020660589,0.01953078,0.02118756,0.020685876,0.017951177,0.022250114,0.018820005,0.020750541,0.019431923,0.02050691,0.018041503,0.020944363,0.01856935,0.018258428,0.01781288,0.021224456,0.021748481,0.017684922,0.0208094,0.020787861,0.019497188,0.018604333,0.021641772,0.020668605,0.023270128,0.017841686,0.019001689,0.020172011,0.018605027,0.019535441,0.019087926,0.023873666,0.020052094,0.019309396,0.020462293,0.019166987,0.023271916,0.019966723,0.015625605,0.018466564,0.017937694,0.01647546,0.023479631,0.02016023,0.018717946,0.017925069,0.020506337,0.022421395,0.019588118,0.018438125,0.018670982,0.018466994,0.015719842,0.017898262,0.021349601,0.017625878,0.017913774,0.020193506,0.021963654,0.021360265,0.021252014,0.015384088
BC_9,24,1.0910556666666666,0.03225595,0.037539843,0.03354292,0.03139285,0.028490245,0.043819964,0.04579827,0.04310022,0.03653088,0.04899215,0.03508618,0.038804177,0.03771799,0.03734816,0.051662028,0.037913144,0.040501613,0.031720977,0.039307263,0.042896695,0.027904904,0.046275385,0.038491566,0.038361423,0.03359808,0.04534089,0.027440326,0.03831743,0.03788808,0.039212108,0.035795424,0.03775249,0.04352058,0.047289856,0.03072829,0.03500818,0.034135938,0.023501797,0.042651873,0.038060598,0.04470216,0.042754997,0.032111574,0.0493928,0.03539555,0.04294756,0.037779823,0.04199743,0.032561447,0.043638937,0.034344405,0.033309802,0.031751834,0.044951808,0.047122955,0.031216854,0.043163385,0.043099865,0.037817232,0.034412276,0.04678372,0.04262874,0.05382596,0.03194694,0.036125794,0.04062611,0.034564763,0.038103953,0.036414273,0.056651827,0.040084813,0.037164617,0.041869223,0.036859106,0.054055493,0.039816275,0.02432915,0.034136795,0.03213746,0.027167477,0.054961246,0.040600553,0.03507271,0.032131776,0.04187198,0.050200228,0.038359184,0.033783555,0.03479052,0.03408856,0.024707627,0.032043133,0.04544642,0.03103487,0.031913135,0.040813994,0.047841262,0.045468155,0.045240995,0.023708697
