Treatments,Time,BL_OD,sample_1,sample_2,sample_3,sample_4,sample_5,sample_6,sample_7,sample_8,sample_9,sample_10,sample_11,sample_12,sample_13,sample_14,sample_15,sample_16,sample_17,sample_18,sample_19,sample_20,sample_21,sample_22,sample_23,sample_24,sample_25,sample_26,sample_27,sample_28,sample_29,sample_30,sample_31,sample_32,sample_33,sample_34,sample_35,sample_36,sample_37,sample_38,sample_39,sample_40,sample_41,sample_42,sample_43,sample_44,sample_45,sample_46,sample_47,sample_48,sample_49,sample_50,sample_51,sample_52,sample_53,sample_54,sample_55,sample_56,sample_57,sample_58,sample_59,sample_60,sample_61,sample_62,sample_63,sample_64,sample_65,sample_66,sample_67,sample_68,sample_69,sample_70,sample_71,sample_72,sample_73,sample_74,sample_75,sample_76,sample_77,sample_78,sample_79,sample_80,sample_81,sample_82,sample_83,sample_84,sample_85,sample_86,sample_87,sample_88,sample_89,sample_90,sample_91,sample_92,sample_93,sample_94,sample_95,sample_96,sample_97,sample_98,sample_99,sample_100
BL_4,0,0.01,0.01,0.01,0.01,0.01,0.01,0.01,0.01,0.01,0.01,0.01,0.01,0.01,0.01,0.01,0.01,0.01,0.01,0.01,0.01,0.01,0.01,0.01,0.01,0.01,0.01,0.01,0.01,0.01,0.01,0.01,0.01,0.01,0.01,0.01,0.01,0.01,0.01,0.01,0.01,0.01,0.01,0.01,0.01,0.01,0.01,0.01,0.01,0.01,0.01,0.01,0.01,0.01,0.01,0.01,0.01,0.01,0.01,0.01,0.01,0.01,0.01,0.01,0.01,0.01,0.01,0.01,0.01,0.01,0.01,0.01,0.01,0.01,0.01,0.01,0.01,0.01,0.01,0.01,0.01,0.01,0.01,0.01,0.01,0.01,0.01,0.01,0.01,0.01,0.01,0.01,0.01,0.01,0.01,0.01,0.01,0.01,0.01,0.01,0.01,0.01
BL_4,3,0.01,0.017829712,0.018464945,0.01834768,0.018318612,0.018459355,0.018032318,0.01856146,0.018641755,0.018319674,0.01838835,0.017954128,0.018393394,0.01873234,0.017991625,0.018739024,0.018379902,0.018349597,0.018423626,0.018539736,0.018518949,0.01865196,0.018626621,0.018225174,0.01844692,0.018316291,0.01822774,0.018382028,0.018901689,0.01885641,0.018434675,0.018211458,0.018278671,0.018950028,0.018333064,0.018325184,0.017917518,0.018724998,0.018188737,0.018354397,0.018350968,0.01879893,0.018340828,0.018352777,0.018344603,0.018315151,0.018624846,0.018666942,0.018463146,0.01865998,0.018357612,0.018276598,0.018313333,0.01808787,0.018417116,0.018265873,0.018358618,0.018663151,0.018423956,0.018493522,0.01849743,0.018364735,0.018428868,0.018479478,0.018409373,0.018200232,0.01852087,0.018112235,0.01857345,0.018130494,0.018162332,0.018363656,0.018336246,0.018468713,0.01821181,0.018786663,0.01819652,0.018286277,0.018571965,0.01867914,0.018356778,0.018377488,0.018354237,0.018333666,0.01857033,0.018642154,0.018604286,0.018023204,0.01818683,0.018167557,0.018653098,0.018139936,0.018755399,0.01862334,0.01858932,0.018505521,0.018363522,0.018219726,0.018598957,0.01834933,0.018320903
BL_4,6,0.01,0.03172279,0.03399907,0.033564385,0.033465255,0.033969436,0.03242778,0.034364298,0.034654275,0.033468235,0.033724844,0.0321528,0.033740222,0.034991473,0.032286122,0.03500956,0.03369242,0.033583708,0.033850156,0.034276772,0.03419884,0.03468398,0.03460824,0.03312686,0.03393964,0.033460677,0.033142705,0.03370146,0.03562002,0.035463307,0.033894733,0.03307515,0.03331489,0.035798065,0.033517737,0.033491254,0.03202563,0.034960303,0.03299543,0.03360157,0.033577345,0.035240844,0.033548087,0.033585623,0.03356103,0.033457775,0.034595244,0.034744345,0.033997305,0.03472302,0.033608507,0.033314887,0.033449393,0.03263236,0.033830788,0.03328081,0.03361707,0.03473715,0.033855654,0.03411376,0.034122806,0.03363634,0.03387226,0.034049917,0.033794865,0.033040736,0.034207612,0.032716792,0.0343974,0.032781858,0.03289876,0.033622853,0.03353605,0.034010995,0.033078607,0.035191417,0.033025045,0.033352464,0.034388483,0.034791335,0.03360568,0.03368556,0.033600453,0.033517495,0.034386523,0.03465986,0.03451187,0.03239264,0.03298471,0.032919157,0.034692716,0.03282012,0.035070658,0.03458724,0.034464262,0.034144126,0.03362318,0.03311304,0.034491166,0.033581987,0.033478513
BL_4,9,0.01,0.056231093,0.062279027,0.061072778,0.06083259,0.06215951,0.058031682,0.06332154,0.06408875,0.060837097,0.061558817,0.05731954,0.061587773,0.0650231,0.05767086,0.065043546,0.061464008,0.061176807,0.06188353,0.0630496,0.06283039,0.064135715,0.06400541,0.059922647,0.062145334,0.06083654,0.059992604,0.061494064,0.06674907,0.0663703,0.062022712,0.059774894,0.060404774,0.06722989,0.060974147,0.06091199,0.056995407,0.06492023,0.05957065,0.061226826,0.06111187,0.06571883,0.061064817,0.061141215,0.061096746,0.060833808,0.063941665,0.06432288,0.062294677,0.06428351,0.06122557,0.060436554,0.06080377,0.058599446,0.06184993,0.060364116,0.06126933,0.06433365,0.061917238,0.06263349,0.062635526,0.06130884,0.06195661,0.062407356,0.061720558,0.059707984,0.062861554,0.0588122,0.0633646,0.058983464,0.059305392,0.06123188,0.061052103,0.06230332,0.059793342,0.06556599,0.059656665,0.060547832,0.063325375,0.06445987,0.06121861,0.061453957,0.06122175,0.06096343,0.06333707,0.06412167,0.06368117,0.057928164,0.059526008,0.0593667,0.064179234,0.05910341,0.0652132,0.063909225,0.063583225,0.062657915,0.061236534,0.059910133,0.06361969,0.061169177,0.060889184
BL_4,12,0.010247000000000001,0.09902351,0.11302272,0.11006391,0.10959976,0.11259265,0.10296218,0.11568201,0.11741294,0.109597035,0.111406185,0.10137229,0.11142709,0.11968188,0.102180004,0.11961707,0.11115556,0.11050249,0.11211879,0.11490829,0.11436121,0.117393024,0.117378496,0.10746322,0.112810604,0.10966973,0.10772871,0.11124769,0.123792015,0.123096064,0.112517245,0.10708365,0.10850899,0.12489936,0.109933116,0.109821394,0.10066615,0.11936863,0.10664024,0.11062725,0.110171184,0.1213848,0.11017953,0.11026648,0.11024325,0.109682426,0.11711812,0.117923155,0.11313722,0.11790269,0.1105495,0.10870163,0.10958378,0.10436795,0.11211031,0.108602785,0.11072966,0.11806611,0.11226932,0.11402592,0.11394491,0.1107763,0.11234126,0.11328983,0.11168396,0.10702048,0.1144634,0.1048185,0.115603976,0.10520915,0.10599584,0.11044311,0.11022344,0.11305028,0.1071605,0.12095305,0.106865786,0.10900068,0.11545396,0.11828177,0.11053569,0.111163974,0.11060761,0.10987043,0.11554676,0.11755932,0.11637249,0.102685064,0.106477104,0.10616399,0.11757197,0.10555422,0.120029114,0.11700015,0.116262235,0.113862686,0.11046811,0.10752477,0.11620717,0.110473424,0.10981069
BL_4,24,0.030932666666666664,0.77149296,0.9037207,0.85354096,0.8653237,0.8742628,0.7784463,0.9649848,0.96593565,0.86305463,0.9010564,0.7709211,0.89303875,0.9961719,0.7786996,0.97524494,0.8936887,0.8908337,0.8993333,0.93377125,0.9233568,0.9427269,0.9956565,0.84210485,0.91944647,0.8763766,0.8622356,0.89840215,1.0322368,1.0648566,0.91577524,0.83245724,0.83937615,1.033985,0.8688875,0.8735571,0.77009714,0.9809859,0.8333378,0.893395,0.85704637,1.0203121,0.87713665,0.8626455,0.87582177,0.8797907,0.9728346,0.9626509,0.9183048,0.97558653,0.87952304,0.8610648,0.8738667,0.80764806,0.9116452,0.87216574,0.8948023,0.98528826,0.9133731,0.94310284,0.92695075,0.88733476,0.9104085,0.9001835,0.8863279,0.84738815,0.9294307,0.8051525,0.9320975,0.80796134,0.8222093,0.8580784,0.89035195,0.8988914,0.83884156,1.0040958,0.83986926,0.87075216,0.9208809,0.97209966,0.8799512,0.899401,0.8918019,0.86190116,0.93283606,0.9795314,0.9428773,0.76969403,0.82197016,0.8281966,0.9575612,0.822399,0.98050606,0.96427363,0.9633113,0.9026769,0.86081076,0.85811675,0.93784755,0.8885822,0.88079965
BL_5,0,0.01,0.01,0.01,0.01,0.01,0.01,0.01,0.01,0.01,0.01,0.01,0.01,0.01,0.01,0.01,0.01,0.01,0.01,0.01,0.01,0.01,0.01,0.01,0.01,0.01,0.01,0.01,0.01,0.01,0.01,0.01,0.01,0.01,0.01,0.01,0.01,0.01,0.01,0.01,0.01,0.01,0.01,0.01,0.01,0.01,0.01,0.01,0.01,0.01,0.01,0.01,0.01,0.01,0.01,0.01,0.01,0.01,0.01,0.01,0.01,0.01,0.01,0.01,0.01,0.01,0.01,0.01,0.01,0.01,0.01,0.01,0.01,0.01,0.01,0.01,0.01,0.01,0.01,0.01,0.01,0.01,0.01,0.01,0.01,0.01,0.01,0.01,0.01,0.01,0.01,0.01,0.01,0.01,0.01,0.01,0.01,0.01,0.01,0.01,0.01,0.01
BL_5,3,0.010406,0.015884675,0.015634594,0.015893783,0.015593414,0.016016252,0.015600804,0.015644232,0.01565298,0.015727468,0.016054854,0.015793037,0.015922818,0.015506496,0.01612356,0.015753645,0.015513393,0.015927514,0.015526553,0.015897257,0.015851814,0.015994033,0.01573595,0.01572415,0.01586574,0.015619239,0.015482914,0.015686411,0.016044289,0.016039329,0.015628438,0.015856115,0.015771555,0.0155779235,0.015697213,0.015652683,0.015726434,0.015845265,0.015668053,0.015950302,0.015773773,0.015638074,0.015847446,0.015620252,0.015847554,0.015844118,0.015761057,0.015918247,0.015807841,0.015600744,0.015778597,0.015804838,0.01566033,0.015793646,0.015819892,0.015472555,0.016004018,0.015781796,0.015518605,0.015787482,0.015804963,0.015919324,0.015690671,0.015805058,0.01590667,0.015563121,0.01562131,0.015954796,0.015771918,0.015978508,0.015696058,0.015386984,0.015810529,0.015873883,0.015593909,0.016033476,0.016171405,0.015580063,0.016011434,0.015986867,0.015896698,0.015787804,0.015641188,0.01572033,0.0157203,0.015817175,0.015546912,0.015865268,0.015941754,0.016110862,0.015970817,0.015728971,0.015247608,0.0155224,0.015683932,0.015778003,0.015800307,0.015776115,0.015642796,0.0155147435,0.01593932
BL_5,6,0.028388999999999998,0.025206665,0.024420923,0.025233513,0.024290755,0.02562333,0.024315158,0.024449714,0.02448197,0.02471356,0.025747178,0.024918409,0.025328103,0.02402181,0.025967538,0.02479409,0.024044786,0.025341274,0.02408488,0.025246082,0.025098315,0.02555431,0.02473906,0.024697898,0.025147256,0.024376571,0.023950523,0.024582379,0.025712082,0.025696525,0.02440284,0.025116414,0.024851901,0.024238933,0.024615444,0.024474952,0.024710013,0.025083607,0.02452556,0.025413822,0.02485615,0.024433589,0.025087604,0.024374966,0.025088545,0.025076363,0.02481484,0.025308216,0.024961967,0.024315525,0.024870807,0.024954207,0.024502356,0.024918448,0.025003975,0.023918312,0.025585575,0.024883067,0.024060473,0.024900028,0.024956545,0.025315328,0.024593603,0.024955086,0.025274519,0.024199542,0.024376769,0.025427444,0.024853013,0.025502698,0.024612445,0.023656815,0.0249739,0.025167402,0.02429098,0.025676444,0.026118109,0.024251077,0.025610957,0.02553259,0.025245383,0.024897916,0.024444362,0.024686985,0.02468648,0.02499156,0.024147984,0.025144886,0.025387896,0.025926787,0.025477726,0.02471524,0.023228705,0.024072869,0.024576033,0.024870433,0.024938982,0.024863522,0.024444968,0.024051117,0.025377376
BL_5,9,0.075608,0.039935134,0.03808876,0.03999206,0.037779443,0.040920082,0.03784082,0.038151916,0.03824307,0.038780395,0.041217394,0.039257817,0.04022464,0.037157558,0.041745707,0.038964488,0.037215874,0.04025014,0.037306506,0.040027056,0.03966433,0.040761586,0.038836647,0.038726725,0.039796196,0.037996594,0.036997687,0.038464703,0.041129176,0.041092984,0.038050275,0.039721977,0.039105043,0.03764721,0.03853976,0.038207136,0.038771044,0.0396492,0.038333666,0.04042302,0.03910618,0.038124125,0.039649185,0.037977614,0.039653372,0.03962019,0.039004955,0.04015964,0.039350588,0.03784336,0.03913885,0.039337836,0.03828246,0.039252013,0.03946274,0.036922637,0.04083412,0.039174907,0.03725087,0.039211787,0.039349843,0.0401887,0.038484123,0.039340578,0.040089812,0.037576765,0.037977155,0.040453065,0.039107583,0.040631574,0.03853475,0.036326263,0.03938993,0.03982545,0.03777583,0.04104042,0.042096347,0.037692994,0.040900446,0.04071355,0.04002876,0.039196692,0.038152702,0.03870459,0.038702056,0.039420933,0.037453055,0.039787807,0.040365517,0.041648146,0.040570576,0.03877451,0.03534052,0.03728148,0.03845452,0.039143004,0.039298743,0.03912355,0.038139917,0.037237436,0.040331237
BL_5,12,0.16956933333333335,0.06310928,0.059270386,0.06320939,0.0586152,0.06516382,0.058754496,0.05938919,0.059623063,0.06072284,0.06579629,0.06170443,0.06372169,0.057343803,0.06691644,0.06109055,0.05747778,0.06375807,0.057657566,0.06329759,0.062500484,0.064847894,0.060829286,0.060562372,0.06282363,0.05911215,0.05703049,0.06004428,0.06559703,0.06552344,0.059201244,0.062664375,0.061396934,0.058309823,0.060192876,0.059492927,0.060700454,0.06252603,0.05977822,0.06412281,0.06137364,0.0593601,0.062498476,0.059029255,0.06251303,0.062430874,0.06115079,0.06353256,0.061869085,0.058764584,0.061436344,0.06185862,0.05968095,0.061675005,0.062141314,0.05687515,0.0649949,0.061532333,0.05754576,0.061600376,0.061902393,0.06362944,0.060064893,0.061865926,0.06341569,0.05822434,0.059015166,0.06417912,0.061401866,0.06455303,0.060188346,0.05567517,0.06198378,0.062830634,0.058595736,0.06539889,0.06762693,0.058453664,0.065152064,0.06475765,0.06331156,0.061539494,0.059428822,0.060526483,0.06051736,0.06201729,0.05795897,0.06279761,0.06401391,0.06671008,0.06442,0.06068233,0.053660005,0.05761401,0.060036305,0.06145956,0.061767872,0.06140975,0.059361916,0.057541423,0.063914604
BL_5,24,1.384227,0.36780393,0.32754394,0.3667397,0.31911153,0.38814184,0.32180882,0.32761964,0.33468217,0.34479064,0.39551443,0.353949,0.37496814,0.30684727,0.4078304,0.34712437,0.3096065,0.37346655,0.31079164,0.3693241,0.35678545,0.3867603,0.34482947,0.33802867,0.36528727,0.32919106,0.3050391,0.33521292,0.39188865,0.391411,0.32789603,0.36317158,0.35182092,0.31277806,0.33606142,0.32763043,0.3442569,0.36320722,0.33297616,0.3775031,0.3488536,0.33018395,0.35993266,0.32391414,0.3607321,0.35844347,0.34523547,0.36713922,0.35260206,0.3224199,0.34897053,0.3542318,0.3328602,0.35180447,0.35960203,0.30329525,0.38769233,0.35217893,0.309899,0.35198262,0.35672513,0.3720559,0.33343244,0.35446796,0.36910576,0.3177287,0.32245004,0.37737846,0.35190135,0.3812313,0.33657742,0.29289338,0.35734904,0.35952717,0.31772816,0.3885323,0.41166636,0.3190994,0.3914047,0.38703597,0.37060842,0.34822235,0.33188617,0.33869734,0.33818814,0.35432217,0.3139244,0.36412832,0.3777434,0.40572914,0.3792662,0.3414116,0.27156776,0.31113613,0.33649984,0.35072088,0.35227042,0.34923834,0.3270759,0.3121548,0.37360695
BL_6,0,0.01,0.01,0.01,0.01,0.01,0.01,0.01,0.01,0.01,0.01,0.01,0.01,0.01,0.01,0.01,0.01,0.01,0.01,0.01,0.01,0.01,0.01,0.01,0.01,0.01,0.01,0.01,0.01,0.01,0.01,0.01,0.01,0.01,0.01,0.01,0.01,0.01,0.01,0.01,0.01,0.01,0.01,0.01,0.01,0.01,0.01,0.01,0.01,0.01,0.01,0.01,0.01,0.01,0.01,0.01,0.01,0.01,0.01,0.01,0.01,0.01,0.01,0.01,0.01,0.01,0.01,0.01,0.01,0.01,0.01,0.01,0.01,0.01,0.01,0.01,0.01,0.01,0.01,0.01,0.01,0.01,0.01,0.01,0.01,0.01,0.01,0.01,0.01,0.01,0.01,0.01,0.01,0.01,0.01,0.01,0.01,0.01,0.01,0.01,0.01,0.01
BL_6,3,0.06368366666666667,0.033852782,0.034086615,0.034406893,0.03479503,0.034046557,0.03454835,0.03267135,0.034394592,0.034933243,0.032758918,0.03526563,0.03358223,0.034968108,0.034068946,0.035816323,0.03458968,0.03552158,0.035019092,0.033398572,0.03386354,0.03369263,0.032703277,0.034468867,0.034180645,0.03332238,0.035143543,0.03327946,0.034164477,0.03373908,0.0332976,0.034509026,0.03376542,0.03438523,0.035072695,0.034641955,0.035511337,0.034464274,0.034955345,0.03359345,0.03515789,0.03396121,0.034718815,0.0329727,0.035385873,0.03327485,0.034686122,0.03433477,0.03536504,0.034840856,0.03336045,0.034966536,0.03470646,0.03431684,0.035432763,0.034428064,0.033484537,0.035254825,0.034921255,0.03385163,0.034301203,0.034583952,0.033593047,0.033647344,0.03329378,0.03365477,0.033470407,0.033168323,0.03429181,0.03410483,0.03476794,0.034826744,0.035303272,0.0346112,0.033757627,0.0343151,0.03501987,0.03497933,0.033808324,0.0342203,0.034740064,0.033327512,0.033684243,0.034696218,0.034035042,0.033526022,0.034823358,0.03444509,0.03423858,0.034607258,0.033428345,0.033957373,0.034484938,0.033975527,0.034221902,0.034787647,0.034913197,0.034796383,0.03499247,0.034006562,0.0342021
BL_6,6,0.08276233333333333,0.11228727,0.11396451,0.11596033,0.11865862,0.11359182,0.116595395,0.10462986,0.11568979,0.11965124,0.105417505,0.12160643,0.11045617,0.119493015,0.11334983,0.12520859,0.11695788,0.12323998,0.119992055,0.10952689,0.1123526,0.111104526,0.10480053,0.1162767,0.11439338,0.10887444,0.12066237,0.10855573,0.11411585,0.111617364,0.10867781,0.11646482,0.11156459,0.11570306,0.1202093,0.11734293,0.123048425,0.11628798,0.11950666,0.11052769,0.120592095,0.11296873,0.11790624,0.10643745,0.12233259,0.108491704,0.11764501,0.115365595,0.12214277,0.11877352,0.10903686,0.119584695,0.11777463,0.11525691,0.12266357,0.11618973,0.10989827,0.12120651,0.11919666,0.1118493,0.115191974,0.11702297,0.1104519,0.11088919,0.108766414,0.11086298,0.109858714,0.10810989,0.11510669,0.11371976,0.11819826,0.11872772,0.12185939,0.11729104,0.11185888,0.115299076,0.11976934,0.119414456,0.111858815,0.11443102,0.11811901,0.10876914,0.11125571,0.11780055,0.11351266,0.11025707,0.11852711,0.11632184,0.1146639,0.117276564,0.109508775,0.11281687,0.11646945,0.11306816,0.11464749,0.11849767,0.11930412,0.11870965,0.1195214,0.11329346,0.11456649
BL_6,9,0.10454366666666666,0.3492587,0.35827756,0.3657901,0.37911546,0.35540026,0.36523402,0.3152839,0.3624909,0.38433355,0.3211068,0.3897688,0.3404704,0.37911683,0.35009974,0.40419886,0.36780345,0.3958909,0.3831129,0.33920187,0.34949213,0.34256864,0.31568733,0.36613697,0.35805476,0.3346043,0.38419107,0.33276618,0.35495207,0.34710276,0.33335254,0.36610234,0.34442943,0.3633854,0.38244727,0.36992875,0.39362466,0.36665693,0.38030103,0.3407725,0.38198462,0.35196093,0.372984,0.32197404,0.39199996,0.33212155,0.3713473,0.36185485,0.39059675,0.37742788,0.33443198,0.3806845,0.37185293,0.36149055,0.39362586,0.36782563,0.33883908,0.3842638,0.37800318,0.342725,0.3616247,0.36924934,0.33964923,0.34247923,0.3349462,0.34156162,0.33921736,0.3336964,0.36098754,0.353178,0.37388256,0.3777835,0.39088428,0.37141177,0.3494912,0.3622686,0.37953115,0.37703854,0.3458772,0.3557716,0.37473547,0.332668,0.34546006,0.37303132,0.35501313,0.34137338,0.3748668,0.36863464,0.35801867,0.37147772,0.33685172,0.34990764,0.36796606,0.3524566,0.35898134,0.37711668,0.38032186,0.37982503,0.3777126,0.3536887,0.3591793
BL_6,12,0.13188933333333333,0.9142623,0.95251334,0.96448386,1.012728,0.9350283,0.9397025,0.8101058,0.94030774,1.0336747,0.8441236,1.0247236,0.883399,0.9861793,0.89070594,1.0533242,0.9535152,1.0337279,1.0097994,0.8995796,0.9146244,0.8844192,0.8089457,0.95802486,0.93645054,0.87337846,0.9995728,0.8649364,0.914562,0.9136614,0.86698335,0.9519727,0.8887242,0.9486553,0.9965069,0.96259993,1.0175949,0.96288085,0.99731445,0.88423026,0.98041797,0.92021316,0.97498703,0.8223079,1.0239638,0.8604509,0.96707636,0.9440646,1.016246,0.9918897,0.86676675,0.9987217,0.9680401,0.94393706,1.0295032,0.9779841,0.8843379,0.98383826,0.98444843,0.8643675,0.9471997,0.96577746,0.8753803,0.89008576,0.88014907,0.8818558,0.88921803,0.88828623,0.94350404,0.90931076,0.9748965,0.9970036,1.0278566,0.9787859,0.9302701,0.95026934,0.98163354,0.9685789,0.8941098,0.9131578,0.9857148,0.8573805,0.9084836,0.97891223,0.9336456,0.8983827,0.97427124,0.98195773,0.9278062,0.979863,0.8763706,0.90458643,0.9704189,0.92198783,0.9378421,0.99764115,1.0040653,1.0183201,0.9716526,0.9272355,0.9424606
BL_6,24,2.6790143333333334,2.7211657,2.9510765,2.80432,2.9898436,2.7882974,2.5320935,2.5285401,2.6133707,3.0925121,2.8151593,2.7803555,2.6239793,2.6623507,2.3917358,2.7130072,2.6116307,2.719665,2.8039455,2.9339714,2.7239776,2.5581422,2.479018,2.7118437,2.708199,2.699393,2.666631,2.6575727,2.533196,2.8080187,2.6578362,2.6460764,2.545398,2.687216,2.677982,2.666276,2.6025388,2.760084,2.7510607,2.626834,2.5134804,2.7206602,2.702794,2.440029,2.716818,2.608968,2.6657546,2.6871452,2.676346,2.7743158,2.6095877,2.7617233,2.6619067,2.7087004,2.729955,2.9384332,2.712657,2.4955518,2.6760864,2.3001955,2.7387028,2.7243855,2.5291061,2.646885,2.79107,2.561374,2.7571423,3.00346,2.709648,2.5303142,2.6845922,2.83566,2.7910492,2.8092325,2.9587371,2.7579021,2.5904305,2.527105,2.5770578,2.4960668,2.7812343,2.526777,2.8008823,2.7627938,2.7850506,2.7934508,2.6377683,2.9633908,2.59786,2.81674,2.656269,2.575414,2.8300533,2.7192,2.702326,2.863335,2.8430398,3.0358834,2.530803,2.7435331,2.770691
BL_7,0,0.01,0.01,0.01,0.01,0.01,0.01,0.01,0.01,0.01,0.01,0.01,0.01,0.01,0.01,0.01,0.01,0.01,0.01,0.01,0.01,0.01,0.01,0.01,0.01,0.01,0.01,0.01,0.01,0.01,0.01,0.01,0.01,0.01,0.01,0.01,0.01,0.01,0.01,0.01,0.01,0.01,0.01,0.01,0.01,0.01,0.01,0.01,0.01,0.01,0.01,0.01,0.01,0.01,0.01,0.01,0.01,0.01,0.01,0.01,0.01,0.01,0.01,0.01,0.01,0.01,0.01,0.01,0.01,0.01,0.01,0.01,0.01,0.01,0.01,0.01,0.01,0.01,0.01,0.01,0.01,0.01,0.01,0.01,0.01,0.01,0.01,0.01,0.01,0.01,0.01,0.01,0.01,0.01,0.01,0.01,0.01,0.01,0.01,0.01,0.01,0.01
BL_7,3,0.046513,0.0149851,0.015333934,0.015273627,0.015538634,0.015744014,0.015189065,0.015007053,0.015657311,0.0153792985,0.015404063,0.015674857,0.015197494,0.015333913,0.015388175,0.015101121,0.0153215155,0.015445945,0.015292465,0.015173266,0.015247922,0.015360645,0.015074098,0.015566761,0.015675489,0.015726918,0.015091333,0.015239622,0.015050856,0.0150822615,0.015189928,0.015354389,0.015317622,0.015516667,0.015498358,0.015241522,0.014981026,0.0147971595,0.015048906,0.0153146,0.015319319,0.015437634,0.0151588805,0.015283997,0.015274407,0.015616521,0.015530695,0.015555719,0.015297081,0.01564868,0.015072656,0.01598004,0.015449403,0.01545536,0.015244785,0.015390238,0.0149847865,0.015266768,0.0151341995,0.014916159,0.01547691,0.015005105,0.014799003,0.015051102,0.015630396,0.015320436,0.0154314535,0.015314178,0.0149527155,0.01519228,0.015542256,0.015105336,0.015234009,0.015320551,0.015505523,0.015489912,0.015173044,0.015557492,0.014880683,0.015294278,0.015495303,0.015113888,0.015455629,0.015082716,0.015469296,0.015566803,0.015561418,0.015470373,0.01512429,0.015066327,0.01498768,0.01538441,0.015252904,0.014848046,0.015479059,0.014936228,0.015381655,0.016489474,0.015799195,0.015479493,0.015180926
BL_7,6,0.05382666666666667,0.022437965,0.023499234,0.02331632,0.024118097,0.024764467,0.023051156,0.02250965,0.024501046,0.023631666,0.023702396,0.024549795,0.023085892,0.023496311,0.023658052,0.022782525,0.02345393,0.023843696,0.023373796,0.02300467,0.02323242,0.023577737,0.022710506,0.024211533,0.024544287,0.024709255,0.02276124,0.02320434,0.022639602,0.022724897,0.023055349,0.023559324,0.023446975,0.024059039,0.024000857,0.02321432,0.022427661,0.021881849,0.022630412,0.023437578,0.023450162,0.023817835,0.02296626,0.023348013,0.023312807,0.024370605,0.024098236,0.024170583,0.023381362,0.024463464,0.022698225,0.02551847,0.023850119,0.023872063,0.023227448,0.023666732,0.022441173,0.023289122,0.022890879,0.022238074,0.023934666,0.022492612,0.021886868,0.02263819,0.024410618,0.023463517,0.02379688,0.023437554,0.022344476,0.023066895,0.024139134,0.022799162,0.023186455,0.023447579,0.024019413,0.023976918,0.023001572,0.024186611,0.02212533,0.023368793,0.023996329,0.022827951,0.023868794,0.022729099,0.0239066,0.02421129,0.024192141,0.023911525,0.022858264,0.022685679,0.02245118,0.023660414,0.023251519,0.02203485,0.023940317,0.022296853,0.023635302,0.02716215,0.024941154,0.023942264,0.02303506
BL_7,9,0.058436999999999996,0.03355876,0.03598029,0.035565916,0.037370294,0.038896732,0.034937803,0.033737224,0.03830551,0.036263738,0.03640966,0.038399875,0.035044573,0.03596488,0.036321625,0.034321688,0.035853956,0.036773793,0.03569756,0.034836598,0.03535756,0.03615014,0.034187403,0.03760664,0.03836296,0.038761947,0.034298453,0.035284955,0.03402474,0.034189314,0.034952007,0.03611012,0.03585347,0.037261885,0.03712218,0.035320558,0.033541225,0.032328624,0.033994246,0.03583128,0.035854336,0.036713414,0.034765057,0.03563866,0.035539873,0.037990574,0.03733945,0.037490446,0.035694614,0.038183786,0.03413588,0.040705215,0.03677548,0.036837164,0.035360206,0.03634871,0.03357825,0.035484612,0.034592167,0.033129502,0.036969554,0.03366571,0.03233844,0.03401516,0.038073726,0.03591574,0.036659,0.035835274,0.033359375,0.034991693,0.037450068,0.034370847,0.03524173,0.035828955,0.03715395,0.037073757,0.034822166,0.037561093,0.032857094,0.035653513,0.037127424,0.03444508,0.036816902,0.03420732,0.036890425,0.037605003,0.037552856,0.036906775,0.034510255,0.03412738,0.033604786,0.036370423,0.03541309,0.03267462,0.03697951,0.033257637,0.036260948,0.044666655,0.039322566,0.036986053,0.03492736
BL_7,12,0.086578,0.050105,0.055015046,0.0541859,0.05775111,0.060955547,0.05285126,0.050506994,0.05980354,0.05553474,0.055785324,0.059942808,0.053141966,0.054959606,0.05564532,0.051593717,0.054696485,0.05663663,0.054453056,0.052659243,0.0537176,0.05533211,0.05140104,0.058291826,0.059797425,0.0606604,0.051613778,0.053547487,0.05106798,0.051322766,0.052892637,0.055256847,0.054737642,0.057608314,0.05730873,0.053654473,0.05008501,0.047697764,0.05098066,0.054690946,0.054721992,0.056510776,0.052557714,0.054333903,0.054083515,0.05912219,0.05773047,0.057993263,0.054391418,0.059454057,0.05123412,0.06481535,0.056603003,0.056760084,0.05376124,0.055720184,0.050176457,0.05396814,0.052204672,0.04930069,0.056996875,0.050276127,0.04771389,0.051031753,0.059264813,0.054931775,0.056382556,0.054710206,0.04973551,0.053009164,0.058002416,0.051723544,0.05345347,0.05461672,0.057342,0.057228755,0.0526103,0.05823308,0.048706662,0.054274276,0.057363335,0.051896658,0.056683008,0.05138164,0.05679488,0.058285363,0.058156338,0.056842282,0.052018326,0.05126967,0.050239958,0.05586523,0.053862847,0.048396103,0.057008658,0.049546268,0.05549813,0.07324782,0.061871693,0.05702761,0.052901216
BL_7,24,2.032893,0.23909256,0.2904266,0.28317294,0.30816385,0.3463648,0.2640442,0.24675274,0.34213752,0.290304,0.28848207,0.33763093,0.2736418,0.28761208,0.2907121,0.25028694,0.28147006,0.30733618,0.285912,0.26320544,0.27420574,0.29097736,0.25490353,0.31903803,0.32899854,0.3416313,0.25611606,0.27045798,0.25101402,0.24723674,0.26553398,0.2907382,0.2857149,0.3145374,0.31009874,0.27464643,0.24012378,0.2190136,0.24794744,0.2851299,0.28397518,0.3058633,0.26593876,0.28469726,0.27758422,0.33159557,0.3120749,0.31014475,0.280121,0.3281946,0.24790671,0.39638606,0.3033877,0.30791143,0.2781394,0.293307,0.2424317,0.27608836,0.26201138,0.23551692,0.3070538,0.23733452,0.21890627,0.24923198,0.33012256,0.2941972,0.30282566,0.28639853,0.23782048,0.26994902,0.31933296,0.25414822,0.2689604,0.2780766,0.3073825,0.311262,0.2609922,0.32202083,0.22562276,0.27588922,0.31510356,0.25788674,0.3037474,0.2496814,0.3011301,0.3186501,0.3151959,0.30295026,0.25827438,0.25264192,0.24389115,0.30459914,0.27867335,0.2266915,0.30634192,0.23709324,0.28707567,0.48836544,0.35931107,0.30710286,0.27081075
BL_8,0,0.01,0.01,0.01,0.01,0.01,0.01,0.01,0.01,0.01,0.01,0.01,0.01,0.01,0.01,0.01,0.01,0.01,0.01,0.01,0.01,0.01,0.01,0.01,0.01,0.01,0.01,0.01,0.01,0.01,0.01,0.01,0.01,0.01,0.01,0.01,0.01,0.01,0.01,0.01,0.01,0.01,0.01,0.01,0.01,0.01,0.01,0.01,0.01,0.01,0.01,0.01,0.01,0.01,0.01,0.01,0.01,0.01,0.01,0.01,0.01,0.01,0.01,0.01,0.01,0.01,0.01,0.01,0.01,0.01,0.01,0.01,0.01,0.01,0.01,0.01,0.01,0.01,0.01,0.01,0.01,0.01,0.01,0.01,0.01,0.01,0.01,0.01,0.01,0.01,0.01,0.01,0.01,0.01,0.01,0.01,0.01,0.01,0.01,0.01,0.01,0.01
BL_8,3,0.032204666666666666,0.014513955,0.01436179,0.014641705,0.014394606,0.014769397,0.014283906,0.014523484,0.014888517,0.014414809,0.014183293,0.013733992,0.014217859,0.014080206,0.013965138,0.014863837,0.0146499425,0.014438752,0.014834078,0.014689351,0.014423858,0.014424981,0.014315624,0.013950071,0.014372266,0.014339979,0.014535344,0.014321005,0.013968985,0.014681631,0.014640887,0.014534333,0.014737225,0.01412949,0.014433811,0.014554709,0.014747803,0.014370037,0.014366772,0.014473826,0.015182003,0.01433845,0.014862508,0.014500435,0.014570234,0.01500104,0.014834081,0.014613684,0.014553892,0.014840062,0.013862937,0.014507412,0.014845133,0.0149521865,0.014280681,0.014536138,0.014268198,0.014774363,0.01440552,0.014646479,0.014300646,0.014448339,0.01472091,0.0147619,0.01463446,0.0145177115,0.015146845,0.014733951,0.014876593,0.01435076,0.014643365,0.014652552,0.01444055,0.014161608,0.014497265,0.014714418,0.014645773,0.014140025,0.014674276,0.014707936,0.014838666,0.014655545,0.01469765,0.014620923,0.013993856,0.014322049,0.0142538,0.014219896,0.014957857,0.014830333,0.014681773,0.014680806,0.014504529,0.01448038,0.0149805285,0.015248113,0.014145617,0.014526191,0.014815446,0.01439118,0.014223642
BL_8,6,0.045082333333333335,0.021066213,0.020619536,0.021430004,0.02071461,0.021801623,0.020398732,0.021090733,0.022163175,0.020775639,0.020112187,0.01886634,0.020219514,0.01982591,0.01950023,0.022090895,0.021454638,0.020841267,0.022001402,0.021574726,0.020802999,0.020805173,0.020490367,0.01945798,0.020649834,0.020560684,0.021121414,0.020510606,0.019513078,0.021546451,0.021432398,0.021119898,0.02171419,0.019965235,0.020831786,0.021175427,0.021740844,0.020646084,0.02063596,0.020940347,0.023044443,0.020559778,0.0220805,0.021022689,0.021228634,0.022496173,0.021995725,0.021350523,0.021177946,0.022014787,0.01921573,0.021042677,0.022029491,0.0223484,0.02038771,0.021120321,0.020354232,0.021821834,0.020747775,0.021445887,0.020444592,0.020870244,0.021669844,0.021784833,0.021408869,0.021073196,0.02293628,0.021703845,0.022123186,0.020589074,0.02144046,0.021465728,0.020853445,0.020051988,0.02101326,0.02164511,0.021448247,0.019988917,0.021525731,0.021628916,0.02201451,0.021476652,0.021596594,0.021371227,0.019578753,0.020510929,0.020318197,0.02021677,0.022364909,0.02199022,0.021547612,0.021543302,0.021034783,0.020964462,0.02243864,0.023241285,0.020010026,0.021095408,0.021943314,0.0207027,0.020227995
BL_8,9,0.05335,0.030577874,0.029590258,0.031348497,0.029797193,0.03215637,0.02912259,0.030622473,0.032984227,0.029937018,0.028510628,0.025924275,0.028764008,0.027917542,0.027224667,0.032826368,0.031403944,0.030069474,0.032623813,0.03168101,0.029999638,0.030001346,0.029321548,0.02713576,0.029656222,0.02947409,0.030678589,0.029378358,0.027257135,0.031602703,0.031367462,0.030679299,0.03198468,0.028213188,0.030062202,0.030789755,0.03203047,0.029655514,0.029631555,0.0302775,0.034967247,0.029481687,0.032784045,0.030471046,0.030928602,0.033720445,0.032594375,0.031181503,0.030809106,0.03264078,0.026630769,0.030513842,0.03267266,0.03338419,0.029093968,0.030666497,0.029028254,0.032217093,0.029873727,0.03138884,0.029215382,0.030135583,0.03189727,0.03213458,0.031302355,0.030581996,0.034716744,0.03195977,0.032881808,0.02952813,0.031387433,0.031438377,0.030115062,0.02838612,0.030449923,0.03182663,0.03140667,0.028246902,0.031559568,0.03179909,0.03265144,0.031468358,0.031722046,0.031225383,0.027384596,0.029371697,0.028964957,0.028734995,0.033420164,0.032598704,0.031607304,0.03159368,0.030497987,0.030344248,0.03360318,0.035403125,0.028305963,0.030623604,0.032486405,0.029765876,0.028760524
BL_8,12,0.06559166666666667,0.044386808,0.042435803,0.04582108,0.042836804,0.047373142,0.041559402,0.044450846,0.049070396,0.04312495,0.040398266,0.03563686,0.040938236,0.039314047,0.038000066,0.048766367,0.04593277,0.04335572,0.048356984,0.04650711,0.04325396,0.043249786,0.041944586,0.03783354,0.042563446,0.042239524,0.044532526,0.042085834,0.038073696,0.04631271,0.045893077,0.044543944,0.04709192,0.039872088,0.043374863,0.044731118,0.04714797,0.042580444,0.04252929,0.04373956,0.053032205,0.042277582,0.04863261,0.044149745,0.045057908,0.050509635,0.048255138,0.04551432,0.04480366,0.048357125,0.03689818,0.044230577,0.04841763,0.049827356,0.041492864,0.044484768,0.041382387,0.04753387,0.04299585,0.04591367,0.04172278,0.04349144,0.046947762,0.04737019,0.045731805,0.04436697,0.052513678,0.04703782,0.048832644,0.042325433,0.045937784,0.0460255,0.043491546,0.04017148,0.044107378,0.046767756,0.045980755,0.039896037,0.04623478,0.04673502,0.048407633,0.046099514,0.046568982,0.045596108,0.038287003,0.042055067,0.041295756,0.040826846,0.049895834,0.0483068,0.046327084,0.046289712,0.044203352,0.043904297,0.05030727,0.05387919,0.040041734,0.044430327,0.04806397,0.042762965,0.040878937
BL_8,24,0.13830177777777766,0.19715527,0.17689425,0.20532945,0.18056016,0.21711925,0.17069785,0.1961338,0.23802961,0.18434401,0.16129315,0.12821856,0.16953024,0.15472859,0.14351498,0.23584756,0.20658572,0.18467772,0.23119488,0.21431266,0.18604052,0.18547297,0.17426175,0.14219165,0.17804737,0.17697133,0.19490594,0.17762806,0.14481622,0.20938669,0.20859294,0.195724,0.21886359,0.15927173,0.1871206,0.19544347,0.2167476,0.17942527,0.17862362,0.18680215,0.27673957,0.1788854,0.23047478,0.19289368,0.20250805,0.24981576,0.22674134,0.20396683,0.19860083,0.22849831,0.13528848,0.19343743,0.22886701,0.24218905,0.1693832,0.19275671,0.16941482,0.22177757,0.18274227,0.20720215,0.17117915,0.1864194,0.21967265,0.2201359,0.20457923,0.19498453,0.2702395,0.21795793,0.23287751,0.17653652,0.20941202,0.20935023,0.1891893,0.15999871,0.1924166,0.21478121,0.21022488,0.15703858,0.20915774,0.21612875,0.23136567,0.21117426,0.21345259,0.20442477,0.14504673,0.17618795,0.17088702,0.16496655,0.24256484,0.23068738,0.20993434,0.20878588,0.19347095,0.19071293,0.2505849,0.28215465,0.16030677,0.19430955,0.22670195,0.17901428,0.16562311
BL_9,0,0.01,0.01,0.01,0.01,0.01,0.01,0.01,0.01,0.01,0.01,0.01,0.01,0.01,0.01,0.01,0.01,0.01,0.01,0.01,0.01,0.01,0.01,0.01,0.01,0.01,0.01,0.01,0.01,0.01,0.01,0.01,0.01,0.01,0.01,0.01,0.01,0.01,0.01,0.01,0.01,0.01,0.01,0.01,0.01,0.01,0.01,0.01,0.01,0.01,0.01,0.01,0.01,0.01,0.01,0.01,0.01,0.01,0.01,0.01,0.01,0.01,0.01,0.01,0.01,0.01,0.01,0.01,0.01,0.01,0.01,0.01,0.01,0.01,0.01,0.01,0.01,0.01,0.01,0.01,0.01,0.01,0.01,0.01,0.01,0.01,0.01,0.01,0.01,0.01,0.01,0.01,0.01,0.01,0.01,0.01,0.01,0.01,0.01,0.01,0.01,0.01
BL_9,3,0.029978666666666667,0.011833956,0.012138971,0.0115657635,0.011904683,0.011556394,0.011928947,0.01158305,0.0120437415,0.011566378,0.011847183,0.011741703,0.011830029,0.011942224,0.011892541,0.011703831,0.011753416,0.011913634,0.012075968,0.01153688,0.011924897,0.01146444,0.011698789,0.011584535,0.011944418,0.011894754,0.01155783,0.011787401,0.011254588,0.011913209,0.011791188,0.011865061,0.0122128865,0.011818997,0.011796075,0.012074997,0.011732347,0.011966835,0.011987869,0.011520079,0.011902508,0.011982145,0.011467746,0.011707997,0.011805,0.012162607,0.011743063,0.011878822,0.011793419,0.011706251,0.011767728,0.011684613,0.011813914,0.011823641,0.011996883,0.011858426,0.011935782,0.011753912,0.011682631,0.011900117,0.011746892,0.011605862,0.011883114,0.012058021,0.011703834,0.011798737,0.011858689,0.012079339,0.011919891,0.011857721,0.0119650215,0.011784755,0.011742549,0.011824094,0.0117581785,0.011742165,0.011863056,0.012132254,0.011824907,0.011587317,0.011736712,0.011955339,0.011867194,0.011861393,0.011863174,0.011765932,0.011977572,0.011563736,0.0117348805,0.011544529,0.011926992,0.011557612,0.01175547,0.011900518,0.01176003,0.011840022,0.011640854,0.011609921,0.011864735,0.01162857,0.011894749
BL_9,6,0.036020333333333335,0.0140060205,0.014734557,0.013378515,0.014172825,0.013356676,0.014231479,0.013417283,0.0145055065,0.013380764,0.014037479,0.013787908,0.0139952805,0.014260177,0.014143737,0.013700125,0.013817015,0.014196775,0.01458467,0.013311478,0.014222334,0.01314472,0.013687283,0.013423067,0.014267474,0.014147513,0.0133599555,0.013895685,0.012668884,0.01419496,0.013905721,0.0140792085,0.014917115,0.01396962,0.013916261,0.014581615,0.0137679055,0.014321867,0.014373899,0.01327238,0.014168592,0.014358911,0.013152549,0.013709523,0.01393671,0.014794772,0.013789381,0.014111695,0.013909418,0.013705342,0.013848926,0.0136537375,0.013956642,0.013981097,0.014393357,0.014063192,0.014249801,0.013816178,0.013650348,0.014163427,0.013800091,0.013470848,0.014122054,0.014539687,0.0136977695,0.01392069,0.01406217,0.014592672,0.014206595,0.014061875,0.014318203,0.013889494,0.013790983,0.013980873,0.013826477,0.013790051,0.014074616,0.014720008,0.013982709,0.013428325,0.013776491,0.0142951505,0.014084533,0.014071529,0.01407494,0.0138448635,0.014347218,0.0133741135,0.013773843,0.013327913,0.014226418,0.013358983,0.013818967,0.01416573,0.013829683,0.014019479,0.013551533,0.013479976,0.014077275,0.013523953,0.014147926
BL_9,9,0.039835666666666665,0.016579265,0.017883819,0.0154778315,0.016874045,0.015439624,0.016980616,0.015542755,0.017470993,0.015483256,0.016635356,0.016192291,0.016557291,0.017025918,0.01682177,0.016039865,0.016246678,0.01692215,0.017617082,0.0153610455,0.016965307,0.01507307,0.016015312,0.015557365,0.01704315,0.016825514,0.015445132,0.016382957,0.014263813,0.016917322,0.016402896,0.01670835,0.018222596,0.016512617,0.016419634,0.017610142,0.01616093,0.017142287,0.017239178,0.015292816,0.016868386,0.017209636,0.015087103,0.016055703,0.016454604,0.017999342,0.016191395,0.016765758,0.016406376,0.016048158,0.016299509,0.015955713,0.016487725,0.016533928,0.017269745,0.016679203,0.017017465,0.016241305,0.015952075,0.016860254,0.016213734,0.015637212,0.016784446,0.01753229,0.016031137,0.016423801,0.016674157,0.017631326,0.016929386,0.016677484,0.017137093,0.016372142,0.016199827,0.016530968,0.01625998,0.016198125,0.016700387,0.017860962,0.016534092,0.015564164,0.016172733,0.017095938,0.016718306,0.01669668,0.016701102,0.016292702,0.017187115,0.015470745,0.016171347,0.015387179,0.0169707,0.015442612,0.0162445,0.016867073,0.016263379,0.016601315,0.015776617,0.0156525,0.016702546,0.015730405,0.016827112
BL_9,12,0.036497,0.019628754,0.02170419,0.017909827,0.020091433,0.017850343,0.020263847,0.01800597,0.021043442,0.017920855,0.019717755,0.01901813,0.019588903,0.020325037,0.0200078,0.018783243,0.019108785,0.020177376,0.021283694,0.01772885,0.020241361,0.017286714,0.018741379,0.018036293,0.020359935,0.0200084,0.017858533,0.019318115,0.016063225,0.020166831,0.019353325,0.019830933,0.022264197,0.01951996,0.019376311,0.021269916,0.018975794,0.020520888,0.020681811,0.017622883,0.020085853,0.02062989,0.017309058,0.018806772,0.01942916,0.021902088,0.019010644,0.019921072,0.019353382,0.018794665,0.0191856,0.018647155,0.019477388,0.0195553,0.020722657,0.019783732,0.02032977,0.019093504,0.018645491,0.020074882,0.019051662,0.018154226,0.019951066,0.021141043,0.018761596,0.019376356,0.019769982,0.02130617,0.020170359,0.019782096,0.02051508,0.01930131,0.019033667,0.0195461,0.019123722,0.019030903,0.01981875,0.02167393,0.019550737,0.018042844,0.018988593,0.02044979,0.019847572,0.01981604,0.019820122,0.019175535,0.020591164,0.017899835,0.018992057,0.017765144,0.020246575,0.017853273,0.019095486,0.020090563,0.019125061,0.0196603,0.018368118,0.018176878,0.019817585,0.018299744,0.020012511
BL_9,24,0.06988433333333334,0.038662795,0.047020238,0.032187443,0.0404194,0.031963132,0.041184705,0.032456864,0.044312637,0.03227639,0.039023545,0.03624939,0.038396284,0.041188993,0.040068954,0.035427794,0.03670791,0.040979452,0.04545935,0.031521007,0.04113551,0.029960293,0.035199527,0.032713205,0.0414982,0.03995461,0.03198726,0.037419133,0.025911799,0.040872116,0.03763693,0.039423138,0.04973655,0.03815839,0.037655666,0.04533729,0.0362258,0.04222277,0.04303079,0.031125948,0.040472247,0.042705685,0.030054113,0.03549272,0.037815183,0.04815193,0.03609662,0.039766178,0.037523504,0.035440058,0.03687774,0.03482044,0.037921052,0.038332786,0.04301377,0.039212443,0.041619442,0.03650756,0.03489359,0.040470876,0.036376704,0.033035755,0.039895166,0.044703327,0.035185937,0.037519682,0.0390333,0.045543496,0.040539127,0.039229527,0.04225634,0.037358716,0.0363849,0.03820072,0.036642667,0.036372155,0.03938424,0.04705506,0.03821303,0.03266191,0.036157407,0.041996215,0.03950875,0.039442427,0.03939502,0.036851693,0.042483103,0.032169055,0.036287196,0.03157747,0.0410806,0.03194222,0.03645381,0.040642876,0.036565933,0.038717285,0.033776116,0.033098917,0.03928057,0.033589378,0.040004943
