Treatments,Time,BT_OD,sample_1,sample_2,sample_3,sample_4,sample_5,sample_6,sample_7,sample_8,sample_9,sample_10,sample_11,sample_12,sample_13,sample_14,sample_15,sample_16,sample_17,sample_18,sample_19,sample_20,sample_21,sample_22,sample_23,sample_24,sample_25,sample_26,sample_27,sample_28,sample_29,sample_30,sample_31,sample_32,sample_33,sample_34,sample_35,sample_36,sample_37,sample_38,sample_39,sample_40,sample_41,sample_42,sample_43,sample_44,sample_45,sample_46,sample_47,sample_48,sample_49,sample_50,sample_51,sample_52,sample_53,sample_54,sample_55,sample_56,sample_57,sample_58,sample_59,sample_60,sample_61,sample_62,sample_63,sample_64,sample_65,sample_66,sample_67,sample_68,sample_69,sample_70,sample_71,sample_72,sample_73,sample_74,sample_75,sample_76,sample_77,sample_78,sample_79,sample_80,sample_81,sample_82,sample_83,sample_84,sample_85,sample_86,sample_87,sample_88,sample_89,sample_90,sample_91,sample_92,sample_93,sample_94,sample_95,sample_96,sample_97,sample_98,sample_99,sample_100
BT_5,0,0.01,0.01,0.01,0.01,0.01,0.01,0.01,0.01,0.01,0.01,0.01,0.01,0.01,0.01,0.01,0.01,0.01,0.01,0.01,0.01,0.01,0.01,0.01,0.01,0.01,0.01,0.01,0.01,0.01,0.01,0.01,0.01,0.01,0.01,0.01,0.01,0.01,0.01,0.01,0.01,0.01,0.01,0.01,0.01,0.01,0.01,0.01,0.01,0.01,0.01,0.01,0.01,0.01,0.01,0.01,0.01,0.01,0.01,0.01,0.01,0.01,0.01,0.01,0.01,0.01,0.01,0.01,0.01,0.01,0.01,0.01,0.01,0.01,0.01,0.01,0.01,0.01,0.01,0.01,0.01,0.01,0.01,0.01,0.01,0.01,0.01,0.01,0.01,0.01,0.01,0.01,0.01,0.01,0.01,0.01,0.01,0.01,0.01,0.01,0.01,0.01
BT_5,3,0.01,0.009024087,0.009324401,0.009041351,0.008964798,0.0086711915,0.01114069,0.009037166,0.008795059,0.009720721,0.0093888845,0.009022497,0.008909583,0.008976096,0.010211982,0.008306204,0.0092051,0.00965243,0.009245698,0.008825347,0.008550018,0.009065149,0.009358868,0.008267163,0.009821541,0.0096021835,0.008561975,0.008347555,0.008710548,0.008730111,0.00908333,0.009237103,0.00936766,0.009364684,0.01009707,0.008994821,0.008789436,0.008565758,0.00925842,0.0103464145,0.007791162,0.0083832,0.009860026,0.009000442,0.009278001,0.008613471,0.009345205,0.009607537,0.009250226,0.009128004,0.009635049,0.010515408,0.0078512775,0.00910138,0.01006159,0.008474332,0.0084102,0.010324731,0.008785129,0.008767616,0.008082658,0.008302721,0.009318305,0.009926899,0.010290293,0.008361672,0.01013145,0.00836249,0.008037417,0.00893824,0.008277411,0.009568194,0.008815628,0.009086319,0.01036701,0.009865172,0.008330358,0.008956789,0.009604027,0.010579471,0.008790761,0.008043693,0.008495794,0.008049703,0.0072650346,0.00912596,0.010239195,0.009411325,0.00894901,0.009125763,0.0093769375,0.008027692,0.008973168,0.008464991,0.0098597715,0.0097993715,0.009337193,0.008296257,0.00917954,0.009272161,0.008261067
BT_5,6,0.01,0.008127214,0.008679097,0.008157291,0.008020363,0.007502754,0.012382434,0.008151223,0.007719759,0.0094309915,0.008796177,0.008124819,0.007924075,0.008041869,0.01040277,0.0068873633,0.0084585715,0.009298743,0.008528802,0.007774743,0.0072975033,0.008201051,0.00874209,0.006822731,0.009627631,0.009201437,0.007316126,0.0069560274,0.007572496,0.007606992,0.008234128,0.00851446,0.008757825,0.008750042,0.010172463,0.008075841,0.0077113486,0.0073232986,0.008555257,0.010681706,0.006058284,0.0070139836,0.00970246,0.008083822,0.008592167,0.0074065174,0.008716086,0.009211939,0.008540193,0.008317035,0.009263298,0.01102906,0.0061517823,0.00826633,0.010102724,0.0071676066,0.007060952,0.010639007,0.0077015553,0.0076710917,0.0065214816,0.0068808137,0.008667432,0.009833819,0.0105659785,0.0069781,0.010244234,0.0069807554,0.0064482843,0.007973386,0.0068376004,0.009135527,0.007756518,0.00823937,0.010724512,0.009709304,0.006925255,0.008007231,0.0092034815,0.011167547,0.0077128788,0.006457547,0.007203128,0.0064675673,0.0052692518,0.008312649,0.010460841,0.008839338,0.007993011,0.0083105285,0.008775823,0.006433642,0.00803551,0.007151528,0.009700362,0.009583452,0.008699935,0.0068693245,0.008410463,0.008581283,0.0068126754
BT_5,9,0.01,0.0073063523,0.008065164,0.00734563,0.0071623283,0.0064796503,0.013726727,0.007339298,0.006763969,0.009132761,0.008224295,0.0073037273,0.007036522,0.0071927155,0.010570549,0.0057027037,0.0077600894,0.008941142,0.007850996,0.0068384088,0.006219174,0.007405726,0.008151359,0.005622601,0.009419701,0.008800227,0.0062409267,0.005788072,0.0065719076,0.00661742,0.007450749,0.007833126,0.00817248,0.008158582,0.010225531,0.007238809,0.0067546726,0.006250883,0.0078913905,0.011003303,0.0047036097,0.005858727,0.00952851,0.0072468803,0.007943365,0.0063593066,0.008114378,0.008815631,0.007870648,0.0075656734,0.008887363,0.011536784,0.0048125046,0.007493757,0.010123065,0.0060525252,0.005919585,0.010940602,0.006739125,0.0066994573,0.00525441,0.00569371,0.008048469,0.00972156,0.010824819,0.0058139726,0.010337497,0.005818719,0.005165818,0.0071001197,0.005638719,0.008704692,0.0068130717,0.007457617,0.01106986,0.00953381,0.005747331,0.0071462207,0.0088011045,0.01176059,0.006755719,0.0051760995,0.0060965754,0.005188517,0.003817089,0.0075588617,0.01066304,0.008286304,0.0071268133,0.0075537288,0.008198511,0.005149234,0.0071828025,0.0060318285,0.009523112,0.009353881,0.008090236,0.0056785997,0.0076924595,0.0079282,0.0056101726
BT_5,12,0.01,0.0065578083,0.007483221,0.006603341,0.0063856896,0.0055870474,0.015173275,0.0065978477,0.0059173484,0.008827934,0.0076751234,0.00655534,0.0062396843,0.0064235264,0.010713702,0.004716177,0.007108789,0.0085817445,0.007213039,0.0060065193,0.005293435,0.0066764513,0.0075878873,0.0046281023,0.0091991965,0.008400834,0.0053159804,0.004810396,0.005695102,0.0057482873,0.006730798,0.0071934476,0.0076129995,0.0075922282,0.010255797,0.006478958,0.0059084212,0.0053281216,0.007267028,0.011308603,0.003647498,0.0048870146,0.009339524,0.006485624,0.0073318915,0.005453288,0.0075412854,0.0084208315,0.007241709,0.0068719136,0.008509653,0.012034113,0.0037601208,0.0067817774,0.010122469,0.0051038777,0.0049566776,0.011227323,0.005887427,0.0058415993,0.0042286855,0.0047054477,0.007462076,0.009591009,0.011064664,0.0048374706,0.010410507,0.0048441524,0.004133571,0.0063125445,0.0046435953,0.0082781175,0.0059754252,0.0067387857,0.011400292,0.009340267,0.0047630006,0.0063681626,0.0083993925,0.012354487,0.0059085935,0.00414377,0.0051524616,0.0041573523,0.0027626993,0.006862703,0.010844027,0.0077539976,0.0063446974,0.0068539437,0.007646319,0.0041168244,0.0064102,0.005080319,0.009329469,0.009112297,0.0075095235,0.0046879817,0.0070245885,0.007313164,0.0046144687
BT_5,24,0.021393333333333300,0.0042007435,0.005473586,0.004252472,0.003982597,0.003051071,0.021873206,0.0042545428,0.0034248978,0.0075777327,0.005726807,0.0042005326,0.0038158447,0.004036853,0.0110154925,0.002187941,0.004944512,0.007162717,0.0050557056,0.0035367934,0.0027523378,0.0043510646,0.005615749,0.0021072987,0.008221538,0.0068591707,0.0027687734,0.0022755556,0.0031759264,0.003237206,0.0044225724,0.005039599,0.0056469566,0.0055978866,0.010146948,0.004108581,0.0034216947,0.0027840473,0.0051532933,0.012316233,0.0013093222,0.0023430544,0.008461372,0.0041044606,0.0052502207,0.0029212688,0.0055434504,0.0068940283,0.0051183137,0.004619801,0.007023154,0.013821125,0.0013903759,0.004485637,0.009913621,0.0025553484,0.0024156477,0.012181947,0.0033868437,0.0033357446,0.0017605451,0.002175731,0.005440267,0.008908361,0.011794451,0.0022963851,0.010490949,0.0023068103,0.0016816899,0.0038951377,0.0021153458,0.0066533596,0.003494999,0.004431776,0.012518908,0.00841989,0.0022245408,0.003967593,0.006841486,0.014641621,0.0034179874,0.0016881038,0.0026008855,0.0016999587,0.00075445836,0.0046031047,0.011326437,0.0058531426,0.003936829,0.004579804,0.00570137,0.0016702993,0.00401381,0.0025309422,0.008422519,0.008059066,0.0054874453,0.0021573806,0.004820434,0.005223095,0.002094922
BT_6,0,0.01,0.01,0.01,0.01,0.01,0.01,0.01,0.01,0.01,0.01,0.01,0.01,0.01,0.01,0.01,0.01,0.01,0.01,0.01,0.01,0.01,0.01,0.01,0.01,0.01,0.01,0.01,0.01,0.01,0.01,0.01,0.01,0.01,0.01,0.01,0.01,0.01,0.01,0.01,0.01,0.01,0.01,0.01,0.01,0.01,0.01,0.01,0.01,0.01,0.01,0.01,0.01,0.01,0.01,0.01,0.01,0.01,0.01,0.01,0.01,0.01,0.01,0.01,0.01,0.01,0.01,0.01,0.01,0.01,0.01,0.01,0.01,0.01,0.01,0.01,0.01,0.01,0.01,0.01,0.01,0.01,0.01,0.01,0.01,0.01,0.01,0.01,0.01,0.01,0.01,0.01,0.01,0.01,0.01,0.01,0.01,0.01,0.01,0.01,0.01,0.01
BT_6,3,0.07751566666666670,0.012028938,0.0102293175,0.01254958,0.0124520715,0.009259339,0.009562389,0.009570665,0.011534243,0.00992129,0.012617567,0.009996842,0.012454982,0.010187025,0.009717612,0.010783439,0.011256685,0.011244826,0.009343071,0.010481521,0.009960113,0.010341917,0.010306006,0.011626647,0.009201844,0.009605511,0.012389897,0.011792166,0.011624895,0.0087985825,0.012270768,0.010929007,0.010955544,0.008261704,0.010680164,0.011357506,0.011183077,0.008481249,0.009623749,0.01344538,0.0092805475,0.01102603,0.012121647,0.012102861,0.00997053,0.011961981,0.011066682,0.010505799,0.009959105,0.0107806185,0.011398245,0.010950923,0.009909038,0.009302938,0.011464945,0.010503305,0.008976677,0.010988438,0.013097877,0.012405827,0.0098718675,0.010843418,0.010995431,0.010183589,0.010519559,0.009961262,0.01042126,0.01004022,0.010521864,0.011354049,0.011010076,0.011570428,0.011915414,0.009397335,0.014002509,0.011263561,0.008884766,0.009373186,0.0102811195,0.009764601,0.010158693,0.0121101765,0.010893917,0.011229129,0.009042619,0.009382949,0.010927965,0.011433951,0.012237851,0.01040026,0.010124836,0.009636888,0.01032586,0.008864575,0.009939681,0.009381901,0.011185924,0.009217168,0.008811782,0.010544434,0.009184061
BT_6,6,0.17672333333333300,0.014434031,0.010440599,0.015706345,0.015467944,0.008558297,0.009124534,0.009140907,0.013270821,0.0098224245,0.015879594,0.009973462,0.015468714,0.010359729,0.009423719,0.011602733,0.012642735,0.012615082,0.008713216,0.010964316,0.009901169,0.010670636,0.010599845,0.013486119,0.00845496,0.009208039,0.015316031,0.013868661,0.0134808775,0.0077274106,0.015020037,0.011915313,0.011976623,0.006812368,0.011385153,0.012862151,0.012474522,0.0071812416,0.009243388,0.018023876,0.008596292,0.012131213,0.014657741,0.014611648,0.009920632,0.014271458,0.012215727,0.0110138925,0.0098977275,0.011593139,0.012961557,0.011965982,0.009802196,0.008634534,0.013113768,0.011007637,0.00804286,0.012047435,0.017106494,0.015347678,0.009725738,0.011732949,0.012062597,0.0103512015,0.011048291,0.009905413,0.010839603,0.010062191,0.01104809,0.012863047,0.012094658,0.013359965,0.014160414,0.008813749,0.019534988,0.012659158,0.007881965,0.008770676,0.010547412,0.009515003,0.010299087,0.014624672,0.011839847,0.01258271,0.008161956,0.008788398,0.011914295,0.013040507,0.014933793,0.010792084,0.01022915,0.0092663895,0.010642827,0.007844524,0.009860777,0.008783924,0.012480866,0.008479474,0.007750366,0.011095758,0.008419115
BT_6,9,0.316632,0.017269094,0.01063203,0.01959043,0.019156724,0.007897342,0.008689108,0.00871326,0.015225306,0.009704252,0.019920789,0.009930065,0.019144323,0.0105169555,0.009120414,0.012454835,0.014163508,0.014115321,0.008111846,0.01144544,0.009823628,0.010983374,0.010879339,0.0156004,0.0077581783,0.0088099865,0.018880095,0.016259985,0.015589033,0.006775788,0.018329876,0.012956281,0.013062151,0.0056083365,0.012112406,0.01451862,0.013875944,0.006071957,0.0088612605,0.024065072,0.007948294,0.013315685,0.01767249,0.017587792,0.0098506855,0.016973807,0.013445906,0.01152107,0.009816402,0.012433465,0.014700074,0.013043838,0.009680195,0.00799702,0.014959645,0.011509576,0.0071939896,0.013175977,0.022258935,0.018922064,0.009562743,0.012666266,0.01320059,0.010501561,0.01158396,0.009832844,0.011252439,0.010065759,0.011575469,0.014536324,0.013252963,0.015389745,0.016775982,0.008251275,0.027114252,0.014192872,0.006982957,0.008193797,0.010796758,0.009253074,0.010420077,0.01760181,0.012835063,0.014066151,0.0073549077,0.008217867,0.012956776,0.014830006,0.018160399,0.0111724,0.010312045,0.008891159,0.010948863,0.006931249,0.009763876,0.008208231,0.0138864815,0.007787156,0.006805672,0.0116507765,0.0077048563
BT_6,12,0.4280813333333330,0.020588553,0.010801952,0.02433178,0.02363748,0.0072763707,0.008258509,0.008290048,0.017410534,0.00956772,0.024890067,0.009866996,0.023590697,0.01065764,0.008809774,0.013335632,0.015822403,0.015747834,0.007539891,0.011921674,0.009728077,0.011277358,0.011142318,0.017989423,0.0071099987,0.008413587,0.023193223,0.018994216,0.017968131,0.0059330203,0.022287086,0.0140477205,0.014209658,0.004611036,0.012858669,0.016328307,0.015386559,0.0051279357,0.008479489,0.031960804,0.007337027,0.0145779485,0.021232197,0.021094263,0.009761271,0.02011322,0.01475394,0.012023753,0.009715759,0.013296343,0.016621577,0.014181686,0.009543819,0.0073918924,0.017013475,0.012005389,0.006424951,0.014371478,0.028823806,0.023230523,0.009384129,0.013639926,0.014406799,0.01063361,0.0121240895,0.009744037,0.011657017,0.010050884,0.01210048,0.016381081,0.01448257,0.017679598,0.01980145,0.0077114445,0.0373692,0.01586893,0.006179118,0.0076434263,0.011027056,0.00898069,0.0105206715,0.02109939,0.013875471,0.015682956,0.006617801,0.0076724687,0.014051718,0.016809994,0.021991229,0.011538061,0.010372809,0.008513691,0.011241864,0.006116035,0.009649703,0.0076564625,0.015402032,0.0071398667,0.0059675663,0.012205948,0.0070402413
BT_6,24,1.5851863333333300,0.039565787,0.011238517,0.054225154,0.051772226,0.005176551,0.006622831,0.006678638,0.028525485,0.008861401,0.056944992,0.009430142,0.05091256,0.0110370405,0.007532238,0.01702732,0.023787523,0.023526713,0.005550468,0.013706718,0.009181673,0.012213102,0.011988196,0.03050481,0.0049632816,0.0068817562,0.0501206,0.03365169,0.030367218,0.0034500533,0.046126742,0.018770471,0.01930832,0.0020879745,0.015946455,0.024938159,0.022386929,0.002586218,0.0069927755,0.09044685,0.005252777,0.020303817,0.042033322,0.041450165,0.009225389,0.037644852,0.020604268,0.0139100095,0.00913829,0.016828857,0.026143461,0.019216046,0.008873004,0.005305215,0.02736448,0.013844956,0.0040382254,0.01970162,0.07468701,0.049507845,0.008540698,0.01782403,0.019791586,0.010960605,0.014269418,0.009239993,0.013134559,0.009811223,0.014096406,0.025491538,0.019992003,0.02970308,0.03650872,0.005795354,0.11775591,0.023966737,0.0037531788,0.005712832,0.011720143,0.007823261,0.010705367,0.041098032,0.018350616,0.023452874,0.0042855595,0.0057510966,0.018820783,0.026610801,0.044447873,0.012789961,0.010386999,0.0070245955,0.012242407,0.0036686119,0.009038697,0.005706075,0.02242974,0.004977899,0.0034888047,0.014345181,0.004844408
BT_7,0,0.01,0.01,0.01,0.01,0.01,0.01,0.01,0.01,0.01,0.01,0.01,0.01,0.01,0.01,0.01,0.01,0.01,0.01,0.01,0.01,0.01,0.01,0.01,0.01,0.01,0.01,0.01,0.01,0.01,0.01,0.01,0.01,0.01,0.01,0.01,0.01,0.01,0.01,0.01,0.01,0.01,0.01,0.01,0.01,0.01,0.01,0.01,0.01,0.01,0.01,0.01,0.01,0.01,0.01,0.01,0.01,0.01,0.01,0.01,0.01,0.01,0.01,0.01,0.01,0.01,0.01,0.01,0.01,0.01,0.01,0.01,0.01,0.01,0.01,0.01,0.01,0.01,0.01,0.01,0.01,0.01,0.01,0.01,0.01,0.01,0.01,0.01,0.01,0.01,0.01,0.01,0.01,0.01,0.01,0.01,0.01,0.01,0.01,0.01,0.01,0.01
BT_7,3,0.095481,0.05867712,0.06316832,0.05704281,0.059499875,0.058081217,0.052041806,0.05611922,0.06300251,0.05954907,0.057748973,0.05596828,0.05126052,0.058113664,0.054559246,0.056173246,0.062256467,0.06348653,0.05549598,0.053903874,0.055837322,0.05969679,0.057570092,0.06450593,0.05486602,0.0580093,0.055637635,0.057925772,0.059177563,0.06174875,0.056352053,0.056467425,0.05683789,0.061134666,0.057989027,0.067222424,0.05849635,0.059271183,0.052632052,0.06278273,0.059074007,0.057522204,0.05934605,0.054316103,0.058562495,0.05758017,0.058880985,0.056305252,0.058494315,0.05858934,0.066057704,0.056144714,0.055567082,0.054777343,0.058259327,0.06313407,0.059551645,0.059287276,0.0607831,0.059915535,0.058027644,0.061904486,0.060258746,0.056461263,0.067521155,0.06422454,0.053635485,0.058652822,0.05471889,0.0610271,0.056411438,0.057334,0.05867828,0.06224152,0.055199727,0.06875963,0.056930512,0.060855005,0.06135735,0.05826228,0.056239396,0.05711674,0.05491059,0.053545423,0.05787069,0.062452387,0.064398006,0.056224633,0.056503013,0.06508789,0.060405035,0.056516763,0.060627095,0.056875683,0.058134425,0.056632716,0.05188221,0.056241147,0.055577572,0.055138547,0.051671695
BT_7,6,0.24938033333333300,0.27499086,0.31215122,0.2609814,0.28449795,0.27896473,0.22729751,0.2591513,0.31092462,0.29006657,0.272343,0.25892553,0.22390041,0.27383953,0.24409571,0.25767305,0.30290514,0.31439835,0.25455347,0.24458982,0.25387558,0.28817835,0.26578608,0.32878208,0.24671112,0.278775,0.25581685,0.27000356,0.2750776,0.30047992,0.2605931,0.2606819,0.26103732,0.296838,0.26732904,0.34588617,0.27728546,0.28823885,0.2318076,0.30805787,0.27731732,0.26383686,0.27864924,0.24849047,0.28213224,0.27078333,0.28229854,0.26336393,0.26751742,0.27367213,0.3405665,0.25877383,0.25720096,0.25050843,0.27829027,0.31006986,0.2891099,0.27789026,0.29400605,0.28596964,0.27474117,0.3078052,0.28822875,0.26345736,0.33397537,0.32691774,0.23565932,0.27230397,0.24741925,0.29611236,0.25369442,0.26271585,0.27413294,0.30783793,0.261028,0.3576739,0.26497382,0.29350382,0.30037522,0.27091008,0.2645249,0.2690827,0.2511824,0.23919916,0.27535045,0.31025484,0.31995332,0.26284778,0.26356202,0.33039913,0.2941592,0.25970158,0.29346836,0.26355428,0.27575114,0.2681811,0.22887835,0.25360492,0.2555105,0.2521991,0.22112416
BT_7,9,0.4547913333333330,0.68064576,0.76475304,0.6429778,0.719864,0.7471341,0.5944869,0.67303616,0.76335907,0.76634,0.7051025,0.67896473,0.60440755,0.698318,0.6193504,0.6569053,0.7352655,0.7674211,0.6640063,0.6582646,0.6404608,0.74102354,0.65809166,0.8315199,0.62704223,0.7500665,0.66853434,0.6755569,0.6588216,0.73981225,0.67368096,0.6689279,0.65297633,0.7406356,0.65095437,0.8312123,0.70871115,0.76530796,0.6058759,0.75060326,0.681427,0.6442511,0.6792673,0.6725251,0.7486613,0.699509,0.7325799,0.7017736,0.63110095,0.6738119,0.8465734,0.66756743,0.6846939,0.6657631,0.73033154,0.74982405,0.75627375,0.6753091,0.7341878,0.7108206,0.71108556,0.7924179,0.712638,0.69346786,0.7378819,0.83023864,0.59021294,0.6608298,0.6402147,0.7394636,0.613449,0.64403623,0.67353636,0.77521914,0.7470149,0.8472021,0.6828052,0.7268077,0.7587163,0.66697377,0.716895,0.70963794,0.66452634,0.6267325,0.72545403,0.78434205,0.7672,0.7016715,0.69242895,0.8144192,0.7549553,0.65773875,0.73747617,0.672683,0.7146784,0.72862035,0.6188782,0.61944586,0.66938597,0.6618506,0.55734885
BT_7,12,0.8958200000000000,0.8947167,0.97948426,0.85045034,0.9558575,1.0346313,0.8449971,0.9256165,0.98037905,1.0441458,0.95874506,0.940332,0.8867949,0.9361023,0.84846,0.8916978,0.9404937,0.9805033,0.91839963,0.94249266,0.86460173,0.9920043,0.871846,1.07584,0.8581758,1.04419,0.92674416,0.89741594,0.8482247,0.95506936,0.92215866,0.9122177,0.8724658,0.96689504,0.85096735,1.0367844,0.9500119,1.0473158,0.8573967,0.95938593,0.8917529,0.8458096,0.8830208,0.96299225,1.0265045,0.9487371,0.9893388,0.98030037,0.80926335,0.8828047,1.0774618,0.9117673,0.95928276,0.9380233,0.99626493,0.9531827,1.0206609,0.87505835,0.95919496,0.93042433,0.9634298,1.0467392,0.9283455,0.95847815,0.8867036,1.0761952,0.8044119,0.86031246,0.8859147,0.965049,0.8064452,0.8489701,0.88133705,1.0107306,1.1069183,1.0442969,0.9306239,0.9452858,0.99643016,0.87589145,1.0137886,0.97927845,0.931734,0.88315517,0.9957223,1.0234166,0.96644753,0.98256236,0.9564705,1.0361317,1.0039691,0.8886094,0.96759355,0.9100178,0.96949404,1.027199,0.9047371,0.8180244,0.9313746,0.9223812,0.7745202
BT_7,24,3.890811,0.9535969,1.032726,0.9099407,1.0232794,1.122536,0.93358105,1.0056272,1.0358543,1.1274166,1.0367234,1.0238506,0.9954229,1.003229,0.9241538,0.96322155,0.99152344,1.0342872,0.9986076,1.0422218,0.93154174,1.0650898,0.9351461,1.1359425,0.9339072,1.1387924,1.0114788,0.96064895,0.89792806,1.0094131,0.99948865,0.9905004,0.93673927,1.0270277,0.9062996,1.0813878,1.0187379,1.1321435,0.94571716,1.0103681,0.95090985,0.9028073,0.9382307,1.062699,1.108066,1.0220213,1.0634296,1.0699527,0.8569771,0.93927646,1.1299964,0.9850206,1.046955,1.028758,1.0742309,1.0019271,1.0937335,0.92712075,1.0178657,0.9889187,1.0375327,1.1125392,0.984779,1.040103,0.9165279,1.135181,0.87239194,0.9157315,0.9654607,1.0236471,0.86332756,0.9084697,0.9376671,1.0709951,1.2331865,1.0851079,1.0088929,1.0021371,1.0608886,0.93356997,1.1117793,1.06349,1.018759,0.9725392,1.0782262,1.0840946,1.012746,1.0745188,1.0389194,1.0871012,1.0716822,0.96020037,1.0282477,0.9811601,1.0460184,1.1211259,1.0139076,0.874689,1.0210791,1.0077858,0.85034615
BT_8,0,0.01,0.01,0.01,0.01,0.01,0.01,0.01,0.01,0.01,0.01,0.01,0.01,0.01,0.01,0.01,0.01,0.01,0.01,0.01,0.01,0.01,0.01,0.01,0.01,0.01,0.01,0.01,0.01,0.01,0.01,0.01,0.01,0.01,0.01,0.01,0.01,0.01,0.01,0.01,0.01,0.01,0.01,0.01,0.01,0.01,0.01,0.01,0.01,0.01,0.01,0.01,0.01,0.01,0.01,0.01,0.01,0.01,0.01,0.01,0.01,0.01,0.01,0.01,0.01,0.01,0.01,0.01,0.01,0.01,0.01,0.01,0.01,0.01,0.01,0.01,0.01,0.01,0.01,0.01,0.01,0.01,0.01,0.01,0.01,0.01,0.01,0.01,0.01,0.01,0.01,0.01,0.01,0.01,0.01,0.01,0.01,0.01,0.01,0.01,0.01,0.01
BT_8,3,0.05748333333333330,0.009441091,0.009833385,0.009844792,0.009784665,0.009545511,0.009211149,0.010407848,0.009154002,0.010245517,0.0104839085,0.010240366,0.010026166,0.009709317,0.009840861,0.009732994,0.009831204,0.009899118,0.010485437,0.0092116,0.009520748,0.009812395,0.009415101,0.009774159,0.0098782545,0.009142848,0.010666362,0.010387832,0.010471372,0.009558736,0.009885299,0.009805623,0.009744173,0.008802214,0.009098989,0.009955187,0.00997359,0.010026941,0.010456934,0.0098546175,0.009485565,0.0103898095,0.00972201,0.009026547,0.009695422,0.009523576,0.009830397,0.010021175,0.0102068465,0.009087294,0.010082519,0.009817803,0.010026218,0.00977725,0.00907394,0.010276795,0.010111217,0.008676782,0.009737529,0.008650695,0.009692201,0.009658164,0.009963009,0.0101935165,0.010287156,0.010140685,0.009617864,0.010046191,0.010026296,0.010232572,0.009938686,0.008308392,0.008321338,0.009013739,0.010167535,0.009807886,0.011658082,0.00912473,0.010041635,0.00945682,0.010071043,0.010315505,0.009996529,0.010132305,0.010687176,0.010728083,0.009625561,0.009189177,0.009215538,0.009223377,0.0087779425,0.009449198,0.010785912,0.009029561,0.008910669,0.010313081,0.01085913,0.010058437,0.010550895,0.010167417,0.0094731
BT_8,6,0.10088666666666700,0.008930661,0.009690106,0.00971347,0.009596012,0.0091299815,0.008503681,0.010857979,0.0083955815,0.010520268,0.01101883,0.010512314,0.010078179,0.00944922,0.00970487,0.009496452,0.009689196,0.009821079,0.011021151,0.0085011,0.009085145,0.009650237,0.008883413,0.009575755,0.0097827315,0.008376241,0.011404483,0.010816425,0.010995434,0.009157262,0.009795277,0.009636899,0.009514588,0.0077636777,0.00829528,0.009936166,0.009970824,0.010077722,0.010958943,0.009733312,0.009016965,0.010821566,0.009475843,0.008164253,0.009420715,0.009090327,0.009687444,0.010066033,0.010445385,0.008275418,0.010191951,0.00966083,0.010077205,0.009577004,0.008248061,0.010584834,0.0102475565,0.0075435103,0.009501546,0.007497011,0.009414269,0.009347193,0.009947393,0.010416305,0.010606686,0.01030986,0.009268732,0.01011704,0.010076316,0.010492698,0.009901786,0.0069143195,0.0069376663,0.008138316,0.01036263,0.009641601,0.013626856,0.008344209,0.010102864,0.00896239,0.010168306,0.01066708,0.010017929,0.010290507,0.011448944,0.011538724,0.009284569,0.008461673,0.00851008,0.008523647,0.0077183302,0.008948505,0.011659261,0.008168472,0.007955198,0.010661039,0.011823036,0.010140555,0.011157396,0.010358878,0.008994528
BT_8,9,0.16289133333333300,0.008463255,0.009568929,0.009604872,0.00943227,0.008749325,0.007866941,0.011355591,0.0077134925,0.010826942,0.011611618,0.010818677,0.010156538,0.009217122,0.00959088,0.009287929,0.00957256,0.009765194,0.011613798,0.00785882,0.008688375,0.009512037,0.00839872,0.0094028525,0.0097124865,0.007688271,0.012225012,0.01129066,0.011579407,0.008791369,0.009729109,0.009492261,0.009309259,0.0068599707,0.0075759473,0.009942757,0.009991689,0.010152835,0.011511681,0.009634947,0.008589064,0.011300382,0.009258879,0.007397792,0.009173317,0.008695526,0.009569726,0.01013502,0.010718306,0.0075506633,0.010329462,0.009527617,0.010153479,0.009397733,0.007509316,0.010927242,0.010410371,0.006569523,0.009289988,0.0065073934,0.009163599,0.009064247,0.009953029,0.010670728,0.010961861,0.010509323,0.0089493925,0.010213249,0.010150536,0.010782787,0.009888941,0.0057620932,0.005793248,0.007359009,0.01058725,0.009499589,0.015977055,0.007645676,0.010184183,0.008511078,0.010292763,0.011058632,0.010064443,0.010476124,0.0122965,0.012444863,0.008973756,0.007806706,0.007873552,0.00789117,0.0067967935,0.00849212,0.012633391,0.00740195,0.0071143233,0.011047597,0.01290931,0.010247102,0.0118271,0.010576036,0.008558719
BT_8,12,0.226486,0.008034244,0.009468841,0.009518052,0.009291935,0.008400007,0.007291932,0.011906729,0.007098251,0.011168637,0.012270359,0.011162888,0.010262099,0.009010806,0.009497925,0.009105392,0.00948015,0.009730985,0.012271295,0.007276553,0.00832625,0.00939654,0.007955666,0.009253871,0.009666832,0.0070689847,0.013140709,0.011816226,0.012231881,0.008457395,0.009686167,0.009370405,0.009126442,0.0060711238,0.006930257,0.009975031,0.010036406,0.010253028,0.012121773,0.0095586935,0.008197462,0.011832233,0.0090688765,0.0067143864,0.008950965,0.008335048,0.009476105,0.010228799,0.011028777,0.006901583,0.010496539,0.009416987,0.010255811,0.009238105,0.0068467,0.011307528,0.01060125,0.005729864,0.009101077,0.005656121,0.008937939,0.00880686,0.009979986,0.010959518,0.011356482,0.010741283,0.00865708,0.010335793,0.010249679,0.011105614,0.009900057,0.0048073903,0.0048440304,0.006663407,0.010843738,0.009380577,0.018800048,0.007018449,0.01028624,0.008098174,0.01044576,0.011494749,0.010136547,0.010691047,0.013243231,0.01346212,0.008690332,0.007215221,0.0072974474,0.0073178415,0.0059931907,0.008075107,0.0137242405,0.006717626,0.0063720797,0.011477093,0.0141394595,0.010379129,0.012568902,0.0108208535,0.00816092
BT_8,24,0.5919966666666670,0.006628198,0.009265495,0.009376463,0.008942696,0.0072595547,0.005473231,0.01480919,0.005160829,0.01296689,0.01578635,0.0130092325,0.010983806,0.00840887,0.009323715,0.008603755,0.009338696,0.009808004,0.015764168,0.0054215747,0.007159208,0.009144241,0.006516861,0.008873315,0.009724856,0.0051265797,0.018113801,0.014584979,0.015765468,0.0073830006,0.009742126,0.009092359,0.008593274,0.003771542,0.0049196864,0.010372393,0.010466298,0.010928615,0.015313181,0.0094643235,0.0069242367,0.014651104,0.008544896,0.004619344,0.008276835,0.0071719857,0.009328308,0.010874405,0.012732424,0.0048894743,0.011503734,0.009183765,0.010951417,0.008775139,0.0047894344,0.01330139,0.0116898725,0.0033542588,0.0085439375,0.0032621273,0.008249966,0.007993312,0.0103087025,0.01253224,0.01342964,0.012054903,0.007713346,0.011119106,0.010919383,0.012796741,0.010190169,0.0023483383,0.0023903057,0.0045300866,0.012251116,0.009116264,0.037916362,0.0050615296,0.01092113,0.0067553464,0.011381921,0.013807067,0.010700205,0.011894356,0.018400105,0.01909206,0.0077854525,0.0053455275,0.005467342,0.005490617,0.0036608095,0.006722671,0.019710679,0.0046153744,0.004151961,0.013739763,0.02113301,0.011192348,0.016501822,0.012127316,0.0068752146