Treatments,Time,BV_OD,sample_1,sample_2,sample_3,sample_4,sample_5,sample_6,sample_7,sample_8,sample_9,sample_10,sample_11,sample_12,sample_13,sample_14,sample_15,sample_16,sample_17,sample_18,sample_19,sample_20,sample_21,sample_22,sample_23,sample_24,sample_25,sample_26,sample_27,sample_28,sample_29,sample_30,sample_31,sample_32,sample_33,sample_34,sample_35,sample_36,sample_37,sample_38,sample_39,sample_40,sample_41,sample_42,sample_43,sample_44,sample_45,sample_46,sample_47,sample_48,sample_49,sample_50,sample_51,sample_52,sample_53,sample_54,sample_55,sample_56,sample_57,sample_58,sample_59,sample_60,sample_61,sample_62,sample_63,sample_64,sample_65,sample_66,sample_67,sample_68,sample_69,sample_70,sample_71,sample_72,sample_73,sample_74,sample_75,sample_76,sample_77,sample_78,sample_79,sample_80,sample_81,sample_82,sample_83,sample_84,sample_85,sample_86,sample_87,sample_88,sample_89,sample_90,sample_91,sample_92,sample_93,sample_94,sample_95,sample_96,sample_97,sample_98,sample_99,sample_100
BV_5,0,0.01,0.01,0.01,0.01,0.01,0.01,0.01,0.01,0.01,0.01,0.01,0.01,0.01,0.01,0.01,0.01,0.01,0.01,0.01,0.01,0.01,0.01,0.01,0.01,0.01,0.01,0.01,0.01,0.01,0.01,0.01,0.01,0.01,0.01,0.01,0.01,0.01,0.01,0.01,0.01,0.01,0.01,0.01,0.01,0.01,0.01,0.01,0.01,0.01,0.01,0.01,0.01,0.01,0.01,0.01,0.01,0.01,0.01,0.01,0.01,0.01,0.01,0.01,0.01,0.01,0.01,0.01,0.01,0.01,0.01,0.01,0.01,0.01,0.01,0.01,0.01,0.01,0.01,0.01,0.01,0.01,0.01,0.01,0.01,0.01,0.01,0.01,0.01,0.01,0.01,0.01,0.01,0.01,0.01,0.01,0.01,0.01,0.01,0.01,0.01,0.01
BV_5,3,0.01,0.010123244,0.009707406,0.010899715,0.020497788,0.010998111,0.017530577,0.0129225,0.0040393816,0.009925193,0.010006491,0.014578225,0.012468294,0.013647586,0.0109431,0.009050938,0.010701069,0.011587449,0.018988537,0.003748074,0.010935842,0.026581531,0.010800325,0.008869697,0.011057118,0.011310865,0.009901851,0.020591363,0.01098602,0.014438049,0.01139187,0.009979974,0.009259076,0.017970186,0.0144214695,0.033400383,0.009916875,0.013468383,0.011955073,0.010277899,0.010283484,0.011533747,0.01011551,0.007969283,0.0102416705,0.009178679,0.011825822,0.008509957,0.010669379,0.013253688,0.010880153,0.013660643,0.01033047,0.01099275,0.0068389764,0.021581335,0.010283618,0.017397895,0.019650841,0.017277516,0.009914556,0.01222403,0.013539994,0.014472833,0.010374607,0.013063641,0.019365372,0.010098906,0.009576544,0.011034465,0.011986078,0.01005223,0.010209022,0.011154759,0.012537683,0.008930082,0.009878298,0.010647597,0.010420252,0.0038288704,0.0132843,0.009372549,0.012688077,0.008996667,0.0129695665,0.0068804035,0.010697502,0.013639611,0.011910829,0.011069541,0.012104659,0.0091574425,0.014319149,0.009496791,0.011523374,0.008978595,0.009058902,0.012409033,0.010271669,0.0067723794,0.009571494
BV_5,6,0.01,0.010248377,0.0094235875,0.011880538,0.04158451,0.012094205,0.030561587,0.016680915,0.00162288,0.0098509425,0.010012317,0.021172557,0.015538645,0.018599546,0.011975198,0.008192177,0.0114507815,0.013425735,0.035625294,0.0013969444,0.0119582815,0.068045415,0.011666334,0.007865934,0.012223667,0.012792978,0.009808136,0.041653972,0.012067005,0.020783594,0.012974613,0.009961437,0.008572463,0.032078378,0.020759182,0.10519861,0.00983536,0.018104682,0.014286077,0.010562891,0.010574523,0.013296104,0.010232338,0.0063485457,0.010489362,0.00842432,0.013980418,0.0072405827,0.011385508,0.017544078,0.0118362745,0.018638875,0.010671923,0.012082804,0.004670583,0.045884702,0.01057564,0.030168656,0.03815398,0.029654324,0.009830915,0.014937911,0.018304944,0.020908866,0.0107643865,0.017049203,0.037106816,0.010199507,0.009171265,0.012176019,0.014359516,0.01010448,0.01042341,0.012442255,0.015713487,0.00797449,0.009758105,0.011338548,0.010858175,0.0014591761,0.017632056,0.008784134,0.016083669,0.008093521,0.016797882,0.0047266455,0.011443748,0.018570343,0.014180456,0.01225372,0.014643154,0.008386161,0.020452276,0.009018807,0.013275232,0.0080601415,0.008207688,0.015383638,0.010551731,0.0045793434,0.009161759
BV_5,9,0.01,0.010375431,0.009148269,0.012949805,0.08265502,0.013297569,0.052771658,0.021502309,0.0006506004,0.009777247,0.010017478,0.030583845,0.019353943,0.02530007,0.013104668,0.007415107,0.012252443,0.015554132,0.06539116,0.00051956583,0.0130751375,0.15940642,0.012603684,0.0069748107,0.013510394,0.01446855,0.009718718,0.0814053,0.013251629,0.02979081,0.01477356,0.009944388,0.007936259,0.056596797,0.029802445,0.28174496,0.009755426,0.02427422,0.017062638,0.010855126,0.010873298,0.015318971,0.010350498,0.0050558806,0.010743253,0.0077315564,0.016521148,0.006159583,0.012151904,0.023185072,0.0128746405,0.025389757,0.011024729,0.013279438,0.003186636,0.0946103,0.010876343,0.052015465,0.07241813,0.050332244,0.009749063,0.018247219,0.024695653,0.030129394,0.011170052,0.022222457,0.0697116,0.0103018135,0.008783354,0.013435751,0.017192818,0.010156738,0.010643339,0.013877636,0.019684613,0.0071210302,0.009639391,0.012075942,0.011314518,0.00055509957,0.023376008,0.008232367,0.020363916,0.007280657,0.021717785,0.0032436019,0.012242152,0.025221735,0.01687359,0.013564879,0.01770074,0.007680101,0.029108303,0.0085647805,0.015288675,0.007234545,0.007437551,0.01904874,0.010840502,0.003093177,0.008769919
BV_5,12,0.01,0.010504446,0.008881184,0.01411552,0.15802525,0.014618274,0.0896652,0.027667558,0.00026059174,0.009704083,0.010021971,0.04383976,0.024088774,0.03432602,0.014340716,0.006711914,0.013109558,0.018017832,0.11555044,0.0001930921,0.014294895,0.31428608,0.013618546,0.0061838985,0.0149290655,0.016362611,0.009633468,0.14949082,0.014549285,0.04244539,0.016817145,0.009928825,0.007346847,0.097872585,0.04262271,0.5494311,0.009677034,0.03243484,0.020366054,0.011154755,0.011180024,0.01763804,0.010470002,0.0040254476,0.011003502,0.0070954207,0.019514708,0.005239259,0.012972414,0.03057347,0.014002004,0.034509312,0.011389266,0.014592751,0.0021727318,0.18392412,0.011186004,0.08880899,0.13196166,0.08387226,0.009668944,0.02227899,0.03322548,0.043256693,0.011592338,0.028917762,0.12642305,0.010405874,0.008412074,0.014825924,0.020570645,0.010209001,0.010868991,0.015477722,0.024644885,0.006358821,0.009522143,0.012863103,0.0117900465,0.00021102845,0.030944284,0.007715009,0.025744842,0.0065491158,0.028014962,0.0022242442,0.013096385,0.03414271,0.020065513,0.015016692,0.02137739,0.007033677,0.041220337,0.008133523,0.01760128,0.0064926287,0.006740582,0.02355269,0.011138304,0.0020878224,0.008395172
BV_5,24,0.018037333333333300,0.0110409,0.007890158,0.019929925,0.7937415,0.021307664,0.49250463,0.07361094,6.6984303E-06,0.0094168605,0.01003325,0.15888645,0.057159513,0.110864,0.02056659,0.0045066155,0.017171087,0.0323915,0.50013804,3.6756096E-06,0.020398734,0.688607,0.018598763,0.0038173462,0.02219476,0.02674381,0.009331808,0.53281564,0.02108421,0.15521929,0.028133173,0.009881193,0.0053929044,0.5241762,0.16471374,0.8689052,0.009378296,0.09729198,0.040968735,0.012430087,0.012489721,0.03073086,0.0109617645,0.0016151099,0.012111534,0.0050308635,0.037744936,0.0027397808,0.016884051,0.08897929,0.019554405,0.11298906,0.012972851,0.021247655,0.00046803226,0.7627021,0.012520176,0.56134474,0.58794904,0.41676036,0.009365086,0.04914764,0.10353356,0.17012246,0.013463936,0.08060904,0.6052095,0.01084047,0.0070790015,0.021982867,0.04172873,0.01041803,0.011832769,0.023930497,0.059984233,0.0040426473,0.009067431,0.016585995,0.013900908,4.399492E-06,0.092454486,0.0059491964,0.06420633,0.0042861076,0.07468396,0.00048999256,0.017154157,0.10789629,0.039767984,0.022559367,0.0448776,0.004949459,0.1499885,0.0066144024,0.03077335,0.0042070113,0.0045524747,0.0538372,0.012426867,0.0004318384,0.007052187
BV_6,0,0.01,0.01,0.01,0.01,0.01,0.01,0.01,0.01,0.01,0.01,0.01,0.01,0.01,0.01,0.01,0.01,0.01,0.01,0.01,0.01,0.01,0.01,0.01,0.01,0.01,0.01,0.01,0.01,0.01,0.01,0.01,0.01,0.01,0.01,0.01,0.01,0.01,0.01,0.01,0.01,0.01,0.01,0.01,0.01,0.01,0.01,0.01,0.01,0.01,0.01,0.01,0.01,0.01,0.01,0.01,0.01,0.01,0.01,0.01,0.01,0.01,0.01,0.01,0.01,0.01,0.01,0.01,0.01,0.01,0.01,0.01,0.01,0.01,0.01,0.01,0.01,0.01,0.01,0.01,0.01,0.01,0.01,0.01,0.01,0.01,0.01,0.01,0.01,0.01,0.01,0.01,0.01,0.01,0.01,0.01,0.01,0.01,0.01,0.01,0.01,0.01
BV_6,3,0.047785333333333300,0.0056360974,0.0051627313,0.0056128777,0.005077199,0.0043163756,0.006143608,0.005924466,0.006000486,0.0053934013,0.005260277,0.006076168,0.006002081,0.005664764,0.0048207818,0.0053273714,0.0067675803,0.0055962983,0.005732381,0.006001527,0.005750364,0.005070657,0.005437465,0.004705503,0.0044479,0.005494492,0.005188836,0.004189623,0.006236141,0.0060201157,0.005398115,0.0057132584,0.0058124117,0.005451958,0.0061872066,0.0054745637,0.004688589,0.0058936435,0.00569938,0.004537383,0.004384238,0.0051065567,0.0062007774,0.005007403,0.0049465075,0.0055385735,0.0047236453,0.00627637,0.0057514985,0.0051471004,0.004658638,0.0055435663,0.0048538134,0.005307154,0.005124242,0.006306288,0.0058268933,0.0052152663,0.0063543124,0.005604685,0.0057567144,0.005878765,0.004507187,0.0053234566,0.0051692678,0.0050372807,0.0052013425,0.005033191,0.004808315,0.0060572885,0.0054989285,0.0045425235,0.005982031,0.0049330853,0.0061740563,0.0050285007,0.0060997424,0.0051810504,0.005866829,0.005912181,0.0061589773,0.0048273588,0.004710014,0.00535294,0.005028341,0.005493318,0.005628996,0.0049181157,0.0048095724,0.0057422053,0.0045553236,0.005662227,0.005527453,0.005671507,0.005486886,0.0059727603,0.0052368366,0.0059735784,0.0056106118,0.005746007,0.0053820303
BV_6,6,0.059391,0.0031736593,0.0026623907,0.0031472608,0.002575052,0.0018610638,0.0037710185,0.0035066467,0.003597296,0.002906124,0.002764127,0.0036884288,0.0035990174,0.0032063709,0.0023213914,0.002835129,0.0045768498,0.0031289177,0.003283095,0.0035984572,0.0033035208,0.0025685756,0.002953616,0.0022119023,0.0019762064,0.00301555,0.002689734,0.001753342,0.003885115,0.0036210576,0.0029108687,0.0032606767,0.003375166,0.0029696212,0.0038240897,0.0029938458,0.0021956123,0.0034700017,0.0032448282,0.0020565996,0.0019199457,0.0026050736,0.0038412467,0.002505036,0.0024443297,0.003064453,0.0022290424,0.0039357794,0.00330497,0.0026466656,0.002167963,0.0030700692,0.0023538023,0.0028140082,0.0026232924,0.0039734547,0.0033925378,0.0027170614,0.0040348326,0.0031380316,0.0033107756,0.0034526242,0.0020291996,0.0028311035,0.0026692979,0.0025349883,0.0027024343,0.002530375,0.0023097873,0.0036658973,0.0030204505,0.0020613158,0.003575254,0.0024308963,0.003808535,0.0025261217,0.0037169394,0.0026817557,0.0034383854,0.0034921858,0.0037896815,0.0023276727,0.0022158967,0.0028622586,0.0025257696,0.0030146604,0.0031658038,0.0024158778,0.0023110548,0.0032941333,0.002072526,0.003203107,0.0030521979,0.0032134766,0.003007491,0.003564005,0.0027398195,0.0035651582,0.0031445874,0.003298262,0.002893777
BV_6,9,0.06845333333333330,0.0017861557,0.0013721897,0.0017637304,0.0013053071,0.0008020382,0.0023134295,0.0020744153,0.0021554034,0.001565106,0.0014516676,0.002237691,0.0021568253,0.001814036,0.0011172339,0.0015079573,0.00309383,0.0017484672,0.0018793588,0.0021563887,0.0018968093,0.0013004625,0.0016035164,0.0010392385,0.00087759894,0.0016540072,0.0013935625,0.00073342415,0.0024189437,0.0021769227,0.0015687549,0.001859802,0.0019587954,0.001616697,0.002361992,0.0016362523,0.0010275892,0.0020418232,0.0018462555,0.0009317189,0.0008403547,0.0013282775,0.0023781438,0.0012525899,0.0012072689,0.001694582,0.001051366,0.0024666649,0.0018981419,0.001360247,0.0010083873,0.0016992909,0.001140944,0.0014913491,0.0013423137,0.0025022125,0.0019742718,0.0014147698,0.002560858,0.0017559505,0.0019030105,0.0020265775,0.0009131116,0.0015048339,0.0013776143,0.0012751037,0.0014032881,0.0012713732,0.0011090493,0.0022174574,0.001658054,0.0009349426,0.0021356673,0.0011972386,0.0023480747,0.0012683991,0.002263573,0.0013874129,0.0020139203,0.0020616327,0.0023304708,0.0011217464,0.0010419382,0.001529576,0.0012680423,0.0016535032,0.0017796047,0.0011860217,0.0011099897,0.0018887044,0.000942404,0.00181103,0.0016844481,0.00181975,0.0016475447,0.0021254828,0.001432705,0.0021266271,0.001761413,0.0018921082,0.0015550866
BV_6,12,0.07608466666666670,0.0010049772,0.00070701184,0.0009880895,0.0006614913,0.00034557664,0.0014187479,0.0012267452,0.0012910354,0.0008426614,0.00076216296,0.0013570706,0.0012920911,0.0010260439,0.000537557,0.0008018205,0.0020906865,0.0009767751,0.0010755027,0.0012917847,0.0010887609,0.0006582521,0.0008702795,0.00048816044,0.00038964604,0.00090689625,0.0007218145,0.0003067311,0.001505503,0.0013083171,0.0008451809,0.0010604215,0.0011364367,0.00087990495,0.0014583172,0.0008939915,0.0004807999,0.0012010288,0.0010501349,0.00042201174,0.00036774378,0.00067709124,0.0014717751,0.0006261857,0.0005961348,0.000936779,0.0004957842,0.001545389,0.0010898386,0.000698914,0.00046891894,0.0009402742,0.00055291964,0.00079016644,0.0006866759,0.0015751754,0.0011486121,0.0007364651,0.0016248807,0.0009822681,0.0010934906,0.001189138,0.0004107987,0.00079964084,0.0007107817,0.00064122805,0.00072846503,0.0006386126,0.000532396,0.0013408846,0.00090986636,0.0004239683,0.0012753201,0.0005894929,0.0014471654,0.00063672493,0.0013779658,0.000717596,0.0011791632,0.0012167065,0.0014326025,0.00054044987,0.00048980577,0.00081714656,0.00063644745,0.00090664794,0.0010001003,0.0005820797,0.0005330047,0.0010825595,0.00042841345,0.0010236555,0.0009293247,0.0010301742,0.00090226246,0.0012671511,0.00074900023,0.0012681314,0.0009863204,0.001085082,0.0008354445
BV_6,24,1.4619716666666700,0.00010060696,4.9782848E-05,9.721539E-05,4.359345E-05,1.1902758E-05,0.00020039926,0.00014984698,0.00016596259,7.0741364E-05,5.7856338E-05,0.0001833083,0.00016619332,0.00010491726,2.8788007E-05,6.4034604E-05,0.00043529717,9.503855E-05,0.00011522066,0.0001661374,0.000118047814,4.317357E-05,7.5433076E-05,2.3751843E-05,1.5130812E-05,8.18723E-05,5.190936E-05,9.3820845E-06,0.00022552082,0.0001704706,7.113222E-05,0.000111930065,0.00012859212,7.713828E-05,0.00021154337,7.9577374E-05,2.3030136E-05,0.00014358472,0.00010976924,1.7755192E-05,1.3476622E-05,4.568349E-05,0.0002155665,3.908102E-05,3.5414952E-05,8.73932E-05,2.4505001E-05,0.00023772956,0.00011830182,4.8674978E-05,2.1915972E-05,8.805128E-05,3.0480234E-05,6.2215135E-05,4.6991205E-05,0.00024699327,0.00013145342,5.403076E-05,0.00026303052,9.607354E-05,0.00011906591,0.00014077764,1.6817276E-05,6.369635E-05,5.0326707E-05,4.0979714E-05,5.2849355E-05,4.061804E-05,2.8253213E-05,0.00017905541,8.241375E-05,1.7920378E-05,0.00016196677,3.4619246E-05,0.00020851563,4.0401686E-05,0.0001889548,5.1313724E-05,0.0001383906,0.00014741602,0.00020426435,2.9097298E-05,2.3906206E-05,6.649036E-05,4.035998E-05,8.187208E-05,9.965793E-05,3.3740722E-05,2.8323413E-05,0.000116703224,1.8286983E-05,0.00010437376,8.601146E-05,0.00010568894,8.106963E-05,0.00015986276,5.590168E-05,0.00016014483,9.685548E-05,0.00011720904,6.952829E-05
BV_7,0,0.01,0.01,0.01,0.01,0.01,0.01,0.01,0.01,0.01,0.01,0.01,0.01,0.01,0.01,0.01,0.01,0.01,0.01,0.01,0.01,0.01,0.01,0.01,0.01,0.01,0.01,0.01,0.01,0.01,0.01,0.01,0.01,0.01,0.01,0.01,0.01,0.01,0.01,0.01,0.01,0.01,0.01,0.01,0.01,0.01,0.01,0.01,0.01,0.01,0.01,0.01,0.01,0.01,0.01,0.01,0.01,0.01,0.01,0.01,0.01,0.01,0.01,0.01,0.01,0.01,0.01,0.01,0.01,0.01,0.01,0.01,0.01,0.01,0.01,0.01,0.01,0.01,0.01,0.01,0.01,0.01,0.01,0.01,0.01,0.01,0.01,0.01,0.01,0.01,0.01,0.01,0.01,0.01,0.01,0.01,0.01,0.01,0.01,0.01,0.01,0.01
BV_7,3,0.03999466666666670,0.009182714,0.008051402,0.009197134,0.009701625,0.008495174,0.008346681,0.008968564,0.008888146,0.009116374,0.008243215,0.008603183,0.009233973,0.008946123,0.009312678,0.009660115,0.0069641164,0.009109983,0.009619573,0.00920231,0.009197855,0.008102442,0.009315271,0.009313797,0.00882991,0.008570245,0.008960817,0.0086444365,0.007859942,0.008293441,0.009563588,0.0090610925,0.008588319,0.009455741,0.009215957,0.008894268,0.009181214,0.008668055,0.008975449,0.009104973,0.009185162,0.008558208,0.009567893,0.007611313,0.009337458,0.008109118,0.009230611,0.009499453,0.007851595,0.008707574,0.00951935,0.009659741,0.009275612,0.009221693,0.0077891094,0.00952343,0.009528477,0.009163025,0.006510418,0.0081481,0.009266247,0.008614024,0.009695367,0.008624188,0.007536587,0.009671278,0.009517686,0.00845401,0.009287219,0.00899524,0.00845332,0.008838156,0.007903783,0.00971934,0.009155876,0.008736824,0.008676114,0.0090177385,0.00791217,0.007208183,0.009557229,0.0089724995,0.009259142,0.008900462,0.008558988,0.009501722,0.009760181,0.008944144,0.009232757,0.0098412065,0.009302007,0.009664368,0.009483112,0.008365035,0.009465363,0.009796504,0.008875637,0.008736725,0.008291264,0.009473381,0.009122017
BV_7,6,0.05414466666666670,0.008431019,0.006480185,0.008458283,0.009412059,0.0072144885,0.00696466,0.008042607,0.007899032,0.008310096,0.0067931963,0.007399224,0.008526222,0.008002331,0.008672331,0.009331706,0.0048448476,0.0082985405,0.009253466,0.0084677655,0.00845892,0.0065636667,0.008677048,0.0086742,0.0077958605,0.0073434208,0.008029006,0.007471773,0.006175071,0.006876503,0.00914603,0.008210077,0.0073728855,0.00894088,0.008492839,0.007910145,0.008429015,0.0075116274,0.008054908,0.008289356,0.008435869,0.007321295,0.009154278,0.0057910504,0.008718284,0.006572713,0.008519808,0.009023617,0.006163129,0.007580596,0.009061528,0.009330949,0.008603272,0.008503598,0.0060642953,0.00906933,0.009078976,0.008395523,0.0042344383,0.0066365628,0.008585882,0.0074187345,0.0093999,0.007435383,0.005675687,0.009353272,0.009058544,0.007145105,0.0086248955,0.008090809,0.007144289,0.0078104665,0.0062447544,0.009446483,0.008382118,0.0076321536,0.0075262147,0.008131205,0.0062571648,0.0051921606,0.009133886,0.008049995,0.008572771,0.007920526,0.007323972,0.009027902,0.0095260395,0.007999164,0.008523514,0.00968491,0.008652132,0.00933987,0.008992725,0.0069941087,0.008959067,0.009597102,0.007876102,0.0076319403,0.0068729506,0.008974071,0.008320315
BV_7,9,0.143813,0.0077398485,0.005214106,0.0077784015,0.009131053,0.006125235,0.0058100484,0.00721152,0.007019298,0.007574515,0.005596965,0.0063621043,0.007872374,0.0071573122,0.0080757765,0.009014368,0.0033680522,0.0075588548,0.008901119,0.007791433,0.007778384,0.005316296,0.008082193,0.008078108,0.006882234,0.0062911226,0.007193591,0.0064575514,0.0048496383,0.0057005184,0.008746521,0.0074387593,0.0063272277,0.008453852,0.007825984,0.007034385,0.0077380505,0.0065080933,0.00722801,0.0075462307,0.00774698,0.0062610065,0.008758369,0.0044048694,0.008139709,0.0053254,0.0078632105,0.0085713,0.0048367567,0.0065982793,0.00862548,0.009013246,0.007979289,0.0078411205,0.0047197915,0.008636663,0.008650511,0.007691791,0.002752383,0.005403721,0.0079550855,0.006388258,0.009113356,0.0064087673,0.004271786,0.0090456335,0.008621461,0.0060375044,0.008009498,0.007276808,0.0060368385,0.0069016353,0.0049325326,0.009181207,0.0076730023,0.0066663455,0.0065277372,0.007331213,0.004946417,0.0037381053,0.008729128,0.0072218757,0.007936948,0.007047437,0.006265973,0.00857737,0.009297466,0.007153553,0.007868009,0.009531075,0.008047129,0.009026129,0.008527494,0.005845552,0.008479624,0.009401698,0.0069878763,0.006666023,0.0056962008,0.00850066,0.0075884047
BV_7,12,0.41870133333333300,0.0071044946,0.0041944254,0.007152861,0.008858351,0.005199225,0.0048458395,0.006465733,0.006237001,0.006903544,0.004610514,0.005469103,0.007268387,0.00640091,0.0075200605,0.008707753,0.0023402285,0.0068846764,0.008562062,0.0071687778,0.007151795,0.0043054386,0.0075278333,0.0075226235,0.0060751503,0.0053887824,0.0064447154,0.0055805193,0.0038076346,0.0047248723,0.008364302,0.006739731,0.0054282118,0.007993177,0.0072110994,0.006255182,0.0071034096,0.0056375614,0.006485387,0.006869259,0.0071137506,0.005352648,0.00837943,0.0033497603,0.007599137,0.0043134717,0.0072567756,0.008141375,0.0037952133,0.005742336,0.008210189,0.008706263,0.0074002477,0.007230008,0.0036723753,0.008224442,0.0082420865,0.007046647,0.0017883042,0.004398764,0.00737031,0.005500148,0.008835443,0.005522627,0.0032137567,0.008748032,0.008205391,0.0051006107,0.007437759,0.0065443004,0.0051002437,0.006098059,0.003895177,0.008923314,0.0070232623,0.0058221426,0.0056609814,0.006609442,0.0039090426,0.002690279,0.008342158,0.006478589,0.0073480043,0.0062697805,0.0053599346,0.0081490185,0.009074306,0.0063969595,0.0072622932,0.009379661,0.00748398,0.008722811,0.008086153,0.0048840004,0.008025641,0.00921023,0.0061988374,0.0058217226,0.0047201943,0.008051883,0.0069203316
BV_7,24,3.9342143333333300,0.0050384286,0.0017537716,0.005112934,0.007845914,0.0026944766,0.002341519,0.004175022,0.0038850612,0.0047607343,0.0021201856,0.0029815896,0.0052797887,0.0040912954,0.0056528696,0.007581522,0.0005440567,0.0047354857,0.0073290765,0.005135408,0.005106184,0.0018504501,0.0056635295,0.0056549436,0.0036861284,0.0028977334,0.004149686,0.003110436,0.0014443306,0.0022273706,0.0069940854,0.004540627,0.002933886,0.006386944,0.005195735,0.0039089997,0.0050424226,0.003169748,0.0042001386,0.004713881,0.0050541745,0.002853062,0.0070195296,0.0011188621,0.0057701487,0.0018528015,0.0052612647,0.006624729,0.0014372008,0.003289972,0.0067379437,0.0075786174,0.005472855,0.005224543,0.0013437254,0.0067616864,0.006791087,0.0049612247,0.0003180901,0.0019280533,0.005428522,0.0030191184,0.007805235,0.003040095,0.0010268644,0.0076517323,0.0067318804,0.0025946607,0.005529131,0.0042788633,0.0025954938,0.0037142045,0.0015126192,0.0079615945,0.0049261414,0.0033845976,0.0031987354,0.004363676,0.0015217074,0.0007203121,0.0069572525,0.00419368,0.0053961975,0.0039235717,0.002866252,0.0066369018,0.008233434,0.004088568,0.0052672755,0.008797477,0.00559592,0.0076071452,0.00653642,0.0023744297,0.0064386786,0.008482139,0.0038336967,0.0033839426,0.0022232477,0.0064789983,0.0047834315
BV_8,0,0.01,0.01,0.01,0.01,0.01,0.01,0.01,0.01,0.01,0.01,0.01,0.01,0.01,0.01,0.01,0.01,0.01,0.01,0.01,0.01,0.01,0.01,0.01,0.01,0.01,0.01,0.01,0.01,0.01,0.01,0.01,0.01,0.01,0.01,0.01,0.01,0.01,0.01,0.01,0.01,0.01,0.01,0.01,0.01,0.01,0.01,0.01,0.01,0.01,0.01,0.01,0.01,0.01,0.01,0.01,0.01,0.01,0.01,0.01,0.01,0.01,0.01,0.01,0.01,0.01,0.01,0.01,0.01,0.01,0.01,0.01,0.01,0.01,0.01,0.01,0.01,0.01,0.01,0.01,0.01,0.01,0.01,0.01,0.01,0.01,0.01,0.01,0.01,0.01,0.01,0.01,0.01,0.01,0.01,0.01,0.01,0.01,0.01,0.01,0.01,0.01
BV_8,3,0.017895666666666700,0.018306257,0.017959014,0.01821528,0.018331533,0.018602438,0.017821487,0.018572768,0.017999234,0.018209985,0.0184423,0.01810292,0.018585699,0.018648146,0.018192396,0.018332433,0.018347234,0.018260106,0.018735664,0.018357662,0.018381529,0.01817473,0.01817874,0.018237017,0.018108085,0.01829572,0.018299688,0.019110177,0.018493555,0.018299656,0.0184095,0.018580956,0.018175164,0.017956585,0.018445091,0.018805228,0.01800026,0.01838436,0.01851119,0.018353155,0.018083448,0.018089278,0.01847786,0.018350815,0.018178353,0.018085606,0.018468933,0.018052312,0.018319355,0.018087793,0.018449545,0.018397614,0.01828223,0.018210836,0.018652212,0.018677095,0.018262267,0.018520473,0.018221939,0.018754253,0.01832845,0.018363394,0.018019194,0.017907308,0.018335557,0.018232059,0.018177243,0.018280217,0.018111277,0.018043619,0.018402487,0.018134013,0.017879564,0.018046245,0.01873745,0.018152446,0.018003397,0.018275311,0.01865598,0.018100148,0.018670965,0.01796348,0.018423785,0.018112203,0.01809709,0.018250627,0.018582607,0.018162899,0.018921057,0.018364782,0.01870655,0.017936835,0.01833747,0.017922862,0.018243875,0.018244447,0.018311761,0.018322125,0.018494193,0.018262552,0.017971661
BV_8,6,0.032045333333333300,0.03346807,0.03221791,0.03313393,0.033565205,0.03455541,0.031722557,0.03444859,0.032355923,0.03311903,0.033966,0.032734774,0.034498684,0.03472504,0.03306176,0.033566948,0.03361557,0.03329827,0.03504711,0.03365517,0.033746466,0.032993056,0.033008583,0.03321097,0.03275136,0.033433642,0.033443447,0.036461543,0.03415214,0.033442862,0.033843704,0.034474842,0.03299335,0.032199588,0.033979814,0.035307884,0.03235763,0.033753414,0.0342208,0.03363799,0.0326601,0.03268107,0.03409529,0.033628467,0.03300753,0.03266957,0.034062006,0.03255144,0.03351825,0.0326784,0.033993308,0.03380409,0.03338331,0.033126883,0.03474103,0.03483369,0.033302665,0.0342513,0.033163857,0.035117008,0.03354747,0.033678398,0.032429572,0.03203051,0.0335739,0.03320041,0.032998912,0.033373263,0.032763064,0.032518018,0.033820305,0.03284313,0.031934455,0.03252779,0.03506513,0.03290745,0.032377522,0.033353716,0.03475744,0.032723587,0.034808684,0.032228302,0.033898022,0.032764047,0.032705974,0.033260573,0.034487434,0.03294796,0.03574373,0.033678245,0.034945734,0.032134153,0.03358475,0.03208212,0.03324518,0.03324914,0.0334892,0.03352846,0.034156114,0.033311218,0.032261945
BV_8,9,0.036497,0.06104192,0.057686765,0.06012106,0.061327,0.06401832,0.05634697,0.06373719,0.058030896,0.060098346,0.062402245,0.05907291,0.06388483,0.06448892,0.059970714,0.06132517,0.061434902,0.060572673,0.065366924,0.061549377,0.061814927,0.05976508,0.059811402,0.060321927,0.059109714,0.06096514,0.060971722,0.06935631,0.0629027,0.06096833,0.062058486,0.063791804,0.059760746,0.057598256,0.062454965,0.06609744,0.058027938,0.061819736,0.063108414,0.061499294,0.05885371,0.05891022,0.062750466,0.061469175,0.059809867,0.05888609,0.06265747,0.058575567,0.061188266,0.058913685,0.06247967,0.06196724,0.060822792,0.060139544,0.06453689,0.06479429,0.06056994,0.063174844,0.060226128,0.06556374,0.061251156,0.061622012,0.058236986,0.05717587,0.061325267,0.060324308,0.05976696,0.060783997,0.059141792,0.058476906,0.062004708,0.059349302,0.056931477,0.05850416,0.06546689,0.05951326,0.05811628,0.060724042,0.06459292,0.059038106,0.06471524,0.05769199,0.06221536,0.05913463,0.05896335,0.06045681,0.06385488,0.059633598,0.06732181,0.061599255,0.0651169,0.05744452,0.061371263,0.057297237,0.06045302,0.060472105,0.061103627,0.06121662,0.06292014,0.0606249,0.05779935
BV_8,12,0.037451,0.11085399,0.10293517,0.10859929,0.11161581,0.118022166,0.09971136,0.11739247,0.10365564,0.10861108,0.11412875,0.10621462,0.11778745,0.11917309,0.10840884,0.11158639,0.11176363,0.10970077,0.121255,0.11206311,0.11276394,0.10784443,0.10797067,0.10904927,0.10627263,0.110733256,0.110673636,0.1311733,0.1152985,0.110658385,0.113265865,0.117455594,0.10781451,0.102582335,0.11431329,0.12306016,0.10362119,0.112721585,0.11586183,0.11193098,0.105626754,0.10576071,0.114945255,0.111842565,0.10797217,0.105728894,0.114714496,0.10501885,0.111241914,0.1058088,0.11432567,0.11311103,0.11037149,0.10878389,0.11930419,0.11993448,0.10963917,0.115955524,0.10894008,0.12174562,0.111329675,0.11227306,0.10417467,0.10169263,0.11151559,0.10917115,0.10779655,0.110235386,0.106351025,0.10475207,0.113175206,0.10681353,0.10115941,0.10482024,0.121695675,0.10716775,0.10395845,0.11006603,0.11948217,0.10611447,0.11970427,0.102865115,0.113675356,0.10629731,0.105836086,0.10937291,0.117719114,0.10749496,0.1260913,0.11213342,0.12076816,0.10229656,0.11168807,0.101918936,0.10950642,0.109583355,0.111017555,0.11131201,0.115365945,0.10988981,0.10318168
BV_8,24,0.038882,1.0298314,0.9225264,0.9843473,1.0591741,1.1354288,0.858701,1.137926,0.9142518,0.99869627,1.0799017,0.97260845,1.1525103,1.1536692,1.0190156,1.053082,1.0359805,1.0056169,1.1712763,1.0465668,1.0709031,0.9936184,0.99832124,0.9847076,0.9670452,1.0419137,1.0249913,1.3398374,1.0890282,1.0224147,1.0594841,1.1224552,0.98827845,0.8876251,1.096422,1.201652,0.9082215,1.0580915,1.1130176,1.0418353,0.9487121,0.9505485,1.0870625,1.0364444,1.000224,0.95574725,1.0823252,0.9504272,1.0435454,0.9601205,1.0856628,1.0717887,1.0321933,1.0183684,1.1583694,1.1691567,0.99293107,1.098812,1.0094819,1.180485,1.031343,1.0576992,0.92902493,0.8955871,1.0356784,1.0115385,0.9812818,1.020283,0.9686664,0.9393089,1.0670552,0.9687997,0.89617914,0.9411036,1.2250193,0.9664258,0.9399277,1.012052,1.1716968,0.9671926,1.1570858,0.9045902,1.07277,0.9594633,0.94113505,0.989852,1.1529169,0.9800224,1.2527286,1.0357531,1.1931219,0.8988142,1.0521429,0.8866951,1.0234286,1.0314904,1.0362144,1.0457487,1.0960808,1.0229117,0.92200255