Treatments,Time,CC_OD,sample_1,sample_2,sample_3,sample_4,sample_5,sample_6,sample_7,sample_8,sample_9,sample_10,sample_11,sample_12,sample_13,sample_14,sample_15,sample_16,sample_17,sample_18,sample_19,sample_20,sample_21,sample_22,sample_23,sample_24,sample_25,sample_26,sample_27,sample_28,sample_29,sample_30,sample_31,sample_32,sample_33,sample_34,sample_35,sample_36,sample_37,sample_38,sample_39,sample_40,sample_41,sample_42,sample_43,sample_44,sample_45,sample_46,sample_47,sample_48,sample_49,sample_50,sample_51,sample_52,sample_53,sample_54,sample_55,sample_56,sample_57,sample_58,sample_59,sample_60,sample_61,sample_62,sample_63,sample_64,sample_65,sample_66,sample_67,sample_68,sample_69,sample_70,sample_71,sample_72,sample_73,sample_74,sample_75,sample_76,sample_77,sample_78,sample_79,sample_80,sample_81,sample_82,sample_83,sample_84,sample_85,sample_86,sample_87,sample_88,sample_89,sample_90,sample_91,sample_92,sample_93,sample_94,sample_95,sample_96,sample_97,sample_98,sample_99,sample_100
CC_5,0,0.01,0.01,0.01,0.01,0.01,0.01,0.01,0.01,0.01,0.01,0.01,0.01,0.01,0.01,0.01,0.01,0.01,0.01,0.01,0.01,0.01,0.01,0.01,0.01,0.01,0.01,0.01,0.01,0.01,0.01,0.01,0.01,0.01,0.01,0.01,0.01,0.01,0.01,0.01,0.01,0.01,0.01,0.01,0.01,0.01,0.01,0.01,0.01,0.01,0.01,0.01,0.01,0.01,0.01,0.01,0.01,0.01,0.01,0.01,0.01,0.01,0.01,0.01,0.01,0.01,0.01,0.01,0.01,0.01,0.01,0.01,0.01,0.01,0.01,0.01,0.01,0.01,0.01,0.01,0.01,0.01,0.01,0.01,0.01,0.01,0.01,0.01,0.01,0.01,0.01,0.01,0.01,0.01,0.01,0.01,0.01,0.01,0.01,0.01,0.01,0.01
CC_5,3,0.06606866666666670,0.014697692,0.014563107,0.012492972,0.012857656,0.014587585,0.0122989975,0.014679871,0.013022325,0.014658272,0.015431693,0.016708419,0.014173152,0.013695926,0.012328751,0.009479337,0.013423077,0.009983754,0.015291711,0.01338564,0.011050367,0.012330682,0.013189874,0.01299635,0.01660248,0.014548337,0.013671044,0.015886957,0.015598114,0.017494423,0.015439067,0.014974111,0.011657615,0.014197138,0.012923293,0.018446429,0.013746412,0.008939646,0.017780667,0.011257098,0.010098599,0.0097895935,0.012267426,0.011104553,0.018927928,0.0141596235,0.012486829,0.013433964,0.010247589,0.018996706,0.016586164,0.01345799,0.011734634,0.013438214,0.011076812,0.020079102,0.014529817,0.009350905,0.013569861,0.013431477,0.012917615,0.014964511,0.01611394,0.013432152,0.017314054,0.015649844,0.01866739,0.016943494,0.014668042,0.016592635,0.015573783,0.012466981,0.016040454,0.015100616,0.013315806,0.014735362,0.01742263,0.010909623,0.014791375,0.017629283,0.015053734,0.014813668,0.014284123,0.014274739,0.01582464,0.015617811,0.013514176,0.011265308,0.011476548,0.01096439,0.014763974,0.011450306,0.010908559,0.013642205,0.014824371,0.013087247,0.013681718,0.014557123,0.014079457,0.014502272,0.00940442
CC_5,6,0.07624400000000000,0.021577748,0.021179404,0.015595761,0.016510472,0.021249373,0.015114909,0.021518275,0.01695059,0.021459451,0.02378442,0.02786927,0.020065747,0.018737262,0.015184018,0.008983227,0.017998802,0.009959437,0.02335565,0.0179033,0.012201528,0.015192265,0.017386485,0.016877964,0.027523883,0.021138648,0.018662838,0.025196165,0.024296943,0.030548384,0.023800863,0.022385484,0.013575005,0.020130575,0.016680757,0.033943687,0.018871356,0.007989547,0.03154861,0.012665058,0.010190514,0.009577408,0.01503941,0.012323485,0.035724495,0.020030526,0.015578083,0.018024366,0.010491824,0.03597772,0.027474616,0.018098503,0.01376175,0.018039221,0.012260022,0.04018758,0.021087894,0.0087391,0.018396731,0.018026216,0.016670937,0.022368636,0.025923304,0.018027075,0.029925855,0.024466434,0.034742493,0.028653955,0.021482013,0.027475452,0.024218963,0.015530017,0.025689742,0.022768542,0.017712373,0.021687137,0.030296465,0.011894184,0.021848014,0.03101609,0.022629026,0.021924827,0.020383311,0.02035823,0.025007822,0.024350692,0.018242465,0.012680579,0.0131590115,0.012011496,0.021770976,0.013105645,0.011893876,0.018590119,0.021954248,0.017106272,0.018703008,0.021163182,0.01980319,0.021003991,0.008840886
CC_5,9,0.076403,0.03162602,0.030740665,0.01945107,0.021165786,0.030889189,0.018558018,0.031474777,0.022051154,0.031358656,0.03658881,0.046353105,0.028364312,0.02559592,0.01867666,0.00851078,0.02410015,0.009927143,0.0356069,0.023920279,0.013461013,0.018699292,0.022899622,0.021897737,0.045519598,0.030658206,0.025427436,0.039852027,0.03776694,0.053170163,0.036607284,0.03338316,0.015787473,0.028493218,0.021496877,0.062181145,0.025860054,0.007138675,0.055769578,0.014240072,0.010275495,0.009363865,0.018423388,0.013666869,0.06706677,0.028297914,0.019412873,0.024142541,0.01073197,0.06774922,0.04541433,0.024315277,0.016127521,0.024180869,0.013557923,0.07992243,0.030556412,0.008163096,0.024908751,0.02416717,0.02148908,0.033380583,0.041594606,0.024166586,0.051570743,0.03818844,0.06430257,0.048304196,0.031390756,0.04534358,0.03757833,0.019326229,0.041042026,0.034252882,0.023527639,0.03186269,0.052508205,0.012958332,0.03220515,0.054374658,0.033943452,0.032406777,0.0290456,0.028996697,0.039435696,0.037867777,0.024587324,0.0142607875,0.015072231,0.01314629,0.03204614,0.014993335,0.012961333,0.025294024,0.032465477,0.02232326,0.025537431,0.030708622,0.027814677,0.030362865,0.008308088
CC_5,12,0.08117233333333330,0.04624188,0.044490848,0.024231302,0.027076092,0.044767734,0.022759138,0.04589511,0.028665124,0.045702327,0.056123797,0.076735035,0.0400076,0.03489408,0.022936689,0.0080611175,0.03220886,0.009886966,0.05413464,0.03191441,0.014836415,0.022987776,0.030128634,0.02837505,0.074983604,0.04434748,0.034552004,0.06276522,0.05851301,0.092027985,0.056107778,0.049603324,0.018333178,0.040229335,0.027647665,0.11298935,0.035349328,0.0063770274,0.09794693,0.015999507,0.010353286,0.009149419,0.02254731,0.015145181,0.124667495,0.039902654,0.02415804,0.032264724,0.010967245,0.12623219,0.074806035,0.03262466,0.018884188,0.032351557,0.014978951,0.15697482,0.044172924,0.0076213577,0.03366795,0.03235436,0.027657103,0.04969073,0.066461064,0.032348298,0.08842099,0.05945754,0.11781559,0.080998905,0.04572055,0.07442242,0.058104523,0.024020389,0.065312415,0.051356208,0.03119438,0.04669281,0.090486914,0.014106725,0.047329783,0.09473927,0.05075251,0.04780693,0.04130599,0.0412248,0.06197949,0.058651928,0.03307079,0.016021729,0.017242843,0.014373554,0.047047533,0.017143827,0.014116437,0.034344517,0.047905326,0.029069845,0.034814253,0.044437326,0.03899046,0.043772426,0.007804723
CC_5,24,0.205659,0.2003361,0.18349837,0.0573051,0.06999447,0.18509014,0.05058564,0.19378439,0.08080537,0.19444856,0.28931057,0.5037378,0.15142988,0.11593601,0.050943557,0.006472915,0.099272825,0.009650332,0.2705149,0.09855884,0.021643,0.051530823,0.0885784,0.07830897,0.4927791,0.18338339,0.11205228,0.3461577,0.31058636,0.6930117,0.28425765,0.22256254,0.03267247,0.15188366,0.07312643,0.93813473,0.11772102,0.0040537547,0.7571282,0.025267519,0.010588121,0.008290425,0.049857333,0.022627972,1.0602936,0.15178935,0.05668566,0.09878774,0.011843787,1.0598488,0.4976643,0.10319978,0.035092335,0.10008984,0.02205871,1.4731572,0.18340003,0.005766365,0.10881418,0.10126907,0.0739435,0.23047145,0.38755888,0.10101603,0.65294856,0.32764843,0.94957596,0.548256,0.1915771,0.46354076,0.30457515,0.056215238,0.37761104,0.23991463,0.093248524,0.20338964,0.6687506,0.019630488,0.20643896,0.7189012,0.23554467,0.2166051,0.16198201,0.16205242,0.3467226,0.30543056,0.10419551,0.025201123,0.029071493,0.020290682,0.20613216,0.02910221,0.019726643,0.112274,0.21619561,0.08060791,0.11667296,0.18363254,0.14466634,0.17831753,0.0060599367
CC_6,0,0.01,0.01,0.01,0.01,0.01,0.01,0.01,0.01,0.01,0.01,0.01,0.01,0.01,0.01,0.01,0.01,0.01,0.01,0.01,0.01,0.01,0.01,0.01,0.01,0.01,0.01,0.01,0.01,0.01,0.01,0.01,0.01,0.01,0.01,0.01,0.01,0.01,0.01,0.01,0.01,0.01,0.01,0.01,0.01,0.01,0.01,0.01,0.01,0.01,0.01,0.01,0.01,0.01,0.01,0.01,0.01,0.01,0.01,0.01,0.01,0.01,0.01,0.01,0.01,0.01,0.01,0.01,0.01,0.01,0.01,0.01,0.01,0.01,0.01,0.01,0.01,0.01,0.01,0.01,0.01,0.01,0.01,0.01,0.01,0.01,0.01,0.01,0.01,0.01,0.01,0.01,0.01,0.01,0.01,0.01,0.01,0.01,0.01,0.01,0.01,0.01
CC_6,3,0.133956,0.008742993,0.010180365,0.00862661,0.008580014,0.0079708425,0.009453128,0.0071910783,0.007825256,0.00844048,0.012850187,0.00818642,0.008482702,0.008339217,0.011083914,0.009587175,0.010285344,0.010055755,0.007889998,0.010037975,0.009511053,0.0071175476,0.010377212,0.0069570607,0.008565414,0.009667421,0.0114956945,0.007633222,0.009559249,0.0066610426,0.0103606535,0.009432206,0.0095060645,0.009096805,0.007765872,0.010537444,0.007901494,0.008530667,0.009859322,0.008413272,0.009591956,0.009145398,0.0075903786,0.007332847,0.00911428,0.010558616,0.010598927,0.009461466,0.007963879,0.008380467,0.010870253,0.010277517,0.007918926,0.008901472,0.008426243,0.009239251,0.009582973,0.009636284,0.010752411,0.008169901,0.009089226,0.0078109745,0.009489888,0.007273269,0.008158699,0.009705296,0.008678344,0.008983956,0.008099535,0.00898862,0.010495162,0.011122615,0.0077811806,0.007979232,0.007706483,0.010102183,0.008663487,0.009069823,0.008882111,0.009443403,0.009901792,0.009157945,0.0075494023,0.0084856,0.008108621,0.00826863,0.0071468903,0.010064312,0.00990326,0.0074821794,0.007324299,0.007540582,0.0091982065,0.008007216,0.007525891,0.008166507,0.00855145,0.007272692,0.011072327,0.01021112,0.010218388
CC_6,6,0.21901366666666700,0.007642437,0.010363973,0.007439954,0.0073599536,0.0063508903,0.008936034,0.005166603,0.006120319,0.007122006,0.016498817,0.006699188,0.0071941707,0.006952051,0.012283913,0.009191368,0.010578647,0.01011214,0.0062220413,0.0100764455,0.009045786,0.0050611133,0.0107680205,0.0048350776,0.0073347646,0.00934611,0.013212915,0.0058227903,0.00913749,0.004430912,0.010734456,0.00889656,0.009037005,0.00827418,0.0060276235,0.01110325,0.006239966,0.00727515,0.009720849,0.0070759603,0.009200229,0.008363403,0.0057575903,0.005372825,0.008306521,0.011148079,0.011234533,0.008951748,0.006339257,0.0070212763,0.011815415,0.010562415,0.0062675336,0.007922912,0.0070980466,0.008535739,0.009182949,0.009286051,0.011561169,0.006672058,0.008260707,0.0060980776,0.009005582,0.0052854205,0.0066537336,0.009418927,0.007530009,0.008070366,0.006557489,0.008077836,0.011014009,0.012369657,0.006051449,0.0063639493,0.005935799,0.010205731,0.0075040436,0.008225692,0.007888262,0.008917745,0.0098047545,0.008386494,0.005695639,0.007198732,0.0065724086,0.0068345047,0.0051033315,0.010128301,0.009807848,0.0055942894,0.005360214,0.005682519,0.008459823,0.006408633,0.0056598894,0.0066663525,0.0073108654,0.005284986,0.012257434,0.010426492,0.010441244
CC_6,9,0.5024873333333330,0.0066792495,0.010550871,0.006415105,0.0063121147,0.005058539,0.008447099,0.0037097132,0.004784905,0.0060079405,0.021160513,0.0054804236,0.006100319,0.0057940893,0.013612122,0.008811876,0.010880122,0.010169167,0.0049047098,0.010115406,0.008603092,0.0035963801,0.011172881,0.0033579047,0.006279556,0.009035667,0.015183773,0.0044395314,0.008733946,0.0029447624,0.011121877,0.008391256,0.0085915085,0.0075251004,0.00467649,0.011698853,0.004925687,0.006202882,0.009584564,0.005949552,0.008824174,0.007647877,0.004365153,0.0039344174,0.00756989,0.0117700705,0.011909186,0.0084693115,0.00504406,0.005881129,0.01284181,0.010854884,0.004958386,0.007051355,0.005977763,0.007885211,0.008799276,0.0089487815,0.012430462,0.005447035,0.007507125,0.0047589503,0.008545781,0.00383842,0.005424565,0.009140697,0.006532596,0.0072490512,0.0053072204,0.0072579584,0.01155759,0.013754537,0.004704278,0.0050738226,0.0045700576,0.010310664,0.0064986157,0.0074596656,0.0070049004,0.008421299,0.009708868,0.0076797954,0.0042949547,0.0061056977,0.005325546,0.005647383,0.0036418203,0.010191952,0.009713753,0.004180496,0.003920499,0.0042802994,0.007779968,0.005127316,0.004254279,0.0054398766,0.006248879,0.0038383,0.0135666635,0.010646164,0.0106685925
CC_6,12,1.0032953333333300,0.005836535,0.010741126,0.005530384,0.005412539,0.0040281494,0.007984856,0.0026624198,0.0037396927,0.0050670574,0.027101943,0.0044822367,0.0051720403,0.0048279227,0.015081837,0.0084480215,0.011189977,0.010226839,0.0038650515,0.010154858,0.008181892,0.0025543156,0.011592221,0.0023308524,0.0053751403,0.008735719,0.017444756,0.0033835834,0.008347867,0.0019558931,0.011523435,0.007914577,0.008168368,0.00684315,0.0036270316,0.012325771,0.003886899,0.005287556,0.009450409,0.0050012753,0.0084632225,0.0069932705,0.003308212,0.002879871,0.006898258,0.012426345,0.012625349,0.008012752,0.004012242,0.0049251723,0.013956206,0.011155082,0.003921344,0.0062752464,0.005033232,0.0072837933,0.008431311,0.008623988,0.013364772,0.0044457554,0.0068218065,0.0037127633,0.008109265,0.0027862752,0.0044212723,0.008870393,0.0056665293,0.006510809,0.004294144,0.006520198,0.0121269915,0.015292011,0.0036558262,0.00404407,0.0035174298,0.0104169985,0.005627017,0.00676466,0.006219905,0.007952447,0.009614109,0.007032433,0.0032375243,0.0051776883,0.0043141274,0.0046652807,0.0025976936,0.010255247,0.009620945,0.0031227397,0.0028662302,0.0032229552,0.00715412,0.0041009868,0.0031964607,0.004437787,0.0053401636,0.0027864457,0.015012425,0.010870217,0.01090056
CC_6,24,3.7483586666666700,0.0033989511,0.011536879,0.00305031,0.0029224693,0.0016169932,0.0063746357,0.0007046058,0.0013925773,0.0025597028,0.071275964,0.0020019596,0.0026695468,0.0023237127,0.022689296,0.0071365717,0.012517755,0.010464208,0.0014874561,0.010317769,0.0066921334,0.0006483088,0.0134239085,0.0005397411,0.0028815677,0.007633714,0.030306676,0.0011390289,0.0069640623,0.00037955408,0.013281834,0.0062631927,0.0066771014,0.00467587,0.0013097896,0.015179094,0.0015038381,0.0027876077,0.008934332,0.002493045,0.007158897,0.004887408,0.0010888941,0.0008247154,0.004755068,0.015432411,0.01596175,0.0064185867,0.0016030164,0.0024190925,0.019449625,0.01243704,0.0015306023,0.0039337995,0.002525996,0.0053001666,0.007104532,0.007440276,0.017853674,0.0019692082,0.004648893,0.0013727867,0.006573728,0.0007716075,0.0019474773,0.007864259,0.0032047506,0.0042342744,0.0018370086,0.0042407704,0.014685811,0.023317305,0.0013307014,0.0016290729,0.0012319371,0.010856866,0.003159361,0.004572689,0.0038636,0.0063236817,0.009246116,0.004943408,0.0010429816,0.002673971,0.001854631,0.0021688656,0.0006708454,0.01050463,0.009262134,0.0009699495,0.0008168441,0.0010338902,0.0051114867,0.0016751279,0.0010162789,0.0019617085,0.0028442098,0.0007721112,0.022448609,0.011811861,0.011875993
CC_7,0,0.01,0.01,0.01,0.01,0.01,0.01,0.01,0.01,0.01,0.01,0.01,0.01,0.01,0.01,0.01,0.01,0.01,0.01,0.01,0.01,0.01,0.01,0.01,0.01,0.01,0.01,0.01,0.01,0.01,0.01,0.01,0.01,0.01,0.01,0.01,0.01,0.01,0.01,0.01,0.01,0.01,0.01,0.01,0.01,0.01,0.01,0.01,0.01,0.01,0.01,0.01,0.01,0.01,0.01,0.01,0.01,0.01,0.01,0.01,0.01,0.01,0.01,0.01,0.01,0.01,0.01,0.01,0.01,0.01,0.01,0.01,0.01,0.01,0.01,0.01,0.01,0.01,0.01,0.01,0.01,0.01,0.01,0.01,0.01,0.01,0.01,0.01,0.01,0.01,0.01,0.01,0.01,0.01,0.01,0.01,0.01,0.01,0.01,0.01,0.01,0.01
CC_7,3,0.14619800000000000,0.038990755,0.03878034,0.03906558,0.038283996,0.039338704,0.039496675,0.038522568,0.03967961,0.038386174,0.038659472,0.037406873,0.039167665,0.03807956,0.039261434,0.039247938,0.03790073,0.039126072,0.038495813,0.03855758,0.039193932,0.03921154,0.037363287,0.03905931,0.039328244,0.038201418,0.03762643,0.039146688,0.03963688,0.03738492,0.039133,0.040860113,0.040142298,0.039044064,0.03883662,0.03959608,0.039841224,0.03869902,0.039740786,0.039397493,0.037940737,0.037972003,0.039091565,0.039593566,0.03786396,0.03790793,0.03946635,0.037764017,0.03813677,0.03725353,0.03855362,0.03995923,0.037874367,0.03940507,0.038602185,0.03957012,0.038641684,0.039750032,0.03947766,0.038801566,0.03937237,0.038768012,0.03910418,0.039618924,0.038853142,0.039642964,0.039417867,0.039233677,0.038955856,0.038279872,0.03916176,0.038085975,0.038704656,0.037833363,0.03906764,0.038616892,0.039836217,0.040335946,0.039543312,0.03825139,0.038358085,0.038323045,0.039044496,0.038396608,0.03962462,0.04045544,0.038967792,0.038828827,0.038930956,0.038935535,0.03907775,0.040258553,0.03948401,0.040516175,0.03830314,0.03970135,0.038035557,0.037685506,0.039462026,0.03922242,0.03917701
CC_7,6,0.23745633333333300,0.14943257,0.14792717,0.15008649,0.14418279,0.15208922,0.1531365,0.14604804,0.1547678,0.1449624,0.14695792,0.13773061,0.15080523,0.14275752,0.15146,0.15147126,0.14142269,0.15049605,0.14578314,0.14629011,0.15089533,0.15116985,0.13756594,0.14993043,0.1519403,0.1436344,0.13948458,0.15059526,0.15431279,0.13764906,0.15046334,0.16392954,0.15808424,0.149731,0.14821683,0.15396033,0.15593013,0.14726691,0.15520771,0.15254532,0.14166662,0.141884,0.1501019,0.15412033,0.14112072,0.14148791,0.15296698,0.14045574,0.14315358,0.1366745,0.14616707,0.15673487,0.14117225,0.15255815,0.14650449,0.15378848,0.14682655,0.15518054,0.1530627,0.14809182,0.15229645,0.14768948,0.15041676,0.15432298,0.14844187,0.15442286,0.15264429,0.15133196,0.14911947,0.1441573,0.15072632,0.14270723,0.14735593,0.14093821,0.1500042,0.14658947,0.15571034,0.15983418,0.15363082,0.14405295,0.14474663,0.14455725,0.14990632,0.14497781,0.15432541,0.16046463,0.14925379,0.14830428,0.14895475,0.14902939,0.15001264,0.15902744,0.15321186,0.16117443,0.14425725,0.15475474,0.14236699,0.13981704,0.15306894,0.15117674,0.150842
CC_7,9,0.3697333333333330,0.5374631,0.5309064,0.54197884,0.51159465,0.55117214,0.55417806,0.52220327,0.5658998,0.51574993,0.52518976,0.47935742,0.5448694,0.50567955,0.54737306,0.5490593,0.4987828,0.5433687,0.5199262,0.5231429,0.54374033,0.5471403,0.4805154,0.5396355,0.5493959,0.5097429,0.49014306,0.5430828,0.5617066,0.47998348,0.54196584,0.6128917,0.57923067,0.5374473,0.5305494,0.5593424,0.5706612,0.52693075,0.5676647,0.5536054,0.49928272,0.5001532,0.53942496,0.56275165,0.49679947,0.49924478,0.55424166,0.4944377,0.5072612,0.47487614,0.5211737,0.5731968,0.49673414,0.5530264,0.5225168,0.55884653,0.524523,0.56615,0.55486584,0.53182065,0.5515248,0.5276809,0.5442281,0.5639285,0.5330787,0.5631844,0.5533399,0.5479017,0.53514564,0.51151305,0.54396105,0.5040709,0.52799386,0.49651077,0.5402073,0.52259326,0.56689334,0.5917854,0.5587605,0.51247025,0.5146207,0.5145868,0.5407895,0.5149726,0.56329805,0.59059465,0.53639776,0.5330009,0.53459674,0.5355468,0.53923345,0.5846355,0.5570592,0.5977451,0.5110207,0.5631978,0.5027826,0.49040315,0.5567044,0.5461116,0.5445302
CC_7,12,0.5298326666666670,1.5821397,1.5685173,1.6047175,1.504961,1.6257876,1.6140797,1.5489694,1.6802825,1.5193058,1.5450076,1.4008574,1.6079407,1.4963373,1.6086996,1.627477,1.4722432,1.6034303,1.5329307,1.5494823,1.5903784,1.6175383,1.4194084,1.5841359,1.6108475,1.5068938,1.453604,1.5965582,1.6511071,1.4111204,1.5879437,1.822247,1.6915396,1.5680522,1.5539321,1.6395041,1.6843876,1.5522345,1.6800989,1.6339083,1.4671036,1.4670904,1.5732517,1.6714791,1.4606096,1.4740456,1.6227539,1.4614531,1.4971219,1.3921291,1.5306474,1.6776296,1.4582249,1.6268582,1.5320151,1.6407771,1.5419904,1.6654687,1.6259191,1.5723319,1.6209329,1.5418878,1.6174581,1.6770031,1.5725883,1.6632289,1.6278201,1.6200814,1.5678979,1.5043907,1.6004279,1.4793844,1.5596024,1.4661312,1.5889722,1.5293547,1.6508425,1.7571344,1.6474255,1.5198141,1.5166683,1.5222186,1.5992304,1.5099262,1.6682934,1.717872,1.5750601,1.5769815,1.5673566,1.575305,1.576033,1.7117461,1.6441761,1.7680719,1.494922,1.6492995,1.4779298,1.4415354,1.6465003,1.6058279,1.6014637
CC_7,24,0.8869170000000000,4.229753,4.1895933,4.2344446,4.1796885,4.2216706,4.0250535,4.279159,4.3126493,4.160468,4.1920114,4.090518,4.2256017,4.2443447,4.1691837,4.260055,4.2047486,4.2017083,4.1650505,4.266073,4.086751,4.203354,4.140896,4.128176,4.1195445,4.258411,4.2878065,4.1819277,4.169486,4.1413207,4.094413,4.409953,4.1702685,4.0807495,4.1579485,4.156178,4.2315216,4.220927,4.2271137,4.224661,4.114201,4.0573826,4.008394,4.2921505,4.0997868,4.180124,4.1149197,4.177144,4.1732364,4.1069245,4.112538,4.112028,4.1117845,4.1918883,4.095854,4.157543,4.1447105,4.208306,4.1281323,4.214339,4.181082,4.079691,4.3073645,4.3354917,4.2066298,4.23245,4.230823,4.2316036,4.1326947,4.1488314,4.176696,4.1291018,4.195687,4.2190485,4.1964097,4.075843,4.079755,4.313283,4.248471,4.2377095,4.2301416,4.186465,4.2414756,4.1173434,4.24949,4.11244,4.114779,4.2198024,4.0960064,4.151248,4.0767155,4.183662,4.1954675,4.304315,4.104025,4.132649,4.114947,4.132114,4.2225738,4.1559534,4.1429267
CC_8,0,0.01,0.01,0.01,0.01,0.01,0.01,0.01,0.01,0.01,0.01,0.01,0.01,0.01,0.01,0.01,0.01,0.01,0.01,0.01,0.01,0.01,0.01,0.01,0.01,0.01,0.01,0.01,0.01,0.01,0.01,0.01,0.01,0.01,0.01,0.01,0.01,0.01,0.01,0.01,0.01,0.01,0.01,0.01,0.01,0.01,0.01,0.01,0.01,0.01,0.01,0.01,0.01,0.01,0.01,0.01,0.01,0.01,0.01,0.01,0.01,0.01,0.01,0.01,0.01,0.01,0.01,0.01,0.01,0.01,0.01,0.01,0.01,0.01,0.01,0.01,0.01,0.01,0.01,0.01,0.01,0.01,0.01,0.01,0.01,0.01,0.01,0.01,0.01,0.01,0.01,0.01,0.01,0.01,0.01,0.01,0.01,0.01,0.01,0.01,0.01,0.01
CC_8,3,0.05366766666666670,0.004646177,0.0046453453,0.0045357137,0.004379273,0.0046574813,0.004517607,0.00462564,0.004152847,0.0045608855,0.00438033,0.0046461304,0.004583348,0.004456593,0.004684172,0.0046186764,0.0043509547,0.004415754,0.0044934624,0.0044367225,0.0043777307,0.0045666653,0.0044385674,0.004544439,0.004359783,0.004537343,0.004413028,0.0042064507,0.0044346955,0.004466059,0.0044812355,0.004339703,0.004621928,0.0044912114,0.0043161544,0.0046830783,0.00465885,0.0046624993,0.0046287314,0.0044398536,0.0047260164,0.004425725,0.004203423,0.004308549,0.00455118,0.004392268,0.004745678,0.0043959343,0.0042697103,0.0045717144,0.004647502,0.004413465,0.0045766393,0.004458172,0.004526006,0.0041544773,0.004666245,0.004645666,0.0047422666,0.0045400737,0.004518528,0.004587928,0.0045547,0.004693844,0.0045453953,0.0045878924,0.0046162587,0.004625108,0.00464734,0.0043184427,0.0044426424,0.0045533082,0.0041852416,0.004542226,0.0048038857,0.004385816,0.0045762407,0.004809944,0.004329798,0.0044951835,0.0043656304,0.004737244,0.004666855,0.0043285266,0.004455691,0.004372673,0.004573808,0.004494663,0.004216791,0.0044660484,0.0047185957,0.0046678255,0.004168087,0.0048106387,0.0046370085,0.004547606,0.00462843,0.004510715,0.004737065,0.004836723,0.004674774
CC_8,6,0.06638666666666670,0.0021575058,0.0021568246,0.0020562108,0.0019166439,0.0021679662,0.002039631,0.0021383453,0.0017234832,0.0020791332,0.0019175644,0.0021574823,0.002099614,0.0019849837,0.002192996,0.002132079,0.0018919042,0.0019487,0.0020179376,0.0019673118,0.0019153133,0.0020843109,0.001968892,0.0020641114,0.001899545,0.0020576285,0.0019462656,0.001768182,0.0019654203,0.0019934454,0.0020070001,0.001882316,0.0021349716,0.0020159534,0.0018617902,0.0021920593,0.0021693942,0.00217276,0.0021413655,0.001970203,0.0022324522,0.0019576135,0.0017656782,0.0018551251,0.0020701054,0.0019280617,0.0022511722,0.0019311637,0.001821836,0.002088886,0.0021589305,0.0019466642,0.0020935952,0.0019863432,0.0020472864,0.0017248251,0.002176304,0.0021571573,0.002247815,0.0020601517,0.0020404458,0.0021037597,0.002073259,0.0022020324,0.0020649862,0.0021038265,0.0021298097,0.002138024,0.0021587417,0.0018637822,0.0019725855,0.0020721313,0.0017504124,0.0020621668,0.0023065363,0.0019224541,0.0020930318,0.002312426,0.0018735146,0.0020194917,0.0019047118,0.0022429782,0.002176785,0.0018724083,0.0019842298,0.0019109853,0.002090757,0.0020189725,0.0017769048,0.0019934776,0.0022254668,0.0021777686,0.0017362577,0.0023131226,0.0021490846,0.002066887,0.0021410994,0.0020333594,0.0022428108,0.0023382443,0.0021841896
CC_8,9,0.056052333333333300,0.001001607,0.0010011725,0.0009319409,0.00083861785,0.0010088747,0.0009206097,0.0009882337,0.0007150738,0.0009475809,0.00083921984,0.0010015991,0.0009615939,0.00088388997,0.0010264474,0.0009839693,0.0008224264,0.000859736,0.00090598286,0.00087211386,0.0008377525,0.0009510805,0.00087313843,0.00093730894,0.0008273974,0.0009328791,0.00085811736,0.0007430329,0.000870814,0.00088956155,0.000898638,0.0008162526,0.0009859236,0.0009046607,0.00080287724,0.0010258283,0.0010099392,0.0010122791,0.0009904009,0.00087407936,0.0010543151,0.00086569035,0.0007414721,0.00079852506,0.0009413365,0.00084613357,0.0010676513,0.0008481294,0.0007771321,0.00095420383,0.0010026898,0.0008583852,0.0009575165,0.0008847815,0.00092582573,0.00071589916,0.001014778,0.0010014174,0.0010652089,0.000934617,0.0009211567,0.00096442126,0.00094346463,0.0010327841,0.0009379062,0.00096451235,0.0009823843,0.0009880898,0.0010025367,0.0008041727,0.00087562785,0.0009427565,0.00073186774,0.00093600975,0.0011071856,0.00084247114,0.00095704384,0.0011114604,0.0008104476,0.0009070336,0.00083079556,0.0010617387,0.0010150758,0.0008097248,0.0008834096,0.0008349543,0.00095546764,0.00090666016,0.00074854353,0.00088959443,0.0010493811,0.0010157949,0.0007230721,0.0011119768,0.0009957828,0.000939154,0.0009902226,0.00091634615,0.0010616191,0.0011301246,0.0010202636
CC_8,12,0.058914333333333300,0.000464932,0.00046467915,0.0004223378,0.0003668942,0.0004694253,0.0004154726,0.0004566481,0.0002966499,0.0004318201,0.000367245,0.00046492854,0.00044034634,0.0003935425,0.00048037688,0.00045405296,0.00035747615,0.00037926,0.0004067052,0.00038656575,0.00036639266,0.0004339303,0.0003871632,0.00042558226,0.00036034963,0.00042289443,0.00037830332,0.0003122029,0.00038578355,0.00039691612,0.00040232262,0.00035393075,0.00045523886,0.00040592306,0.0003461967,0.00048000904,0.00047011403,0.00047156226,0.00045801353,0.00038774783,0.00049786305,0.00038278336,0.00031133436,0.00034368015,0.00042799945,0.00037128903,0.0005062991,0.00037243665,0.00033146064,0.0004358256,0.00046563477,0.0003784647,0.00043788023,0.0003940642,0.00041862618,0.0002971049,0.00047312398,0.000464837,0.0005047345,0.00042395387,0.0004157987,0.0004420635,0.00042928022,0.00048433317,0.00042594387,0.0004421379,0.00045307245,0.00045659085,0.000465534,0.00034694438,0.00038865043,0.00042887384,0.00030596633,0.00042480594,0.0005314124,0.00036915328,0.00043755685,0.0005341624,0.00035054394,0.00040733538,0.00036233736,0.00050253165,0.0004732969,0.00035012767,0.00039326536,0.00036477658,0.00043659215,0.0004071036,0.00031529675,0.0003969412,0.00049476285,0.00047375195,0.0003010959,0.0005345004,0.0004613454,0.00042667924,0.0004579075,0.0004129002,0.0005024482,0.0005461566,0.0004765205
CC_8,24,0.06670466666666670,2.1578171E-05,2.155823E-05,1.7813496E-05,1.3436678E-05,2.1995758E-05,1.7234452E-05,2.0817273E-05,8.787712E-06,1.8622073E-05,1.3461516E-05,2.158261E-05,1.9363504E-05,1.54631E-05,2.3038514E-05,2.058519E-05,1.2755063E-05,1.4358062E-05,1.6515518E-05,1.4920439E-05,1.339993E-05,1.8802344E-05,1.49642565E-05,1.808751E-05,1.2963287E-05,1.7858727E-05,1.4286173E-05,9.727957E-06,1.4856805E-05,1.5730773E-05,1.6159496E-05,1.2506273E-05,2.069072E-05,1.6450089E-05,1.1962316E-05,2.3003988E-05,2.2065933E-05,2.219917E-05,2.0945676E-05,1.5012356E-05,2.4747527E-05,1.4628801E-05,9.675131E-06,1.1787069E-05,1.8290075E-05,1.3759699E-05,2.5596257E-05,1.3845643E-05,1.09640305E-05,1.8966006E-05,2.1654554E-05,1.4297451E-05,1.9150904E-05,1.5503341E-05,1.7498349E-05,8.811872E-06,2.2348202E-05,2.1577795E-05,2.5433745E-05,1.7949613E-05,1.7261087E-05,1.951222E-05,1.8397697E-05,2.341579E-05,1.8117616E-05,1.9522E-05,2.0493626E-05,2.0814381E-05,2.164207E-05,1.2014747E-05,1.5079367E-05,1.836713E-05,9.343827E-06,1.802342E-05,2.8190701E-05,1.360676E-05,1.9115747E-05,2.8485609E-05,1.2264651E-05,1.6567728E-05,1.310439E-05,2.5210618E-05,2.2361257E-05,1.2235268E-05,1.5444422E-05,1.3284554E-05,1.9030767E-05,1.6547123E-05,9.9208155E-06,1.5734839E-05,2.4441588E-05,2.2412567E-05,9.051724E-06,2.8523355E-05,2.1252266E-05,1.8178076E-05,2.0932988E-05,1.7020011E-05,2.5202658E-05,2.9780575E-05,2.2668559E-05