Treatments,Time,DF_OD,sample_1,sample_2,sample_3,sample_4,sample_5,sample_6,sample_7,sample_8,sample_9,sample_10,sample_11,sample_12,sample_13,sample_14,sample_15,sample_16,sample_17,sample_18,sample_19,sample_20,sample_21,sample_22,sample_23,sample_24,sample_25,sample_26,sample_27,sample_28,sample_29,sample_30,sample_31,sample_32,sample_33,sample_34,sample_35,sample_36,sample_37,sample_38,sample_39,sample_40,sample_41,sample_42,sample_43,sample_44,sample_45,sample_46,sample_47,sample_48,sample_49,sample_50,sample_51,sample_52,sample_53,sample_54,sample_55,sample_56,sample_57,sample_58,sample_59,sample_60,sample_61,sample_62,sample_63,sample_64,sample_65,sample_66,sample_67,sample_68,sample_69,sample_70,sample_71,sample_72,sample_73,sample_74,sample_75,sample_76,sample_77,sample_78,sample_79,sample_80,sample_81,sample_82,sample_83,sample_84,sample_85,sample_86,sample_87,sample_88,sample_89,sample_90,sample_91,sample_92,sample_93,sample_94,sample_95,sample_96,sample_97,sample_98,sample_99,sample_100
DF_4,0,0.01,0.01,0.01,0.01,0.01,0.01,0.01,0.01,0.01,0.01,0.01,0.01,0.01,0.01,0.01,0.01,0.01,0.01,0.01,0.01,0.01,0.01,0.01,0.01,0.01,0.01,0.01,0.01,0.01,0.01,0.01,0.01,0.01,0.01,0.01,0.01,0.01,0.01,0.01,0.01,0.01,0.01,0.01,0.01,0.01,0.01,0.01,0.01,0.01,0.01,0.01,0.01,0.01,0.01,0.01,0.01,0.01,0.01,0.01,0.01,0.01,0.01,0.01,0.01,0.01,0.01,0.01,0.01,0.01,0.01,0.01,0.01,0.01,0.01,0.01,0.01,0.01,0.01,0.01,0.01,0.01,0.01,0.01,0.01,0.01,0.01,0.01,0.01,0.01,0.01,0.01,0.01,0.01,0.01,0.01,0.01,0.01,0.01,0.01,0.01,0.01
DF_4,3,0.01,0.010441914,0.010617963,0.010667039,0.0102015715,0.010303972,0.010278146,0.010202928,0.010249031,0.010560472,0.01037154,0.010287795,0.010163769,0.010293715,0.009544973,0.010537773,0.010181931,0.01047642,0.010285166,0.010126495,0.010147087,0.009772617,0.010023236,0.010202437,0.010280081,0.010474341,0.01060646,0.010280427,0.010231206,0.009952833,0.010777504,0.0105831055,0.010168774,0.010378693,0.010024685,0.010516241,0.009914417,0.010243074,0.010514366,0.010324555,0.009972341,0.010311014,0.01023844,0.010119682,0.010159268,0.010453844,0.010393555,0.010170978,0.0105189085,0.010099775,0.010190839,0.010096569,0.010083057,0.010187768,0.010056403,0.010443372,0.01015194,0.010211085,0.010703554,0.010386104,0.010109735,0.01045575,0.00998868,0.010205554,0.010021825,0.010039654,0.010049408,0.010322937,0.010165336,0.01036681,0.010266922,0.0101268655,0.0102402335,0.010186717,0.009996946,0.010438376,0.010285828,0.0103711495,0.010157474,0.010361039,0.01044726,0.010162163,0.010420736,0.010322071,0.0104205245,0.010466827,0.010382208,0.010424188,0.010057085,0.009934788,0.010564594,0.010262432,0.009725348,0.010414611,0.01038576,0.010542561,0.010258675,0.010074366,0.010608129,0.010062446,0.0100834295
DF_4,6,0.01136,0.01090315,0.011274024,0.011378907,0.010407277,0.010617215,0.010563987,0.010409952,0.010504261,0.0111523345,0.010756922,0.010583837,0.010330235,0.010595904,0.009110552,0.011104397,0.01036719,0.010975483,0.010578271,0.010254593,0.010296347,0.00955034,0.010046523,0.010408969,0.0105679175,0.010971167,0.011249118,0.010568768,0.010467718,0.009905873,0.011615556,0.011199708,0.010340347,0.010771845,0.01004944,0.011058918,0.009829554,0.010492029,0.011055185,0.010659634,0.00994476,0.010631585,0.010482662,0.010240808,0.010321008,0.010928303,0.010802266,0.0103448685,0.011064643,0.010200519,0.01038533,0.010194071,0.010166819,0.010379057,0.010113136,0.010906257,0.010306219,0.010426611,0.0114564365,0.010787167,0.010220694,0.010932285,0.009977373,0.010415331,0.0100436965,0.010079468,0.010099072,0.010656259,0.0103334,0.01074697,0.010540984,0.010255302,0.01048621,0.010376943,0.009993892,0.010895872,0.010579819,0.01075613,0.010317479,0.010735051,0.010914619,0.010326991,0.010859215,0.010654383,0.010858795,0.010955525,0.010778982,0.010866369,0.010114509,0.009869984,0.01116104,0.0105316695,0.009458195,0.010846371,0.0107864905,0.011114282,0.010523999,0.010149287,0.011253227,0.010125292,0.010167561
DF_4,9,0.01,0.011384533,0.01197051,0.01213867,0.010617204,0.010939992,0.010857735,0.010621153,0.01076585,0.011777358,0.011156671,0.010888352,0.010499448,0.010906789,0.008695804,0.011701406,0.010555841,0.011498262,0.010879493,0.010384314,0.010447811,0.009333048,0.010069856,0.010619677,0.0108637,0.011491547,0.011930054,0.010865259,0.010709631,0.009859121,0.012518879,0.011851692,0.010514763,0.011180023,0.010074251,0.011629351,0.00974541,0.010747,0.011623837,0.011005588,0.009917253,0.010962013,0.010732803,0.010363393,0.010485258,0.011424293,0.011226703,0.010521711,0.01163858,0.010302271,0.010583548,0.01029252,0.010251268,0.010573931,0.0101701915,0.011389503,0.010462876,0.010646676,0.012262072,0.011203734,0.010332887,0.011430537,0.009966083,0.0106294155,0.01006561,0.010119443,0.010148991,0.011000297,0.010504212,0.01114095,0.010822388,0.010385327,0.010738044,0.01057074,0.009990841,0.011373301,0.010882192,0.011155459,0.010480058,0.011122506,0.01140299,0.010494529,0.011316184,0.010997261,0.011315544,0.011467122,0.011190884,0.011327297,0.0101723,0.009805582,0.011791147,0.010807881,0.009198378,0.011296052,0.011202787,0.011716704,0.010796171,0.01022477,0.01193754,0.01018854,0.010252384
DF_4,12,0.01,0.011886922,0.012709896,0.012949593,0.010831441,0.0112726,0.011159606,0.010836614,0.01103395,0.012437389,0.011571323,0.011201584,0.010671446,0.011226628,0.00829985,0.012330418,0.010747945,0.012045877,0.011189077,0.010515681,0.010601514,0.009120635,0.01009324,0.0108346455,0.011167649,0.012036595,0.012651464,0.011170128,0.010957092,0.009812566,0.013492574,0.01254101,0.010692068,0.011603806,0.010099133,0.012228934,0.0096619725,0.011008132,0.012221735,0.011362766,0.009889815,0.011302582,0.010989011,0.010487456,0.010652052,0.011942793,0.011667441,0.010701567,0.012242162,0.010405007,0.010785564,0.01039192,0.010336435,0.010772456,0.0102275815,0.011893989,0.010621949,0.010871372,0.013124122,0.011636448,0.010446359,0.011951498,0.0099548055,0.010847895,0.010087614,0.010159579,0.010199168,0.011355391,0.010677843,0.0115492465,0.011111321,0.010516959,0.010995896,0.0107681835,0.009987792,0.011871536,0.011193201,0.011569674,0.010645252,0.01152388,0.011913324,0.010664823,0.011792423,0.011351028,0.011791561,0.012002696,0.011618482,0.0118077705,0.010230435,0.009741587,0.012456803,0.0110912435,0.008945652,0.0117643215,0.011635257,0.012351438,0.011075335,0.010300798,0.012663439,0.01025221,0.010337921
DF_4,24,0.01,0.014124965,0.016151443,0.01677888,0.01173336,0.012707493,0.012452835,0.011742777,0.012174784,0.015468432,0.013390451,0.012546702,0.011388268,0.0126004815,0.0068876897,0.015201981,0.011552188,0.014508995,0.012515362,0.011058011,0.011239366,0.00831767,0.010187271,0.011738871,0.012469573,0.014487627,0.015989993,0.012478342,0.012004858,0.009628405,0.018207861,0.015714562,0.011431106,0.013467498,0.01019932,0.0149490675,0.009335197,0.012117289,0.014937095,0.012911145,0.009780868,0.01277248,0.012077627,0.0109988395,0.011345433,0.014263052,0.013605566,0.011452106,0.014984468,0.010826102,0.011633088,0.010799241,0.010684327,0.011604468,0.01046049,0.014143276,0.011283166,0.011818446,0.017219013,0.0135415755,0.010913051,0.014283869,0.009909843,0.011767597,0.010176059,0.010321763,0.010402488,0.012893557,0.0114013925,0.013336063,0.0123465,0.011059943,0.012090277,0.011595791,0.009975596,0.014090945,0.012528548,0.013386913,0.011333066,0.013278726,0.014194967,0.011374498,0.013906937,0.0128818555,0.01390525,0.01440825,0.0134980595,0.013942207,0.010466547,0.0094895875,0.015516745,0.012299874,0.008002067,0.013839352,0.013540016,0.015248699,0.012265641,0.010610645,0.016035842,0.010510996,0.010687269
DF_5,0,0.01,0.01,0.01,0.01,0.01,0.01,0.01,0.01,0.01,0.01,0.01,0.01,0.01,0.01,0.01,0.01,0.01,0.01,0.01,0.01,0.01,0.01,0.01,0.01,0.01,0.01,0.01,0.01,0.01,0.01,0.01,0.01,0.01,0.01,0.01,0.01,0.01,0.01,0.01,0.01,0.01,0.01,0.01,0.01,0.01,0.01,0.01,0.01,0.01,0.01,0.01,0.01,0.01,0.01,0.01,0.01,0.01,0.01,0.01,0.01,0.01,0.01,0.01,0.01,0.01,0.01,0.01,0.01,0.01,0.01,0.01,0.01,0.01,0.01,0.01,0.01,0.01,0.01,0.01,0.01,0.01,0.01,0.01,0.01,0.01,0.01,0.01,0.01,0.01,0.01,0.01,0.01,0.01,0.01,0.01,0.01,0.01,0.01,0.01,0.01,0.01
DF_5,3,0.012791000000000002,0.009764584,0.010246619,0.0103127835,0.010003569,0.010116326,0.009796443,0.009991151,0.010132795,0.009805303,0.009535218,0.01031486,0.010002958,0.010218521,0.009617352,0.010453855,0.009616397,0.010342252,0.010234109,0.010168335,0.009708509,0.010315105,0.009850415,0.010223308,0.010116998,0.0098390225,0.010115926,0.010494576,0.010511328,0.010073503,0.010234202,0.010392447,0.010131079,0.0097759385,0.010269204,0.009853192,0.009854593,0.010140166,0.010231764,0.0098493,0.010285723,0.009838623,0.010140232,0.010139277,0.010166013,0.010389767,0.010175594,0.010194952,0.010223518,0.0103628775,0.01017203,0.010416451,0.010302828,0.0099564865,0.01023343,0.010049232,0.010362821,0.010356454,0.010204695,0.01030681,0.010156088,0.010224842,0.010035764,0.010008085,0.009872167,0.010138608,0.010355372,0.010006746,0.010119194,0.010363826,0.010373247,0.010128053,0.009818463,0.009775922,0.009730928,0.010164395,0.010029429,0.010444204,0.0100357905,0.009942646,0.010068375,0.010141661,0.009965237,0.010238511,0.010602305,0.01067698,0.010533025,0.010139768,0.009921572,0.010612091,0.010133316,0.010042216,0.010565736,0.009999659,0.009633683,0.010158756,0.009832299,0.009943682,0.01005677,0.010224439,0.010363468
DF_5,6,0.018531666666666665,0.009534643,0.0104993,0.0106354235,0.010007138,0.010234035,0.009597023,0.0099823065,0.010267364,0.009614359,0.009091903,0.010639678,0.010005917,0.010441825,0.009249282,0.010928248,0.009247427,0.010696225,0.01047371,0.010339537,0.009425433,0.010640134,0.009703071,0.010451586,0.010235364,0.009680601,0.0102331955,0.011013573,0.011048708,0.010147547,0.010473871,0.010800265,0.0102639,0.009556908,0.010545597,0.009708533,0.009711312,0.01028234,0.01046895,0.009700864,0.010579641,0.009679814,0.010282446,0.010280498,0.010334774,0.010794712,0.0103542,0.010393631,0.010452075,0.010739014,0.0103470525,0.010849966,0.010614787,0.009913161,0.010472252,0.010098708,0.010738811,0.010725558,0.010413545,0.010623123,0.010314614,0.01045476,0.010071662,0.010016173,0.009745917,0.010279184,0.01072344,0.0100134965,0.010239813,0.010740953,0.010760336,0.01025774,0.0096401945,0.009556842,0.009469078,0.010331573,0.010058945,0.01090824,0.010071721,0.0098856175,0.010137218,0.010285336,0.00993059,0.0104827685,0.011240652,0.011400179,0.011094319,0.010281492,0.009843797,0.011261801,0.010268402,0.010084623,0.011163441,0.009999318,0.0092808,0.010320077,0.009667378,0.0098876795,0.010113868,0.010453989,0.01074014
DF_5,9,0.01136,0.009310056,0.010758191,0.010968242,0.010010706,0.010353148,0.009401639,0.009973455,0.01040375,0.009427093,0.008669065,0.010974786,0.010008879,0.010670045,0.008895246,0.011424103,0.0088925455,0.011062318,0.010718906,0.010513655,0.0091505395,0.0109754,0.009557934,0.010684963,0.010355114,0.009524704,0.010351834,0.011558185,0.0116134705,0.010222151,0.010719136,0.011224046,0.0103984745,0.00934279,0.0108293705,0.009565991,0.009570131,0.010426545,0.010711642,0.0095546665,0.010881983,0.00952353,0.010426655,0.010423696,0.010506327,0.011215386,0.010535867,0.010596109,0.0106857885,0.011128902,0.010525123,0.011301215,0.010936148,0.009870018,0.0107166115,0.010148431,0.0111284545,0.011107767,0.010626639,0.010949238,0.010475616,0.010689868,0.010107714,0.010024264,0.009621219,0.010421735,0.011104657,0.01002025,0.010361898,0.011131864,0.01116178,0.010389083,0.00946514,0.009342665,0.009214284,0.010501578,0.01008855,0.0113930125,0.0101077445,0.009828918,0.010206538,0.010431058,0.009896056,0.010732915,0.011917156,0.012172811,0.011685361,0.010425189,0.009766624,0.011951497,0.010405316,0.010127214,0.011794919,0.009998977,0.00894086,0.010483993,0.009505208,0.009831999,0.010171291,0.010688753,0.0111304745
DF_5,12,0.010882999999999999,0.009090702,0.011023442,0.01131156,0.010014268,0.010473682,0.009210228,0.009964645,0.010541957,0.009243437,0.008265781,0.01132051,0.010011844,0.010903263,0.008554711,0.01194238,0.008551219,0.0114409495,0.010969859,0.010690741,0.008883594,0.011321222,0.00941497,0.010923549,0.010476258,0.009371284,0.010471848,0.012129669,0.0122069875,0.010297304,0.010970128,0.011664413,0.010534842,0.00913348,0.011120717,0.009425538,0.00943101,0.010572818,0.010960018,0.009410673,0.011192993,0.009369731,0.010572904,0.0105688935,0.010680718,0.011652439,0.010720642,0.0108024515,0.010924776,0.011533051,0.010706295,0.0117708985,0.011267192,0.009827079,0.010966607,0.010198401,0.011532244,0.011503533,0.010844055,0.011285465,0.010639135,0.010930283,0.010143901,0.010032371,0.009498066,0.010566316,0.011499499,0.010027008,0.01048544,0.01153707,0.011578099,0.010522102,0.0092932405,0.009133267,0.008966328,0.010674465,0.010118247,0.011899453,0.010143906,0.009772537,0.010276333,0.010578855,0.009861653,0.010989094,0.012634065,0.012998305,0.012307707,0.010570898,0.009690093,0.012683622,0.010544047,0.010169998,0.012462066,0.009998637,0.008613387,0.01065056,0.009345724,0.009776634,0.010229047,0.010928868,0.011534989
DF_5,24,0.01,0.008263256,0.01215121,0.012796746,0.010028605,0.010970386,0.008482674,0.00992939,0.011113563,0.008543566,0.006830899,0.012816525,0.010023708,0.011888441,0.007317659,0.014260563,0.007311487,0.013089654,0.012033864,0.011429817,0.007890871,0.012816889,0.008864211,0.011932337,0.0109751625,0.0087816445,0.010966013,0.014711729,0.014898791,0.010603552,0.012034061,0.01360504,0.011098657,0.008342179,0.012365886,0.008883994,0.008894556,0.011179198,0.012012941,0.008856068,0.012528849,0.008778641,0.011178825,0.011170276,0.011407609,0.013577336,0.011491864,0.011667909,0.0119359335,0.013303118,0.01146314,0.013848861,0.012694093,0.009657139,0.012025647,0.010400768,0.013299409,0.01323197,0.011758697,0.0127380565,0.0113191595,0.011947473,0.010290074,0.010064821,0.009020528,0.011165443,0.013225239,0.0100541,0.010994632,0.013311712,0.013403297,0.011071367,0.008636089,0.008341435,0.008039396,0.011395863,0.010237928,0.014162179,0.010289786,0.009550204,0.010560347,0.011191394,0.009725165,0.012077171,0.015955342,0.016906893,0.015144219,0.01117439,0.009390122,0.016091865,0.0111177545,0.010343056,0.015529287,0.00999728,0.007419259,0.011344193,0.0087338695,0.0095583,0.01046341,0.011945334,0.013305286
DF_6,0,0.01,0.01,0.01,0.01,0.01,0.01,0.01,0.01,0.01,0.01,0.01,0.01,0.01,0.01,0.01,0.01,0.01,0.01,0.01,0.01,0.01,0.01,0.01,0.01,0.01,0.01,0.01,0.01,0.01,0.01,0.01,0.01,0.01,0.01,0.01,0.01,0.01,0.01,0.01,0.01,0.01,0.01,0.01,0.01,0.01,0.01,0.01,0.01,0.01,0.01,0.01,0.01,0.01,0.01,0.01,0.01,0.01,0.01,0.01,0.01,0.01,0.01,0.01,0.01,0.01,0.01,0.01,0.01,0.01,0.01,0.01,0.01,0.01,0.01,0.01,0.01,0.01,0.01,0.01,0.01,0.01,0.01,0.01,0.01,0.01,0.01,0.01,0.01,0.01,0.01,0.01,0.01,0.01,0.01,0.01,0.01,0.01,0.01,0.01,0.01,0.01
DF_6,3,0.04651333333333333,0.00981706,0.010496081,0.009967336,0.010256142,0.010040848,0.010093456,0.009506815,0.0101505825,0.0101688905,0.009687756,0.010126387,0.0098095,0.009667605,0.010136476,0.009784704,0.009814476,0.010139784,0.010119972,0.009947548,0.009952885,0.009990187,0.009894121,0.010033592,0.010067239,0.009886641,0.009761155,0.008999255,0.010114264,0.010238564,0.010296536,0.010085539,0.00992151,0.010083794,0.010345849,0.009990102,0.010339951,0.009712811,0.009673723,0.010257861,0.009475214,0.010211078,0.010277588,0.009681815,0.00996664,0.009979956,0.010095219,0.010265033,0.0101003265,0.009887504,0.009980089,0.010511864,0.009802108,0.010228316,0.009706662,0.010212305,0.009966692,0.00995996,0.010474503,0.010260128,0.01029516,0.009966405,0.01025648,0.009954458,0.009966398,0.010153924,0.0099805705,0.009890224,0.009803254,0.0104819015,0.009793327,0.009888724,0.009765262,0.010464462,0.010408667,0.009628512,0.0095483875,0.009931089,0.0099910945,0.009758775,0.0100416,0.010079181,0.010130896,0.01018732,0.010080327,0.010116895,0.009980503,0.010208891,0.010672473,0.010110272,0.010218617,0.009794179,0.009978182,0.010361493,0.010015326,0.009777723,0.0103071295,0.01016622,0.009795944,0.009980643,0.010115928
DF_6,6,0.04762633333333333,0.009637451,0.011016816,0.009934778,0.010518838,0.01008186,0.010187789,0.009037847,0.010303442,0.010340629,0.0093852645,0.010254364,0.009622626,0.009346254,0.010274788,0.009574072,0.009632359,0.010281503,0.010241381,0.009895346,0.009906001,0.009980385,0.009789383,0.010067299,0.010134915,0.009774525,0.009527972,0.008098294,0.010229835,0.010482797,0.010601898,0.010171805,0.009843628,0.010168285,0.010703542,0.009980214,0.010691466,0.009433875,0.009358021,0.010522353,0.008977945,0.0104266675,0.010562873,0.0093736965,0.009933384,0.009959951,0.010191327,0.010537004,0.010201674,0.009776248,0.00996022,0.011049864,0.009608088,0.010461791,0.009421892,0.010429172,0.009933488,0.0099201035,0.010971412,0.0105270725,0.010599089,0.009932916,0.0105196135,0.009909105,0.009932902,0.010310238,0.009961181,0.009781608,0.009610415,0.010986839,0.009590911,0.009778628,0.009536038,0.010950275,0.010834034,0.009270783,0.009116954,0.009862637,0.009982199,0.009523344,0.0100833755,0.010159001,0.010263499,0.010378154,0.010161296,0.010235178,0.009961045,0.010422214,0.011389864,0.010221765,0.010442056,0.009592574,0.009956411,0.010736022,0.010030678,0.009560431,0.010623494,0.010335158,0.009596057,0.00996133,0.0102332
DF_6,9,0.036020333333333335,0.009461118,0.011563429,0.009902328,0.010788262,0.010123029,0.010283011,0.008591916,0.01045862,0.010515269,0.0090922015,0.010383965,0.0094393,0.009035581,0.010414932,0.009368002,0.009453595,0.010425189,0.010364248,0.009843418,0.00985933,0.009970593,0.009685776,0.010101125,0.01020304,0.009663649,0.009300319,0.007287241,0.010346743,0.010732859,0.010916352,0.010258799,0.009766355,0.010253481,0.01107347,0.009970334,0.011054943,0.009162951,0.009052555,0.010793608,0.00850675,0.010646871,0.010856073,0.009075294,0.009900212,0.009939986,0.01028833,0.010816094,0.010304051,0.009666212,0.009940404,0.011615306,0.009417863,0.010700548,0.009145453,0.0106506925,0.009900389,0.009880396,0.011491785,0.010801009,0.010912048,0.0098995315,0.010789571,0.009863971,0.009899512,0.010468978,0.009941826,0.009674137,0.009421407,0.011515904,0.009392653,0.009669703,0.009312233,0.011458402,0.011276779,0.008926298,0.00870481,0.009794642,0.0099733155,0.009293566,0.010125315,0.010239453,0.010397836,0.0105726,0.010242913,0.010354871,0.009941624,0.01064006,0.012155124,0.010334486,0.010670436,0.009395048,0.009934688,0.011124059,0.0100460565,0.009348024,0.010949363,0.01050686,0.009400257,0.009942052,0.010351825
DF_6,12,0.048103,0.009288001,0.012137206,0.009869984,0.011064584,0.010164364,0.010379129,0.008167904,0.010616148,0.010692857,0.00880828,0.010515196,0.009259466,0.008735231,0.0105569605,0.009166393,0.009278119,0.010570864,0.010488589,0.009791737,0.009812888,0.0099608125,0.009583287,0.01013506,0.010271613,0.009553988,0.009078066,0.006557182,0.010464989,0.010988862,0.011240169,0.010346532,0.009689679,0.010339387,0.0114560425,0.009960463,0.01143079,0.008899813,0.008756997,0.0110718375,0.008060272,0.01087179,0.0111574065,0.008786339,0.009867146,0.009920062,0.010386235,0.0111024855,0.010407474,0.009557387,0.009920627,0.012209587,0.009231362,0.010944701,0.008877099,0.01087697,0.009867394,0.0098408675,0.012036713,0.011082123,0.011234309,0.009866253,0.011066535,0.009819024,0.009866228,0.010630185,0.009922512,0.009567802,0.009236152,0.012070224,0.009198474,0.009561938,0.009093683,0.011989842,0.01173761,0.008594573,0.008311115,0.009727101,0.009964446,0.009069309,0.010167431,0.010320556,0.010533924,0.010770691,0.01032518,0.010475988,0.009922236,0.010862528,0.012971395,0.010448451,0.010903858,0.009201572,0.009913011,0.011526086,0.010061462,0.009140373,0.011285007,0.010681369,0.009208457,0.009922818,0.010471858
DF_6,24,0.03904133333333334,0.008626531,0.014732127,0.0097416565,0.012242462,0.010331355,0.010772739,0.006670414,0.011270501,0.011433686,0.0077584465,0.011056882,0.008573708,0.007630383,0.011144311,0.008402648,0.008607941,0.011174009,0.011001051,0.009587546,0.009629326,0.009921767,0.009184262,0.010271985,0.010550446,0.009127292,0.008240573,0.004297375,0.010951706,0.0120752305,0.012634832,0.010704951,0.009388882,0.010690234,0.013121456,0.009921094,0.013066482,0.007920721,0.007667639,0.0122579755,0.006496623,0.01182072,0.012448663,0.007719143,0.00973585,0.009840771,0.01078705,0.012324829,0.010831813,0.009133934,0.009841963,0.014905424,0.008521175,0.011977696,0.007879924,0.011831786,0.009736449,0.009684439,0.014485762,0.0122822635,0.012622107,0.009734187,0.012248241,0.009641196,0.00973415,0.011300449,0.00984564,0.009153588,0.008531171,0.014564539,0.008460898,0.00914225,0.008269713,0.014370298,0.013777036,0.007386156,0.0069051418,0.009461427,0.00992903,0.008224905,0.010337645,0.010651541,0.011096262,0.011601031,0.010660876,0.010975055,0.009845115,0.011800696,0.016816752,0.010917022,0.011890309,0.008466396,0.009826735,0.013284407,0.01012336,0.008355271,0.012731031,0.011408366,0.008479653,0.009846293,0.010966044
DF_7,0,0.01,0.01,0.01,0.01,0.01,0.01,0.01,0.01,0.01,0.01,0.01,0.01,0.01,0.01,0.01,0.01,0.01,0.01,0.01,0.01,0.01,0.01,0.01,0.01,0.01,0.01,0.01,0.01,0.01,0.01,0.01,0.01,0.01,0.01,0.01,0.01,0.01,0.01,0.01,0.01,0.01,0.01,0.01,0.01,0.01,0.01,0.01,0.01,0.01,0.01,0.01,0.01,0.01,0.01,0.01,0.01,0.01,0.01,0.01,0.01,0.01,0.01,0.01,0.01,0.01,0.01,0.01,0.01,0.01,0.01,0.01,0.01,0.01,0.01,0.01,0.01,0.01,0.01,0.01,0.01,0.01,0.01,0.01,0.01,0.01,0.01,0.01,0.01,0.01,0.01,0.01,0.01,0.01,0.01,0.01,0.01,0.01,0.01,0.01,0.01,0.01
DF_7,3,0.040154,0.0107625,0.010900086,0.010819485,0.010713487,0.010429186,0.010380634,0.010179133,0.010625743,0.009876541,0.010481984,0.010578465,0.010606586,0.010797672,0.010776359,0.010540906,0.010150105,0.010774685,0.010434421,0.010739114,0.01140202,0.010782821,0.01059052,0.010266634,0.010480151,0.010051718,0.0107434355,0.010762117,0.010892964,0.010667057,0.010818983,0.010875512,0.010267631,0.010870885,0.010745821,0.010488313,0.010478821,0.010212705,0.0106803505,0.010640057,0.010286345,0.010695605,0.010597498,0.010765118,0.011017337,0.010422743,0.010760997,0.010509022,0.010592236,0.01101466,0.01112843,0.010695854,0.010683886,0.010396028,0.010424567,0.01110207,0.0110420445,0.010669122,0.010817386,0.010446264,0.010900764,0.010237379,0.0111407265,0.010829126,0.010966223,0.010296423,0.010834537,0.010860363,0.010554758,0.010465592,0.010861962,0.010330478,0.010284158,0.0115965195,0.010647495,0.010582853,0.01070571,0.011013767,0.010901514,0.010723288,0.011383866,0.01080405,0.010111513,0.010789066,0.011085619,0.010840997,0.010580339,0.010971786,0.01062273,0.01075736,0.010770572,0.0106068235,0.010250953,0.010532821,0.010177893,0.01117706,0.010757648,0.011374648,0.010532469,0.010837724,0.010466392
DF_7,6,0.050488,0.011583327,0.0118813,0.011705967,0.011477968,0.0108765885,0.0107759135,0.010361486,0.01129052,0.009754579,0.010987206,0.011190583,0.011249878,0.011659394,0.011613005,0.011111184,0.0103023965,0.011609112,0.010887548,0.011533057,0.013000064,0.0116263535,0.011215842,0.010540381,0.010983329,0.010103683,0.011542184,0.011582202,0.0118651865,0.011378539,0.011705401,0.011827669,0.010542325,0.0118174525,0.011547699,0.011000303,0.010980698,0.010429785,0.01140687,0.011321041,0.010580987,0.011439707,0.01123048,0.011589458,0.0121375,0.010863227,0.01158014,0.011043851,0.0112193925,0.012131714,0.012383762,0.011440119,0.011414623,0.010807864,0.010867301,0.01232572,0.012192279,0.011382881,0.011701409,0.010912555,0.011883283,0.010480372,0.012411721,0.011726998,0.01202549,0.010601639,0.011738342,0.01179472,0.011140224,0.010952934,0.0117981285,0.010671825,0.0105763255,0.013447376,0.01133672,0.011199375,0.011461223,0.012130316,0.011883612,0.011498773,0.0129595315,0.01167331,0.010224297,0.0116409585,0.0122891795,0.01175298,0.0111943055,0.0120375585,0.011284324,0.011571947,0.0116011575,0.0112506,0.010508288,0.01109385,0.01035902,0.012493393,0.011573287,0.012938404,0.011093321,0.011745987,0.010954663
DF_7,9,0.03697433333333334,0.012466997,0.012950939,0.0126649095,0.012297105,0.011342988,0.0111863995,0.010547121,0.011996733,0.00963408,0.011516788,0.01183834,0.0119321095,0.012590352,0.012514633,0.011712432,0.010456911,0.012507875,0.011360179,0.012385963,0.014821368,0.012535209,0.011878011,0.010821443,0.011510638,0.010155904,0.012400323,0.012464611,0.012923614,0.01213739,0.012664848,0.012863168,0.010824258,0.01284625,0.012409876,0.011537121,0.011506712,0.010651352,0.012182681,0.012045572,0.010884171,0.012235669,0.011901043,0.012477721,0.013370743,0.011322187,0.012461896,0.011605765,0.011883518,0.013361366,0.013780146,0.012236201,0.0121954605,0.01123614,0.011328991,0.013684378,0.013461847,0.012144235,0.012657439,0.011399778,0.0129550975,0.010729134,0.013827929,0.012699284,0.013186691,0.010915915,0.01271708,0.012809424,0.011758106,0.011463029,0.012814845,0.011024374,0.01087673,0.015592888,0.0120703345,0.011851492,0.012270059,0.013360055,0.012953369,0.012330192,0.014753638,0.01261318,0.010338372,0.012560769,0.013623472,0.012741976,0.011843847,0.0132062845,0.011987231,0.012448064,0.012496513,0.011933598,0.010772148,0.011684526,0.01054343,0.013965641,0.012451464,0.014717242,0.011684087,0.01273079,0.01146589
DF_7,12,0.052555,0.013418342,0.014116994,0.013702199,0.013174814,0.011829166,0.011612695,0.010736097,0.012746963,0.009515035,0.0120719,0.012523832,0.012655614,0.013596192,0.013486283,0.012346348,0.010613678,0.013475877,0.011853133,0.01330224,0.016896926,0.013514334,0.01257918,0.011110011,0.012063228,0.010208379,0.013322278,0.013414058,0.014075782,0.012946749,0.013703411,0.0139893,0.011113619,0.013964386,0.013336966,0.012099946,0.012058083,0.010877462,0.013011104,0.012816422,0.011196152,0.013087134,0.012611383,0.013434976,0.014728303,0.011800387,0.013411097,0.012196126,0.012586762,0.014714813,0.015333311,0.0130876945,0.01302984,0.011681521,0.011810457,0.015192983,0.014863022,0.012956331,0.013691312,0.011908882,0.014124461,0.010983778,0.015406,0.013752153,0.014459563,0.011239518,0.013776889,0.013911368,0.01241018,0.011996955,0.013919024,0.011388492,0.011185598,0.018079728,0.012851164,0.012541215,0.013135978,0.014714472,0.014118444,0.013221562,0.016796613,0.013629502,0.010453751,0.013554019,0.015102747,0.013814531,0.012531014,0.014487808,0.012734036,0.013390333,0.01346181,0.012658213,0.011042732,0.0123064,0.01073119,0.015612499,0.013397074,0.016740853,0.012306353,0.013798651,0.012001157
DF_7,24,0.04285666666666666,0.0180115,0.019932274,0.018770033,0.017360302,0.013988514,0.0134888,0.011526631,0.016244974,0.0090530645,0.014573202,0.015689846,0.016014464,0.018498791,0.018188545,0.015246015,0.011263879,0.018151943,0.014045851,0.0177017,0.028521769,0.018245697,0.015821667,0.01234346,0.014551484,0.010420845,0.017748956,0.01798947,0.019796181,0.016759623,0.018789798,0.019569622,0.012349194,0.019494943,0.01780011,0.014637079,0.0145425815,0.011829197,0.016925624,0.016425049,0.0125374,0.01712987,0.015899124,0.018071342,0.021666499,0.013921926,0.01799288,0.014871625,0.01583862,0.021630865,0.02349242,0.01712919,0.016980572,0.013648458,0.013951942,0.023087637,0.022075318,0.016782682,0.018738877,0.014184717,0.019971875,0.0120640695,0.02374167,0.018911641,0.020896291,0.012632888,0.018967435,0.01935147,0.01539969,0.014394164,0.019370342,0.012968361,0.012510484,0.032653324,0.016509652,0.015720401,0.017255576,0.021651717,0.019908912,0.017477298,0.02822746,0.018594915,0.010928626,0.018389167,0.022811955,0.01909256,0.015701298,0.020972297,0.016218135,0.01792604,0.018141882,0.016026495,0.012195762,0.015139562,0.011516996,0.024406696,0.017966812,0.028031155,0.0151455365,0.01905218,0.014406416
DF_8,0,0.01,0.01,0.01,0.01,0.01,0.01,0.01,0.01,0.01,0.01,0.01,0.01,0.01,0.01,0.01,0.01,0.01,0.01,0.01,0.01,0.01,0.01,0.01,0.01,0.01,0.01,0.01,0.01,0.01,0.01,0.01,0.01,0.01,0.01,0.01,0.01,0.01,0.01,0.01,0.01,0.01,0.01,0.01,0.01,0.01,0.01,0.01,0.01,0.01,0.01,0.01,0.01,0.01,0.01,0.01,0.01,0.01,0.01,0.01,0.01,0.01,0.01,0.01,0.01,0.01,0.01,0.01,0.01,0.01,0.01,0.01,0.01,0.01,0.01,0.01,0.01,0.01,0.01,0.01,0.01,0.01,0.01,0.01,0.01,0.01,0.01,0.01,0.01,0.01,0.01,0.01,0.01,0.01,0.01,0.01,0.01,0.01,0.01,0.01,0.01,0.01
DF_8,3,0.031251,0.011096652,0.011783923,0.012260988,0.012117085,0.011470427,0.010855857,0.01108611,0.011279805,0.011392671,0.012247922,0.0114077,0.011695517,0.01176039,0.011702677,0.010920321,0.011099737,0.0112083675,0.0108516645,0.012146098,0.011574346,0.011698138,0.011613441,0.01163028,0.011487555,0.010885347,0.010698421,0.0114058545,0.011512326,0.011308682,0.011323384,0.011719928,0.011406236,0.01136928,0.010896387,0.012256393,0.01111389,0.011543132,0.011305839,0.011211862,0.012051431,0.011473014,0.011735995,0.011303961,0.011839354,0.010841378,0.010486631,0.0116511155,0.011380447,0.011362566,0.011532229,0.010831573,0.010768309,0.0111875795,0.011895189,0.011883955,0.010843511,0.011556366,0.010926316,0.0116476435,0.012035427,0.0110865645,0.010597324,0.011566777,0.011144101,0.010991969,0.011315381,0.010630286,0.01144637,0.0114006,0.011315184,0.011370979,0.012247127,0.012186828,0.010672913,0.011544137,0.010828123,0.012333622,0.011604536,0.011692634,0.011058381,0.011839592,0.012097951,0.010843619,0.011573577,0.0118890265,0.011836267,0.011948373,0.011783215,0.01173917,0.011425507,0.010422028,0.011608326,0.011302213,0.0117716035,0.011032032,0.011215652,0.011606868,0.011228343,0.011169301,0.011639148
DF_8,6,0.040154,0.012312937,0.013885985,0.015033991,0.014683453,0.013157004,0.011783975,0.012291068,0.012723396,0.012980001,0.014998741,0.013012608,0.013678783,0.01382921,0.013696345,0.011925023,0.012320676,0.0125621585,0.0117763,0.014752356,0.013395892,0.013683635,0.013487275,0.013525932,0.013196391,0.011848271,0.011445418,0.013008609,0.01325276,0.012787152,0.012821299,0.013736252,0.013009765,0.012925959,0.01187251,0.01501788,0.012351544,0.013323527,0.012781137,0.012569493,0.01452276,0.013163808,0.013773139,0.012777948,0.014015998,0.011753123,0.010996935,0.013573436,0.01295092,0.012909889,0.013299825,0.0117317755,0.01159555,0.012515884,0.014147015,0.0141235925,0.01175811,0.013355202,0.011937522,0.0135674225,0.014488373,0.012290865,0.0112299835,0.013378421,0.012419015,0.012082725,0.0128024155,0.011300364,0.013100993,0.01299583,0.012802515,0.012928826,0.014999752,0.0148524735,0.011391021,0.013324958,0.011724558,0.015212783,0.013465167,0.013671625,0.01222906,0.014018103,0.014631914,0.01175813,0.013395151,0.014134559,0.014006718,0.014276361,0.01388517,0.0137803685,0.013054536,0.010861757,0.013476699,0.012773239,0.013855194,0.012170651,0.01257851,0.013471415,0.012607474,0.012474709,0.013548125
DF_8,9,0.036179333333333334,0.01366175,0.01636296,0.018435389,0.01779488,0.01509145,0.012790303,0.013628077,0.014351722,0.014789376,0.018363774,0.014842034,0.015998714,0.016259924,0.01603112,0.013021762,0.01367622,0.014078698,0.012780229,0.017917203,0.01550322,0.01600474,0.015663547,0.015730014,0.015159351,0.01289541,0.012244342,0.014835608,0.015255518,0.014457015,0.014516586,0.016100293,0.014838135,0.014695646,0.012935314,0.01839552,0.013726638,0.015377349,0.014447509,0.014090171,0.01749945,0.01510478,0.016163494,0.014444091,0.01659135,0.012741059,0.011532064,0.015810989,0.014737404,0.0146667315,0.015339207,0.012706176,0.012486237,0.014001496,0.016821507,0.016786367,0.012749762,0.015434331,0.0130412225,0.015804501,0.017445844,0.013625581,0.011900035,0.015473004,0.013839684,0.013282207,0.014483107,0.012012746,0.014993548,0.01481229,0.014484298,0.014698684,0.018371832,0.018102065,0.012157389,0.015378193,0.012694908,0.018765558,0.015622282,0.015985351,0.013524009,0.01659818,0.0176906,0.012749442,0.0155039355,0.016803708,0.016570976,0.017057918,0.016363118,0.016175881,0.014916195,0.011319916,0.015647635,0.014434752,0.016304962,0.013426897,0.014106246,0.015634766,0.014155913,0.013931902,0.015771743
DF_8,12,0.03188666666666667,0.015157368,0.019281652,0.02260817,0.021567902,0.017310161,0.013881197,0.015111861,0.016188456,0.016852146,0.022478329,0.016927036,0.018712549,0.019115074,0.018765917,0.014218897,0.015181288,0.015777372,0.01387034,0.02176005,0.017940866,0.01871768,0.018191112,0.018292522,0.017414253,0.01403395,0.013098764,0.016917964,0.017559856,0.016342565,0.016435057,0.018872285,0.016922677,0.016707454,0.0140923625,0.022523794,0.015254369,0.01774617,0.016329372,0.015793143,0.021084221,0.017333299,0.018968208,0.016327478,0.01963785,0.013811459,0.012093223,0.018414797,0.01676943,0.016661167,0.017692497,0.013760776,0.013445203,0.015662976,0.01999655,0.019952653,0.013824944,0.017837556,0.014245667,0.018411642,0.021013714,0.015104748,0.012609631,0.017894423,0.015422761,0.014601372,0.016382203,0.012770112,0.01715787,0.016880045,0.01638568,0.016708974,0.022503195,0.022063924,0.012975204,0.01774476,0.013745202,0.023150263,0.018122505,0.018690374,0.0149564985,0.019654136,0.02137991,0.013823937,0.017945388,0.019976225,0.019598816,0.020381406,0.019284738,0.01898697,0.017043855,0.011797267,0.018170789,0.01631118,0.019184297,0.014812948,0.01581862,0.018144595,0.01589446,0.015558354,0.018362425
DF_8,24,0.026799,0.02294847,0.0371737,0.051199716,0.04661616,0.029959507,0.019235795,0.022873292,0.026206428,0.028435903,0.050278474,0.028601112,0.035033237,0.036434744,0.035289127,0.020206014,0.02305768,0.02486531,0.019253256,0.047308035,0.03214713,0.03496708,0.033096235,0.033435404,0.030323401,0.019667186,0.01715177,0.028582262,0.030799774,0.026635772,0.026981138,0.035656996,0.02861338,0.027908731,0.019837504,0.050317183,0.02325672,0.03144002,0.026611174,0.024893744,0.044367813,0.030088255,0.035960764,0.026657613,0.03848571,0.019061772,0.014624418,0.033818897,0.028093142,0.02771285,0.031340443,0.018918509,0.018074341,0.024518957,0.039786976,0.039869677,0.019110579,0.031831518,0.020261405,0.033941284,0.044443145,0.022801992,0.015891066,0.031984016,0.023782864,0.021335356,0.026770134,0.016309286,0.029386932,0.02841292,0.026808675,0.027862422,0.050694223,0.04874118,0.016833413,0.03138519,0.018884443,0.05370186,0.03275766,0.03492293,0.022380767,0.038666833,0.04533604,0.019100815,0.032227106,0.03987763,0.038188465,0.041539606,0.037244428,0.036019552,0.029065294,0.013914932,0.033104803,0.026568547,0.036670268,0.021945879,0.02499667,0.032889385,0.025260303,0.024178982,0.03379199
DF_9,0,0.01,0.01,0.01,0.01,0.01,0.01,0.01,0.01,0.01,0.01,0.01,0.01,0.01,0.01,0.01,0.01,0.01,0.01,0.01,0.01,0.01,0.01,0.01,0.01,0.01,0.01,0.01,0.01,0.01,0.01,0.01,0.01,0.01,0.01,0.01,0.01,0.01,0.01,0.01,0.01,0.01,0.01,0.01,0.01,0.01,0.01,0.01,0.01,0.01,0.01,0.01,0.01,0.01,0.01,0.01,0.01,0.01,0.01,0.01,0.01,0.01,0.01,0.01,0.01,0.01,0.01,0.01,0.01,0.01,0.01,0.01,0.01,0.01,0.01,0.01,0.01,0.01,0.01,0.01,0.01,0.01,0.01,0.01,0.01,0.01,0.01,0.01,0.01,0.01,0.01,0.01,0.01,0.01,0.01,0.01,0.01,0.01,0.01,0.01,0.01,0.01
DF_9,3,0.030137666666666663,0.01292813,0.012596461,0.012694346,0.01231121,0.014145414,0.01482589,0.013615072,0.013246043,0.011860645,0.0135601275,0.011570792,0.013437444,0.011530181,0.012459912,0.012954952,0.014262291,0.013005284,0.012738759,0.013747944,0.0122619355,0.011404809,0.013077373,0.013683189,0.013502348,0.012161699,0.012903274,0.012305039,0.012493588,0.011828606,0.013200703,0.0121561065,0.011957994,0.013678931,0.012516759,0.013184105,0.012867449,0.01388306,0.012787991,0.012658631,0.012992433,0.013511809,0.0115774525,0.012718131,0.011493953,0.013461843,0.013492476,0.012045131,0.014617525,0.0130745135,0.01178831,0.015108641,0.013110419,0.0123264305,0.011184374,0.013320416,0.013012933,0.013241673,0.011685962,0.014405543,0.012054783,0.015112304,0.013445599,0.01199964,0.012485192,0.013088189,0.012492676,0.0131297875,0.012835147,0.012963019,0.012282909,0.0119799245,0.011995261,0.013043395,0.012808716,0.012563541,0.01220519,0.0122835245,0.013195174,0.012762691,0.012127017,0.013677559,0.013352822,0.013436941,0.012292446,0.012042976,0.0149671715,0.011583817,0.012933188,0.01232761,0.012269335,0.014375419,0.013669552,0.01309038,0.013416778,0.011712168,0.011687938,0.0134445,0.011908053,0.010899091,0.011732994
DF_9,6,0.057960333333333336,0.016712751,0.015866915,0.01611367,0.015156039,0.020001005,0.02198154,0.018534115,0.017537342,0.014066182,0.018383354,0.013386445,0.018051444,0.013293673,0.015521666,0.016784403,0.020331811,0.016911907,0.016223457,0.018890087,0.015033211,0.013007525,0.017100526,0.018723087,0.018231848,0.014784021,0.016647186,0.015141239,0.015610354,0.013989665,0.017425204,0.014777176,0.014298129,0.018698823,0.015667094,0.017371055,0.016545288,0.019267997,0.016352143,0.016022349,0.01687866,0.018257853,0.013403206,0.0161701,0.013212145,0.018122403,0.01820069,0.0145087335,0.021356242,0.017086685,0.013896584,0.022815323,0.017186454,0.01519318,0.012508558,0.017739644,0.016929334,0.017530723,0.013654285,0.02075342,0.014527035,0.022825647,0.018078832,0.014397803,0.015588622,0.017134456,0.015605609,0.017243046,0.016469806,0.016794778,0.015086998,0.014351647,0.014385723,0.017008105,0.016401857,0.01578404,0.014897902,0.015087543,0.017399058,0.01628907,0.014705672,0.018700868,0.017820708,0.018052295,0.015108007,0.01449839,0.022395408,0.013418121,0.016729051,0.015193342,0.015054372,0.020647766,0.018675363,0.017133141,0.018003467,0.013718,0.013659727,0.018068088,0.014178094,0.01187912,0.013766959
DF_9,9,0.035543333333333336,0.021603765,0.019986125,0.020452445,0.018657342,0.028264172,0.032592725,0.025224885,0.023204116,0.016679997,0.024914166,0.015484486,0.024240578,0.01532568,0.01933068,0.02174816,0.028965114,0.02198889,0.020654656,0.025935777,0.018427383,0.014836189,0.022359246,0.025619505,0.024618864,0.01796195,0.021473702,0.018630935,0.019506814,0.016542876,0.023000494,0.017963404,0.017094463,0.025537657,0.01961063,0.022868674,0.021254897,0.026730178,0.020907832,0.020277092,0.021924531,0.024672689,0.015516163,0.020551015,0.015188552,0.024396941,0.024544554,0.017476508,0.031178307,0.022317084,0.016382137,0.03442626,0.02252654,0.018725296,0.013988914,0.023618495,0.02201706,0.023202948,0.01595156,0.029901624,0.017499454,0.034447476,0.0243094,0.017273301,0.019464493,0.022439199,0.019492486,0.022651639,0.021126699,0.02174382,0.018531213,0.017192578,0.017248346,0.022169624,0.02099566,0.019829731,0.018186532,0.018530132,0.022920972,0.020790542,0.017831482,0.025556596,0.023767438,0.024247808,0.018564817,0.01744733,0.03349639,0.015542429,0.021642853,0.01871969,0.01847268,0.029620953,0.025495116,0.022419885,0.02416263,0.016068023,0.015962647,0.024268458,0.016877929,0.012947421,0.016154395
DF_9,12,0.03713333333333333,0.027923658,0.0251743,0.025956947,0.022966227,0.039908446,0.048330173,0.034320977,0.030676316,0.019776918,0.03375044,0.017907996,0.03253525,0.0176667,0.024066541,0.028183574,0.041225355,0.028584724,0.026285274,0.035572343,0.02258272,0.016922867,0.02923145,0.03505642,0.03324496,0.021808514,0.027693363,0.022924539,0.024379216,0.019558309,0.030357638,0.021836676,0.020435192,0.034834508,0.024547223,0.030073378,0.027273178,0.037060246,0.026729641,0.025657173,0.028474113,0.033344485,0.017961299,0.026105901,0.017462451,0.032844782,0.033086333,0.021051774,0.045468338,0.0291265,0.019312538,0.051885296,0.029520396,0.023076449,0.015643725,0.031434055,0.028621498,0.030699868,0.018631844,0.04308863,0.021070175,0.051922053,0.032688644,0.020720322,0.024305537,0.02939918,0.024344768,0.02976844,0.027088717,0.028125558,0.02276168,0.020595375,0.020674555,0.028883375,0.02686413,0.024911886,0.02220383,0.022755975,0.030158605,0.026537186,0.021620018,0.034902394,0.03166999,0.032560345,0.022807056,0.020985803,0.05006895,0.018002449,0.028006459,0.023056047,0.022668794,0.04242038,0.034769595,0.029330177,0.032436945,0.018821584,0.018651806,0.032572716,0.020087685,0.014111955,0.01895707
DF_9,24,0.034112333333333335,0.07781444,0.06334597,0.06723401,0.05268146,0.15592557,0.2340431,0.11695144,0.09231454,0.039012175,0.11271839,0.03195572,0.104594134,0.031158995,0.057522688,0.07966302,0.16578759,0.081366904,0.06846982,0.12337203,0.050759185,0.028667876,0.08520081,0.12289463,0.11062838,0.04693062,0.07631114,0.052535374,0.059608992,0.038109656,0.09201604,0.0476867,0.04165769,0.117760114,0.060278974,0.088232204,0.07251298,0.13527915,0.07126187,0.06557965,0.080768146,0.11142808,0.032228187,0.0674272,0.030553855,0.107937776,0.10842145,0.044335492,0.20073019,0.083404936,0.037309103,0.26016095,0.08677558,0.05315109,0.02445152,0.097964615,0.08112666,0.093495734,0.034589373,0.18639588,0.04398173,0.26002392,0.10695946,0.04281829,0.059154414,0.08730733,0.059127178,0.0894193,0.072694466,0.077529125,0.05180816,0.042396437,0.042496514,0.082506366,0.0714697,0.06203019,0.049425524,0.051676657,0.08844403,0.07048957,0.046667162,0.119863376,0.09820427,0.10529604,0.051758,0.04361359,0.24625106,0.032387417,0.07884483,0.05275872,0.051463727,0.17201863,0.11791507,0.08550723,0.10584113,0.035459317,0.03471609,0.10427621,0.040186454,0.019918997,0.03598151
