Treatments,Time,parc-_OD,sample_1,sample_2,sample_3,sample_4,sample_5,sample_6,sample_7,sample_8,sample_9,sample_10,sample_11,sample_12,sample_13,sample_14,sample_15,sample_16,sample_17,sample_18,sample_19,sample_20,sample_21,sample_22,sample_23,sample_24,sample_25,sample_26,sample_27,sample_28,sample_29,sample_30,sample_31,sample_32,sample_33,sample_34,sample_35,sample_36,sample_37,sample_38,sample_39,sample_40,sample_41,sample_42,sample_43,sample_44,sample_45,sample_46,sample_47,sample_48,sample_49,sample_50,sample_51,sample_52,sample_53,sample_54,sample_55,sample_56,sample_57,sample_58,sample_59,sample_60,sample_61,sample_62,sample_63,sample_64,sample_65,sample_66,sample_67,sample_68,sample_69,sample_70,sample_71,sample_72,sample_73,sample_74,sample_75,sample_76,sample_77,sample_78,sample_79,sample_80,sample_81,sample_82,sample_83,sample_84,sample_85,sample_86,sample_87,sample_88,sample_89,sample_90,sample_91,sample_92,sample_93,sample_94,sample_95,sample_96,sample_97,sample_98,sample_99,sample_100
parc-_4,0,0.01,0.01,0.01,0.01,0.01,0.01,0.01,0.01,0.01,0.01,0.01,0.01,0.01,0.01,0.01,0.01,0.01,0.01,0.01,0.01,0.01,0.01,0.01,0.01,0.01,0.01,0.01,0.01,0.01,0.01,0.01,0.01,0.01,0.01,0.01,0.01,0.01,0.01,0.01,0.01,0.01,0.01,0.01,0.01,0.01,0.01,0.01,0.01,0.01,0.01,0.01,0.01,0.01,0.01,0.01,0.01,0.01,0.01,0.01,0.01,0.01,0.01,0.01,0.01,0.01,0.01,0.01,0.01,0.01,0.01,0.01,0.01,0.01,0.01,0.01,0.01,0.01,0.01,0.01,0.01,0.01,0.01,0.01,0.01,0.01,0.01,0.01,0.01,0.01,0.01,0.01,0.01,0.01,0.01,0.01,0.01,0.01,0.01,0.01,0.01,0.01
parc-_4,3,0.01,0.030128943,0.02185615,0.020974742,0.030381983,0.010279208,0.009459196,0.013714749,0.011000704,0.015082424,0.019796714,0.0134168,0.017118936,0.028212253,0.018512174,0.014204293,0.01990349,0.029409442,0.019803466,0.01569266,0.019755153,0.022949835,0.029338267,0.015703259,0.012133114,0.01887753,0.020766372,0.019327251,0.018503513,0.022441622,0.012914963,0.016712876,0.017822763,0.012951821,0.029756518,0.018993266,0.010699234,0.068281606,0.013947149,0.020528782,0.026877325,0.02446941,0.019161392,0.012958059,0.015804164,0.012762083,0.009987767,0.0322876,0.016254796,0.028019387,0.0119573,0.032760594,0.013014431,0.013600974,0.026250599,0.010575336,0.02548042,0.017388666,0.020579895,0.018277373,0.02252718,0.026022432,0.012395481,0.0448331,0.010006892,0.041974645,0.05256372,0.012495437,0.014060246,0.011593326,0.015819892,0.017457701,0.009925995,0.015430517,0.04114494,0.040129796,0.012966282,0.032150466,0.01592542,0.013374424,0.018454982,0.020279735,0.03507809,0.015741123,0.018005101,0.038889,0.012843629,0.018484194,0.020380663,0.032148115,0.016251966,0.014574406,0.021217987,0.014370974,0.015055536,0.02656414,0.021998147,0.022061707,0.017559545,0.026255935,0.021506261
parc-_4,6,0.01,0.0877948,0.047130123,0.043482035,0.08973327,0.010559419,0.008945096,0.018769093,0.012090343,0.02267689,0.038813736,0.017967166,0.029158706,0.077738784,0.034064777,0.020119892,0.039203655,0.08421126,0.038871054,0.024549326,0.038720496,0.051953647,0.083435304,0.02457507,0.014708659,0.035380237,0.042703148,0.037037253,0.033990815,0.049665723,0.016657652,0.027789203,0.031557452,0.016744528,0.085793756,0.03577256,0.011440312,0.38576865,0.019420212,0.0416986,0.07071171,0.0589736,0.03640893,0.01676393,0.024889829,0.01626069,0.009974851,0.10020582,0.026327208,0.07626185,0.014286403,0.10314009,0.016915277,0.018463872,0.06744659,0.0111782625,0.06366826,0.030089526,0.041878574,0.03317422,0.050067615,0.06582434,0.015347591,0.18477064,0.010004978,0.16053617,0.23737323,0.015594968,0.019726826,0.013427746,0.024950217,0.030320626,0.0098454105,0.023742136,0.15762317,0.15031189,0.016791828,0.099064656,0.025266174,0.017855288,0.033804286,0.040724408,0.11678654,0.024699023,0.03222004,0.14112316,0.016472546,0.0339157,0.04113607,0.09933808,0.026307411,0.021183886,0.04453318,0.020600291,0.02259292,0.06900507,0.047809497,0.048000697,0.03062254,0.06771939,0.04576018
parc-_4,9,0.01,0.23396216,0.09882474,0.08804702,0.24524343,0.010840118,0.0084566595,0.025611471,0.01327442,0.033937365,0.07470659,0.024000704,0.04924885,0.20150892,0.062006522,0.028387818,0.07569222,0.2245056,0.07501219,0.038219906,0.07475707,0.114153266,0.21863964,0.03825634,0.017812544,0.06543864,0.08610532,0.06985392,0.061632425,0.10669761,0.021448744,0.045820676,0.055244174,0.021597538,0.22742257,0.066342905,0.012224702,1.1307126,0.026979363,0.08294552,0.17640857,0.13722475,0.068112746,0.021642426,0.038985774,0.020676032,0.009961263,0.27829063,0.04239707,0.19286646,0.01705314,0.2899786,0.021947952,0.025002053,0.16448367,0.0118094515,0.15186985,0.051636487,0.0833474,0.05947101,0.10810565,0.15573677,0.018976564,0.57628554,0.009994292,0.46252713,0.66780376,0.019434592,0.027595034,0.015535376,0.03916221,0.052199755,0.009758502,0.036372326,0.48091108,0.45358106,0.021711735,0.27134243,0.039848924,0.023780555,0.061094467,0.080224805,0.33388656,0.038562454,0.05703975,0.41466492,0.021088678,0.06141228,0.08146027,0.27478337,0.042313702,0.030671079,0.0914189,0.029423947,0.033739824,0.16969188,0.10129336,0.10144258,0.052780315,0.16716592,0.09523902
parc-_4,24,0.01,1.2929937,0.93933946,0.8557751,1.5818105,0.012231137,0.006364019,0.11065083,0.020783184,0.21289828,0.7395082,0.09478041,0.44847557,1.4844388,0.6764924,0.13925214,0.7222369,1.491418,0.7897314,0.28418747,0.84306073,1.1492596,1.2668016,0.27931374,0.045283962,0.68861157,0.9346272,0.71166646,0.61135894,1.0176629,0.07249879,0.37991998,0.5147933,0.072385244,1.3011205,0.6525715,0.016838312,1.7165436,0.12941238,0.83335537,1.4118255,1.3489492,0.68507975,0.073338486,0.29080302,0.06514373,0.009883446,1.3222845,0.35232255,1.1699903,0.040453304,1.388058,0.07698596,0.10529572,1.2699032,0.015406611,1.2446858,0.5022665,0.81578267,0.58072966,1.0626426,0.91835266,0.0530043,1.4848906,0.00981191,1.0969443,1.1653723,0.05628682,0.13387983,0.031473096,0.30223483,0.504241,0.009238195,0.25611958,1.4111378,1.3903165,0.07510912,1.2117885,0.30089396,0.092890404,0.5926485,0.83277464,1.2740613,0.28864387,0.56653917,1.2393829,0.06907121,0.6016504,0.8559671,1.305768,0.34145027,0.16969207,0.96186185,0.15435708,0.2082261,1.2812258,1.0456318,0.9538524,0.45991287,1.5227098,1.0365556
parc-_5,0,0.01,0.01,0.01,0.01,0.01,0.01,0.01,0.01,0.01,0.01,0.01,0.01,0.01,0.01,0.01,0.01,0.01,0.01,0.01,0.01,0.01,0.01,0.01,0.01,0.01,0.01,0.01,0.01,0.01,0.01,0.01,0.01,0.01,0.01,0.01,0.01,0.01,0.01,0.01,0.01,0.01,0.01,0.01,0.01,0.01,0.01,0.01,0.01,0.01,0.01,0.01,0.01,0.01,0.01,0.01,0.01,0.01,0.01,0.01,0.01,0.01,0.01,0.01,0.01,0.01,0.01,0.01,0.01,0.01,0.01,0.01,0.01,0.01,0.01,0.01,0.01,0.01,0.01,0.01,0.01,0.01,0.01,0.01,0.01,0.01,0.01,0.01,0.01,0.01,0.01,0.01,0.01,0.01,0.01,0.01,0.01,0.01,0.01,0.01,0.01,0.01
parc-_5,3,0.11042599999999998,0.069023386,0.051836364,0.072256446,0.07727645,0.05792839,0.030759003,0.030621951,0.04652593,0.028180102,0.050996266,0.06165373,0.06839585,0.047735732,0.060661748,0.0692276,0.045823794,0.085866,0.07107945,0.044904426,0.05754608,0.02456054,0.04952147,0.06878239,0.04227475,0.050614443,0.043333735,0.03687595,0.04011568,0.07822818,0.06600542,0.053179704,0.0674584,0.042898145,0.071616456,0.062930614,0.053767897,0.026258629,0.05192096,0.042911027,0.05350159,0.06870882,0.07510041,0.08167607,0.032020263,0.048438836,0.028970836,0.013997655,0.074800625,0.05441706,0.048819657,0.04952356,0.04643453,0.03835347,0.04986314,0.039658375,0.050236873,0.046107728,0.048575208,0.05165523,0.03596518,0.03406582,0.033038445,0.05597035,0.07697401,0.04168407,0.057106156,0.081026584,0.039176643,0.029274095,0.07287594,0.037447613,0.049387105,0.063962676,0.05002447,0.044479854,0.06512158,0.05951493,0.07422047,0.034736447,0.050570678,0.04919487,0.040938515,0.04685256,0.045584098,0.041068517,0.025421387,0.058184214,0.064353205,0.03340966,0.01876607,0.061909538,0.042250294,0.057006143,0.062235486,0.057388317,0.06570976,0.027327685,0.042295165,0.060842477,0.023951635
parc-_5,6,0.5317403333333334,0.4121168,0.25039688,0.4564077,0.50046104,0.30634826,0.09274299,0.09184447,0.20222671,0.078052014,0.24063328,0.33512732,0.39690444,0.21138357,0.33298296,0.40886775,0.19871743,0.6063338,0.4260247,0.19079985,0.29931563,0.059637595,0.22878888,0.39959726,0.16976845,0.23074262,0.17820871,0.13141824,0.15402964,0.5178444,0.37306517,0.2613432,0.39698824,0.17476687,0.44484168,0.35101244,0.2663467,0.06806147,0.25291073,0.17437294,0.26586363,0.40522406,0.46470177,0.5437946,0.09986547,0.22206017,0.08216807,0.019568445,0.45219806,0.26735246,0.22073363,0.23137547,0.20324709,0.14146312,0.23254748,0.1509666,0.2348981,0.1992879,0.22327918,0.24687348,0.124528594,0.112074025,0.10671038,0.2847365,0.5092559,0.16613516,0.29864097,0.5115351,0.14782815,0.083336055,0.46079442,0.13591227,0.22642495,0.36255664,0.23355523,0.18710482,0.3712265,0.32281458,0.47116676,0.11681962,0.24105567,0.22569908,0.15955514,0.20609264,0.19546899,0.16177969,0.063629985,0.30240762,0.347784,0.10828866,0.035024405,0.33651266,0.17151617,0.29684934,0.3478644,0.30373406,0.38301107,0.07378937,0.17094095,0.32939947,0.056744307
parc-_5,9,0.6700586666666667,1.3829818,0.9156304,1.6277037,1.6114329,1.1180731,0.26412395,0.25969815,0.6871849,0.20651492,0.84509516,1.1215624,1.2463228,0.7136738,1.212287,1.3142297,0.7017701,1.9360452,1.3390524,0.66265386,1.0469475,0.14096929,0.8114541,1.2410188,0.56963426,0.7312863,0.6080301,0.41911146,0.5092773,1.7267807,1.1828167,0.94165045,1.351766,0.5931019,1.5363753,1.2120215,0.9563259,0.17076209,0.9517175,0.58519036,0.9817662,1.3215415,1.4042382,1.6560725,0.288456,0.82058513,0.22013128,0.027307868,1.2935288,0.89803475,0.75291365,0.8588368,0.7140346,0.45818853,0.83775645,0.4998695,0.83469224,0.68118995,0.8262632,0.87531227,0.3826874,0.33207196,0.32168788,0.99909,1.7725629,0.5651794,1.0925312,1.3829675,0.49075282,0.22027884,1.6068343,0.44439566,0.7861367,1.2628859,0.8357624,0.6434575,1.2544403,1.192914,1.5830438,0.35549775,0.9060019,0.7957067,0.5256582,0.71767193,0.6716023,0.55048674,0.15343519,1.0216137,1.0261798,0.3204843,0.0647151,1.1139011,0.602141,1.075278,1.2515227,1.147119,1.3628414,0.19308478,0.58743745,1.129315,0.13109271
parc-_5,24,0.7843703333333334,2.305314,2.5480218,2.7813182,2.4096918,2.495328,2.294775,2.1612985,1.9763082,1.9504024,2.1796951,2.032615,1.956025,1.9351314,2.550279,2.0902183,2.3702412,2.722129,2.0480862,2.2814326,2.1795661,1.7407105,2.2776334,1.9168072,2.0838246,1.542579,2.1756263,2.2546158,2.16466,2.6233513,1.927076,2.3684547,2.314423,2.187299,2.5578556,2.2494597,2.361579,1.9869285,2.8397815,2.0281937,2.5798082,2.1324236,2.029194,2.3067515,1.924168,2.7789137,1.7571393,0.136038,1.7961451,1.9136328,1.9636045,2.7914052,2.2710464,2.1299798,2.4358263,2.2956355,2.2930932,2.0230658,2.7607465,2.2734444,1.8184514,1.7788157,2.4027183,2.216715,2.8253682,2.3042877,2.5098298,1.801511,2.346603,1.3705606,2.643853,2.5575712,2.100258,2.319214,2.3158476,2.2130816,2.2161326,2.645202,2.4970207,2.0142498,2.8368733,2.2682848,2.0171285,2.1661613,2.1519375,2.4413304,1.5110942,1.9984797,1.5834903,1.8636575,0.76880974,1.9940284,2.7095435,2.4834974,2.497055,2.806602,2.543334,2.4905813,2.3863864,2.1465669,1.6255227
parc-_6,0,0.01,0.01,0.01,0.01,0.01,0.01,0.01,0.01,0.01,0.01,0.01,0.01,0.01,0.01,0.01,0.01,0.01,0.01,0.01,0.01,0.01,0.01,0.01,0.01,0.01,0.01,0.01,0.01,0.01,0.01,0.01,0.01,0.01,0.01,0.01,0.01,0.01,0.01,0.01,0.01,0.01,0.01,0.01,0.01,0.01,0.01,0.01,0.01,0.01,0.01,0.01,0.01,0.01,0.01,0.01,0.01,0.01,0.01,0.01,0.01,0.01,0.01,0.01,0.01,0.01,0.01,0.01,0.01,0.01,0.01,0.01,0.01,0.01,0.01,0.01,0.01,0.01,0.01,0.01,0.01,0.01,0.01,0.01,0.01,0.01,0.01,0.01,0.01,0.01,0.01,0.01,0.01,0.01,0.01,0.01,0.01,0.01,0.01,0.01,0.01,0.01
parc-_6,3,0.20613599999999999,0.052421268,0.05279602,0.059685692,0.08680154,0.05172821,0.07818003,0.08377089,0.09690182,0.0710346,0.07344755,0.08379861,0.07316145,0.046247985,0.050258074,0.07499451,0.06747046,0.077240765,0.06943995,0.100341536,0.064627975,0.083173715,0.08313503,0.061915595,0.06712026,0.05218227,0.07817473,0.095990896,0.050035555,0.061249103,0.08035558,0.09590356,0.08504084,0.056780428,0.09110624,0.08712019,0.05689288,0.08545625,0.06423312,0.07433407,0.071906805,0.058797814,0.079211324,0.102135934,0.08281743,0.043176647,0.0747801,0.050054997,0.06433732,0.049502645,0.072354965,0.056158464,0.07146212,0.052020937,0.052935038,0.0778507,0.050788984,0.05541307,0.09118848,0.05604095,0.0838911,0.08142262,0.052518833,0.07352202,0.057599597,0.09335656,0.057747036,0.060955726,0.077069916,0.07033328,0.091924466,0.07095468,0.052062694,0.070080854,0.08018165,0.08048391,0.04798859,0.1129158,0.06251466,0.08667773,0.06556689,0.107161075,0.079817325,0.053977113,0.075032085,0.06300662,0.082880825,0.049159773,0.03735746,0.050069682,0.07252895,0.045701258,0.06877339,0.088092,0.09547008,0.07498459,0.074632354,0.06806332,0.06235473,0.062510744,0.064843886
parc-_6,6,1.0005923333333333,0.25152114,0.25587672,0.3175298,0.6063405,0.24474731,0.49815992,0.5803121,0.682779,0.43774006,0.4578069,0.5620865,0.45440078,0.20163351,0.23523095,0.47671956,0.39992183,0.49820185,0.41459048,0.723294,0.36630318,0.55836636,0.5593818,0.33397225,0.3891297,0.25371143,0.5012582,0.6928972,0.23114327,0.33253944,0.53832304,0.6956259,0.5848937,0.29238403,0.63433856,0.6017225,0.29553527,0.5786493,0.3644208,0.46956858,0.44309512,0.31100652,0.5166766,0.7614689,0.5518137,0.17669252,0.46962562,0.23236956,0.36435732,0.22833817,0.44117728,0.28615502,0.43256328,0.24837539,0.25783557,0.49731016,0.2389091,0.28076595,0.64106786,0.28308615,0.5594133,0.53378624,0.25584522,0.44873565,0.29899186,0.65016276,0.30166307,0.32958865,0.48339945,0.4229121,0.6376296,0.43235236,0.25051212,0.42206794,0.53686,0.52894324,0.21411964,0.8826488,0.34591237,0.57805413,0.37769422,0.8041133,0.5161694,0.26528502,0.4682095,0.3495675,0.54097044,0.2256049,0.13418283,0.23381275,0.44166204,0.19635093,0.4076333,0.60146195,0.6852677,0.46326372,0.458298,0.40015197,0.34304127,0.34323734,0.3669431
parc-_6,9,1.6672236666666667,0.8647583,0.8939445,1.0829417,1.8347765,0.83205044,1.4891231,1.8676053,1.7011367,1.5073197,1.4947466,1.6530257,1.4817709,0.7064354,0.8386195,1.5662297,1.3983699,1.5891608,1.3695959,1.7850554,1.241702,1.6707306,1.6898576,1.0782777,1.2810587,0.9319681,1.5245062,1.847875,0.7940333,1.1301922,1.7407079,1.8746898,1.7792203,1.0276577,1.721756,1.752247,1.0671338,1.668189,1.2589432,1.5463786,1.4738387,1.086123,1.6008497,1.9426087,1.6356322,0.5984053,1.4981523,0.81182814,1.2464199,0.8060829,1.3982896,1.0000056,1.3845426,0.85882944,0.91112363,1.5111521,0.84050375,1.0003791,1.7759547,0.9647577,1.6164056,1.573098,0.9269393,1.3726943,1.0380887,1.6864865,1.060507,1.120828,1.4316683,1.3817749,1.6885191,1.4408616,0.88869464,1.3985662,1.7410138,1.6120908,0.7319703,2.1056373,1.1868203,1.5612817,1.297059,1.9229183,1.5339744,0.91392636,1.4565089,1.1833931,1.5182437,0.7982476,0.4243699,0.8350715,1.3879328,0.6739841,1.3479221,1.6618711,1.8204116,1.4000041,1.3759067,1.3285779,1.159593,1.1440856,1.2251453
parc-_6,24,1.9134936666666666,2.017143,2.129454,2.1089277,2.5074697,1.9710224,2.1004786,2.700942,2.0497437,2.530626,2.3383384,2.2571082,2.3164833,2.2709603,2.3764305,2.4231267,2.5223567,2.3806224,2.248514,2.142028,2.2447896,2.2966697,2.3604503,1.8835922,2.1580021,2.5977516,2.1740618,2.2984047,2.0362942,2.1210396,2.5748186,2.331001,2.4639301,2.2481108,2.189047,2.3345783,2.4559267,2.2187185,2.2981288,2.3921244,2.3578887,2.243488,2.313602,2.3302677,2.2481208,2.1887057,2.2714455,2.130103,2.2696526,2.263227,2.1447525,2.1954803,2.1671512,2.0992026,2.2409,2.156901,2.2679791,2.3110545,2.278678,2.0430565,2.1817904,2.1655993,2.4131706,2.0359058,2.23117,2.0839596,2.204168,2.146221,2.0309165,2.2283773,2.1205726,2.3683937,2.215008,2.2824194,2.571723,2.284954,2.0130093,2.4448597,2.263257,2.0000904,2.314093,2.240494,2.1446028,2.0732193,2.1839876,2.1889277,2.0176904,2.3182416,1.9831787,2.3094633,2.1288784,2.0854015,2.2074792,2.138719,2.2545726,2.032288,1.9872832,2.2466624,2.118485,2.039746,2.156093
parc-_7,0,0.01,0.01,0.01,0.01,0.01,0.01,0.01,0.01,0.01,0.01,0.01,0.01,0.01,0.01,0.01,0.01,0.01,0.01,0.01,0.01,0.01,0.01,0.01,0.01,0.01,0.01,0.01,0.01,0.01,0.01,0.01,0.01,0.01,0.01,0.01,0.01,0.01,0.01,0.01,0.01,0.01,0.01,0.01,0.01,0.01,0.01,0.01,0.01,0.01,0.01,0.01,0.01,0.01,0.01,0.01,0.01,0.01,0.01,0.01,0.01,0.01,0.01,0.01,0.01,0.01,0.01,0.01,0.01,0.01,0.01,0.01,0.01,0.01,0.01,0.01,0.01,0.01,0.01,0.01,0.01,0.01,0.01,0.01,0.01,0.01,0.01,0.01,0.01,0.01,0.01,0.01,0.01,0.01,0.01,0.01,0.01,0.01,0.01,0.01,0.01,0.01
parc-_7,3,0.324104,0.07714054,0.07843756,0.12835906,0.1243817,0.0900488,0.10298445,0.10311723,0.07502216,0.11172766,0.09096336,0.0884162,0.10145261,0.12928571,0.122484654,0.07274258,0.11951497,0.07412752,0.17024241,0.13528174,0.07173521,0.07149103,0.069912165,0.10177205,0.13721247,0.08188517,0.0894862,0.07919375,0.16370185,0.13000265,0.12764697,0.1288439,0.077887796,0.06415333,0.07192644,0.09596038,0.09227624,0.13498442,0.106590085,0.086075276,0.12053956,0.10231883,0.1420773,0.101684205,0.07101581,0.123724245,0.10643504,0.13734843,0.11533313,0.060569797,0.09101654,0.10646899,0.08525426,0.14206123,0.10694606,0.110154174,0.09054298,0.06091997,0.16045071,0.065819494,0.067334004,0.123588085,0.1149619,0.08645576,0.11726733,0.10426351,0.09767025,0.12541802,0.077018134,0.15612815,0.09737036,0.087619245,0.061329782,0.08292946,0.060972452,0.121360436,0.16753529,0.08964504,0.09213433,0.14704616,0.119992465,0.050887078,0.07052234,0.14848313,0.11761213,0.09273761,0.10879687,0.07807287,0.07022254,0.12598136,0.11939699,0.075499326,0.12388088,0.102851205,0.119810484,0.10750243,0.11785313,0.06046905,0.097776905,0.122929916,0.106521666
parc-_7,6,1.3196786666666667,0.51158524,0.5250738,1.0951271,1.0804548,0.65092903,0.8274074,0.8233292,0.4903667,0.94919115,0.6691204,0.6450842,0.7968121,1.1694748,1.0275505,0.4690673,1.023383,0.47981378,1.6534104,1.2581398,0.45352745,0.4581579,0.4365084,0.79554325,1.2369227,0.5668939,0.6450356,0.52847964,1.6662936,1.1569593,1.122733,1.1152645,0.52667224,0.3740037,0.46076217,0.7389246,0.7239943,1.200746,0.8637358,0.6276953,1.0594504,0.7957613,1.3408682,0.8148504,0.4500132,1.0721616,0.87461954,1.2505093,0.9818779,0.3390484,0.6762443,0.87105674,0.6052333,1.2869183,0.902054,0.8929954,0.673577,0.33978906,1.6252724,0.39178002,0.403668,1.0461974,0.98729056,0.6337792,1.025303,0.8254557,0.76567113,1.1283512,0.5156093,1.4545554,0.75364345,0.64723665,0.34382293,0.5791561,0.34031633,1.0258902,1.6046671,0.6658336,0.6966759,1.2771717,0.9736781,0.24356212,0.4393691,1.2993836,1.0338154,0.6907534,0.86836934,0.5140449,0.43902746,1.1397196,1.0286748,0.4941474,1.0920876,0.86176735,1.0288587,0.8731267,1.0100528,0.335536,0.7459655,1.075064,0.8928531
parc-_7,9,2.6341803333333336,1.7911434,1.8057655,2.5184216,2.6981206,1.9904989,2.4667916,2.4169316,1.7683148,2.7486343,2.0981047,2.1176102,2.3192446,2.9461925,2.452888,1.7701882,2.6514018,1.7306106,3.2632017,3.1266222,1.6634355,1.7845238,1.6587503,2.2778034,2.8332598,1.9300197,1.9859508,1.7566901,3.6352303,2.8022017,2.7446423,2.614863,1.9144044,1.4358618,1.7585573,2.3186727,2.6593912,2.7508743,2.446182,2.2021477,2.8485248,2.2315328,3.1514149,2.4814696,1.7151251,2.676269,2.573899,2.910442,2.6722045,1.3413869,2.1785202,2.5462754,2.0061872,2.8460388,2.8103182,2.393329,2.2087457,1.2994217,3.6234424,1.5011511,1.4786705,2.5158472,2.7745538,2.2388055,2.8681052,2.3183823,2.4102938,2.962899,1.8685397,2.990548,2.315247,2.259242,1.31224,1.9616951,1.300812,2.5177,3.16072,2.2207198,2.2912552,2.5578806,2.269639,0.9125971,1.6072785,2.6032114,2.905989,2.140765,2.2913427,1.6984828,1.6481087,3.0101757,2.707253,1.7549678,2.8089955,2.896922,2.6689692,2.442199,2.6873047,1.2893186,2.1850026,2.7620704,2.7738335
parc-_7,24,3.671250333333333,2.950229,2.8454225,2.8413181,3.1472595,2.7193215,3.161412,3.098785,3.02303,3.4608424,2.907441,3.056315,2.9566293,3.3962252,2.8035727,3.2650838,3.1389031,2.957989,3.4955227,3.6160479,3.0363102,3.4395351,3.30473,2.8946006,3.1653686,2.924582,2.7321146,2.7066593,3.9485397,3.1905808,3.1528907,2.9678726,3.2152326,3.050063,3.3325763,3.155777,4.022462,3.0761027,3.0365844,3.3134444,3.3990936,2.8202796,3.5270581,3.2213397,3.2412796,3.0991554,3.2628748,3.2689273,3.2229571,3.2699177,3.0711622,3.2638588,2.9482903,3.1583126,3.6591754,2.93294,3.1765091,2.977441,3.971797,3.111487,2.8222556,2.9042344,3.4475858,3.4180207,3.482907,2.8981614,3.2134035,3.4781978,3.1196933,3.2454913,3.0831947,3.4037428,2.9633923,2.9645398,2.9529924,2.9023454,3.3813975,3.183701,3.2539375,2.7715383,2.5995653,2.901647,2.9236972,2.8224742,3.5223646,2.9169798,2.7659552,2.6000469,3.093987,3.5540354,3.2332618,2.9095633,3.2761674,3.9710088,3.1593432,3.0047202,3.2220001,3.0639863,2.8250964,3.2325835,3.6709466
parc-_8,0,0.01,0.01,0.01,0.01,0.01,0.01,0.01,0.01,0.01,0.01,0.01,0.01,0.01,0.01,0.01,0.01,0.01,0.01,0.01,0.01,0.01,0.01,0.01,0.01,0.01,0.01,0.01,0.01,0.01,0.01,0.01,0.01,0.01,0.01,0.01,0.01,0.01,0.01,0.01,0.01,0.01,0.01,0.01,0.01,0.01,0.01,0.01,0.01,0.01,0.01,0.01,0.01,0.01,0.01,0.01,0.01,0.01,0.01,0.01,0.01,0.01,0.01,0.01,0.01,0.01,0.01,0.01,0.01,0.01,0.01,0.01,0.01,0.01,0.01,0.01,0.01,0.01,0.01,0.01,0.01,0.01,0.01,0.01,0.01,0.01,0.01,0.01,0.01,0.01,0.01,0.01,0.01,0.01,0.01,0.01,0.01,0.01,0.01,0.01,0.01,0.01
parc-_8,3,0.230143,0.017101252,0.014772843,0.019468062,0.028770413,0.019726245,0.022589443,0.040186465,0.03351452,0.022799578,0.033777703,0.030695168,0.021649512,0.02930822,0.035990134,0.024130367,0.028222986,0.02408031,0.030758003,0.017532304,0.025452713,0.018241426,0.021685949,0.021640217,0.025404358,0.03488666,0.020467786,0.023442946,0.029266264,0.02679109,0.022769691,0.025870297,0.02577963,0.023512322,0.026639035,0.022506313,0.028600393,0.030133482,0.016611006,0.022219338,0.020966785,0.023889963,0.020283401,0.016789833,0.030503431,0.022694236,0.022306096,0.025803966,0.0255922,0.030872297,0.017454883,0.025129871,0.035643384,0.020855747,0.01999069,0.029081382,0.02796824,0.034134172,0.025467131,0.017555185,0.018694626,0.029668337,0.02931615,0.030298853,0.019035382,0.017157247,0.030207708,0.02369971,0.017736765,0.022493044,0.02346497,0.023186004,0.018833142,0.019731294,0.024736498,0.032302614,0.021956423,0.028912384,0.044599917,0.029195962,0.030632468,0.01817704,0.024069563,0.01952379,0.025348756,0.020068146,0.02054842,0.043693963,0.019599993,0.029583294,0.021313122,0.029137252,0.023644913,0.027134629,0.025381854,0.023777224,0.018453568,0.020465821,0.028759032,0.02534041,0.027248755
parc-_8,6,1.6912303333333334,0.029235603,0.021831302,0.037790406,0.081590556,0.038870614,0.050913367,0.1560243,0.10985834,0.05170969,0.11120663,0.092672415,0.046644438,0.085079454,0.12640539,0.057977337,0.078822814,0.057650678,0.093181536,0.030716807,0.06434993,0.03325792,0.04686832,0.0466941,0.06403502,0.118831284,0.04174666,0.05454803,0.08471007,0.071314916,0.05155455,0.06641606,0.065858126,0.055147085,0.07012832,0.05045262,0.08054461,0.0894146,0.02756108,0.049278278,0.04384321,0.056853164,0.041044578,0.028186545,0.09158485,0.051285014,0.049645964,0.06600071,0.064984456,0.0939259,0.030461768,0.06273734,0.123043545,0.043377753,0.039867185,0.08358767,0.077344075,0.114696786,0.06431274,0.030813783,0.03491441,0.08657085,0.084861614,0.090006694,0.036171246,0.029426394,0.09014863,0.055908404,0.03145054,0.050463393,0.054843348,0.053545233,0.035420246,0.038876913,0.060720272,0.10161361,0.04799699,0.08268596,0.18723273,0.08429301,0.09218799,0.03298228,0.057609107,0.038066298,0.0638114,0.040109143,0.042154446,0.18141635,0.038328875,0.08626019,0.045288652,0.08396278,0.055588663,0.07285101,0.063794106,0.05612527,0.033978906,0.04169899,0.081808195,0.06371102,0.07351761
parc-_8,9,3.09858,0.04995033,0.032278635,0.0729408,0.22230995,0.07642781,0.114155635,0.53481585,0.33569124,0.11588294,0.33777532,0.26646316,0.09945751,0.24024735,0.40906918,0.13785024,0.21384309,0.13610908,0.26981717,0.053749006,0.1599532,0.06057727,0.100543395,0.10011812,0.15826353,0.3744572,0.08454039,0.12474904,0.23753737,0.18656637,0.11525024,0.16719636,0.16441159,0.12858035,0.17903548,0.11209183,0.21737951,0.25367135,0.045641895,0.108825736,0.09116161,0.13405056,0.08265494,0.047308594,0.26249608,0.11478524,0.10993786,0.16508341,0.16177125,0.27352723,0.053142086,0.15407181,0.3827448,0.08970533,0.07912413,0.23239684,0.20737886,0.36574233,0.1590115,0.05406952,0.06508321,0.24095266,0.23694032,0.25266337,0.06850172,0.05043635,0.25955245,0.13043866,0.055737592,0.112549424,0.12699464,0.12251374,0.066441394,0.07638013,0.14626744,0.29524168,0.10391144,0.22926979,0.6305331,0.23573458,0.26341388,0.059653193,0.13603605,0.0740195,0.1578447,0.079515204,0.086181566,0.62362313,0.07461904,0.24130647,0.095611684,0.23443456,0.12893824,0.19015206,0.15646619,0.13023415,0.0623113,0.0841923,0.225667,0.15706038,0.19313301
parc-_8,24,3.9461383333333333,0.67990553,0.23213844,1.1236894,1.8108625,1.5883045,2.3417575,2.139118,1.8734614,1.6769799,1.7313111,1.9122112,1.5337377,2.4997535,2.1956918,2.2162056,2.1326084,1.903897,1.9676068,0.7766888,2.2011476,1.064177,1.7493696,1.9076756,1.9008307,2.0767808,1.3894272,1.5657079,2.23353,2.276084,1.6926907,2.107448,1.8048649,2.4968376,1.7052833,1.9477538,1.6587796,1.8628571,0.4989725,2.2512379,1.6675997,2.4085972,1.5121833,0.6098676,1.9646314,1.922054,2.2197871,1.9093331,2.0025542,2.094581,0.79547685,2.0491982,1.6188817,1.6426623,1.4043874,2.1631382,1.9424541,2.3597932,1.8961099,0.84042764,1.1478841,1.76538,2.1110759,1.6777415,1.165148,0.698549,2.2746325,1.9242021,0.8873583,2.2143557,2.2430143,2.1234765,1.1315159,1.4980568,1.769607,1.5179155,1.5990694,2.191466,1.7095561,2.3269362,1.8053324,0.8694067,2.0295627,1.4235337,1.9747473,1.2080418,1.7988852,1.8633183,1.2986095,1.8844678,1.6205542,2.2951257,1.9153717,1.9212224,1.6509719,1.673867,0.89720154,1.1949626,2.2621305,1.9054732,1.87294
parc-_9,0,0.01,0.01,0.01,0.01,0.01,0.01,0.01,0.01,0.01,0.01,0.01,0.01,0.01,0.01,0.01,0.01,0.01,0.01,0.01,0.01,0.01,0.01,0.01,0.01,0.01,0.01,0.01,0.01,0.01,0.01,0.01,0.01,0.01,0.01,0.01,0.01,0.01,0.01,0.01,0.01,0.01,0.01,0.01,0.01,0.01,0.01,0.01,0.01,0.01,0.01,0.01,0.01,0.01,0.01,0.01,0.01,0.01,0.01,0.01,0.01,0.01,0.01,0.01,0.01,0.01,0.01,0.01,0.01,0.01,0.01,0.01,0.01,0.01,0.01,0.01,0.01,0.01,0.01,0.01,0.01,0.01,0.01,0.01,0.01,0.01,0.01,0.01,0.01,0.01,0.01,0.01,0.01,0.01,0.01,0.01,0.01,0.01,0.01,0.01,0.01,0.01
parc-_9,3,0.28547,0.009100348,0.012344532,0.010340307,0.010646723,0.014044217,0.010894125,0.011319406,0.0105471285,0.01252554,0.016903581,0.009808296,0.012716378,0.011043549,0.010421424,0.011973225,0.010675262,0.009807889,0.014027193,0.01482664,0.015721262,0.0120042125,0.011125261,0.02280323,0.010308833,0.011509974,0.012851469,0.010628048,0.013825148,0.0103562055,0.011375757,0.01640352,0.012348813,0.011364272,0.011193878,0.010228863,0.010390137,0.012021759,0.010580726,0.013183053,0.015303576,0.011344671,0.010005943,0.010952412,0.014936123,0.014234209,0.018564707,0.011380791,0.011981604,0.010407981,0.011535212,0.012256813,0.010601666,0.011118882,0.01492797,0.01239978,0.01236537,0.010623228,0.014583822,0.010685559,0.01703412,0.013614323,0.011833006,0.011957217,0.012673389,0.009854245,0.02370264,0.010481996,0.015956322,0.014842735,0.011268614,0.01929484,0.012403046,0.016385036,0.012165002,0.015243813,0.015978264,0.013102044,0.012054727,0.010158073,0.013156473,0.012362836,0.013433299,0.013948374,0.015195178,0.009389408,0.010744846,0.013210921,0.012111557,0.01094187,0.010728703,0.010800186,0.01096648,0.012042904,0.010813085,0.019462131,0.010753776,0.012202282,0.01153012,0.011720577,0.015437616
parc-_9,6,2.1092063333333333,0.008283124,0.015246775,0.010695811,0.011339611,0.019737378,0.011872113,0.012822127,0.011128457,0.01569951,0.028534839,0.009622099,0.016181491,0.012203938,0.010863437,0.014344734,0.01139887,0.009621775,0.019681152,0.021996811,0.024717687,0.014419379,0.012383002,0.0516972,0.010630965,0.013256686,0.016525703,0.01129873,0.019125635,0.010730321,0.012950593,0.02691807,0.0152589055,0.01292105,0.012537413,0.010467465,0.010798252,0.014459414,0.011198966,0.017394822,0.023418862,0.012874807,0.010014503,0.012000514,0.02230842,0.020275988,0.03438098,0.012963303,0.014364621,0.010835183,0.013312326,0.015032494,0.0112449275,0.012368563,0.0222814,0.015382653,0.015297602,0.011289304,0.02128534,0.011423032,0.028978044,0.018545602,0.014009117,0.014304909,0.01606944,0.009711385,0.055655822,0.010990991,0.025464494,0.022038322,0.01270464,0.037123308,0.0153955715,0.026820716,0.01480871,0.023226028,0.025508575,0.017179014,0.014541759,0.010320892,0.017317874,0.01529231,0.018054793,0.019466907,0.023077672,0.008817004,0.011550659,0.017463362,0.014680583,0.011979291,0.011515327,0.011668297,0.012033627,0.014510686,0.011696113,0.037803486,0.011572248,0.014896313,0.013300598,0.013746072,0.023820844
parc-_9,9,3.7361166666666663,0.0075405287,0.01884359,0.011067361,0.012082522,0.027764581,0.01294256,0.014536207,0.011746594,0.019694366,0.048059624,0.009441206,0.02060835,0.013495984,0.011327286,0.017198775,0.012174666,0.009441422,0.027623584,0.03266447,0.038866088,0.017333837,0.01379021,0.11566563,0.010967161,0.015280128,0.021266308,0.012015341,0.026481336,0.011123576,0.014756171,0.04419906,0.018869411,0.0146993585,0.014051151,0.010716353,0.011225353,0.017401738,0.01185758,0.022979105,0.03583443,0.014617296,0.0100257015,0.013154917,0.033318527,0.028911794,0.063382976,0.0147802625,0.017234242,0.011282729,0.015371524,0.018451078,0.01193332,0.013765649,0.033249877,0.019094186,0.018936433,0.012001687,0.031101516,0.012217043,0.04918546,0.02528252,0.01659538,0.017124154,0.020388298,0.009571362,0.1278537,0.011528865,0.04064795,0.032738525,0.014331911,0.07103235,0.019128667,0.043831635,0.018041726,0.035361197,0.040666673,0.022546368,0.017556652,0.010488686,0.022810396,0.018928688,0.024283145,0.027190426,0.035021894,0.0082803015,0.012423287,0.023102945,0.017811675,0.013123287,0.012365197,0.01261076,0.013213388,0.017495064,0.0126557425,0.07314718,0.012462145,0.018195152,0.015351271,0.016133813,0.036729448
parc-_9,24,4.060608666666667,0.004724051,0.055240482,0.013202862,0.016713869,0.15798894,0.02006235,0.027680025,0.015499668,0.06256799,0.5582836,0.008609866,0.07067226,0.022634193,0.014024837,0.04336626,0.016998608,0.008618499,0.1518967,0.24368787,0.37124655,0.04431915,0.02386648,1.6063341,0.012891016,0.031598274,0.07663014,0.016426863,0.13872066,0.013428329,0.028852995,0.53102195,0.055650115,0.02833405,0.025162585,0.012137556,0.013687975,0.044559058,0.015877677,0.09574835,0.29713127,0.02780658,0.010122132,0.021002159,0.24614117,0.17662881,0.9044918,0.029063413,0.043587647,0.013870843,0.031917434,0.052405506,0.016205901,0.023740424,0.24255238,0.05710725,0.055882458,0.01640521,0.21645686,0.017236657,0.58735836,0.12199882,0.03924807,0.042709697,0.06817957,0.008911347,1.3285816,0.014729594,0.4201292,0.24071741,0.026488483,1.0813189,0.058076773,0.45772204,0.0494024,0.2779034,0.3848022,0.09034694,0.04595973,0.011409701,0.09219406,0.05594666,0.10918476,0.14847492,0.2704233,0.006056608,0.018047484,0.0958804,0.047933873,0.020951597,0.017796695,0.018718278,0.021357631,0.045237035,0.018893637,1.2687794,0.018291792,0.050140355,0.0318091,0.036547594,0.30675
