Treatments,Time,parc+_OD,sample_1,sample_2,sample_3,sample_4,sample_5,sample_6,sample_7,sample_8,sample_9,sample_10,sample_11,sample_12,sample_13,sample_14,sample_15,sample_16,sample_17,sample_18,sample_19,sample_20,sample_21,sample_22,sample_23,sample_24,sample_25,sample_26,sample_27,sample_28,sample_29,sample_30,sample_31,sample_32,sample_33,sample_34,sample_35,sample_36,sample_37,sample_38,sample_39,sample_40,sample_41,sample_42,sample_43,sample_44,sample_45,sample_46,sample_47,sample_48,sample_49,sample_50,sample_51,sample_52,sample_53,sample_54,sample_55,sample_56,sample_57,sample_58,sample_59,sample_60,sample_61,sample_62,sample_63,sample_64,sample_65,sample_66,sample_67,sample_68,sample_69,sample_70,sample_71,sample_72,sample_73,sample_74,sample_75,sample_76,sample_77,sample_78,sample_79,sample_80,sample_81,sample_82,sample_83,sample_84,sample_85,sample_86,sample_87,sample_88,sample_89,sample_90,sample_91,sample_92,sample_93,sample_94,sample_95,sample_96,sample_97,sample_98,sample_99,sample_100
parc+_4,0,0.01,0.01,0.01,0.01,0.01,0.01,0.01,0.01,0.01,0.01,0.01,0.01,0.01,0.01,0.01,0.01,0.01,0.01,0.01,0.01,0.01,0.01,0.01,0.01,0.01,0.01,0.01,0.01,0.01,0.01,0.01,0.01,0.01,0.01,0.01,0.01,0.01,0.01,0.01,0.01,0.01,0.01,0.01,0.01,0.01,0.01,0.01,0.01,0.01,0.01,0.01,0.01,0.01,0.01,0.01,0.01,0.01,0.01,0.01,0.01,0.01,0.01,0.01,0.01,0.01,0.01,0.01,0.01,0.01,0.01,0.01,0.01,0.01,0.01,0.01,0.01,0.01,0.01,0.01,0.01,0.01,0.01,0.01,0.01,0.01,0.01,0.01,0.01,0.01,0.01,0.01,0.01,0.01,0.01,0.01,0.01,0.01,0.01,0.01,0.01,0.01
parc+_4,3,0.01,0.061518118,0.061553583,0.062305037,0.067645326,0.053484663,0.06468918,0.054387756,0.06439041,0.060080495,0.05816961,0.056363903,0.057090826,0.05984598,0.058906265,0.058825675,0.056029882,0.06407629,0.053957995,0.057586093,0.050980046,0.060102124,0.05580756,0.05730842,0.05761683,0.05846305,0.068267226,0.061338477,0.05950633,0.06706365,0.049763635,0.059161957,0.0637914,0.059626743,0.061652396,0.05958365,0.06089101,0.05821028,0.05628001,0.060818497,0.06116781,0.06422619,0.058549907,0.06257173,0.06205977,0.06225972,0.054570198,0.056543835,0.054336734,0.058431823,0.055004437,0.059626903,0.06196707,0.060624864,0.0587481,0.059630934,0.061763924,0.05689839,0.05992414,0.054538984,0.06186597,0.06146214,0.051253743,0.058872372,0.052709337,0.05876058,0.05453168,0.055155225,0.057455692,0.062464815,0.061236452,0.06339649,0.055775605,0.060437188,0.060139384,0.055328004,0.06377392,0.054863382,0.056678522,0.06116655,0.058590975,0.05806029,0.059503574,0.054504544,0.05585524,0.057566755,0.06264093,0.059475813,0.05249591,0.055396475,0.058785725,0.06259515,0.062306695,0.05891242,0.054202385,0.056031242,0.05557204,0.060334913,0.052001834,0.061848085,0.063864015
parc+_4,6,0.01,0.35782993,0.35862955,0.36760274,0.42719677,0.27519765,0.39427432,0.28423995,0.38979894,0.34249797,0.3224274,0.30387998,0.31142792,0.34051812,0.32975566,0.32920942,0.30032566,0.38622862,0.27948174,0.31613964,0.25098595,0.3430549,0.29790622,0.3135456,0.31650642,0.32541856,0.43470702,0.35662657,0.33660474,0.42147088,0.2396961,0.33302048,0.3836918,0.3375563,0.35986626,0.3369521,0.35085094,0.32281137,0.30315682,0.3509538,0.35400182,0.38811287,0.32610592,0.36983967,0.36425012,0.36672562,0.28577805,0.30565646,0.283143,0.32534266,0.28997517,0.33794782,0.3630237,0.34840348,0.3285619,0.33823988,0.3611471,0.30996144,0.34123266,0.28525618,0.36168903,0.35826805,0.25383073,0.32983145,0.26760632,0.32894632,0.28523666,0.29183462,0.3155085,0.3687352,0.35501024,0.378543,0.29784474,0.34705624,0.34355408,0.2931104,0.38251966,0.28878102,0.30713078,0.35411143,0.32679012,0.3213604,0.3369017,0.28518075,0.2984037,0.31632966,0.3710603,0.3366262,0.26558936,0.2940022,0.32906917,0.37062222,0.36705062,0.33008415,0.2819206,0.30005494,0.29595914,0.34516805,0.2606365,0.36173797,0.38452563
parc+_4,9,0.01,1.584791,1.5974007,1.6561604,1.9075922,1.1862906,1.7821167,1.2354112,1.7375736,1.5152684,1.4201123,1.3297606,1.3695604,1.5169276,1.4476476,1.4513369,1.3086811,1.7202935,1.200793,1.384497,1.0585341,1.5248913,1.2930965,1.3774505,1.3873218,1.4331561,1.9454685,1.5951451,1.4915665,1.9048437,1.0011104,1.4755275,1.7226694,1.4892133,1.6067084,1.483217,1.5477822,1.4211317,1.3289027,1.5671607,1.5660977,1.7332592,1.4318304,1.651453,1.6259524,1.643738,1.2376057,1.3374047,1.2177714,1.4380932,1.2561438,1.499392,1.6156245,1.5450118,1.4517465,1.5061423,1.6141598,1.3731403,1.5178099,1.2306405,1.6044412,1.6094353,1.0784022,1.457127,1.1464267,1.4589996,1.2316293,1.2727561,1.3965495,1.6478534,1.5765096,1.6828243,1.2981719,1.5529995,1.5294594,1.269758,1.6963038,1.2545338,1.3467892,1.5692282,1.440518,1.416406,1.4999912,1.2357231,1.2959176,1.3936263,1.667106,1.4990729,1.1369596,1.2784346,1.4565976,1.6665128,1.641122,1.4547881,1.2137289,1.3014706,1.292205,1.5269493,1.1073403,1.6098806,1.7270001
parc+_4,24,0.01,4.6154184,4.714903,4.8936267,4.6803684,4.7969756,4.883284,4.85038,4.656644,4.6600604,4.7010903,4.738345,4.768133,4.806108,4.583763,4.6700163,4.683573,4.6479793,4.637054,4.634087,4.7357254,4.747764,4.6239448,4.7242975,4.649307,4.6762323,4.719582,4.8010755,4.7242146,4.86204,4.774074,4.74531,4.785841,4.6328077,4.7537456,4.5934753,4.570478,4.688289,4.786945,4.7954817,4.609098,4.6888113,4.6103544,4.7233806,4.73445,4.8009086,4.733196,4.7162313,4.6054664,4.7527666,4.6785965,4.740796,4.684655,4.675601,4.720162,4.8120713,4.7687497,4.9547915,4.7714343,4.6479907,4.631163,4.8768935,4.8790016,4.7079234,4.7821774,4.7964644,4.669304,4.815807,4.8726687,4.740911,4.673541,4.627941,4.7189755,4.8573933,4.7751627,4.637371,4.5816035,4.7648044,4.7492504,4.6389866,4.6848807,4.7245054,4.818292,4.7567015,4.629617,4.759691,4.8300896,4.824399,4.8062067,4.713823,4.753335,4.846683,4.7547574,4.65859,4.6481867,4.5835557,4.784871,4.6452584,4.7062955,4.688584,4.7900624
parc+_5,0,0.01,0.01,0.01,0.01,0.01,0.01,0.01,0.01,0.01,0.01,0.01,0.01,0.01,0.01,0.01,0.01,0.01,0.01,0.01,0.01,0.01,0.01,0.01,0.01,0.01,0.01,0.01,0.01,0.01,0.01,0.01,0.01,0.01,0.01,0.01,0.01,0.01,0.01,0.01,0.01,0.01,0.01,0.01,0.01,0.01,0.01,0.01,0.01,0.01,0.01,0.01,0.01,0.01,0.01,0.01,0.01,0.01,0.01,0.01,0.01,0.01,0.01,0.01,0.01,0.01,0.01,0.01,0.01,0.01,0.01,0.01,0.01,0.01,0.01,0.01,0.01,0.01,0.01,0.01,0.01,0.01,0.01,0.01,0.01,0.01,0.01,0.01,0.01,0.01,0.01,0.01,0.01,0.01,0.01,0.01,0.01,0.01,0.01,0.01,0.01,0.01
parc+_5,3,0.07401799999999999,0.02041697,0.01995632,0.023931986,0.02147542,0.024996174,0.020148342,0.01830487,0.022181496,0.020686427,0.019576117,0.023324123,0.020693528,0.01748876,0.021437615,0.018057799,0.022458594,0.018372724,0.017319322,0.02015914,0.021278767,0.021034105,0.019986393,0.019958908,0.020807816,0.022629596,0.019713288,0.022547513,0.02055814,0.021498173,0.020168489,0.019641249,0.021645924,0.019117426,0.01838834,0.020860499,0.020967714,0.016754255,0.020254163,0.021181189,0.020115998,0.01984957,0.021300057,0.02436721,0.016708856,0.019555444,0.020834561,0.020824324,0.02296601,0.019323317,0.017309666,0.019958096,0.022282824,0.02036324,0.019986315,0.01797415,0.023602013,0.019650904,0.020217806,0.021542601,0.02253117,0.022164477,0.019320123,0.018653365,0.020317592,0.020756355,0.021865599,0.01895301,0.019360363,0.02051731,0.016718695,0.019330468,0.021642536,0.02084893,0.02400094,0.02293859,0.020871352,0.017592257,0.018113226,0.020588242,0.020781776,0.024037702,0.019200101,0.020324718,0.020968342,0.019907964,0.017189452,0.02015783,0.019966813,0.02106334,0.020646997,0.023049707,0.02016639,0.021829711,0.022343652,0.020756382,0.020437717,0.020127675,0.021398026,0.018713603,0.02074039
parc+_5,6,0.30820533333333333,0.04159155,0.039740965,0.057026535,0.04598693,0.062171448,0.040507074,0.033456095,0.049044795,0.042683557,0.0382462,0.054195307,0.0427198,0.030549975,0.0458235,0.032563925,0.05027349,0.033706877,0.02996208,0.040555656,0.045153234,0.044132184,0.039859027,0.039750006,0.043189872,0.051033657,0.03878232,0.050665166,0.042160787,0.04607782,0.040588602,0.03850164,0.046721175,0.036484595,0.033761356,0.043402646,0.043851744,0.028043993,0.04093011,0.044742722,0.040375087,0.03932523,0.045248672,0.059122823,0.027890997,0.038169067,0.043298747,0.04325769,0.05255177,0.037269082,0.029929908,0.039750014,0.049490605,0.041373078,0.03986331,0.032261256,0.05547122,0.038535304,0.040784597,0.046269678,0.050591603,0.04897219,0.03726109,0.034738313,0.041188575,0.042980228,0.0476594,0.035859827,0.03741001,0.04200094,0.027925422,0.03729871,0.04670492,0.043360032,0.057367906,0.05244105,0.04345284,0.03091179,0.032763407,0.04228498,0.04308838,0.05754888,0.036798317,0.041214895,0.043851033,0.039549332,0.029515462,0.04054324,0.039779756,0.044251796,0.04252474,0.052942336,0.040581983,0.047511585,0.049765814,0.04297654,0.04166674,0.040425982,0.045668587,0.034964893,0.042909786
parc+_5,9,1.5117343333333333,0.08434095,0.078807734,0.13450563,0.09787509,0.15275994,0.08108254,0.060980152,0.107683256,0.087611414,0.07443359,0.12483092,0.08775876,0.053257182,0.09734551,0.05857914,0.11171966,0.061675556,0.051732752,0.081253886,0.09525627,0.092110485,0.07914975,0.07882845,0.08919204,0.11420593,0.07599336,0.11298084,0.086035095,0.098127864,0.0813293,0.07518193,0.10022979,0.06940095,0.06181292,0.08981841,0.09122315,0.046867404,0.082336254,0.09397719,0.08067656,0.07761643,0.09558554,0.14198643,0.046480034,0.07422571,0.08951757,0.08939843,0.11926072,0.07162278,0.051654298,0.078844436,0.10913207,0.083679505,0.079185285,0.0577582,0.12910105,0.075260766,0.08190435,0.0987469,0.11273471,0.10746007,0.071620144,0.064498655,0.08312438,0.088564664,0.10317256,0.06762787,0.07201941,0.08558562,0.04657178,0.07171758,0.10016854,0.089716405,0.13579364,0.1189763,0.090000466,0.054202087,0.05911477,0.08641817,0.08891374,0.13646883,0.07028469,0.08319137,0.09120319,0.07824285,0.05058545,0.08118086,0.078908406,0.09246754,0.087142624,0.12063215,0.08131874,0.10274233,0.110068925,0.088533275,0.08452207,0.080849476,0.09693157,0.0651385,0.08832408
parc+_5,24,4.676999666666666,1.879507,1.6556342,3.1897013,2.302307,3.5139601,1.7458782,1.000849,2.6172202,1.9400355,1.4883626,3.0755432,1.9974347,0.749464,2.2645895,0.9253183,2.7597036,1.036881,0.7002688,1.7890527,2.2196255,2.163789,1.6598701,1.6486396,2.041533,2.7938108,1.5480862,2.7501347,1.9030502,2.2609408,1.7603962,1.5250635,2.4205432,1.3188367,1.0311495,2.0245411,2.1034474,0.556822,1.7801713,2.181833,1.7132386,1.6537328,2.276145,3.5030422,0.5427595,1.4996737,2.0403056,2.046074,2.916601,1.3874905,0.70079273,1.6700342,2.6531518,1.8497592,1.6913271,0.88854325,3.0417962,1.5046477,1.7687464,2.29812,2.738359,2.6303847,1.4112786,1.1268795,1.8285054,2.0408957,2.4303472,1.2419895,1.3939514,1.9362434,0.5485574,1.4027305,2.403848,2.0621874,3.3504732,3.043808,2.070857,0.7804327,0.94337255,1.9253798,2.0801997,3.4263184,1.3438023,1.814029,2.0770369,1.6343741,0.6647948,1.7370464,1.6415395,2.1554232,1.9448987,3.0394764,1.7724005,2.482657,2.7371337,2.010388,1.823266,1.7481877,2.3637445,1.162009,1.9960282
parc+_6,0,0.01,0.01,0.01,0.01,0.01,0.01,0.01,0.01,0.01,0.01,0.01,0.01,0.01,0.01,0.01,0.01,0.01,0.01,0.01,0.01,0.01,0.01,0.01,0.01,0.01,0.01,0.01,0.01,0.01,0.01,0.01,0.01,0.01,0.01,0.01,0.01,0.01,0.01,0.01,0.01,0.01,0.01,0.01,0.01,0.01,0.01,0.01,0.01,0.01,0.01,0.01,0.01,0.01,0.01,0.01,0.01,0.01,0.01,0.01,0.01,0.01,0.01,0.01,0.01,0.01,0.01,0.01,0.01,0.01,0.01,0.01,0.01,0.01,0.01,0.01,0.01,0.01,0.01,0.01,0.01,0.01,0.01,0.01,0.01,0.01,0.01,0.01,0.01,0.01,0.01,0.01,0.01,0.01,0.01,0.01,0.01,0.01,0.01,0.01,0.01,0.01
parc+_6,3,0.134274,0.040326387,0.039505802,0.042970352,0.035266865,0.038739726,0.040063493,0.04116008,0.044941258,0.03968016,0.041739777,0.03738529,0.04167133,0.040392622,0.041453194,0.037547745,0.04370117,0.037239943,0.043358043,0.041133292,0.04192464,0.041556217,0.041936398,0.04111476,0.04503754,0.039443694,0.041693334,0.041138917,0.039289877,0.045497734,0.03879382,0.0383095,0.03611449,0.03801038,0.04180388,0.04106592,0.03889794,0.039370254,0.04270452,0.040338665,0.03864053,0.038408037,0.04068676,0.041529894,0.038930297,0.038719058,0.043395568,0.04088637,0.042051494,0.036702897,0.04265827,0.042373333,0.04000339,0.040954504,0.039492305,0.041237146,0.03795994,0.03783725,0.040963843,0.042329866,0.042941153,0.034800045,0.037440304,0.04359426,0.037354566,0.038828194,0.039631158,0.04430902,0.038762458,0.040331144,0.039600994,0.04135033,0.042480934,0.04582075,0.039743513,0.03773537,0.04289559,0.03869879,0.04211547,0.039120197,0.04166109,0.03874878,0.043214604,0.039254095,0.038426664,0.041095674,0.040554896,0.03600053,0.046115834,0.040694375,0.042451907,0.038437042,0.042874344,0.04282607,0.038713377,0.042243082,0.040666442,0.042159818,0.038861137,0.04319241,0.041744683
parc+_6,6,0.6815060000000001,0.15934516,0.15311807,0.18041208,0.12275828,0.14749691,0.15780716,0.16605897,0.19700976,0.15480715,0.17056765,0.13757744,0.17011233,0.16020456,0.16836055,0.13883498,0.1867047,0.13672802,0.1836378,0.16590835,0.17215963,0.16941091,0.1723185,0.16577712,0.19780304,0.15293293,0.1701566,0.16606578,0.15155801,0.20194381,0.14782171,0.14422508,0.12860596,0.14213611,0.17106155,0.16528177,0.14857513,0.15226799,0.17837419,0.1597613,0.14675523,0.14514044,0.16226462,0.16898447,0.14908135,0.14730598,0.18444248,0.1635549,0.17319345,0.13281484,0.17770717,0.17571977,0.15715918,0.16439119,0.15312222,0.16678444,0.14170666,0.14076234,0.16489145,0.17513987,0.18037759,0.119385794,0.13802837,0.1859357,0.13736433,0.14826386,0.15406762,0.19180354,0.14771841,0.15962744,0.15401812,0.16745703,0.17657724,0.20453066,0.15476182,0.13993767,0.18010901,0.14699347,0.1735301,0.15046272,0.16985907,0.14768164,0.18245819,0.1513202,0.14519694,0.1653597,0.16163956,0.12777972,0.20698544,0.16247024,0.1762109,0.14527857,0.1798385,0.17929186,0.14724521,0.17458233,0.16220571,0.17411095,0.14839287,0.18215594,0.17088121
parc+_6,9,2.110955333333333,0.58349717,0.55316037,0.69139856,0.4088944,0.52727914,0.5831562,0.62067544,0.78021586,0.5670259,0.6423466,0.4788518,0.6414491,0.59310055,0.6321916,0.48611525,0.7284768,0.47744277,0.7087491,0.6208506,0.65233487,0.6412705,0.65418714,0.62041026,0.783902,0.55646163,0.63959944,0.6234342,0.54647696,0.8091604,0.52775854,0.5099924,0.4364101,0.5012883,0.6445925,0.6161491,0.5311315,0.551523,0.6830168,0.5904601,0.52356774,0.51716083,0.6000761,0.6356213,0.53747576,0.52580404,0.72124857,0.602516,0.65790963,0.45744407,0.6748751,0.66984147,0.5770439,0.61137986,0.5547495,0.6262248,0.49834216,0.49306178,0.6206246,0.663188,0.6945634,0.39066032,0.4817813,0.7264724,0.47793275,0.5326259,0.5578578,0.7554179,0.5291266,0.58863103,0.5602732,0.6261842,0.67404866,0.81920594,0.5589529,0.4879083,0.6948941,0.5219613,0.6567991,0.5437099,0.6374424,0.529889,0.7026651,0.5457641,0.5162778,0.61413485,0.6031157,0.43207404,0.8302357,0.6033704,0.6700392,0.5167489,0.691895,0.6865701,0.52524084,0.6626056,0.6013058,0.66338915,0.53156674,0.6991401,0.6483333
parc+_6,24,4.845048666666667,4.4557924,4.491864,4.6261272,4.76433,4.691016,5.250482,4.7877855,4.844158,5.126475,4.6909013,4.669494,4.809642,4.989641,4.776827,4.856698,4.9535766,5.13499,4.6867266,4.875681,4.849977,5.123681,4.9396563,4.89736,4.8198514,4.977369,4.6361933,5.0515995,4.5991426,5.0256104,4.554301,4.524674,4.7542133,4.72104,4.670506,4.7320437,4.5179596,4.7772527,4.7682366,4.9451804,4.6816616,4.8886433,4.645921,4.8004575,5.005127,4.623501,5.2973475,4.304153,4.8754096,4.934766,4.436078,4.7970448,4.90807,4.7054653,4.661323,4.9650145,4.5999346,4.5024204,5.403033,4.5203767,4.8634186,4.203177,4.7884645,5.0965714,4.686534,4.896253,4.4946604,4.9832745,4.7887864,4.8209476,4.7840886,4.6513095,4.783978,4.8375883,4.270321,4.3453493,4.994243,4.3509517,4.648723,4.9204493,4.5833097,4.9157796,4.682898,4.6516275,4.7270036,4.5211735,5.304766,4.670765,4.7516637,4.8659735,4.623692,4.7366376,4.870979,4.686564,4.590725,4.685036,4.792645,4.9417944,4.6769075,4.552615,5.077013
parc+_7,0,0.01,0.01,0.01,0.01,0.01,0.01,0.01,0.01,0.01,0.01,0.01,0.01,0.01,0.01,0.01,0.01,0.01,0.01,0.01,0.01,0.01,0.01,0.01,0.01,0.01,0.01,0.01,0.01,0.01,0.01,0.01,0.01,0.01,0.01,0.01,0.01,0.01,0.01,0.01,0.01,0.01,0.01,0.01,0.01,0.01,0.01,0.01,0.01,0.01,0.01,0.01,0.01,0.01,0.01,0.01,0.01,0.01,0.01,0.01,0.01,0.01,0.01,0.01,0.01,0.01,0.01,0.01,0.01,0.01,0.01,0.01,0.01,0.01,0.01,0.01,0.01,0.01,0.01,0.01,0.01,0.01,0.01,0.01,0.01,0.01,0.01,0.01,0.01,0.01,0.01,0.01,0.01,0.01,0.01,0.01,0.01,0.01,0.01,0.01,0.01,0.01
parc+_7,3,0.24476966666666666,0.08221884,0.09656085,0.08184093,0.09870303,0.077067636,0.09090231,0.09340574,0.10166363,0.099297024,0.08295016,0.08367431,0.08304225,0.089922495,0.07684004,0.09270294,0.101439245,0.084513605,0.08320681,0.09569075,0.07603275,0.10047878,0.09105716,0.08028454,0.088917725,0.074268855,0.07011532,0.086600475,0.097477585,0.07892847,0.08247158,0.0796472,0.09343391,0.09250851,0.09573989,0.06706021,0.07606195,0.095499374,0.0888963,0.094425544,0.07293784,0.087424405,0.0715162,0.0783357,0.07807088,0.08853541,0.07611787,0.08975761,0.08043375,0.09684605,0.093994915,0.0967207,0.09924516,0.079978034,0.08433175,0.083349966,0.096812345,0.091969356,0.072431356,0.07677312,0.08355669,0.07545524,0.08744235,0.092250645,0.09877885,0.07015869,0.07670003,0.082580134,0.09494388,0.08317066,0.072826326,0.07281978,0.101221725,0.076967776,0.08166652,0.07531336,0.09505725,0.08487504,0.10546681,0.079482585,0.08630773,0.08536049,0.08602317,0.09913461,0.093221515,0.09454681,0.091652445,0.07674757,0.07757246,0.087102965,0.085924655,0.084472604,0.092427544,0.101150975,0.09051277,0.10157676,0.08153067,0.085514285,0.089968316,0.08960748,0.0958481
parc+_7,6,0.9902583333333334,0.6083223,0.7908882,0.60565025,0.82545596,0.53940046,0.71708995,0.77009284,0.8828108,0.83957183,0.6162638,0.6250557,0.61291784,0.70750976,0.5323752,0.7326578,0.86614007,0.6379318,0.623857,0.7881344,0.5273716,0.84928465,0.7254492,0.5821835,0.70153886,0.5047403,0.4537764,0.6602616,0.81129545,0.5622534,0.60631156,0.56970364,0.74553066,0.73875594,0.7866779,0.41948095,0.52742743,0.7889499,0.6931801,0.77617145,0.48475492,0.6788556,0.46846882,0.5543719,0.54923993,0.69954973,0.52683115,0.7086979,0.5799793,0.8044015,0.7600549,0.81189215,0.81978685,0.57583594,0.63738126,0.62361175,0.80283284,0.7351047,0.48204833,0.5345973,0.6263955,0.5228604,0.67100877,0.735238,0.82462716,0.4560096,0.53614116,0.6046294,0.77650344,0.6097904,0.48744497,0.4858781,0.87276125,0.5339568,0.6005257,0.5152039,0.776974,0.6463066,0.930026,0.56785256,0.6630829,0.6432457,0.65744805,0.85201925,0.7578602,0.7590903,0.73700845,0.532146,0.54165643,0.66646236,0.6445008,0.6366735,0.7393897,0.8688276,0.7203268,0.87595886,0.5978792,0.64758086,0.6979477,0.70307267,0.79502887
parc+_7,9,2.126059,2.6027596,2.9213638,2.6391923,3.06657,2.311815,2.7960193,3.2526975,3.4179451,3.181785,2.5970223,2.611377,2.503942,2.8313315,2.2083764,2.7044716,3.1828592,2.6846452,2.702998,3.0539973,2.2865403,3.1019888,2.920816,2.4964755,2.9523225,2.186486,1.9693536,2.6554148,3.0793555,2.3792484,2.4975011,2.3729925,2.7783403,2.8485892,3.0172615,1.8542368,2.280593,3.1119761,2.784957,3.1189728,2.0377965,2.8432403,1.989648,2.3451493,2.2939558,3.0093734,2.253032,2.8935976,2.411402,3.0935361,2.915538,3.2615314,2.876749,2.4289591,2.7184255,2.6602063,3.0730414,2.8984742,2.0933707,2.273155,2.6700656,2.3253176,2.6783278,2.8397064,3.0379043,2.013682,2.3269002,2.438412,3.0069351,2.4132717,2.1267285,2.0909576,3.3396604,2.2138145,2.5659344,2.1788914,2.990871,2.7789774,3.395152,2.3712528,2.783458,2.5954583,2.7330105,3.448048,3.0476599,2.7886715,3.009629,2.2244008,2.2434871,2.6650312,2.4986663,2.6674552,2.877392,3.2870853,2.9479394,3.3173742,2.54032,2.6482248,2.6449206,2.8165672,3.1458402
parc+_7,24,5.3073820000000005,4.698336,4.1975884,4.8830853,4.375621,4.458275,4.3067317,5.243129,4.930825,4.5823417,4.577049,4.5285826,4.2742586,4.480295,4.1060777,3.9643736,4.4569006,4.6506925,4.8922515,4.547641,4.543019,4.3468404,4.606669,4.620438,4.913829,4.460201,4.3434005,4.328907,4.479862,4.409563,4.322259,4.283496,4.081717,4.307557,4.4607754,4.528105,4.5130353,4.696443,4.454827,4.802035,4.0748034,4.7724805,4.133853,4.3771915,4.2326994,5.1281548,4.3915243,4.660273,4.3056,4.554054,4.353763,4.95011,3.9630556,4.4288664,4.781666,4.7282147,4.510802,4.4704623,4.422176,4.35838,4.7316866,4.8284745,4.3090568,4.30609,4.3114843,4.5667753,4.583813,4.129429,4.494718,3.99398,4.492326,4.329062,4.7936006,4.1070094,4.6538906,4.2358394,4.449614,4.901769,4.659583,4.300486,4.7289815,4.287881,4.6128087,5.187353,4.7316465,4.034678,4.7802315,4.1785507,4.1256566,4.3057766,3.9706094,4.6024904,4.3822503,4.6875696,4.7299123,4.7242846,4.5863204,4.4225345,4.0135994,4.4710193,4.7482605
parc+_8,0,0.01,0.01,0.01,0.01,0.01,0.01,0.01,0.01,0.01,0.01,0.01,0.01,0.01,0.01,0.01,0.01,0.01,0.01,0.01,0.01,0.01,0.01,0.01,0.01,0.01,0.01,0.01,0.01,0.01,0.01,0.01,0.01,0.01,0.01,0.01,0.01,0.01,0.01,0.01,0.01,0.01,0.01,0.01,0.01,0.01,0.01,0.01,0.01,0.01,0.01,0.01,0.01,0.01,0.01,0.01,0.01,0.01,0.01,0.01,0.01,0.01,0.01,0.01,0.01,0.01,0.01,0.01,0.01,0.01,0.01,0.01,0.01,0.01,0.01,0.01,0.01,0.01,0.01,0.01,0.01,0.01,0.01,0.01,0.01,0.01,0.01,0.01,0.01,0.01,0.01,0.01,0.01,0.01,0.01,0.01,0.01,0.01,0.01,0.01,0.01,0.01
parc+_8,3,0.15621433333333334,0.08950878,0.082463026,0.106414765,0.080270305,0.0873304,0.09421503,0.08616468,0.10087058,0.10733283,0.09083761,0.09948926,0.08081037,0.09247197,0.098944835,0.08494178,0.10174042,0.08077979,0.08541708,0.088627145,0.096397884,0.09518581,0.09302117,0.102479555,0.08961693,0.096231125,0.098656036,0.124147885,0.09848037,0.07746614,0.09485012,0.09816624,0.09351441,0.09622817,0.07565456,0.10494849,0.08994187,0.110174514,0.08773024,0.08165725,0.09873459,0.10089893,0.104776055,0.0928248,0.081095144,0.07951718,0.10214238,0.10053554,0.09513285,0.08270807,0.09807945,0.10652259,0.09971083,0.11045853,0.080697976,0.07593562,0.107818484,0.06279608,0.086609475,0.1006889,0.10398342,0.08917659,0.085125424,0.10142182,0.094040684,0.082864724,0.0837956,0.09469041,0.08656535,0.0962701,0.10289538,0.09625169,0.077483475,0.10534451,0.07109661,0.08601899,0.10119743,0.085583985,0.09252846,0.096706055,0.0794042,0.100401886,0.09051216,0.08728,0.07182994,0.07795715,0.08781852,0.075,0.11629634,0.09886504,0.08770543,0.083260015,0.08464719,0.08513768,0.10269059,0.08135869,0.09233547,0.08889823,0.09071074,0.079158455,0.09076801
parc+_8,6,1.0823113333333334,0.6859897,0.58636177,0.9301901,0.5581778,0.6540934,0.75333184,0.6392516,0.82407624,0.9188434,0.70268804,0.82374597,0.5709478,0.73448014,0.80323887,0.6308023,0.83860123,0.5742093,0.6407725,0.66092247,0.7696282,0.7466001,0.73271805,0.8515145,0.6728518,0.787469,0.81067735,1.121161,0.8042789,0.54234344,0.7691592,0.7964622,0.7423838,0.77743363,0.51766115,0.8876009,0.6920099,0.99791926,0.65182674,0.5821952,0.80279493,0.8360121,0.891569,0.71947813,0.5808778,0.54668975,0.8329098,0.83363205,0.7542463,0.60886234,0.809918,0.9072333,0.8169953,0.9794589,0.5735207,0.51478654,0.9173693,0.3653509,0.6487615,0.840705,0.87551016,0.66986954,0.63204473,0.8335332,0.74604005,0.6099407,0.61086404,0.7554123,0.64977515,0.7763736,0.85761887,0.77201706,0.53624934,0.89648074,0.45748925,0.6428253,0.8387923,0.63265896,0.7277825,0.7901708,0.5566601,0.837495,0.7004139,0.65063024,0.46422195,0.5405065,0.659128,0.5071136,1.0378737,0.7916064,0.66421586,0.6062464,0.6255443,0.61833197,0.84974164,0.583439,0.72506666,0.6803541,0.7040138,0.5604174,0.6870687
parc+_8,9,2.301739,2.5292392,2.1297452,3.2192323,2.0328221,2.3976243,2.757672,2.36038,2.679201,2.9266963,2.5600572,2.8926659,2.1571252,2.780457,2.6926954,2.4453075,2.737698,2.2221496,2.5344846,2.2879782,2.627535,2.4965858,2.6468294,2.7939594,2.308652,2.9296935,2.8444881,2.9948907,2.7812088,2.2829556,2.8974,2.7217839,2.711244,2.7701416,2.1553297,2.8870525,2.549041,3.508302,2.2941358,2.2006717,2.719312,2.8317816,2.96405,2.480317,2.285438,1.9679717,2.6129043,2.8577116,2.611479,2.4963157,2.9367936,2.9015174,2.760169,3.2093763,2.2252822,2.0363953,2.8434727,1.4956529,2.4401622,2.932861,2.877175,2.3336065,2.4312627,2.7195861,2.6738384,2.4829495,2.3088481,2.7040105,2.4663942,2.7467186,2.8104978,2.6853435,2.1501696,2.9403586,1.8394912,2.4494464,2.8222792,2.35461,2.6573873,2.8818722,2.161599,2.9358108,2.5824819,2.3502817,1.8334928,2.1378884,2.3934205,2.0723393,3.0703053,2.5537057,2.4991567,2.3286057,2.4077399,2.1983979,2.7410793,2.2809942,2.6489348,2.548883,2.6051464,2.2867332,2.336384
parc+_8,24,4.6607829999999995,3.7745888,3.297566,4.2859964,3.209117,3.612841,3.9877632,3.6038527,3.5282738,3.7429047,3.7596812,3.9824443,3.4976327,4.151406,3.6252925,3.9156132,3.6016355,3.682525,4.1125617,3.290443,3.6089673,3.4081612,3.81934,3.6752322,3.284084,4.2355337,3.9281423,3.4872897,3.813149,4.283965,4.253534,3.7128482,3.9293246,3.9011753,4.0892024,3.7524025,3.7916188,4.6478,3.3522959,3.543768,3.6838353,3.8044162,3.8932219,3.4816713,3.8347054,3.0960677,3.3710687,3.8681095,3.6354706,4.290149,4.142646,3.725756,3.7199771,4.1174803,3.699407,3.62924,3.5911381,3.523177,3.766495,4.0039334,3.7686527,3.3594344,3.8626027,3.5807154,3.8192255,4.231161,3.6533606,3.8468359,3.835153,3.851378,3.6897082,3.7292254,3.8185887,3.8313134,3.5688004,3.835669,3.7748206,3.631441,3.871382,4.1058617,3.641168,4.022915,3.830769,3.5058515,3.440395,3.7230177,3.5711956,3.8782592,3.7374108,3.3741138,3.8293605,3.7508698,3.8416202,3.2874572,3.57484,3.7952552,3.8645642,3.8623974,3.8694003,4.0596313,3.286034
parc+_9,0,0.01,0.01,0.01,0.01,0.01,0.01,0.01,0.01,0.01,0.01,0.01,0.01,0.01,0.01,0.01,0.01,0.01,0.01,0.01,0.01,0.01,0.01,0.01,0.01,0.01,0.01,0.01,0.01,0.01,0.01,0.01,0.01,0.01,0.01,0.01,0.01,0.01,0.01,0.01,0.01,0.01,0.01,0.01,0.01,0.01,0.01,0.01,0.01,0.01,0.01,0.01,0.01,0.01,0.01,0.01,0.01,0.01,0.01,0.01,0.01,0.01,0.01,0.01,0.01,0.01,0.01,0.01,0.01,0.01,0.01,0.01,0.01,0.01,0.01,0.01,0.01,0.01,0.01,0.01,0.01,0.01,0.01,0.01,0.01,0.01,0.01,0.01,0.01,0.01,0.01,0.01,0.01,0.01,0.01,0.01,0.01,0.01,0.01,0.01,0.01,0.01
parc+_9,3,0.168615,0.057800975,0.044140432,0.054172374,0.060563255,0.07323567,0.066095605,0.057091698,0.048860166,0.06454272,0.06647949,0.06247038,0.06680974,0.060924325,0.048437197,0.06876697,0.063682914,0.054924984,0.06143107,0.049026914,0.060487345,0.07041079,0.0437141,0.06458768,0.03983302,0.05114162,0.06882454,0.053488765,0.05330079,0.06000066,0.04785022,0.064202204,0.06297942,0.05366555,0.06833022,0.047834408,0.03407158,0.06092802,0.049755026,0.07801833,0.07259794,0.059856024,0.054941475,0.05539394,0.060910698,0.0625374,0.060791813,0.06369025,0.06355941,0.059154913,0.05463166,0.042563133,0.04770026,0.05966978,0.064435355,0.039614677,0.063541405,0.0528244,0.06620374,0.03213469,0.05412467,0.054750096,0.064488895,0.07074636,0.05372342,0.054176144,0.04552409,0.057462264,0.06731351,0.05445109,0.07000945,0.075744845,0.06026982,0.06179088,0.06877587,0.066074334,0.069370024,0.066203155,0.044579178,0.09136222,0.051989213,0.07136038,0.06028092,0.040042233,0.07067322,0.056018405,0.048784323,0.06855654,0.046501167,0.06931983,0.07934841,0.048393223,0.06198314,0.04406026,0.065001495,0.05703167,0.049169865,0.064233154,0.052468136,0.069059104,0.058126207
parc+_9,6,0.9808776666666666,0.31496847,0.18925858,0.27937156,0.3452449,0.49394727,0.4036576,0.31029323,0.22962403,0.389135,0.41203126,0.37092268,0.41332933,0.35064504,0.22605859,0.44049165,0.37783796,0.28895375,0.35712868,0.23099202,0.3466371,0.45686188,0.1865014,0.38910955,0.1553797,0.25254738,0.43922982,0.27362105,0.27311867,0.33879542,0.22202714,0.38345796,0.37272075,0.27343798,0.4337446,0.22143054,0.11465405,0.3494912,0.23892403,0.55279976,0.4842324,0.33985323,0.28812778,0.29293624,0.3517725,0.3664308,0.34878725,0.38232586,0.3768225,0.33148783,0.2847867,0.17688517,0.22042917,0.33635083,0.39010596,0.15403974,0.38018712,0.26732007,0.40801662,0.102236405,0.2811881,0.28528702,0.38542852,0.4672166,0.27616385,0.2823298,0.20118847,0.3116908,0.42186305,0.28378218,0.4517612,0.5234706,0.34198296,0.35792693,0.43723297,0.40496224,0.44096386,0.40863308,0.1937907,0.72058034,0.26036865,0.47004163,0.34318474,0.15712553,0.46173283,0.29871434,0.2293784,0.43295488,0.21010534,0.44270182,0.5658638,0.22647546,0.36162207,0.18919635,0.39455634,0.31047702,0.2330596,0.39086512,0.26487935,0.43871686,0.3214953
parc+_9,9,2.827508333333333,1.3121803,0.7234267,1.1573956,1.4789612,2.1832423,1.6915386,1.340351,0.916502,1.6854216,1.8057489,1.7056797,1.7619636,1.535026,0.9028461,1.9685282,1.6013682,1.2463577,1.5866784,0.9209124,1.530465,1.9735482,0.7222032,1.674776,0.56107914,1.0673474,1.9225959,1.146487,1.1699718,1.439945,0.90415746,1.6236124,1.6308256,1.1106153,1.9055599,0.89284736,0.3705091,1.5054005,0.9840398,2.3870232,2.1052718,1.4972819,1.2225327,1.252057,1.5672581,1.573225,1.5174294,1.7112529,1.6035632,1.4377545,1.2008257,0.66987157,0.891184,1.4493288,1.7347323,0.5591575,1.6910808,1.1176395,1.7707177,0.3153288,1.2107246,1.1904968,1.6094298,2.1515665,1.1640292,1.2295216,0.7882061,1.3004087,1.8532621,1.2111343,1.946004,2.2659488,1.4611797,1.5270921,1.8855568,1.7263417,1.8397955,1.786032,0.7608238,2.7623975,1.1030678,2.0640583,1.4883889,0.57190496,2.028707,1.2705988,0.92298335,1.8344644,0.842283,1.8905936,2.359363,0.91939664,1.5760998,0.73301965,1.7149117,1.3576792,0.9449018,1.8057942,1.124502,1.8564197,1.4055095
parc+_9,24,4.296703666666667,3.7717392,3.953991,3.8763027,4.1058683,4.66829,3.8350272,4.404519,3.8132503,4.228133,4.402267,5.291371,4.048936,4.437833,3.908093,4.7051773,3.9385443,4.591871,4.674236,3.7602098,4.602598,4.294966,4.6124053,4.143463,4.190586,4.755648,4.421221,4.153006,4.671392,4.0021644,4.588146,3.930148,4.3829117,3.5888996,4.4604664,4.297172,4.534554,4.180423,4.379681,4.5860715,4.4416933,4.594608,4.247063,4.34683,4.7481394,4.1105113,4.339941,4.735539,3.9898846,4.351779,4.1563663,4.3787117,4.414552,4.22177,4.6174335,4.6467867,4.634478,4.1898437,4.266493,4.691615,4.662732,3.956489,3.7673151,5.1887546,4.2459607,4.9369893,4.193686,3.8040447,4.444383,4.4194765,4.2495623,4.511938,4.0737,4.0289726,4.231349,4.036656,3.8708718,4.362557,4.6875896,4.1896863,4.6342807,4.5257826,4.305463,4.396748,4.5137625,4.1998563,4.011585,4.0171914,4.5672646,4.128463,4.2784705,4.33132,4.3390784,4.4448776,4.278012,4.653638,4.1118007,5.3009496,4.5950675,4.01579,4.557142
