Experiments,AC_OD<--AC_OD,AC_OD<--BA_OD,AC_OD<--BC_OD,AC_OD<--BL_OD,AC_OD<--BT_OD,AC_OD<--BV_OD,AC_OD<--CC_OD,AC_OD<--DF_OD,AC_OD<--wt_OD,AC_OD<--pH,AC_OD,BA_OD,BC_OD,BL_OD,BT_OD,BV_OD,CC_OD,DF_OD,wt_OD,delarc_OD,parc-_OD,parc+_OD,pH
5comm11wtaTc_1,0.09836163534742332,0.053108500509482355,-0.04579597848750976,0.002531865452942642,-0.0079946047861291,-0.02230973245818978,-0.028915457493909027,-0.01788767442917047,-0.013893603965964006,-0.02646975718762563,1.0,1.0,1.0,1.0,1.0,1.0,1.0,1.0,1.0,0.0,0.0,0.0,0.0997489321824637
5comm11wtaTc_2,0.10434476314031559,0.05003776435942754,-0.040511671291745224,0.004839237597973452,-0.006453133521844511,-0.02050505336536014,-0.034559341806756405,-0.037986583265921345,-0.007002317711063052,-0.021468471290300717,1.0,1.0,1.0,1.0,1.0,1.0,1.0,1.0,1.0,0.0,0.0,0.0,0.0997489321824637
5comm11wtaTc_3,0.11551662868779636,0.059757236882072434,-0.04111493987881618,0.016305506522564784,-0.020499798197137275,-0.03250600798136514,-0.03587658790466578,-0.034255617084386555,-0.0063212589109721455,-0.03026996951388275,1.0,1.0,1.0,1.0,1.0,1.0,1.0,1.0,1.0,0.0,0.0,0.0,0.0997489321824637
5comm11wtaTc_4,0.09655593757234189,0.053950995767246115,-0.04016318894112888,0.028081480229030488,-0.00023566540168679337,-0.028967972287665237,-0.04222557662459819,-0.036025336694134324,-0.0047096233766364,-0.035525857398043495,1.0,1.0,1.0,1.0,1.0,1.0,1.0,1.0,1.0,0.0,0.0,0.0,0.0997489321824637
6comm11wtaTc_1,0.10912313870113825,0.04482742519320354,-0.031578215383317156,0.013175796390227647,-0.0013119950307452159,-0.02762024517616499,-0.025962326008340586,-0.02345515821453021,-0.008277080003982005,0.0012993695716495073,1.0,1.0,1.0,1.0,1.0,1.0,1.0,1.0,1.0,0.0,0.0,0.0,0.294943607271727
6comm11wtaTc_2,0.11661473848735508,0.05983946071046849,-0.03185857532302971,0.025057779676888305,-0.010965578802253892,-0.02957038922316354,-0.025967077669566088,-0.020021892037728556,-0.031434111898036105,-0.0014736438817952,1.0,1.0,1.0,1.0,1.0,1.0,1.0,1.0,1.0,0.0,0.0,0.0,0.294943607271727
6comm11wtaTc_3,0.09418349827437296,0.07347504738556303,-0.03563579972023549,0.02417581582846849,0.00023474256953467297,-0.025114943913143617,-0.030606823626743707,-0.028280934409602825,-0.02871684148745693,0.006506949138382203,1.0,1.0,1.0,1.0,1.0,1.0,1.0,1.0,1.0,0.0,0.0,0.0,0.294943607271727
6comm11wtaTc_4,0.11825049700134473,0.05873062903790371,-0.04206351745549752,0.028323792327681317,-0.012366895662701648,-0.04097202607147072,-0.013332648482983525,-0.004321957041064034,-0.03450986462766709,-0.007517298986406429,1.0,1.0,1.0,1.0,1.0,1.0,1.0,1.0,1.0,0.0,0.0,0.0,0.294943607271727
7comm11wtaTc_1,0.1258578329047431,0.06879770619227832,-0.04325004924574623,-0.010577883304137246,0.0018777625473297146,-0.03296949262042409,-0.036668522926452354,-0.00010686738011629691,-0.06889029235457596,0.019201140358396197,1.0,1.0,1.0,1.0,1.0,1.0,1.0,1.0,1.0,0.0,0.0,0.0,0.5477367110758552
7comm11wtaTc_2,0.13050935876434266,0.09389788455775248,-0.039413934743598764,0.0040961408566521544,-0.022001456789996317,-0.03399234340242718,-0.03864075843244791,-0.0223173496613036,-0.07675665303578844,0.02789044605811005,1.0,1.0,1.0,1.0,1.0,1.0,1.0,1.0,1.0,0.0,0.0,0.0,0.5477367110758552
7comm11wtaTc_3,0.12379749140661699,0.08920958453708368,-0.04189096009925657,0.009183714705640856,-0.011216407769724079,-0.0425127020964156,-0.04443144812856033,-0.0313414870072966,-0.04695844816286926,0.01943199678607609,1.0,1.0,1.0,1.0,1.0,1.0,1.0,1.0,1.0,0.0,0.0,0.0,0.5477367110758552
7comm11wtaTc_4,0.11379578630399441,0.07603805434120735,-0.03808703977128732,0.0074125145424319356,-0.017484559808736266,-0.02977920869608288,-0.023961361612638697,-0.00727556670651488,-0.07163770084309838,0.014250416422019834,1.0,1.0,1.0,1.0,1.0,1.0,1.0,1.0,1.0,0.0,0.0,0.0,0.5477367110758552
8comm11wtaTc_1,0.14808336609731546,0.05034737891962995,-0.04752548578802658,0.01508481210988501,-0.016980446031236135,-0.031820450397613255,-0.016957951416463956,-0.044682728405232026,-0.15913552118708257,0.09046804080352831,1.0,1.0,1.0,1.0,1.0,1.0,1.0,1.0,1.0,0.0,0.0,0.0,0.8453285927693228
8comm11wtaTc_2,0.17258886536016407,0.04497528379864018,-0.054942920714940724,0.012929652189107046,-0.025005741281353907,-0.04177706842513187,-0.01610724371250557,-0.02561692214206508,-0.1427373568859437,0.0625744665187338,1.0,1.0,1.0,1.0,1.0,1.0,1.0,1.0,1.0,0.0,0.0,0.0,0.8453285927693228
8comm11wtaTc_3,0.1588956161912368,0.042392164365105,-0.048447987333587975,-0.004211619818664115,-0.021416359393169052,-0.03985355670199446,-0.011519773216999095,-0.01769280895266844,-0.13791531950397334,0.06665065906941887,1.0,1.0,1.0,1.0,1.0,1.0,1.0,1.0,1.0,0.0,0.0,0.0,0.8453285927693228
8comm11wtaTc_4,0.16623638569822774,0.040360017992232156,-0.04828682242204313,-0.0011691067788911914,-0.02491072673188604,-0.03496589666475419,-0.024560762340931786,-0.005262596495449538,-0.15869827597037603,0.07813879841857627,1.0,1.0,1.0,1.0,1.0,1.0,1.0,1.0,1.0,0.0,0.0,0.0,0.8453285927693228
wt_pH4_0,-0.03521194225420123,-0.013471472486853599,0.007740346633869667,-0.003270082768538723,-0.0007407854303069736,0.009057647485447967,0.006781365121512311,0.004413555345457534,-0.015400604699616849,-0.0186975661503232,0.0,0.0,0.0,0.0,0.0,0.0,0.0,0.0,1.0,0.0,0.0,0.0,0.0032572508755295392
wt_pH4_1,-0.027388311956563726,-0.009412135042898033,0.007875341811905738,-0.003049555914881436,-0.0017219466586475788,0.007313136495649813,0.0051897378476417596,0.004539705317305482,-0.014370403432327768,-0.02777510788453662,0.0,0.0,0.0,0.0,0.0,0.0,0.0,0.0,1.0,0.0,0.0,0.0,-0.004437627208196163
wt_pH4_2,-0.030135773472163997,-0.012822373954822188,0.006588881318659885,-0.0018814258066856342,0.001361908543369044,0.008434231229450391,0.005373704394568568,0.0037087554630378015,-0.01876585392686336,-0.020661595803887954,0.0,0.0,0.0,0.0,0.0,0.0,0.0,0.0,1.0,0.0,0.0,0.0,0.0011803763326671925
wt_pH5_0,-0.039356503329523236,-0.015104623339746309,0.010081617984434832,-0.0025902658895305963,-0.0011496546589162043,0.004404785531046597,0.00655202757243229,0.006230969935979534,-0.01139498846200497,-0.016472907184582684,0.0,0.0,0.0,0.0,0.0,0.0,0.0,0.0,1.0,0.0,0.0,0.0,0.08114687964645667
wt_pH5_1,-0.03734269889962414,-0.014615896175736966,0.00963014615294726,-0.003102760559514813,-0.002300041557654091,0.006339133846695008,0.006067011293185795,0.007525471596290238,-0.01811195896857459,-0.012887945824667162,0.0,0.0,0.0,0.0,0.0,0.0,0.0,0.0,1.0,0.0,0.0,0.0,0.11230826956373989
wt_pH5_2,-0.037253802509411515,-0.014049271623725473,0.008492417665927305,-0.0014576596410378164,-0.0014268960560793467,0.007522199811494869,0.006016992954132352,0.004446348016676696,-0.013205871507525448,-0.017883995126770892,0.0,0.0,0.0,0.0,0.0,0.0,0.0,0.0,1.0,0.0,0.0,0.0,0.09911694942295314
wt_pH6_0,-0.04970407155706832,-0.01919825121760368,0.008848031155117179,-0.00159446617183478,-0.001202976305199706,0.009072291347319668,0.006950397658283297,0.007002343992176263,-0.01819424242915019,-0.0007785959606585296,0.0,0.0,0.0,0.0,0.0,0.0,0.0,0.0,1.0,0.0,0.0,0.0,0.2884225051673924
wt_pH6_1,-0.043972665053670826,-0.01540767384774011,0.008363242105621359,-0.002602846193248811,0.0005971184810218598,0.007270785340148469,0.007952537317962749,0.005090584401851116,-0.023121136250379294,-0.0029694859391969195,0.0,0.0,0.0,0.0,0.0,0.0,0.0,0.0,1.0,0.0,0.0,0.0,0.29127362738877827
wt_pH6_2,-0.047862460605152285,-0.014684203051678514,0.008666516451731972,-0.003218137816242551,-0.0012704805705858319,0.007760167478219323,0.006270956662685975,0.010065205991268159,-0.02408842552129342,-0.0004386810278115071,0.0,0.0,0.0,0.0,0.0,0.0,0.0,0.0,1.0,0.0,0.0,0.0,0.2957269459022493
wt_pH7_0,-0.0711037390290395,-0.01944511039101559,0.009074917064736718,-0.0003686672562490345,0.0006601189157885048,0.009208887962867385,0.007123454778414707,0.00871792295704717,-0.023911865285557245,0.02124454226668762,0.0,0.0,0.0,0.0,0.0,0.0,0.0,0.0,1.0,0.0,0.0,0.0,0.5922068579302491
wt_pH7_1,-0.0610601586735119,-0.015884896615601104,0.010297309048473834,0.0019193071159331696,0.0016775991719054132,0.0070547507492744405,0.010306217367558377,0.005589427936660208,-0.027390871558176433,0.008691773484258548,0.0,0.0,0.0,0.0,0.0,0.0,0.0,0.0,1.0,0.0,0.0,0.0,0.5480973412378645
wt_pH7_2,-0.06601166556224873,-0.018047351467868553,0.011450786723390867,-0.0016027365138997216,0.0025995547988492515,0.007477260701682256,0.008229688806054387,0.008416062598319158,-0.02435630695813376,0.013045164748378423,0.0,0.0,0.0,0.0,0.0,0.0,0.0,0.0,1.0,0.0,0.0,0.0,0.5469120935714209
wt_pH8_0,-0.048433039833022204,-0.018874109150922812,0.009779726257142811,-0.003069196685176828,-0.002372330017387867,0.012010385376279771,0.007132231186589468,0.012500357405970924,-0.04830142194162245,0.02082785792000916,0.0,0.0,0.0,0.0,0.0,0.0,0.0,0.0,1.0,0.0,0.0,0.0,0.8455353071301549
wt_pH8_1,-0.0655550543607577,-0.012982074943897515,0.00691085644228303,-0.0048757161021880475,-0.0006118071516570839,0.009894107602860615,0.006951912924971268,0.00851910344608452,-0.029255441637790716,0.022204575763772365,0.0,0.0,0.0,0.0,0.0,0.0,0.0,0.0,1.0,0.0,0.0,0.0,0.8378107178569503
wt_pH8_2,-0.06994920025701108,-0.015723208789916142,0.008635792680408642,-0.006273990263757498,0.001621423985647118,0.008829215897814087,0.006990392413800178,0.009404837727222752,-0.029148895146082276,0.026814092728106875,0.0,0.0,0.0,0.0,0.0,0.0,0.0,0.0,1.0,0.0,0.0,0.0,0.8442380625189879
wt_pH9_0,-0.06867588009523307,-0.01755554032390532,0.01037497062560009,-0.005425401621538659,0.0026336683996993552,0.0114564401510617,0.005518505126237872,0.01929880624717992,-0.054975181435761244,0.038550074910340106,0.0,0.0,0.0,0.0,0.0,0.0,0.0,0.0,1.0,0.0,0.0,0.0,1.003926186226973
wt_pH9_1,-0.06805292716978684,-0.017701964174275806,0.007764328541639059,-0.0024038403756592584,-0.0002935424042136768,0.012509159264357195,0.006351912441137043,0.007114745454619761,-0.03690905015591694,0.0328216405617802,0.0,0.0,0.0,0.0,0.0,0.0,0.0,0.0,1.0,0.0,0.0,0.0,0.9964236708955914
wt_pH9_2,-0.07146735498114772,-0.013126760766558025,0.008069874454775583,-0.007675503095530947,0.002795231138234553,0.012262015705523283,0.006445005574952,0.009915404734404191,-0.046952372185238025,0.040934917264334535,0.0,0.0,0.0,0.0,0.0,0.0,0.0,0.0,1.0,0.0,0.0,0.0,0.9996501428774356
AC_pH4_0,0.1367993785052196,-0.028418362393327387,0.011535468569592288,-0.01748532841387002,0.008626420557822869,0.013482011929154398,0.015958376079797745,0.01313880710336177,0.012567991904266497,-0.22500430400928717,1.0,0.0,0.0,0.0,0.0,0.0,0.0,0.0,0.0,0.0,0.0,0.0,-0.0016139570379183382
AC_pH4_1,0.13214840074596196,-0.03610720454998637,0.01831238273531198,-0.021298911049962038,0.005616047759742842,0.0187824610636934,0.022164593821634417,0.015749589802454347,0.019459399728347423,-0.23362629861449416,1.0,0.0,0.0,0.0,0.0,0.0,0.0,0.0,0.0,0.0,0.0,0.0,0.0004845233155374915
AC_pH4_2,0.13841609499376753,-0.029416307675773686,0.016810024907083613,-0.023290457602428354,0.008651521594628045,0.01736860579284637,0.017916342284044495,0.01749328613443219,0.01406821204430383,-0.23681686109174846,1.0,0.0,0.0,0.0,0.0,0.0,0.0,0.0,0.0,0.0,0.0,0.0,0.001874459798070219
AC_pH5_0,0.12676893984817938,-0.03159800850502823,0.01603526631127233,-0.019063098229791808,0.0027215009425645316,0.018054169818111088,0.017300419352300783,0.017123417987123777,0.016361643667130367,-0.2225037894802897,1.0,0.0,0.0,0.0,0.0,0.0,0.0,0.0,0.0,0.0,0.0,0.0,0.05114127579932972
AC_pH5_1,0.14433526672746824,-0.03417041235157977,0.018390548256752282,-0.020566101738292236,0.002531143434993599,0.0143611531947618,0.016153456788995987,0.017243080884218213,0.007351095914516761,-0.22442877188486904,1.0,0.0,0.0,0.0,0.0,0.0,0.0,0.0,0.0,0.0,0.0,0.0,0.02446646428818786
AC_pH5_2,0.1336832090936925,-0.03464674666199994,0.018838759717410024,-0.02488886282981738,0.005711252162961853,0.018664891050885552,0.019971628806189353,0.019498144987484686,0.021982940211892118,-0.23761475653104155,1.0,0.0,0.0,0.0,0.0,0.0,0.0,0.0,0.0,0.0,0.0,0.0,0.039343210450552515
AC_pH6_0,0.18293931461060825,-0.051467754197833324,0.03076943687446739,-0.016014608816932077,0.018169926110169165,0.031212532429591457,0.03339020379373561,0.03506868991029002,0.024421667843733133,-0.1643883859107028,1.0,0.0,0.0,0.0,0.0,0.0,0.0,0.0,0.0,0.0,0.0,0.0,0.16172687662413934
AC_pH6_1,0.22039946673195002,-0.045737022721896996,0.03390407452926687,-0.018019306018300686,0.02719380467482235,0.03536217329294786,0.0413003920779928,0.051365134392095634,0.03015976914083179,-0.09441033046044732,1.0,0.0,0.0,0.0,0.0,0.0,0.0,0.0,0.0,0.0,0.0,0.0,0.20214567479932488
AC_pH6_2,0.2155675573323084,-0.055175634245185755,0.03700260723576597,-0.018912677594824977,0.02937263642154309,0.030291544015964737,0.03739736018621403,0.05318956373016471,0.02739879657554885,-0.11295354147968081,1.0,0.0,0.0,0.0,0.0,0.0,0.0,0.0,0.0,0.0,0.0,0.0,0.19208393008372077
AC_pH7_0,0.3730457882518355,-0.05761825006131244,0.04565292122895304,-0.05184027284545744,0.0401161835277858,0.04150611898173456,0.08102104808811263,0.08166073401822993,0.03862477042104886,0.11652299848101712,1.0,0.0,0.0,0.0,0.0,0.0,0.0,0.0,0.0,0.0,0.0,0.0,0.4761566893788473
AC_pH7_1,0.3733181598199451,-0.06631064110638006,0.045952289455934714,-0.052233416162755175,0.037363595428026246,0.03910909377848325,0.08351403700916665,0.0888629828247687,0.04459996945832084,0.11719651034992677,1.0,0.0,0.0,0.0,0.0,0.0,0.0,0.0,0.0,0.0,0.0,0.0,0.48226683949395216
AC_pH7_2,0.3755083161624877,-0.06258011139605357,0.04561163907627696,-0.0442468567856628,0.04573348989143319,0.038244163154259984,0.0748179688045512,0.06512851572231103,0.04549583347919193,0.12714880921594474,1.0,0.0,0.0,0.0,0.0,0.0,0.0,0.0,0.0,0.0,0.0,0.0,0.4811025384560845
AC_pH8_0,0.4285781288017397,-0.07365654093415838,0.04735027159361737,-0.04015681761438433,0.050186447174004896,0.03970571461255137,0.055086116105641986,0.06975403109646361,0.04780104203068691,0.22455551537806578,1.0,0.0,0.0,0.0,0.0,0.0,0.0,0.0,0.0,0.0,0.0,0.0,0.6161936979692529
AC_pH8_1,0.44137876888332167,-0.07118839024687591,0.052587370213283156,-0.04874835752922555,0.04642103290914194,0.030181902128717172,0.05855173218023518,0.08475816591116396,0.05231783655836532,0.2320766901662169,1.0,0.0,0.0,0.0,0.0,0.0,0.0,0.0,0.0,0.0,0.0,0.0,0.6417698578516113
AC_pH8_2,0.4433556508305281,-0.0617902769310319,0.050939260900992434,-0.05694399557521813,0.04753541874496833,0.03492100475598936,0.05370479564789843,0.08639580438318462,0.05735937144607307,0.225480890693548,1.0,0.0,0.0,0.0,0.0,0.0,0.0,0.0,0.0,0.0,0.0,0.0,0.6440713470669853
AC_pH9_0,0.4821000580684,-0.06693133973395048,0.05784454354449457,-0.06576190534817139,0.05355949631365746,0.04547126629106374,0.04271479818322089,0.0920285213690089,0.05440964343107265,0.2825859074683293,1.0,0.0,0.0,0.0,0.0,0.0,0.0,0.0,0.0,0.0,0.0,0.0,0.7292859280132171
AC_pH9_1,0.47802951758646456,-0.06877790492351936,0.050760824733778166,-0.06416304151487093,0.04827786436061496,0.04779738441757534,0.04766108161243408,0.08554926064027395,0.06469343981179207,0.30182879529731427,1.0,0.0,0.0,0.0,0.0,0.0,0.0,0.0,0.0,0.0,0.0,0.0,0.7412574926289346
AC_pH9_2,0.47799553482428836,-0.07485139173010123,0.0560465603451366,-0.0609131628598856,0.05306620528192624,0.039402426181604035,0.0477187598059359,0.09619994346052409,0.06057421295377223,0.3024755142904494,1.0,0.0,0.0,0.0,0.0,0.0,0.0,0.0,0.0,0.0,0.0,0.0,0.747526246417331
BA_pH4_0,-0.06378056786468494,0.00607952756078347,0.007281564820719803,-0.008835736885666846,-0.0012607365150166597,0.008023454163061538,0.012043670125953532,0.013924334828296431,0.0019581113658521487,-0.034233159615617736,0.0,1.0,0.0,0.0,0.0,0.0,0.0,0.0,0.0,0.0,0.0,0.0,-0.0016139574737368786
BA_pH4_1,-0.05423068297136089,0.005392325044326158,0.006888238439417401,-0.004636954533989016,0.003555057528226272,0.009231319709316543,0.010121864179230253,0.006293055288817574,0.004424666142010169,-0.04583842709174624,0.0,1.0,0.0,0.0,0.0,0.0,0.0,0.0,0.0,0.0,0.0,0.0,0.00048452299554619434
BA_pH4_2,-0.05914397553257319,0.004939106226615284,0.007372583013189876,-0.003923449077360007,0.0010282931995132688,0.008376867787345598,0.008490330137960288,0.011559553400653861,0.0016995271862201068,-0.03919837456520485,0.0,1.0,0.0,0.0,0.0,0.0,0.0,0.0,0.0,0.0,0.0,0.0,0.0018744598294293093
BA_pH5_0,-0.06695166571146767,0.0054199563258368055,0.008976964853380039,-0.0035759218328672896,0.0038012354853360552,0.00803244923443898,0.009106034301221375,0.010859860500887686,0.0046172794003201565,-0.039085733905110664,0.0,1.0,0.0,0.0,0.0,0.0,0.0,0.0,0.0,0.0,0.0,0.0,0.0511412745403946
BA_pH5_1,-0.06204089182712462,0.005953686810705972,0.012114138089768267,-0.008910485295497853,0.0011216597421013796,0.010864647626876832,0.00896388198046581,0.0031156590872484687,0.002840768709454846,-0.032822602940318364,0.0,1.0,0.0,0.0,0.0,0.0,0.0,0.0,0.0,0.0,0.0,0.0,0.024466462930343342
BA_pH5_2,-0.06642385383986907,0.005912163377456045,0.012199277424294015,-0.004418942967186803,-0.0010736012685558071,0.00925178246005722,0.007830389553438063,0.008682238164803256,0.003304496185611123,-0.0340634871063673,0.0,1.0,0.0,0.0,0.0,0.0,0.0,0.0,0.0,0.0,0.0,0.0,0.03934321135483189
BA_pH6_0,-0.08258571127510589,0.006852941108138666,0.009489573274293672,-0.007933708902286446,0.004678355618987395,0.009570426043608915,0.008404043115999389,0.01821042988125397,0.0009140528673711018,-0.026399939748580042,0.0,1.0,0.0,0.0,0.0,0.0,0.0,0.0,0.0,0.0,0.0,0.0,0.16172687666300212
BA_pH6_1,-0.09565693388490573,0.007219759553023008,0.012004894486264047,-0.005624926530796548,0.0014570444368797793,0.008401398759173314,0.012547046104850978,0.015464242376063173,0.008215051385695518,-0.022827114702566806,0.0,1.0,0.0,0.0,0.0,0.0,0.0,0.0,0.0,0.0,0.0,0.0,0.20214567404454245
BA_pH6_2,-0.09369635408339293,0.006035821842758551,0.013338581692913305,-0.004889015011165454,0.00033809967177069546,0.008897708074554153,0.008091007096935877,0.017425130288238104,0.005034292579992957,-0.019374810168924537,0.0,1.0,0.0,0.0,0.0,0.0,0.0,0.0,0.0,0.0,0.0,0.0,0.19208393160174653
BA_pH7_0,-0.1464153547212481,0.00743665018807287,0.015698207973138145,-0.010671100632651993,0.009078567358462707,0.013351254678614765,0.011445225799537224,0.021263945540008336,0.00897686086109151,0.011036204750771108,0.0,1.0,0.0,0.0,0.0,0.0,0.0,0.0,0.0,0.0,0.0,0.0,0.47615668850189524
BA_pH7_1,-0.1549737859258185,0.007490298262108928,0.018054608197315882,-0.01372512625611347,0.004238533576869446,0.012181619047794653,0.010749657677243585,0.025028028491398558,0.011656411926707497,0.020500216715685696,0.0,1.0,0.0,0.0,0.0,0.0,0.0,0.0,0.0,0.0,0.0,0.0,0.48226683981394347
BA_pH7_2,-0.15088685858022907,0.007492891656963723,0.017622577546407347,-0.009711765203139057,0.007815031325039657,0.01303462847743345,0.01112177097603031,0.023133812807500365,0.007743841246094393,0.013834531731579615,0.0,1.0,0.0,0.0,0.0,0.0,0.0,0.0,0.0,0.0,0.0,0.0,0.48110253833913064
BA_pH8_0,-0.1702511463411476,0.009164133541609932,0.015414473152031068,-0.012201024018551996,0.005421231850657774,0.010967500017065071,0.013348941250663741,0.02213126210576814,0.01251626423195652,0.0346888261936281,0.0,1.0,0.0,0.0,0.0,0.0,0.0,0.0,0.0,0.0,0.0,0.0,0.6161936980952847
BA_pH8_1,-0.1845701464265585,0.00944474308711031,0.01608604446539413,-0.011336189961951711,0.011845096960339857,0.013968719261819904,0.00965003923877426,0.026819085494979564,0.015322428885037485,0.033970640978735436,0.0,1.0,0.0,0.0,0.0,0.0,0.0,0.0,0.0,0.0,0.0,0.0,0.6417698583743298
BA_pH8_2,-0.180910485777194,0.008812976213900939,0.016652918098413426,-0.011193214620908965,0.009324134097475073,0.01250025502851476,0.007767332273980847,0.02442671145433965,0.014255200102925301,0.039564635112233786,0.0,1.0,0.0,0.0,0.0,0.0,0.0,0.0,0.0,0.0,0.0,0.0,0.64407134594908
BA_pH9_0,-0.19525296063202874,0.009247330679841664,0.01690771088813958,-0.010291932589657929,0.009960960559546947,0.01485065321073584,0.009792349403319148,0.025525068094872906,0.011982784595178523,0.04847849758422891,0.0,1.0,0.0,0.0,0.0,0.0,0.0,0.0,0.0,0.0,0.0,0.0,0.7292859295671521
BA_pH9_1,-0.18621751285927443,0.01083000686829505,0.016184829614408643,-0.01357293850539819,0.011682400275831636,0.01377879792905372,0.008446048260059047,0.02407225269986235,0.011358660344520339,0.04463791735632265,0.0,1.0,0.0,0.0,0.0,0.0,0.0,0.0,0.0,0.0,0.0,0.0,0.741257491587475
BA_pH9_2,-0.19099850310741553,0.009611824436680133,0.018932022560873757,-0.010416668907779715,0.006486295048633347,0.010206912274917832,0.010082156416838586,0.024601371924838297,0.011374709141319215,0.05132034219477487,0.0,1.0,0.0,0.0,0.0,0.0,0.0,0.0,0.0,0.0,0.0,0.0,0.74752624576109
BC_pH4_0,-0.03734533652177324,-0.011376752799943737,-0.005325449543154759,-0.002771580356942571,-0.00023997076341639392,0.006353287743809431,0.00666754511549421,0.007701316801426205,0.004155149999196114,-0.026617749956962845,0.0,0.0,1.0,0.0,0.0,0.0,0.0,0.0,0.0,0.0,0.0,0.0,-0.0016139570379183382
BC_pH4_1,-0.03253695074144913,-0.01687729700266019,-0.0068470065554846905,-0.0046529338476450546,-0.00015240793156882985,0.009226657518226164,0.009374252162549807,0.011551589449138745,0.003321922312936057,-0.031207363963451078,0.0,0.0,1.0,0.0,0.0,0.0,0.0,0.0,0.0,0.0,0.0,0.0,0.0004845233155374915
BC_pH4_2,-0.03644352558190408,-0.016365797344757158,-0.0072273958085671735,-0.003036013605154079,0.0004886365762871242,0.010208534136738466,0.006393993336545387,0.011443867811366268,0.0067461979680735135,-0.031008036211133013,0.0,0.0,1.0,0.0,0.0,0.0,0.0,0.0,0.0,0.0,0.0,0.0,0.001874459798070219
BC_pH5_0,-0.031109411776389765,-0.015820277240937174,-0.004945060290072276,-0.006092803829714007,-0.0011840748203837356,0.007009196098407974,0.007585957040605338,0.011083775358679503,0.0024950752925613643,-0.02782191395435644,0.0,0.0,1.0,0.0,0.0,0.0,0.0,0.0,0.0,0.0,0.0,0.0,0.05114127579932972
BC_pH5_1,-0.03078813063061756,-0.012194354654006336,-0.0068470065554846905,-0.002960054463018541,-0.00022857392287772596,0.00750528432590806,0.006355111968258155,0.007154981071210424,0.0016006599658209338,-0.028397457523514393,0.0,0.0,1.0,0.0,0.0,0.0,0.0,0.0,0.0,0.0,0.0,0.0,0.02446646428818786
BC_pH5_2,-0.029852584512985277,-0.01362972577790851,-0.005705838796237242,-0.005166714147705099,0.0005072559383900267,0.007157985396359278,0.008495954727025136,0.003877497002806352,0.0020464615021710806,-0.02652983201424713,0.0,0.0,1.0,0.0,0.0,0.0,0.0,0.0,0.0,0.0,0.0,0.0,0.039343210450552515
BC_pH6_0,-0.04127149399693894,-0.016840742483087204,-0.008136578963502594,-0.004574478088837603,-0.0005593725310071654,0.008394193432253342,0.0072132466377123556,0.01705472134053707,0.0015020776653419364,-0.02158111351339713,0.0,0.0,1.0,0.0,0.0,0.0,0.0,0.0,0.0,0.0,0.0,0.0,0.16172687662413934
BC_pH6_1,-0.040463976202451665,-0.024115343508513076,-0.009711351258599241,-0.004718709918467894,4.1382505517938935e-05,0.009804970142634017,0.0069100992964661635,0.015152890815035156,0.0022758009819232893,-0.013975303971573061,0.0,0.0,1.0,0.0,0.0,0.0,0.0,0.0,0.0,0.0,0.0,0.0,0.20214567479932488
BC_pH6_2,-0.042443114430036226,-0.018587398414054646,-0.009223805410058603,-0.00482598298917646,-0.0009411286611271947,0.012524805503047033,0.006069998038203821,0.01849915148933296,0.002887794867805812,-0.02275986068598602,0.0,0.0,1.0,0.0,0.0,0.0,0.0,0.0,0.0,0.0,0.0,0.0,0.19208393008372077
BC_pH7_0,-0.08140105294792549,-0.01919585358513438,-0.008930680499128676,-0.0075104773255146055,0.002254707432635453,0.013411527724693654,0.013162017832307712,0.02027910539475472,0.001481688080922417,0.007649479419316934,0.0,0.0,1.0,0.0,0.0,0.0,0.0,0.0,0.0,0.0,0.0,0.0,0.4761566893788473
BC_pH7_1,-0.08439926222776588,-0.027568613060790555,-0.008905582606144572,-0.009069046936929226,0.006198734906704529,0.00788806470030028,0.015418587696293125,0.02378493226254763,0.008834575421136357,0.009018071141579874,0.0,0.0,1.0,0.0,0.0,0.0,0.0,0.0,0.0,0.0,0.0,0.0,0.48226683949395216
BC_pH7_2,-0.06667357809517693,-0.029164273144434327,-0.008906520109461703,-0.00707121221591597,-9.436186241067602e-06,0.012843985806988633,0.023778548642345097,0.011379152541251287,0.002826830417565677,0.002196961953912092,0.0,0.0,1.0,0.0,0.0,0.0,0.0,0.0,0.0,0.0,0.0,0.0,0.4811025384560845
BC_pH8_0,-0.09634309070265815,-0.027738136849973515,-0.009960654063717182,-0.011395919522189575,0.0022463162486319956,0.018843548503582892,0.009944421877355681,0.023844903866234033,0.00893060082974641,0.02282846875812696,0.0,0.0,1.0,0.0,0.0,0.0,0.0,0.0,0.0,0.0,0.0,0.0,0.6161936979692529
BC_pH8_1,-0.09339779046404621,-0.021752988966586794,-0.010595318172936855,-0.011254687197506427,0.0034453432067580846,0.014051044832753101,0.012252701478807823,0.021126429364085195,0.005396075771878595,0.02192964931221112,0.0,0.0,1.0,0.0,0.0,0.0,0.0,0.0,0.0,0.0,0.0,0.0,0.6417698578516113
BC_pH8_2,-0.08667648419737814,-0.02392041119382433,-0.010437541105177093,-0.011826469954913077,-0.0021566243599290442,0.013863032314440481,0.013108709551717926,0.01710822928210963,0.006979448936231757,0.025158569999039176,0.0,0.0,1.0,0.0,0.0,0.0,0.0,0.0,0.0,0.0,0.0,0.0,0.6440713470669853
BC_pH9_0,-0.09685377036747722,-0.023160236208983085,-0.011154109181269358,-0.013345039841597493,0.0050386212199278494,0.0069675684542111725,0.014058536998927595,0.017676012618062283,0.010511156333529434,0.03146171856509602,0.0,0.0,1.0,0.0,0.0,0.0,0.0,0.0,0.0,0.0,0.0,0.0,0.7292859280132171
BC_pH9_1,-0.10163480244091021,-0.022654435023989367,-0.010646874386331311,-0.012871207661278873,0.007193529121577737,0.011384735217560893,0.011442534899258098,0.018801862148810987,0.005725371303117794,0.034459746654914775,0.0,0.0,1.0,0.0,0.0,0.0,0.0,0.0,0.0,0.0,0.0,0.0,0.7412574926289346
BC_pH9_2,-0.10077578002505977,-0.02488081460575694,-0.00983504197843697,-0.0082737371487462,0.0017388804969580294,0.010051811807181527,0.0077934611523928846,0.022733024718320886,0.008206027882254642,0.03444262682095818,0.0,0.0,1.0,0.0,0.0,0.0,0.0,0.0,0.0,0.0,0.0,0.0,0.747526246417331
BL_pH4_0,-0.06419327004448226,-0.011281000372508298,0.01053365216145049,0.010518772206876591,0.00046550250247768713,0.008377395578376627,0.012200356785046015,0.013942263832558756,0.006202162028006885,-0.04556537298566621,0.0,0.0,0.0,1.0,0.0,0.0,0.0,0.0,0.0,0.0,0.0,0.0,-0.0016139570379183382
BL_pH4_1,-0.06341638546922931,-0.02083786351039357,0.008512793934863549,0.012158526988781022,0.0025753156840801245,0.007210476105303869,0.011700078930867755,0.012657492539804914,0.007919389850095562,-0.03727936307049316,0.0,0.0,0.0,1.0,0.0,0.0,0.0,0.0,0.0,0.0,0.0,0.0,0.0004845233155374915
BL_pH4_2,-0.06064523223949516,-0.013043952048148798,0.008360489337988523,0.011500149735290073,0.0007169164976348047,0.008421235244883142,0.009991414443306298,0.014190722794636438,0.0035451139509677884,-0.0418363957333824,0.0,0.0,0.0,1.0,0.0,0.0,0.0,0.0,0.0,0.0,0.0,0.0,0.001874459798070219
BL_pH5_0,-0.054358065604515685,-0.016433589617195342,0.011057739356613677,0.010594420721349515,0.002359324998181799,0.007281082990052908,0.008370052098256092,0.008242691735858499,0.004872470018656357,-0.040785664713577086,0.0,0.0,0.0,1.0,0.0,0.0,0.0,0.0,0.0,0.0,0.0,0.0,0.05114127579932972
BL_pH5_1,-0.06078037123317304,-0.01480746935405161,0.01110926124550726,0.012479197745737827,0.0020768967368032616,0.008972122074793214,0.01297008268535137,0.004107744113906569,0.007487207749939482,-0.04241421003056608,0.0,0.0,0.0,1.0,0.0,0.0,0.0,0.0,0.0,0.0,0.0,0.0,0.02446646428818786
BL_pH5_2,-0.05535530801376569,-0.018244744642921116,0.009769941848581251,0.010436755677928098,0.0012622194640014481,0.007397700582185517,0.011204962173233862,0.010879256362500398,0.006921397580400758,-0.04307171931409317,0.0,0.0,0.0,1.0,0.0,0.0,0.0,0.0,0.0,0.0,0.0,0.0,0.039343210450552515
BL_pH6_0,-0.06870237445863694,-0.01842415195930263,0.008261225225160951,0.011057708733107739,0.0022085883565570994,0.009143538690455583,0.01306872666529987,0.01204412426151659,0.005526291446193403,-0.03298321514349917,0.0,0.0,0.0,1.0,0.0,0.0,0.0,0.0,0.0,0.0,0.0,0.0,0.16172687662413934
BL_pH6_1,-0.0735844114455192,-0.022604592063504715,0.0053325151684491525,0.011038334975424025,-0.001555704545715581,0.010695125630692299,0.009621327088578888,0.016762391966970068,0.006810459290509638,-0.021314984788389307,0.0,0.0,0.0,1.0,0.0,0.0,0.0,0.0,0.0,0.0,0.0,0.0,0.20214567479932488
BL_pH6_2,-0.08047322706035946,-0.016509816810164762,0.01147231399203124,0.010120710889282434,0.0032553524653548766,0.009392315764789995,0.010988613644047924,0.016502065744412982,0.002697468042049719,-0.026245335738943967,0.0,0.0,0.0,1.0,0.0,0.0,0.0,0.0,0.0,0.0,0.0,0.0,0.19208393008372077
BL_pH7_0,-0.1497627211491699,-0.03585327759871017,0.020777629000013294,0.014184425314483442,0.007757876176872979,0.01269365772281004,0.026084227876170818,0.022464289307270353,0.013620051923005477,0.009234303410934367,0.0,0.0,0.0,1.0,0.0,0.0,0.0,0.0,0.0,0.0,0.0,0.0,0.4761566893788473
BL_pH7_1,-0.15347440600557172,-0.017830671353832536,0.020323919069183908,0.014432454264682273,0.007433068567643996,0.01440537255095399,0.01312675017377605,0.02456243154147397,0.012782164293786756,0.005439378881584042,0.0,0.0,0.0,1.0,0.0,0.0,0.0,0.0,0.0,0.0,0.0,0.0,0.48226683949395216
BL_pH7_2,-0.1591322917960908,-0.030778111428346338,0.01619571560426899,0.014808568160818972,0.012471607722665954,0.012636747902826125,0.020148318395342514,0.02225523343390744,0.014715387681904052,0.01787928605857103,0.0,0.0,0.0,1.0,0.0,0.0,0.0,0.0,0.0,0.0,0.0,0.0,0.4811025384560845
BL_pH8_0,-0.17807102740296848,-0.03212219118262115,0.016588659393398656,0.015522264144990751,0.0062841950875261515,0.01742458308682494,0.022971569458427637,0.03214777652498173,0.008695033388617244,0.03175959900831399,0.0,0.0,0.0,1.0,0.0,0.0,0.0,0.0,0.0,0.0,0.0,0.0,0.6161936979692529
BL_pH8_1,-0.18106893286918818,-0.021558365692263062,0.016615664081081095,0.014831112127589143,0.008371943293706233,0.01382583242233681,0.015243233973565308,0.027233088852270788,0.01233201278940491,0.0353748723184285,0.0,0.0,0.0,1.0,0.0,0.0,0.0,0.0,0.0,0.0,0.0,0.0,0.6417698578516113
BL_pH8_2,-0.17322793797306393,-0.02556504885949518,0.016488285696376927,0.015735548148336623,0.006850416853052118,0.011771087602752707,0.018648706818728343,0.022248885053331433,0.015347990803420537,0.032902527049831716,0.0,0.0,0.0,1.0,0.0,0.0,0.0,0.0,0.0,0.0,0.0,0.0,0.6440713470669853
BL_pH9_0,-0.19636102713320575,-0.02077303290853034,0.012191408100011559,0.015489193207543828,0.019035665198512703,0.011584027024066966,0.01052022236844768,0.02780286731117445,0.01469906195026377,0.04701207488937222,0.0,0.0,0.0,1.0,0.0,0.0,0.0,0.0,0.0,0.0,0.0,0.0,0.7292859280132171
BL_pH9_1,-0.19070513581776097,-0.021217401239859022,0.016296863552668822,0.015041176547174873,0.009067435820141563,0.010085551288464795,0.01675024654230346,0.014899080047464886,0.015434162906654501,0.05554848214692396,0.0,0.0,0.0,1.0,0.0,0.0,0.0,0.0,0.0,0.0,0.0,0.0,0.7412574926289346
BL_pH9_2,-0.20273880554768056,-0.021816194361966582,0.014656623771981056,0.014827032682040466,0.012881949869510918,0.011955119206205659,0.01281930950834699,0.030126349334807498,0.01672196309365656,0.05176711374002954,0.0,0.0,0.0,1.0,0.0,0.0,0.0,0.0,0.0,0.0,0.0,0.0,0.747526246417331
BT_pH4_0,-0.0355828794270106,-0.011230709815154904,0.00797581999036281,-0.006747524087195812,-0.007024616475986398,0.007585647661724816,0.006604407718000207,0.0056901464789457954,0.0038780791652591328,-0.02994791249056225,0.0,0.0,0.0,0.0,1.0,0.0,0.0,0.0,0.0,0.0,0.0,0.0,-0.0016139570379183382
BT_pH4_1,-0.0317362762372131,-0.016257529035210605,0.008470166566903175,-0.002240367868672247,-0.007526374799401864,0.007249418084064256,0.004788638719398043,0.004504512660205366,0.001334849571728187,-0.0273865783246963,0.0,0.0,0.0,0.0,1.0,0.0,0.0,0.0,0.0,0.0,0.0,0.0,0.0004845233155374915
BT_pH4_2,-0.03800527926858353,-0.015513129443254165,0.00963000092169513,-0.0033644140657523407,-0.005519341453909874,0.0034384842994420427,0.007061819703034732,0.007909088891161525,0.002681254971286524,-0.02711802468837603,0.0,0.0,0.0,0.0,1.0,0.0,0.0,0.0,0.0,0.0,0.0,0.0,0.001874459798070219
BT_pH5_0,-0.038098674939702384,-0.018318328044336772,0.007374504879117011,-0.005609872592208176,-0.008529891498062919,0.007370486128265442,0.0069770813344613375,0.014217871712601703,0.0023728440183660242,-0.02655556099894254,0.0,0.0,0.0,0.0,1.0,0.0,0.0,0.0,0.0,0.0,0.0,0.0,0.05114127579932972
BT_pH5_1,-0.03566527051608199,-0.016094412191406535,0.007555345615938952,-0.0038275158972195956,-0.005017583182324534,0.005073681706967561,0.006870636347195379,0.00904368765166272,0.001530722640454769,-0.02826883342764947,0.0,0.0,0.0,0.0,1.0,0.0,0.0,0.0,0.0,0.0,0.0,0.0,0.02446646428818786
BT_pH5_2,-0.035236154789833926,-0.01577257512542216,0.00872322533117688,-0.007177208383446155,-0.009031649743733198,0.00972069420568321,0.012597112448319148,0.006588749134022256,0.0025936315969928444,-0.031805365592565235,0.0,0.0,0.0,0.0,1.0,0.0,0.0,0.0,0.0,0.0,0.0,0.0,0.039343210450552515
BT_pH6_0,-0.038704841420378396,-0.01646561701174663,0.007907674025906168,-0.004901378187148468,-0.010423284409486725,0.005600870833124803,0.007365703600580278,0.009717393715096558,0.0042196383003307416,-0.0231157002079746,0.0,0.0,0.0,0.0,1.0,0.0,0.0,0.0,0.0,0.0,0.0,0.0,0.16172687662413934
BT_pH6_1,-0.043580137151091,-0.017047089093729206,0.010002042936242145,-0.003690422449422919,-0.010976102614532343,0.004569191260506277,0.0076092798813529655,0.00852939745330292,0.002136915883292322,-0.01635261438948953,0.0,0.0,0.0,0.0,1.0,0.0,0.0,0.0,0.0,0.0,0.0,0.0,0.20214567479932488
BT_pH6_2,-0.04263220499391141,-0.01559667367812084,0.007225064795626244,-0.005255049139909123,-0.011371533601828241,0.003979187599666741,0.007914986066196278,0.013629738186364588,0.004081755133102769,-0.02077480859406616,0.0,0.0,0.0,0.0,1.0,0.0,0.0,0.0,0.0,0.0,0.0,0.0,0.19208393008372077
BT_pH7_0,-0.0757245905454392,-0.0273213745329691,0.012098453720302684,-0.006568463292458785,-0.01323482133448124,0.013060513545313606,0.017583627642496772,0.009765206922007644,0.0048241925952227215,0.006717714425986229,0.0,0.0,0.0,0.0,1.0,0.0,0.0,0.0,0.0,0.0,0.0,0.0,0.4761566893788473
BT_pH7_1,-0.07745041718463536,-0.021522155248600506,0.013768826868870985,-0.005201986495243465,-0.012724292744760926,0.00912282837473828,0.010794075158951075,0.01243851310533026,0.0035476132854819304,0.008427454131128996,0.0,0.0,0.0,0.0,1.0,0.0,0.0,0.0,0.0,0.0,0.0,0.0,0.48226683949395216
BT_pH7_2,-0.07187988043479296,-0.032877455630704114,0.014037325775817684,-0.013106639148748439,-0.013232257194493124,0.013202420628589132,0.02044870737940073,0.01640644228490798,0.00450935570280189,0.003692439702217993,0.0,0.0,0.0,0.0,1.0,0.0,0.0,0.0,0.0,0.0,0.0,0.0,0.4811025384560845
BT_pH8_0,-0.09193736661225557,-0.021396135279665822,0.01499085577285808,-0.008591225918220436,-0.01240760314075843,0.009789470063279503,0.011002798114457856,0.014417900229277816,0.004490753046196439,0.020841015416966823,0.0,0.0,0.0,0.0,1.0,0.0,0.0,0.0,0.0,0.0,0.0,0.0,0.6161936979692529
BT_pH8_1,-0.09531695517346911,-0.023480928857689317,0.013750665136005568,-0.010457362040229467,-0.012314075438872623,0.011959130712177444,0.013565182196705241,0.013546517560987365,0.006544540650818658,0.02340374700725079,0.0,0.0,0.0,0.0,1.0,0.0,0.0,0.0,0.0,0.0,0.0,0.0,0.6417698578516113
BT_pH8_2,-0.09418349432394554,-0.018124306355805503,0.0104847137970121,-0.009597735605809999,-0.012524294976306997,0.011615015697544036,0.010006512780876265,0.01584304592207722,0.004135565310716628,0.023545439505706672,0.0,0.0,0.0,0.0,1.0,0.0,0.0,0.0,0.0,0.0,0.0,0.0,0.6440713470669853
BT_pH9_0,-0.11007511973866944,-0.027858564801838088,0.01609290166069632,-0.009808816031917283,-0.012112346728858737,0.010348120880839617,0.013699323803834292,0.01983400334968515,0.00716600209798502,0.03391495749192394,0.0,0.0,0.0,0.0,1.0,0.0,0.0,0.0,0.0,0.0,0.0,0.0,0.7292859280132171
BT_pH9_1,-0.10758731722669757,-0.018426873337315474,0.013493974939312625,-0.013644442061043309,-0.012397700062264564,0.013001753423848876,0.00990510120825923,0.01654493987236334,0.008485143385503604,0.031825879242109216,0.0,0.0,0.0,0.0,1.0,0.0,0.0,0.0,0.0,0.0,0.0,0.0,0.7412574926289346
BT_pH9_2,-0.11268317712227935,-0.023097603405299393,0.013952029399249865,-0.011503972249186558,-0.012101850972875298,0.01271877394422241,0.01024199548946775,0.0198720533206411,0.006548255573472248,0.03725395777627178,0.0,0.0,0.0,0.0,1.0,0.0,0.0,0.0,0.0,0.0,0.0,0.0,0.747526246417331
BV_pH4_0,-0.03168804586905501,-0.010649854302730249,0.006558554757224477,-0.002273206987782666,-0.0006316136358224827,-0.004055720311792002,0.004637252926502538,0.00846198388415834,0.002414650497553141,-0.03157353899563137,0.0,0.0,0.0,0.0,0.0,1.0,0.0,0.0,0.0,0.0,0.0,0.0,-0.0016139570379183382
BV_pH4_1,-0.03506337641859832,-0.008852591007623983,0.007060625661650429,-0.005492240870776384,-0.0012267380240170856,-0.0028628615063169736,0.006022873164519021,0.00886833962538968,0.0014608679695621775,-0.028714436655459204,0.0,0.0,0.0,0.0,0.0,1.0,0.0,0.0,0.0,0.0,0.0,0.0,0.0004845233155374915
BV_pH4_2,-0.033578864230733856,-0.01293336036574581,0.0036206401026119355,-0.001045399481511635,0.00039107800339874954,-0.005010007636054703,0.007793460259942905,0.013640973658665368,0.0015627719024601187,-0.033240830148367775,0.0,0.0,0.0,0.0,0.0,1.0,0.0,0.0,0.0,0.0,0.0,0.0,0.001874459798070219
BV_pH5_0,-0.039502530893229915,-0.0156220738524976,0.01081368581108425,-0.004842042134183904,-0.0009081348793014246,-0.004294292259475459,0.005777243357961595,0.01112095522005921,0.0031470433525417145,-0.02448939173927774,0.0,0.0,0.0,0.0,0.0,1.0,0.0,0.0,0.0,0.0,0.0,0.0,0.05114127579932972
BV_pH5_1,-0.038209190043094365,-0.012478797293227649,0.00862287946207368,-0.003997550720106,-0.0015426911899577014,-0.004294292259475461,0.008755291058965354,0.009614107189295085,0.004982633404433728,-0.030251927816349528,0.0,0.0,0.0,0.0,0.0,1.0,0.0,0.0,0.0,0.0,0.0,0.0,0.02446646428818786
BV_pH5_2,-0.03588484910681196,-0.014499542462113112,0.009274771670284478,-0.00439111286531324,-0.00010346940840068107,-0.0033400049352127563,0.005120965234287407,0.01406978623860556,0.0021398266631623983,-0.031185909161425152,0.0,0.0,0.0,0.0,0.0,1.0,0.0,0.0,0.0,0.0,0.0,0.0,0.039343210450552515
BV_pH6_0,-0.04687678119410639,-0.01821634368242129,0.010422342293288396,-0.0034345967322587964,0.0009358963013991053,-0.005765437279706418,0.01034761996858794,0.01692709819778152,0.005877143602980219,-0.02901647973805666,0.0,0.0,0.0,0.0,0.0,1.0,0.0,0.0,0.0,0.0,0.0,0.0,0.16172687662413934
BV_pH6_1,-0.04071672174755645,-0.025551035545118478,0.008636083494385948,-0.001731387148408786,-0.00033620441575413175,-0.007785635149997213,0.006668213657710864,0.0156696286894705,0.0025183741181440964,-0.0161708550317132,0.0,0.0,0.0,0.0,0.0,1.0,0.0,0.0,0.0,0.0,0.0,0.0,0.20214567479932488
BV_pH6_2,-0.042583799525771446,-0.02455314046662787,0.008942843673993714,-0.001093128973051257,0.0011354286952511116,-0.007254827796764995,0.010502112208177216,0.01306822613853475,0.00400861244648695,-0.020971865174563033,0.0,0.0,0.0,0.0,0.0,1.0,0.0,0.0,0.0,0.0,0.0,0.0,0.19208393008372077
BV_pH7_0,-0.055792331904496846,-0.03321629780952049,0.013762080458843189,-0.006129051923103952,0.000518515680147254,-0.006335564923027287,0.01657149370273818,0.0104534275084734,0.0021331544511991986,-0.0007649630437726557,0.0,0.0,0.0,0.0,0.0,1.0,0.0,0.0,0.0,0.0,0.0,0.0,0.4761566893788473
BV_pH7_1,-0.0974088037872444,-0.024157457113589926,0.01563986280852038,-0.00481101478409508,-0.0002445060549222905,-0.006039936749831491,0.016291102788046644,0.02500644569001767,0.009965729962872422,0.006959039372918398,0.0,0.0,0.0,0.0,0.0,1.0,0.0,0.0,0.0,0.0,0.0,0.0,0.48226683949395216
BV_pH7_2,-0.08349028843576492,-0.027268328360565336,0.012552564843841225,-0.003645978093795154,-0.00042861210101324576,-0.006060340508170752,0.02227245489378338,0.014045291742228934,0.00794459291126417,0.00527910488293223,0.0,0.0,0.0,0.0,0.0,1.0,0.0,0.0,0.0,0.0,0.0,0.0,0.4811025384560845
BV_pH8_0,-0.10445926764089127,-0.025662121294957138,0.0124755744409302,-0.005935370452378109,-0.0023477433362732755,-0.004122074729074601,0.021804717858524423,0.022507278993725777,0.005600623826941718,0.021338843521864513,0.0,0.0,0.0,0.0,0.0,1.0,0.0,0.0,0.0,0.0,0.0,0.0,0.6161936979692529
BV_pH8_1,-0.1021349529695252,-0.026885303335021368,0.010240712348857652,-0.011212289241021092,0.006485910135442796,-0.004876904801830004,0.01619464650102283,0.022538536762737708,0.0062263246755237135,0.024623781091169177,0.0,0.0,0.0,0.0,0.0,1.0,0.0,0.0,0.0,0.0,0.0,0.0,0.6417698578516113
BV_pH8_2,-0.1296863816500358,-0.028299539479548514,0.01433692833651667,-0.008504528855176077,0.008983691025363361,-0.004800418511680936,0.021555533368626364,0.02855478649716015,0.010500158058560412,0.02856023218320763,0.0,0.0,0.0,0.0,0.0,1.0,0.0,0.0,0.0,0.0,0.0,0.0,0.6440713470669853
BV_pH9_0,-0.11741619147360324,-0.019636118530255292,0.014523781403575253,-0.011245115065704222,0.008399654800153296,-0.005796294186426246,0.008413606914489167,0.027863830545026325,0.007600966021418571,0.028492339522294373,0.0,0.0,0.0,0.0,0.0,1.0,0.0,0.0,0.0,0.0,0.0,0.0,0.7292859280132171
BV_pH9_1,-0.13442245104552605,-0.025763286240398885,0.014715859086617182,-0.014750061799650615,0.00872146279429612,-0.0061761357894410274,0.014201025023408555,0.034180435643571865,0.007894096439299374,0.042599517693338196,0.0,0.0,0.0,0.0,0.0,1.0,0.0,0.0,0.0,0.0,0.0,0.0,0.7412574926289346
BV_pH9_2,-0.1195256394811946,-0.022973355744843885,0.011159555200973283,-0.011590733359689298,0.002434798807877561,-0.006208974220182587,0.01007924174970907,0.03854381428626568,0.0031918837891324685,0.03608987026402483,0.0,0.0,0.0,0.0,0.0,1.0,0.0,0.0,0.0,0.0,0.0,0.0,0.747526246417331
CC_pH4_0,-0.030548847461848164,-0.014057496824990148,0.00782636962669051,-0.002053185187928055,-0.0009561286008228425,0.006929322030881178,-0.009531855194464972,0.011014618062130783,0.0025902393946181162,-0.03001257386058569,0.0,0.0,0.0,0.0,0.0,0.0,1.0,0.0,0.0,0.0,0.0,0.0,0.0032572508755295392
CC_pH4_1,-0.02795388409624929,-0.013529729757296001,0.005629948121698006,-0.003450651725997096,0.0010158790566998982,0.009052513274161714,-0.011438226233357966,0.006999896847359512,0.0040289822496149845,-0.029154265752953035,0.0,0.0,0.0,0.0,0.0,0.0,1.0,0.0,0.0,0.0,0.0,0.0,-0.004437627208196163
CC_pH4_2,-0.030444858760937398,-0.01675781768949135,0.006845897751981797,-0.004880226212351218,0.000505377436461656,0.0071021689960490105,-0.010167312207429302,0.010376199100004592,0.0017010220043037242,-0.023079988434910773,0.0,0.0,0.0,0.0,0.0,0.0,1.0,0.0,0.0,0.0,0.0,0.0,0.0011803763326671925
CC_pH5_0,-0.03711597518104574,-0.019557482522466904,0.008049547416360481,-0.003906641273718813,0.003209460659519486,0.00784925645136315,-0.009763335358837374,0.010020177093860893,0.0029247081344542297,-0.020509253435808675,0.0,0.0,0.0,0.0,0.0,0.0,1.0,0.0,0.0,0.0,0.0,0.0,0.08114687964645667
CC_pH5_1,-0.04177689243108035,-0.015259444350781647,0.008410404731074104,-0.0031816047575810675,0.0004792331952763645,0.0097341340812652,-0.010763902897420139,0.013025839715872121,0.0025213688790150304,-0.021988674181958906,0.0,0.0,0.0,0.0,0.0,0.0,1.0,0.0,0.0,0.0,0.0,0.0,0.11230826956373989
CC_pH5_2,-0.03555943497335134,-0.017940681290043437,0.00982554557044869,-0.00487880660139996,2.4084024455236222e-05,0.006093998467144759,-0.0097850560526485,0.010846964239102341,0.002001740746200084,-0.019427892351927975,0.0,0.0,0.0,0.0,0.0,0.0,1.0,0.0,0.0,0.0,0.0,0.0,0.09911694942295314
CC_pH6_0,-0.04855513125496067,-0.019128090755447094,0.011264856127293214,-0.006593472743811814,0.002669247293277925,0.006812977808649126,-0.016163606216078215,0.010468027052348075,0.0043989058373414954,-0.003973251164931318,0.0,0.0,0.0,0.0,0.0,0.0,1.0,0.0,0.0,0.0,0.0,0.0,0.2884225051673924
CC_pH6_1,-0.04435278781244289,-0.02531273344774609,0.008307151193528073,-0.00570125205685263,0.0017230688310835667,0.01055190782346155,-0.01682597740836765,0.01275730480642422,0.0054524914531604105,-0.0053987113985678415,0.0,0.0,0.0,0.0,0.0,0.0,1.0,0.0,0.0,0.0,0.0,0.0,0.29127362738877827
CC_pH6_2,-0.04812971138435861,-0.02237623983751173,0.009074634088446264,-0.007682411955750507,0.0033281303197145455,0.004632703402768011,-0.016893354382203966,0.02106663844669642,0.005965947469939356,-0.007785874184059062,0.0,0.0,0.0,0.0,0.0,0.0,1.0,0.0,0.0,0.0,0.0,0.0,0.2957269459022493
CC_pH7_0,-0.08845205310408187,-0.029270079689829247,0.013293992357085583,-0.008338004514251067,0.009168577720613582,0.014239401886968508,-0.014787019879921617,0.021811127162174038,0.005565582484654758,0.01796893733513096,0.0,0.0,0.0,0.0,0.0,0.0,1.0,0.0,0.0,0.0,0.0,0.0,0.5922068579302491
CC_pH7_1,-0.07108004241047991,-0.02649185983221168,0.014594639076486882,-0.0027456151515893312,0.0027357916663522308,0.015840454422261403,-0.01519217737343,0.012578721237571342,0.003481541256541791,0.007479009092178035,0.0,0.0,0.0,0.0,0.0,0.0,1.0,0.0,0.0,0.0,0.0,0.0,0.5480973412378645
CC_pH7_2,-0.07364593804206537,-0.02729008474913628,0.016187513671491464,-0.008967676943410998,0.0056889837105637,0.012223313052369204,-0.01550028668797534,0.01450921281200388,0.006515098405273063,0.011480326754567413,0.0,0.0,0.0,0.0,0.0,0.0,1.0,0.0,0.0,0.0,0.0,0.0,0.5469120935714209
CC_pH8_0,-0.12682270380141938,-0.02465916349997987,0.01412001881586469,-0.017261440324718543,0.012092498892351337,0.01256833851661371,-0.013216637450715767,0.022719259977988574,0.008977565426865347,0.05268272543083066,0.0,0.0,0.0,0.0,0.0,0.0,1.0,0.0,0.0,0.0,0.0,0.0,0.8455353071301549
CC_pH8_1,-0.147473437026467,-0.025258897299999777,0.01594364865804496,-0.010097885753797447,0.012998244166374209,0.01401121832430363,-0.012568606112314307,0.024720246793459296,0.012503934471827486,0.05642199553225351,0.0,0.0,0.0,0.0,0.0,0.0,1.0,0.0,0.0,0.0,0.0,0.0,0.8378107178569503
CC_pH8_2,-0.14695317715730355,-0.024815170763303415,0.016548816602191197,-0.019238416586557165,0.016112260614400326,0.012862299625640328,-0.01299020417358564,0.030328889578256916,0.01276654877902373,0.05657861546491799,0.0,0.0,0.0,0.0,0.0,0.0,1.0,0.0,0.0,0.0,0.0,0.0,0.8442380625189879
CC_pH9_0,-0.1362797499642424,-0.028732782401468447,0.018624225289601348,-0.01328491214986729,0.006331150154380694,0.01340610774314922,-0.01103733648424563,0.02839236630855695,0.007306548310038835,0.05647484505468089,0.0,0.0,0.0,0.0,0.0,0.0,1.0,0.0,0.0,0.0,0.0,0.0,1.003926186226973
CC_pH9_1,-0.14611139230754056,-0.0222950479193874,0.01581533120540173,-0.01555469100727983,0.004436655355536419,0.00821440159302691,-0.011126787688421163,0.02988692193899465,0.01791046978986782,0.06002460089714629,0.0,0.0,0.0,0.0,0.0,0.0,1.0,0.0,0.0,0.0,0.0,0.0,0.9964236708955914
CC_pH9_2,-0.1537208759217806,-0.025535859538485178,0.013915800806944786,-0.015475586463251844,0.00852149148836084,0.016114971987579184,-0.00991259069546409,0.03376529926677113,0.0064197356140483965,0.06710807543895812,0.0,0.0,0.0,0.0,0.0,0.0,1.0,0.0,0.0,0.0,0.0,0.0,0.9996501428774356
DF_pH4_0,-0.030849677719499754,-0.018849637210369106,0.010967638625398924,-0.005190907577457636,-0.00010363217767166125,0.009875987832960875,0.007872195614744788,-0.013515197859834066,0.0026155959312682553,-0.02162190680432579,0.0,0.0,0.0,0.0,0.0,0.0,0.0,1.0,0.0,0.0,0.0,0.0,-0.0016139570379183382
DF_pH4_1,-0.041589424341269166,-0.013279719665322615,0.01043654120972623,-0.00589465032129184,-0.0007777596653803532,0.012540574984058089,0.012838630791267625,-0.013515197833919005,0.0026829476152425225,-0.022241483606074166,0.0,0.0,0.0,0.0,0.0,0.0,0.0,1.0,0.0,0.0,0.0,0.0,0.0004845233155374915
DF_pH4_2,-0.036735700064379234,-0.01805933401312517,0.009125902299647742,-0.0039362714034707645,-0.0005782452290472765,0.012583598727765292,0.012009869130409283,-0.013515197833919005,0.0006519197915559222,-0.020346083014231662,0.0,0.0,0.0,0.0,0.0,0.0,0.0,1.0,0.0,0.0,0.0,0.0,0.001874459798070219
DF_pH5_0,-0.036565928353887535,-0.013735964405147924,0.008819626095178333,-0.006489959454730802,-0.0010543352025358566,0.011299381881304409,0.009402213563089786,-0.012720186269801592,0.0006629962814242942,-0.018417384509483114,0.0,0.0,0.0,0.0,0.0,0.0,0.0,1.0,0.0,0.0,0.0,0.0,0.05114127579932972
DF_pH5_1,-0.035143503250311244,-0.012233742524100389,0.010473985548900522,-0.006762201690479463,-0.0007435427816665693,0.008996577740687392,0.004821560010313989,-0.008745128008658471,0.0008651781665242233,-0.020328724398885084,0.0,0.0,0.0,0.0,0.0,0.0,0.0,1.0,0.0,0.0,0.0,0.0,0.02446646428818786
DF_pH5_2,-0.03361818650332482,-0.012376417911247065,0.008120822234322195,-0.008296580144568627,-0.001973291931916838,0.010506137125194074,0.008847760925798313,-0.009540139702351194,0.001763775369719318,-0.022233421131968495,0.0,0.0,0.0,0.0,0.0,0.0,0.0,1.0,0.0,0.0,0.0,0.0,0.039343210450552515
DF_pH6_0,-0.03345058160145646,-0.01841070621233919,0.011452643710957921,-0.004382635534781476,-0.0003895771211904026,0.011676310856381189,0.008087085010888785,-0.01570184408970501,-0.0004240411390428963,-0.017256194322329495,0.0,0.0,0.0,0.0,0.0,0.0,0.0,1.0,0.0,0.0,0.0,0.0,0.16172687662413934
DF_pH6_1,-0.03767324541573938,-0.012443849392559216,0.011417260304417297,-0.004627363701229511,-0.00034967280438412797,0.009554412405452004,0.006752985029116921,-0.015236762010532874,-0.0005338987189790482,-0.015659403711881327,0.0,0.0,0.0,0.0,0.0,0.0,0.0,1.0,0.0,0.0,0.0,0.0,0.20214567479932488
DF_pH6_2,-0.04333765449245339,-0.015119608447927492,0.01271148986628522,-0.005947322330397107,-0.0008912055534513101,0.013209056433128277,0.009421919590753058,-0.01526594526417877,0.0020249916208179095,-0.015605259438895661,0.0,0.0,0.0,0.0,0.0,0.0,0.0,1.0,0.0,0.0,0.0,0.0,0.19208393008372077
DF_pH7_0,-0.04612915970223103,-0.022236153306844447,0.015379828684355902,-0.008422683010930602,0.0005345986103234087,0.014148623319747656,0.008044053052106632,-0.020957538590806984,0.0003545225606016495,0.00048436733853557883,0.0,0.0,0.0,0.0,0.0,0.0,0.0,1.0,0.0,0.0,0.0,0.0,0.4761566893788473
DF_pH7_1,-0.05069133353136158,-0.025515674090255867,0.012452183704337347,-0.006175396189741465,0.0011413806774046114,0.01517587149110825,0.013270419439219909,-0.02042368066861577,0.0010019854796321493,0.00096470262531353,0.0,0.0,0.0,0.0,0.0,0.0,0.0,1.0,0.0,0.0,0.0,0.0,0.48226683949395216
DF_pH7_2,-0.05453218726684216,-0.020572024272835773,0.014336195051994011,-0.00801188777646293,-0.00020924224153808885,0.014904931754521702,0.010717577414344188,-0.02069085422903299,0.0016389317956307656,0.0036190196645000706,0.0,0.0,0.0,0.0,0.0,0.0,0.0,1.0,0.0,0.0,0.0,0.0,0.4811025384560845
DF_pH8_0,-0.06694159010992103,-0.021594682203038874,0.012359296311826811,-0.0026143561611356937,0.00014037395948949052,0.015326189112080182,0.008850967171399491,-0.01976250836220772,0.0013095173822796865,0.014127254882908384,0.0,0.0,0.0,0.0,0.0,0.0,0.0,1.0,0.0,0.0,0.0,0.0,0.6161936979692529
DF_pH8_1,-0.06670028221186088,-0.021150387164367283,0.013643802995591063,-0.007753166109323504,6.348073158575225e-05,0.015784878205993898,0.009005263355439126,-0.020429418841781816,0.001089702577370664,0.017646588445033716,0.0,0.0,0.0,0.0,0.0,0.0,0.0,1.0,0.0,0.0,0.0,0.0,0.6417698578516113
DF_pH8_2,-0.07799168815593358,-0.019300001950367632,0.013343484074525212,-0.004693408423791759,-0.0003863932662036117,0.015267836151887539,0.01142517151068086,-0.01994792305904886,0.0031188006877251287,0.020364584414207416,0.0,0.0,0.0,0.0,0.0,0.0,0.0,1.0,0.0,0.0,0.0,0.0,0.6440713470669853
DF_pH9_0,-0.07695804578616566,-0.019223014104949393,0.010992624312639237,-0.00842718114833469,0.0010263185688982838,0.01832303776041321,0.008937759744408339,-0.019993791197953015,0.0015238504743446473,0.02499890319355156,0.0,0.0,0.0,0.0,0.0,0.0,0.0,1.0,0.0,0.0,0.0,0.0,0.7292859280132171
DF_pH9_1,-0.0770140376460293,-0.024912710917060793,0.012054803133334803,-0.007229425843967044,0.0014510370175475661,0.01665845366599767,0.006228580696751242,-0.02086546501225751,0.004166169579586257,0.030663053931101514,0.0,0.0,0.0,0.0,0.0,0.0,0.0,1.0,0.0,0.0,0.0,0.0,0.7412574926289346
DF_pH9_2,-0.07737750210029923,-0.018354510376634804,0.01173063198671393,-0.012090307125902694,0.0007639633621210646,0.01664361058369927,0.007358251053677954,-0.019603635050032448,0.004427271862716777,0.02770268778762092,0.0,0.0,0.0,0.0,0.0,0.0,0.0,1.0,0.0,0.0,0.0,0.0,0.747526246417331
comm11_4_1,0.08957443854245155,0.03888947980397422,-0.02544403254013995,0.006750838729026526,-0.008690838737656241,-0.025029247966797456,-0.03268524445917296,-0.01694380585104227,0.004348522931661292,-0.08956964846862396,1.0,1.0,1.0,1.0,1.0,1.0,1.0,1.0,0.0,0.0,0.0,0.0,-0.0016139570379183382
comm11_4_2,0.08855131097623835,0.037570079320474806,-0.03769558907203052,0.027807121801635484,-0.011145480218464912,-0.03619553556908732,-0.03402349893003702,-0.02023304922425228,0.008242549936732523,-0.08167744710231604,1.0,1.0,1.0,1.0,1.0,1.0,1.0,1.0,0.0,0.0,0.0,0.0,0.0004845233155374915
comm11_4_3,0.08820893062359614,0.03868239719096733,-0.033581833743854726,0.02016411097477312,-0.011599818819566912,-0.028954908094652315,-0.030179572077872963,-0.025692010609352067,0.003651374444041563,-0.07949820794003166,1.0,1.0,1.0,1.0,1.0,1.0,1.0,1.0,0.0,0.0,0.0,0.0,0.001874459798070219
comm11_4_4,0.09635881311057704,0.04716053510003763,-0.026995966196384114,0.023135968522857066,-0.011827583628828112,-0.038123397213285386,-0.03408785290692163,-0.02635435249818408,0.0008967920992037525,-0.08896249446046095,1.0,1.0,1.0,1.0,1.0,1.0,1.0,1.0,0.0,0.0,0.0,0.0,0.0053181834532889495
comm11_5_1,0.08012086396793959,0.03131861153180185,-0.019303020924005817,0.01793180987076915,-0.007642301494336644,-0.013407643869843174,-0.04516775577774513,-0.029437693574506315,0.002514161653816701,-0.07572656959295275,1.0,1.0,1.0,1.0,1.0,1.0,1.0,1.0,0.0,0.0,0.0,0.0,0.05114127579932972
comm11_5_2,0.08526557575911281,0.05154355786254874,-0.03363743649066791,0.02046982566623584,-0.0069531562616643675,-0.02508588253965844,-0.03375575723369484,-0.018901239060189413,0.0001989730674287532,-0.09794399878577047,1.0,1.0,1.0,1.0,1.0,1.0,1.0,1.0,0.0,0.0,0.0,0.0,0.02446646428818786
comm11_5_3,0.08763244556829983,0.04911302640062311,-0.01724419511854649,0.0166685066971442,-0.010485414297360445,-0.0318941991581865,-0.04639504656843517,-0.03715644086346678,0.001434374004602432,-0.07047259468099347,1.0,1.0,1.0,1.0,1.0,1.0,1.0,1.0,0.0,0.0,0.0,0.0,0.039343210450552515
comm11_5_4,0.10026232545466528,0.04988605321911366,-0.030498660350947282,0.028220336009626812,-0.011398770948467047,-0.022414645204401534,-0.057896401627880054,-0.034427583612825566,0.005428017489612099,-0.08596020847235039,1.0,1.0,1.0,1.0,1.0,1.0,1.0,1.0,0.0,0.0,0.0,0.0,0.02826352230444504
comm11_6_1,0.10672695403351729,0.04851253534140794,-0.03920302982401588,0.033150388608160226,-0.01378721613274968,-0.04418881771357163,-0.058353245293964504,-0.05469282939220251,0.001665597739426984,-0.08006778438939997,1.0,1.0,1.0,1.0,1.0,1.0,1.0,1.0,0.0,0.0,0.0,0.0,0.16172687662413934
comm11_6_2,0.10460486505504536,0.036876967249681106,-0.03779080792289713,0.014549705136729336,-0.014192758424450527,-0.034486159651499725,-0.046101165025130564,-0.07052018239770246,-0.003985001966357232,-0.06554466851055625,1.0,1.0,1.0,1.0,1.0,1.0,1.0,1.0,0.0,0.0,0.0,0.0,0.20214567479932488
comm11_6_3,0.10542826605717773,0.0510801211566381,-0.0498048285767436,0.014460277975253438,-0.010681445464167903,-0.03380339720974798,-0.05410719487168218,-0.07038605442513589,-0.001271926691026792,-0.0746318591321292,1.0,1.0,1.0,1.0,1.0,1.0,1.0,1.0,0.0,0.0,0.0,0.0,0.19208393008372077
comm11_6_4,0.11048096994181042,0.04639276892918607,-0.03638438218799621,0.01894699273388023,-0.015979167422198733,-0.035431209841500166,-0.05016103257303652,-0.08666551731202914,-0.003371900117591671,-0.07145818291312976,1.0,1.0,1.0,1.0,1.0,1.0,1.0,1.0,0.0,0.0,0.0,0.0,0.19174196501252805
comm11_7_1,0.12604566530041073,0.1412618600366556,-0.06691579805930024,0.05312136585945668,-0.03847983702693296,-0.057227360505772665,-0.07737475667958676,-0.12977932881239965,0.0072548037330093604,0.004554899338146912,1.0,1.0,1.0,1.0,1.0,1.0,1.0,1.0,0.0,0.0,0.0,0.0,0.4761566893788473
comm11_7_2,0.14347111166009438,0.17473729550838477,-0.08492528792146752,0.0523267993249971,-0.02494737580094649,-0.06259260986486206,-0.07906889632992123,-0.15521576491872902,0.003175648175503896,0.002924322055085845,1.0,1.0,1.0,1.0,1.0,1.0,1.0,1.0,0.0,0.0,0.0,0.0,0.48226683949395216
comm11_7_3,0.13268661241978402,0.14872118652676758,-0.07105574336064899,0.04675769426738439,-0.03366505873430035,-0.039218529119439745,-0.05766145674592776,-0.17615157113127092,0.010890776275292682,0.007040171540625714,1.0,1.0,1.0,1.0,1.0,1.0,1.0,1.0,0.0,0.0,0.0,0.0,0.4811025384560845
comm11_7_4,0.1257853980540581,0.15544130649093696,-0.07406053005515231,0.05377378227756075,-0.025964204677097175,-0.06159150943807935,-0.08233133651802071,-0.13206935281014962,0.006088962767111217,0.0032715658470988287,1.0,1.0,1.0,1.0,1.0,1.0,1.0,1.0,0.0,0.0,0.0,0.0,0.4811025384560845
comm11_8_1,0.20050398408232825,0.13223730438429374,-0.07229030315480801,0.0765904668410835,-0.010982203689282353,-0.05159363899703908,-0.06892418463107038,-0.15633676603274504,0.015099838133091513,0.08280664772605119,1.0,1.0,1.0,1.0,1.0,1.0,1.0,1.0,0.0,0.0,0.0,0.0,0.6161936979692529
comm11_8_2,0.19118980283970416,0.15183003607165552,-0.08612868074651646,0.07032324957134932,-0.03076668758755145,-0.05673381182000691,-0.03902318413976741,-0.1641707424236381,0.022838870416516836,0.12159740420787232,1.0,1.0,1.0,1.0,1.0,1.0,1.0,1.0,0.0,0.0,0.0,0.0,0.6417698578516113
comm11_8_3,0.1886307306053198,0.13995829405829954,-0.06861107507477637,0.06394675916789666,-0.018672599808677377,-0.054483522252868045,-0.045173312090337266,-0.141179810496776,0.01717508112768764,0.10241104656587476,1.0,1.0,1.0,1.0,1.0,1.0,1.0,1.0,0.0,0.0,0.0,0.0,0.6440713470669853
comm11_8_4,0.2065271235095418,0.1232699832352607,-0.07671841716312841,0.08341324945344873,-0.04511134337957785,-0.060704658808915506,-0.042427451137615264,-0.14208816469201577,0.021433912593385434,0.11046131795515186,1.0,1.0,1.0,1.0,1.0,1.0,1.0,1.0,0.0,0.0,0.0,0.0,0.6395779816459941
comm11_9_1,0.23169608179803775,0.1253857130411526,-0.05734819635748864,0.0648109804433973,-0.04242744392350964,-0.03788602768565001,-0.045729919224977496,-0.14941977005451912,0.024561116812021836,0.18312377310155528,1.0,1.0,1.0,1.0,1.0,1.0,1.0,1.0,0.0,0.0,0.0,0.0,0.7292859280132171
comm11_9_2,0.2594400442278255,0.12170877599197885,-0.06830274440834058,0.08396604050598713,-0.058049869500100604,-0.04549310043616139,-0.03479808123377354,-0.15242985427055675,0.030839189862751436,0.1757278979197145,1.0,1.0,1.0,1.0,1.0,1.0,1.0,1.0,0.0,0.0,0.0,0.0,0.7412574926289346
comm11_9_3,0.2507176357912629,0.11366166769810344,-0.06564628446231716,0.08185797683894633,-0.025544314962690287,-0.05788568138104419,-0.04123296476738608,-0.13509681367679785,0.02523638699689637,0.17051468126313843,1.0,1.0,1.0,1.0,1.0,1.0,1.0,1.0,0.0,0.0,0.0,0.0,0.747526246417331
comm11_9_4,0.2186190775700885,0.12847993403187263,-0.06549050077148107,0.09570226246410087,-0.01897049156058094,-0.052320158748847,-0.04223532579191352,-0.1601654427676745,0.0334545032971579,0.1750645178783199,1.0,1.0,1.0,1.0,1.0,1.0,1.0,1.0,0.0,0.0,0.0,0.0,0.7409024335149471
