Experiments,BC_OD<--AC_OD,BC_OD<--BA_OD,BC_OD<--BC_OD,BC_OD<--BL_OD,BC_OD<--BT_OD,BC_OD<--BV_OD,BC_OD<--CC_OD,BC_OD<--DF_OD,BC_OD<--wt_OD,BC_OD<--pH,AC_OD,BA_OD,BC_OD,BL_OD,BT_OD,BV_OD,CC_OD,DF_OD,wt_OD,delarc_OD,parc-_OD,parc+_OD,pH
5comm11wtaTc_1,0.02074242780713931,0.04699589075439651,0.1135004523914793,0.019706433577382044,-0.0033679321197711922,-0.010594673767361952,-0.003978769116751525,-0.06106568484526613,-0.05657401776508146,-0.11839107424992577,1.0,1.0,1.0,1.0,1.0,1.0,1.0,1.0,1.0,0.0,0.0,0.0,0.0997489321824637
5comm11wtaTc_2,0.00856946239328903,0.047037633506824134,0.10031141503835501,0.011527744003612063,-0.006569831753554553,-0.0017183303913992406,0.0004401961892195391,-0.04119265494139299,-0.04567624392554812,-0.12575633778034345,1.0,1.0,1.0,1.0,1.0,1.0,1.0,1.0,1.0,0.0,0.0,0.0,0.0997489321824637
5comm11wtaTc_3,0.012647469884351545,0.03995926982520716,0.0856675337093032,0.028983967978021375,-0.004255444441476593,-0.0029707723953153772,-0.007245422360365806,-0.053999191478866615,-0.041482524259582786,-0.11033183395376674,1.0,1.0,1.0,1.0,1.0,1.0,1.0,1.0,1.0,0.0,0.0,0.0,0.0997489321824637
5comm11wtaTc_4,0.002269379342703715,0.036776127654897135,0.10316837591483542,0.0216380653400784,-0.00279855245481367,0.007653964795172216,-0.008799662716362783,-0.050283309303871974,-0.05954784574230082,-0.103103490193253,1.0,1.0,1.0,1.0,1.0,1.0,1.0,1.0,1.0,0.0,0.0,0.0,0.0997489321824637
6comm11wtaTc_1,0.04558147761322882,0.12937322779356134,0.19148079268310378,0.06854801695955837,0.006410491476240365,0.0010196779765512622,0.018203662007075284,-0.05108080810178881,-0.039577592716592794,0.10782701794867934,1.0,1.0,1.0,1.0,1.0,1.0,1.0,1.0,1.0,0.0,0.0,0.0,0.294943607271727
6comm11wtaTc_2,0.07888243909601286,0.11626159366382204,0.1934420228862892,0.057468858241387054,-0.0056668485911644025,0.009255578342987143,0.011989959920554058,-0.04708570243061885,-0.038955152151377306,0.10219321466172519,1.0,1.0,1.0,1.0,1.0,1.0,1.0,1.0,1.0,0.0,0.0,0.0,0.294943607271727
6comm11wtaTc_3,0.05669633554213721,0.11120107694326532,0.20611061623724908,0.061992652962065256,-0.012097874541321522,-0.0015520219763983832,0.02924171082999395,-0.03286089287503906,-0.045030547194182854,0.104084907711848,1.0,1.0,1.0,1.0,1.0,1.0,1.0,1.0,1.0,0.0,0.0,0.0,0.294943607271727
6comm11wtaTc_4,0.051301073106410716,0.1525093156552833,0.1872986495721599,0.04498518803197405,0.01060584960424382,0.005513425756083882,0.01480293675771226,-0.06762282961574588,-0.030816096159751005,0.10920845093124588,1.0,1.0,1.0,1.0,1.0,1.0,1.0,1.0,1.0,0.0,0.0,0.0,0.294943607271727
7comm11wtaTc_1,0.10165433549200709,0.1082371558394769,0.19816425355880155,0.036388247795403006,-0.026845426714938628,0.022750123689032117,0.03282095992694729,-0.023453651940369084,-0.09872233992199536,0.12630509754885796,1.0,1.0,1.0,1.0,1.0,1.0,1.0,1.0,1.0,0.0,0.0,0.0,0.5477367110758552
7comm11wtaTc_2,0.08610102808993796,0.1130935560474577,0.2103103598320613,0.036771042280547,-0.035266824866766515,0.007377949548156363,0.03664807578143865,-0.03661127883616997,-0.06781867468648631,0.12669352208304663,1.0,1.0,1.0,1.0,1.0,1.0,1.0,1.0,1.0,0.0,0.0,0.0,0.5477367110758552
7comm11wtaTc_3,0.098075767946632,0.10287191260606053,0.19660672112165586,0.024970128831008215,-0.022384033386150127,0.018094993800572723,0.031824576384995286,-0.048601053423531666,-0.04751032290899235,0.12335006430097249,1.0,1.0,1.0,1.0,1.0,1.0,1.0,1.0,1.0,0.0,0.0,0.0,0.5477367110758552
7comm11wtaTc_4,0.06739303099720372,0.11257177760743575,0.21533292906115883,0.027430557581069687,-0.027733847477837758,0.019235776620714566,0.030908524303332612,-0.021839470699753446,-0.07758443943022389,0.13158391671012282,1.0,1.0,1.0,1.0,1.0,1.0,1.0,1.0,1.0,0.0,0.0,0.0,0.5477367110758552
8comm11wtaTc_1,0.09318283633693404,0.016406883645964706,0.1702423845652653,0.051165060057588245,-0.032817569771862544,0.020005612621164837,0.03441837399226168,-0.02090523667147626,-0.09476998559320753,0.07364234657391257,1.0,1.0,1.0,1.0,1.0,1.0,1.0,1.0,1.0,0.0,0.0,0.0,0.8453285927693228
8comm11wtaTc_2,0.07928935195926741,0.057280527638352445,0.18679831382859005,0.05440085186582547,-0.01778334339189789,0.002189635653858597,0.029011702743237437,-0.028231566468982595,-0.12284639749352051,0.07046162942181462,1.0,1.0,1.0,1.0,1.0,1.0,1.0,1.0,1.0,0.0,0.0,0.0,0.8453285927693228
8comm11wtaTc_3,0.09922582605934663,0.058351149385714014,0.17524287094078636,0.0525048677607075,-0.01681048680744741,0.01442748405687187,0.05027799975774858,-0.06049730689143358,-0.16278719622155902,0.10063549771581007,1.0,1.0,1.0,1.0,1.0,1.0,1.0,1.0,1.0,0.0,0.0,0.0,0.8453285927693228
8comm11wtaTc_4,0.09296246225743192,0.03644480385372173,0.21055920761402544,0.05242824276180371,-0.018519036136567586,0.007178465301251929,0.04047977555057278,-0.02482432753981456,-0.16397623578491413,0.07783734787903399,1.0,1.0,1.0,1.0,1.0,1.0,1.0,1.0,1.0,0.0,0.0,0.0,0.8453285927693228
wt_pH4_0,-0.009354866140562555,-0.028796390192988127,-0.021544951195626157,-0.009714131536691085,-0.0008408186260772796,-0.0015843267949379011,-0.0005759045935195428,0.01806473014957231,-0.0034347221060939477,-0.02286463947723741,0.0,0.0,0.0,0.0,0.0,0.0,0.0,0.0,1.0,0.0,0.0,0.0,0.0032572508755295392
wt_pH4_1,-0.008919971546401147,-0.01951571107558582,-0.027713097497496914,-0.005702280267749145,0.00099336251616478,-0.0026236486564511848,-0.0005919378769138581,0.014623094385732775,-0.0015209968258505287,-0.029674833727919542,0.0,0.0,0.0,0.0,0.0,0.0,0.0,0.0,1.0,0.0,0.0,0.0,-0.004437627208196163
wt_pH4_2,-0.006157220297533532,-0.01787066875754491,-0.02684106613954772,-0.01110984142383804,0.0018009814117913659,0.0007368194392841796,-0.0005360472315679426,0.01666691105650819,-0.009608170509986257,-0.02772771952916746,0.0,0.0,0.0,0.0,0.0,0.0,0.0,0.0,1.0,0.0,0.0,0.0,0.0011803763326671925
wt_pH5_0,-0.009888250662580781,-0.024694570706266416,-0.03391621781756049,-0.007808152641291205,0.0012561561928495113,-0.0015807384220154392,-0.002846111413901267,0.02027690757551919,-0.006259713477414587,-0.015185330077681853,0.0,0.0,0.0,0.0,0.0,0.0,0.0,0.0,1.0,0.0,0.0,0.0,0.08114687964645667
wt_pH5_1,-0.00789063847421304,-0.023518392659075876,-0.035206105244224475,-0.007239036317104878,0.0021091626924665077,-0.000883872763294242,-0.002842100005110968,0.015347337818340112,-0.007164186440084292,-0.013358189050594103,0.0,0.0,0.0,0.0,0.0,0.0,0.0,0.0,1.0,0.0,0.0,0.0,0.11230826956373989
wt_pH5_2,-0.01225911330593669,-0.023353645905204442,-0.030928987685752952,-0.007983559578981088,0.0005209386202952132,0.0007205115971357919,0.0008464594136761583,0.018383761592533278,-0.008773223148739856,-0.01781916095348804,0.0,0.0,0.0,0.0,0.0,0.0,0.0,0.0,1.0,0.0,0.0,0.0,0.09911694942295314
wt_pH6_0,-0.007624442980665226,-0.026785355529383464,-0.0638073543119042,-0.011657414449297866,0.0004028453321560567,0.0002194460951115777,-6.981060232805127e-05,0.024493007849416007,-0.007507008116530336,0.011690066127997379,0.0,0.0,0.0,0.0,0.0,0.0,0.0,0.0,1.0,0.0,0.0,0.0,0.2884225051673924
wt_pH6_1,-0.012779592270760434,-0.023434537929361284,-0.06255281149369218,-0.012373040154900242,0.0031206906198159514,-0.0008130744439752215,-0.00022726477488227493,0.016767656427362693,-0.0055527697325400685,0.0171987230444084,0.0,0.0,0.0,0.0,0.0,0.0,0.0,0.0,1.0,0.0,0.0,0.0,0.29127362738877827
wt_pH6_2,-0.009640349697159684,-0.025106743877024756,-0.06173704396771348,-0.013834030579613603,0.0006987861398121578,0.0009106597433919488,-8.923079332579659e-06,0.01698069129301154,-0.006362431538493737,0.01745336367222278,0.0,0.0,0.0,0.0,0.0,0.0,0.0,0.0,1.0,0.0,0.0,0.0,0.2957269459022493
wt_pH7_0,-0.013680292928348414,-0.025604021489296268,-0.054596509505873136,-0.01827197691830604,0.004664631798539474,-0.006050224012654759,-0.004338907852121022,0.03344423600674971,-0.02258428474159345,0.026371330288441287,0.0,0.0,0.0,0.0,0.0,0.0,0.0,0.0,1.0,0.0,0.0,0.0,0.5922068579302491
wt_pH7_1,-0.0131935462290826,-0.021654348980797374,-0.0715519268681174,-0.012647805929831835,0.0063614508282879125,-0.0028546098311958115,-0.005781556895893553,0.0197098341891947,-0.007426553705464239,0.028393041894811646,0.0,0.0,0.0,0.0,0.0,0.0,0.0,0.0,1.0,0.0,0.0,0.0,0.5480973412378645
wt_pH7_2,-0.008589908200437606,-0.024049323819901637,-0.07496577421446209,-0.01083416584069314,0.004064251665511856,-0.0037977018045342497,-0.004412297795972096,0.02326652786977913,-0.005059306448244531,0.023731676999317563,0.0,0.0,0.0,0.0,0.0,0.0,0.0,0.0,1.0,0.0,0.0,0.0,0.5469120935714209
wt_pH8_0,-0.019535816209795685,-0.01601607470570699,-0.035781283994083826,-0.0232809464989797,-0.0007532787776511646,-0.0015522541818411455,-0.007368245176647021,0.021465850028654806,-0.011214879503392658,0.013390908576548096,0.0,0.0,0.0,0.0,0.0,0.0,0.0,0.0,1.0,0.0,0.0,0.0,0.8455353071301549
wt_pH8_1,-0.01840304291604654,-0.022819867449934066,-0.05023224376789901,-0.010373476068286794,0.0004899706270383746,-0.0034496798771231074,-0.005091966978557731,0.030268914362658626,-0.014146315431141336,0.013111688144828963,0.0,0.0,0.0,0.0,0.0,0.0,0.0,0.0,1.0,0.0,0.0,0.0,0.8378107178569503
wt_pH8_2,-0.011813744475012237,-0.018680208417708462,-0.04341071542190468,-0.018115863842160806,0.001559553274317928,-0.005344065181587055,-0.006114914355718571,0.01879936583178199,-0.010663436635032943,0.013138008637596732,0.0,0.0,0.0,0.0,0.0,0.0,0.0,0.0,1.0,0.0,0.0,0.0,0.8442380625189879
wt_pH9_0,-0.020602498895124256,-0.023152818041651146,-0.04163778194428786,-0.01913972594005906,0.0009655776474138962,8.571042152850572e-05,-0.006081043209718619,0.025223839146935424,-0.007189298353117446,0.010882019813617938,0.0,0.0,0.0,0.0,0.0,0.0,0.0,0.0,1.0,0.0,0.0,0.0,1.003926186226973
wt_pH9_1,-0.012632043826515258,-0.02159506568118282,-0.03641336184642885,-0.013812773172622144,0.0013588690207056375,-0.0032686731624214558,-0.00596248359945805,0.02215873639544715,-0.01812978803463604,0.007650564552649208,0.0,0.0,0.0,0.0,0.0,0.0,0.0,0.0,1.0,0.0,0.0,0.0,0.9964236708955914
wt_pH9_2,-0.009943065497538319,-0.02097192471927923,-0.04453111449823432,-0.014413923791245275,0.002896610430401304,-0.0013482675409835318,-0.009360371018233504,0.013218739442527295,-0.0061630533732797785,0.00997034863933273,0.0,0.0,0.0,0.0,0.0,0.0,0.0,0.0,1.0,0.0,0.0,0.0,0.9996501428774356
AC_pH4_0,0.0026582277469013055,-0.0262525772837841,-0.04112527910781943,-0.013605053944756154,-0.0005981113194771434,0.0030711270803990567,0.0008150774548235147,0.020605420339042724,0.004199167637397414,-0.030414018676332807,1.0,0.0,0.0,0.0,0.0,0.0,0.0,0.0,0.0,0.0,0.0,0.0,-0.0016139570379183382
AC_pH4_1,0.004349827222202135,-0.024776073333037944,-0.04295432748354001,-0.009247108024099598,0.0013468712244344796,0.00016898806652297077,7.957010651412215e-05,0.02152917276420023,0.004970794475596885,-0.03611373433438332,1.0,0.0,0.0,0.0,0.0,0.0,0.0,0.0,0.0,0.0,0.0,0.0,0.0004845233155374915
AC_pH4_2,0.003866513086401899,-0.02005943814373535,-0.043327797337070754,-0.008555725445242031,-0.0017949564625387622,-0.0009657149583749159,0.0020809409022331245,0.01684460116307373,0.00479237222477146,-0.033526814322432756,1.0,0.0,0.0,0.0,0.0,0.0,0.0,0.0,0.0,0.0,0.0,0.0,0.001874459798070219
AC_pH5_0,0.003383198950601661,-0.03029868526951127,-0.04203911786979955,-0.007922653241649919,-0.0007060018230391585,0.001948610944268494,-0.00186040480337713,0.021005821699357552,0.004684757420226285,-0.02884154558181762,1.0,0.0,0.0,0.0,0.0,0.0,0.0,0.0,0.0,0.0,0.0,0.0,0.05114127579932972
AC_pH5_1,0.003624856018501779,-0.027262547918311928,-0.03953261471474949,-0.008882528877128726,-0.0008365334019712776,0.0006607784509010939,0.0001091223760791451,0.018930059846328652,0.008988340505115365,-0.03644495241667914,1.0,0.0,0.0,0.0,0.0,0.0,0.0,0.0,0.0,0.0,0.0,0.0,0.02446646428818786
AC_pH5_2,0.003383198950601661,-0.023292917628651082,-0.04225176677917657,-0.009413748783585817,-0.0035238796812684632,0.0017488763756726103,0.0012897240629662645,0.014521864859954171,0.0036942109805734266,-0.02680158250519763,1.0,0.0,0.0,0.0,0.0,0.0,0.0,0.0,0.0,0.0,0.0,0.0,0.039343210450552515
AC_pH6_0,0.0010532412451246522,-0.037540247043513726,-0.042338710505029443,-0.011034144772135688,0.0008534243540919333,0.0015594208321493607,-0.0013672525597655252,0.017120738385812097,0.0027246044576168067,-0.011677094338380774,1.0,0.0,0.0,0.0,0.0,0.0,0.0,0.0,0.0,0.0,0.0,0.0,0.16172687662413934
AC_pH6_1,0.0010954727362031524,-0.04737835990831905,-0.05779919042697419,-0.01206800607073566,-0.0017251629220402752,0.004143172554347825,-0.0020442300986336613,0.02913374978401091,0.0045454643164639895,0.0014510699944651644,1.0,0.0,0.0,0.0,0.0,0.0,0.0,0.0,0.0,0.0,0.0,0.0,0.20214567479932488
AC_pH6_2,0.0011636141525662468,-0.04103701735158329,-0.05844561046232349,-0.009680051599507746,-0.001990224696371867,0.0021181725694433507,-0.001259187466424444,0.02490486018359661,0.0053963380614700535,-0.001816913461231668,1.0,0.0,0.0,0.0,0.0,0.0,0.0,0.0,0.0,0.0,0.0,0.0,0.19208393008372077
AC_pH7_0,0.010519120233214418,-0.04392970709373122,-0.11213967876103913,-0.01438381444014933,-0.0021398523871017545,0.0051886260736247755,-0.0026561747394178215,0.04259223265816336,0.010730634780357714,0.025572594477106702,1.0,0.0,0.0,0.0,0.0,0.0,0.0,0.0,0.0,0.0,0.0,0.0,0.4761566893788473
AC_pH7_1,0.010924388571925785,-0.05404970235636701,-0.11712624738073865,-0.020836714336081693,0.0007277797146335908,-0.0038806625293648814,0.003042508091615595,0.053251086677546085,0.00963551191856032,0.03766603240014419,1.0,0.0,0.0,0.0,0.0,0.0,0.0,0.0,0.0,0.0,0.0,0.0,0.48226683949395216
AC_pH7_2,0.01095220392164977,-0.05577869310651136,-0.12366076473470618,-0.014352294674710084,-0.0006779405490859688,0.007770021684143854,0.0015438487785665914,0.05646904168893461,0.006540267569539339,0.030548289610963796,1.0,0.0,0.0,0.0,0.0,0.0,0.0,0.0,0.0,0.0,0.0,0.0,0.4811025384560845
AC_pH8_0,0.00694075902519019,-0.057994123379821357,-0.10700625877665439,-0.013532264075525425,-3.377038499583382e-05,0.004554170778264169,-0.005732014475633268,0.04743219330906869,0.003635129586833976,0.041090158666281594,1.0,0.0,0.0,0.0,0.0,0.0,0.0,0.0,0.0,0.0,0.0,0.0,0.6161936979692529
AC_pH8_1,0.007046378539956134,-0.0421376971349768,-0.1072260029371018,-0.017756471141524937,-0.002956814084040082,0.0026303954357686245,-0.007342235596607562,0.038654985353350636,0.009498412068123407,0.03894302972470938,1.0,0.0,0.0,0.0,0.0,0.0,0.0,0.0,0.0,0.0,0.0,0.0,0.6417698578516113
AC_pH8_2,0.006336299802946008,-0.04014582939284004,-0.09852384667033735,-0.019062144121398093,-0.002389806878307592,0.0033370261396402905,0.003690467792684618,0.039307972163609824,0.004091298249752626,0.02271254280501086,1.0,0.0,0.0,0.0,0.0,0.0,0.0,0.0,0.0,0.0,0.0,0.0,0.6440713470669853
AC_pH9_0,0.007396768707296123,-0.05943663091277301,-0.09961093009652004,-0.018793220353191312,0.0029235305135016858,0.002627202196289663,-0.0013093979883453109,0.04303175975123177,0.00899179375204055,0.033533103478991466,1.0,0.0,0.0,0.0,0.0,0.0,0.0,0.0,0.0,0.0,0.0,0.0,0.7292859280132171
AC_pH9_1,0.007326335142488064,-0.04067573858667975,-0.0979671194890271,-0.014035094249183713,-0.004050811626341032,-0.0006840181334511094,-0.005985781918077365,0.040140617899596685,0.006603090701543767,0.028682500162850254,1.0,0.0,0.0,0.0,0.0,0.0,0.0,0.0,0.0,0.0,0.0,0.0,0.7412574926289346
AC_pH9_2,0.007578012982140419,-0.042451400831341746,-0.10310315335574355,-0.012972027435898781,0.001436988959169907,-0.006384188534448974,-0.008801753209984818,0.04426322799337946,0.00697354181467191,0.03281473147966292,1.0,0.0,0.0,0.0,0.0,0.0,0.0,0.0,0.0,0.0,0.0,0.0,0.747526246417331
BA_pH4_0,-0.012064331538327365,0.0013350188213845959,-0.04667523222287064,-0.011260706910296627,0.0026369481242221327,-0.0008334817445796472,-0.004091772935960603,0.01678755645842656,0.007478805576329644,-0.033958822982790675,0.0,1.0,0.0,0.0,0.0,0.0,0.0,0.0,0.0,0.0,0.0,0.0,-0.0016139574737368786
BA_pH4_1,-0.015383981126158136,0.0013350188213845959,-0.04294759201938691,-0.011709388483153737,0.005156353499902331,-0.002701968176533348,-0.005196641419568787,0.022716667401077955,0.011629984994297442,-0.043544473053644527,0.0,1.0,0.0,0.0,0.0,0.0,0.0,0.0,0.0,0.0,0.0,0.0,0.00048452299554619434
BA_pH4_2,-0.01281075891431259,0.0014920798591945479,-0.03641877671784681,-0.01598541015516157,-0.0006821408576291537,-0.0012423323402586204,-0.0024913864080672674,0.01695712875250889,0.004034088469393876,-0.03349851148284,0.0,1.0,0.0,0.0,0.0,0.0,0.0,0.0,0.0,0.0,0.0,0.0,0.0018744598294293093
BA_pH5_0,-0.01261831616253957,0.0010994272646696669,-0.05448399533720121,-0.010832544529567596,-0.0001724730480624283,0.00023202673248622709,-0.003910868159778739,0.025980917336824148,0.00673654769425807,-0.03267674245426189,0.0,1.0,0.0,0.0,0.0,0.0,0.0,0.0,0.0,0.0,0.0,0.0,0.0511412745403946
BA_pH5_1,-0.01698748843825382,0.001335018821384597,-0.03734695776487173,-0.014487095897936305,-0.0003132570194809331,-0.00010306202199148178,-0.0031828352954724574,0.014407907000378424,0.004952793856677803,-0.028921042594896716,0.0,1.0,0.0,0.0,0.0,0.0,0.0,0.0,0.0,0.0,0.0,0.0,0.024466462930343342
BA_pH5_2,-0.016006404733204325,0.0012564883024796193,-0.05629909261575213,-0.013698361117554746,0.001279243472153725,0.0008966068405172092,0.0024672902877564025,0.02117234142578166,0.008479140352295793,-0.030193271568935857,0.0,1.0,0.0,0.0,0.0,0.0,0.0,0.0,0.0,0.0,0.0,0.0,0.03934321135483189
BA_pH6_0,-0.025299660249248793,0.002212606979453046,-0.08673789603554685,-0.01721230530382499,0.0027729173182793284,0.006628541910777919,-0.008616282967445642,0.03432917381272368,0.010538908285291299,0.000737976895078368,0.0,1.0,0.0,0.0,0.0,0.0,0.0,0.0,0.0,0.0,0.0,0.0,0.16172687666300212
BA_pH6_1,-0.018006895584580695,0.0018795077956241114,-0.08997410092826774,-0.020617366426664854,0.0006060036012659895,0.0020893400032883096,-0.005434290096163749,0.028351818642214584,0.008678587195665942,0.011781376443155434,0.0,1.0,0.0,0.0,0.0,0.0,0.0,0.0,0.0,0.0,0.0,0.0,0.20214567404454245
BA_pH6_2,-0.020205966057660785,0.001927190552587095,-0.08753143258878716,-0.01842290546745062,0.002048183890140574,0.00045401504830173695,-0.007022835309414761,0.0333253583214853,0.009084256019281306,0.0056981162370547,0.0,1.0,0.0,0.0,0.0,0.0,0.0,0.0,0.0,0.0,0.0,0.0,0.19208393160174653
BA_pH7_0,-0.027737513472852495,0.0028251843348793353,-0.11130786262128664,-0.020075635275115137,0.00328655425135208,-0.005420437814748807,-0.0086219024301871,0.040718045534323094,0.013524678746319335,0.032162869146660625,0.0,1.0,0.0,0.0,0.0,0.0,0.0,0.0,0.0,0.0,0.0,0.0,0.47615668850189524
BA_pH7_1,-0.025205976898255558,0.0032454655546209077,-0.10117620705748381,-0.022369257938926634,0.002275243856660697,-0.0008129001716556765,-0.005701958057673081,0.03283954414336577,0.009150051095563431,0.02710997602861861,0.0,1.0,0.0,0.0,0.0,0.0,0.0,0.0,0.0,0.0,0.0,0.0,0.48226683981394347
BA_pH7_2,-0.024363816390218944,0.0026152347611344386,-0.10827932309035374,-0.020356280789103197,0.003575320935443691,0.002159361452188181,-0.01037669106670048,0.024701437305497086,0.009166346082220906,0.04051239144542944,0.0,1.0,0.0,0.0,0.0,0.0,0.0,0.0,0.0,0.0,0.0,0.0,0.48110253833913064
BA_pH8_0,-0.02830834514906873,0.0016083953950716092,-0.10647322928290004,-0.020482999024831736,0.0033114812328763617,0.0009506610473212985,-0.012696856197131717,0.04041788307383009,0.011210231172001883,0.029816758378368363,0.0,1.0,0.0,0.0,0.0,0.0,0.0,0.0,0.0,0.0,0.0,0.0,0.6161936980952847
BA_pH8_1,-0.02313782098500625,0.0014505238377529647,-0.11218461064702791,-0.022677138084950657,0.004207844220749708,0.0023719194482849973,-0.009885399139121818,0.02974655050298442,0.013274133080697576,0.03618797841117434,0.0,1.0,0.0,0.0,0.0,0.0,0.0,0.0,0.0,0.0,0.0,0.0,0.6417698583743298
BA_pH8_2,-0.0281418832099956,0.0012647452173025723,-0.10835386344272158,-0.020458049221855144,0.0029733712631075273,-0.0009567961096763604,-0.012602775313931959,0.03172450949964316,0.01618713851208272,0.03771758345158204,0.0,1.0,0.0,0.0,0.0,0.0,0.0,0.0,0.0,0.0,0.0,0.0,0.64407134594908
BA_pH9_0,-0.03859659942271916,0.004317104881224425,-0.09120231719768564,-0.023035593758458685,-7.479012012481845e-05,-0.0020850469576923734,-0.009704931391322096,0.034196243959924454,0.018229019466949544,0.027310890971642476,0.0,1.0,0.0,0.0,0.0,0.0,0.0,0.0,0.0,0.0,0.0,0.0,0.7292859295671521
BA_pH9_1,-0.030221049004922743,0.0037275541411793756,-0.08490821461800648,-0.024223306098062065,0.002334182278617568,-0.003343034689517125,-0.01328056354237639,0.02923768416694972,0.0161487333751891,0.0238819946364864,0.0,1.0,0.0,0.0,0.0,0.0,0.0,0.0,0.0,0.0,0.0,0.0,0.741257491587475
BA_pH9_2,-0.03288179965446824,0.0038636578684267788,-0.08916780544849842,-0.021991403183859327,0.00421284323801165,0.003054834325676378,-0.014175334004280357,0.03785743612958037,0.007713977911550065,0.020867573463398476,0.0,1.0,0.0,0.0,0.0,0.0,0.0,0.0,0.0,0.0,0.0,0.0,0.74752624576109
BC_pH4_0,-0.01966052029605793,-0.03796785739938849,0.05500805381847464,-0.019017750233735725,5.0977486307205575e-05,0.001850202448018219,0.0034690122695072824,0.032525183126006434,0.009036534746056018,-0.10593985583471217,0.0,0.0,1.0,0.0,0.0,0.0,0.0,0.0,0.0,0.0,0.0,0.0,-0.0016139570379183382
BC_pH4_1,-0.02047658525731253,-0.03530078943170931,0.05500424708199242,-0.021604125535358565,0.0010878450779811184,0.0062323496847049055,1.2691822712835984e-05,0.030147432064556553,0.006740259001760379,-0.10248934377308776,0.0,0.0,1.0,0.0,0.0,0.0,0.0,0.0,0.0,0.0,0.0,0.0,0.0004845233155374915
BC_pH4_2,-0.017570085676143998,-0.028554330918452015,0.05512623147796029,-0.01995051740790191,-0.0016640687685297907,0.0023005405214169762,-0.0032660147126602106,0.025985325995994655,0.007690461475564088,-0.10074356128988059,0.0,0.0,1.0,0.0,0.0,0.0,0.0,0.0,0.0,0.0,0.0,0.0,0.001874459798070219
BC_pH5_0,-0.016594513904141343,-0.03804285062396008,0.05600717856670204,-0.024122151713008466,-0.0011709072359878097,0.008154784873451877,-0.0037201292019175434,0.024993210713500556,0.009562417602409487,-0.09571305878784343,0.0,0.0,1.0,0.0,0.0,0.0,0.0,0.0,0.0,0.0,0.0,0.0,0.05114127579932972
BC_pH5_1,-0.015519112414963869,-0.04258630502969026,0.05457651199530001,-0.022432146235976537,0.0027732909940507097,0.0031080885344873304,0.000619553162351898,0.03085509538326574,0.004262302127545295,-0.09630329841828866,0.0,0.0,1.0,0.0,0.0,0.0,0.0,0.0,0.0,0.0,0.0,0.0,0.02446646428818786
BC_pH5_2,-0.007020785172024498,-0.04547015009690886,0.05529560256911361,-0.022268777368185312,-0.0022671735383894137,0.0027752733829876654,-0.003903348321176094,0.028111228667523556,0.0015176827379542858,-0.08741557262999854,0.0,0.0,1.0,0.0,0.0,0.0,0.0,0.0,0.0,0.0,0.0,0.0,0.039343210450552515
BC_pH6_0,0.00576592671968367,-0.06339482752849228,0.12524942205651945,-0.03500936480481988,0.0026183108823454888,0.02354038644096125,0.003819886852541699,0.032478288609696475,0.01038240051949802,0.025143335390350095,0.0,0.0,1.0,0.0,0.0,0.0,0.0,0.0,0.0,0.0,0.0,0.0,0.16172687662413934
BC_pH6_1,-0.0022979670163729925,-0.05848573186799234,0.14208057519696324,-0.0393346934101504,-0.0006248055155510503,0.00984954327182925,0.004707850698867568,0.05633881680829371,0.008880511117370237,0.058378362783595254,0.0,0.0,1.0,0.0,0.0,0.0,0.0,0.0,0.0,0.0,0.0,0.0,0.20214567479932488
BC_pH6_2,0.003901307456519293,-0.06191374616130539,0.13922199699703763,-0.03250291661885769,-0.0039145458424868825,0.015007430817122044,0.0008159630988603063,0.058004651680264786,0.013716620388238326,0.040758750493759696,0.0,0.0,1.0,0.0,0.0,0.0,0.0,0.0,0.0,0.0,0.0,0.0,0.19208393008372077
BC_pH7_0,-0.04211210038350976,-0.07499757215218698,0.159132425373663,-0.06472266834067261,-0.0012085489944919329,0.013250812408716782,-0.019760581959524882,0.06444377008339633,0.014032754485049974,0.11831316318200981,0.0,0.0,1.0,0.0,0.0,0.0,0.0,0.0,0.0,0.0,0.0,0.0,0.4761566893788473
BC_pH7_1,-0.05487490420270223,-0.05904972048557323,0.1560738123985736,-0.05625410371500511,-0.004755465441747854,0.009587976151834363,-0.027399344909126346,0.06845134227334157,0.0165714338146474,0.11806229999693842,0.0,0.0,1.0,0.0,0.0,0.0,0.0,0.0,0.0,0.0,0.0,0.0,0.48226683949395216
BC_pH7_2,-0.04933461033131765,-0.0799182727123084,0.15882465236860766,-0.04832283587397441,-0.007461474949251057,0.010742598587404131,-0.008456787547987442,0.07625292665608552,0.009247235547265281,0.1048322941362858,0.0,0.0,1.0,0.0,0.0,0.0,0.0,0.0,0.0,0.0,0.0,0.0,0.4811025384560845
BC_pH8_0,-0.04685770730285541,-0.0600421955663225,0.13969230628207976,-0.05482327491854846,-0.0018237899098059369,0.01957955786553414,-0.015768860194670116,0.073695090899001,0.022451705135728993,0.086397477760911,0.0,0.0,1.0,0.0,0.0,0.0,0.0,0.0,0.0,0.0,0.0,0.0,0.6161936979692529
BC_pH8_1,-0.04867608730397794,-0.06007767837008703,0.13570568074026834,-0.05831025970532842,0.0014718225517350702,0.015779907027988326,-0.007412937047040984,0.06736085396260025,0.025497807871712297,0.08622939286996488,0.0,0.0,1.0,0.0,0.0,0.0,0.0,0.0,0.0,0.0,0.0,0.0,0.6417698578516113
BC_pH8_2,-0.04516808821779232,-0.05164988217470436,0.13789283568120522,-0.06553987266738777,0.006810756814868547,0.022063191408372443,-0.0236748440126362,0.07120837915688753,0.021033277273502043,0.0841484263004816,0.0,0.0,1.0,0.0,0.0,0.0,0.0,0.0,0.0,0.0,0.0,0.0,0.6440713470669853
BC_pH9_0,-0.0537421488745705,-0.0676594465209738,0.0785642126267371,-0.07162239612768526,-0.012739493414435697,0.0032337912236866753,-0.02320483419558276,0.06270167800395385,0.011366173649287744,-0.0075435573769652275,0.0,0.0,1.0,0.0,0.0,0.0,0.0,0.0,0.0,0.0,0.0,0.0,0.7292859280132171
BC_pH9_1,-0.05799725091651729,-0.05208531667194937,0.08171254888986763,-0.07520138290913211,-0.015362239684099738,-0.004570911220558312,-0.024921863999055778,0.05855262048866438,0.011675173845951972,-0.002447397848186285,0.0,0.0,1.0,0.0,0.0,0.0,0.0,0.0,0.0,0.0,0.0,0.0,0.7412574926289346
BC_pH9_2,-0.05114495220553615,-0.05400922817704469,0.07996596782427766,-0.07998617401427548,-0.010149684102962847,0.0046090948808452355,-0.03322105444967747,0.04894688664409129,0.014205169024998725,0.00013795454379009515,0.0,0.0,1.0,0.0,0.0,0.0,0.0,0.0,0.0,0.0,0.0,0.0,0.747526246417331
BL_pH4_0,-0.0076518770339696306,-0.018658101058200652,-0.045646128328922016,0.00590079453004443,-0.0017887491927198742,0.0037301321052338756,-0.001669285192113856,0.023360822717456715,0.008175592752902406,-0.04639922097487293,0.0,0.0,0.0,1.0,0.0,0.0,0.0,0.0,0.0,0.0,0.0,0.0,-0.0016139570379183382
BL_pH4_1,-0.010098803976307745,-0.02995184847032246,-0.04223937620611295,0.005245999661476716,0.000678475832809572,0.0033839310883827813,0.0030042045450081,0.016692302640041578,0.0065937713193504706,-0.03395467578878869,0.0,0.0,0.0,1.0,0.0,0.0,0.0,0.0,0.0,0.0,0.0,0.0,0.0004845233155374915
BL_pH4_2,-0.0015975863518922224,-0.019762094871181513,-0.05404569351316796,0.006252268071731793,0.0022694707904820847,-0.00025048846135968824,0.00014002472648154272,0.021653722675274246,0.005027581973244315,-0.040333224394075246,0.0,0.0,0.0,1.0,0.0,0.0,0.0,0.0,0.0,0.0,0.0,0.0,0.001874459798070219
BL_pH5_0,-0.00802985824158658,-0.02677761007586251,-0.051170670467874275,0.00703970260432233,0.0007917046968055807,0.00012964010562585681,0.0029200218310174745,0.02037667851571156,0.005468144079913264,-0.03139377240253531,0.0,0.0,0.0,1.0,0.0,0.0,0.0,0.0,0.0,0.0,0.0,0.0,0.05114127579932972
BL_pH5_1,-0.004507426274535449,-0.029739328054306298,-0.04379450855047807,0.006832740630792532,0.0005816306465345876,0.0016275875821061758,0.00023316954950923537,0.01773920266524605,0.0035020280775168674,-0.03312111591191397,0.0,0.0,0.0,1.0,0.0,0.0,0.0,0.0,0.0,0.0,0.0,0.0,0.02446646428818786
BL_pH5_2,-0.005683951622442059,-0.02282133210126473,-0.04972692393576322,0.006292602184997953,-0.0012561872131798583,0.004517769585161106,0.0015366819031212636,0.012965149163551948,0.0030080244965527366,-0.02947785214237545,0.0,0.0,0.0,1.0,0.0,0.0,0.0,0.0,0.0,0.0,0.0,0.0,0.039343210450552515
BL_pH6_0,-0.004030219225779826,-0.039841178349502716,-0.07670591903607482,0.008240167926187099,-0.003267746660048546,0.002831833382015643,-0.0021737439476925383,0.022608030908133677,0.010267261357411095,0.0014254937434326038,0.0,0.0,0.0,1.0,0.0,0.0,0.0,0.0,0.0,0.0,0.0,0.0,0.16172687662413934
BL_pH6_1,0.004021023068091143,-0.039695345224893604,-0.10408483963297761,0.010165306984082509,-0.005949011389975963,0.004221527003075765,0.008450311728469705,0.03058067309467689,0.005411777940133345,0.006232557178515452,0.0,0.0,0.0,1.0,0.0,0.0,0.0,0.0,0.0,0.0,0.0,0.0,0.20214567479932488
BL_pH6_2,-0.0043245104408782455,-0.03956988563356193,-0.08250296479495971,0.008934169687006782,-0.0027037654622741373,0.004141378898335539,0.0021313948459599327,0.02062897870074148,0.0055491270950954906,0.007070057798662911,0.0,0.0,0.0,1.0,0.0,0.0,0.0,0.0,0.0,0.0,0.0,0.0,0.19208393008372077
BL_pH7_0,-0.0086386342962151,-0.05002072821330766,-0.11045727079491253,0.010636265734615527,0.0036271756352937727,0.005071692766378754,-0.0007338263256394343,0.028532383900297727,0.011883807371815911,0.0294531148672104,0.0,0.0,0.0,1.0,0.0,0.0,0.0,0.0,0.0,0.0,0.0,0.0,0.4761566893788473
BL_pH7_1,-0.0040728309604784714,-0.03895907773109883,-0.11582309889890578,0.012183479054466538,0.0022157642439655633,-0.002129133573692778,-0.0039060095276521605,0.03132087856207204,0.00876311171961867,0.029760897757242555,0.0,0.0,0.0,1.0,0.0,0.0,0.0,0.0,0.0,0.0,0.0,0.0,0.48226683949395216
BL_pH7_2,-0.010443562638500466,-0.053919633340252474,-0.10035732176802728,0.010895337475382762,-0.0019264076682536505,0.007290317629990371,-0.0010537992158661717,0.031011310587434667,0.007692200060447925,0.030165539170088972,0.0,0.0,0.0,1.0,0.0,0.0,0.0,0.0,0.0,0.0,0.0,0.0,0.4811025384560845
BL_pH8_0,-0.00316402427042308,-0.03636864031138627,-0.1225272918946069,0.01076053862014542,0.0015777664534423652,9.421515076056481e-06,-0.008916608182632403,0.031748609803617,0.009171242924488109,0.03706296608175921,0.0,0.0,0.0,1.0,0.0,0.0,0.0,0.0,0.0,0.0,0.0,0.0,0.6161936979692529
BL_pH8_1,-0.010026597981543647,-0.03983859544376965,-0.13356105567806437,0.010494002589712972,0.002790719086061353,0.005389775455645891,-0.0035006684210637335,0.0386989905944337,0.010992024939345276,0.037915385566327876,0.0,0.0,0.0,1.0,0.0,0.0,0.0,0.0,0.0,0.0,0.0,0.0,0.6417698578516113
BL_pH8_2,-0.012657835373412007,-0.04841155877255875,-0.11369724788581549,0.011042205270217808,0.00018951087218263793,-0.0014621151724587317,-0.0050062733726656955,0.03836225277703741,0.010857704335256764,0.040137337990429095,0.0,0.0,0.0,1.0,0.0,0.0,0.0,0.0,0.0,0.0,0.0,0.0,0.6440713470669853
BL_pH9_0,-0.022892416882450164,-0.029958583550608674,-0.11224434318101925,0.01263220198776411,0.0012177067411982497,-0.001310824891147408,-0.00827728385672621,0.0363635268839805,0.010437484014293423,0.03338651288786661,0.0,0.0,0.0,1.0,0.0,0.0,0.0,0.0,0.0,0.0,0.0,0.0,0.7292859280132171
BL_pH9_1,-0.01273322172300971,-0.04684741791499698,-0.11254187168958395,0.014242033670129984,0.0028057627590454127,-0.00041999999109817483,-0.011781247180441155,0.03847967988447003,0.015170718812100262,0.03297954358484433,0.0,0.0,0.0,1.0,0.0,0.0,0.0,0.0,0.0,0.0,0.0,0.0,0.7412574926289346
BL_pH9_2,-0.018944085266279137,-0.035632398928637087,-0.10473546179578358,0.011936227896291274,-0.0023805111792424448,0.005655067449678547,-0.005369715748921685,0.035946383803434984,0.007328974096023519,0.025549500357845558,0.0,0.0,0.0,1.0,0.0,0.0,0.0,0.0,0.0,0.0,0.0,0.0,0.747526246417331
BT_pH4_0,-0.014791261404752733,-0.02499658212389635,-0.030631083143146144,-0.01477694867421752,0.0011322031072948293,0.00254235074409972,-0.0033060021002007554,0.021041953134471957,0.012026206088130889,-0.028886856290957195,0.0,0.0,0.0,0.0,1.0,0.0,0.0,0.0,0.0,0.0,0.0,0.0,-0.0016139570379183382
BT_pH4_1,-0.01470084282529095,-0.02398481499241746,-0.028264051973819735,-0.012834639103840228,0.0011322031072948278,-0.002281043020927388,-0.0006260590271457371,0.02472063262339519,0.005256389586821847,-0.0290637943342976,0.0,0.0,0.0,0.0,1.0,0.0,0.0,0.0,0.0,0.0,0.0,0.0,0.0004845233155374915
BT_pH4_2,-0.009147197777486368,-0.020061553016952848,-0.030980997281553953,-0.0067254473398561075,0.0007992021933845853,0.00029665266528077725,-0.004331842618791953,0.018427600178705605,0.005621385678001072,-0.034543822760815204,0.0,0.0,0.0,0.0,1.0,0.0,0.0,0.0,0.0,0.0,0.0,0.0,0.001874459798070219
BT_pH5_0,-0.010178367591098598,-0.023106411122109576,-0.0391716577792945,-0.010586464936318608,0.0011988032900768781,0.002802529475935127,0.00038553768687922026,0.016863669108437455,0.004852577958094037,-0.023706235892098883,0.0,0.0,0.0,0.0,1.0,0.0,0.0,0.0,0.0,0.0,0.0,0.0,0.05114127579932972
BT_pH5_1,-0.009313569575872111,-0.026588661144285104,-0.045373500567739415,-0.012338605179734854,0.0012654034728589263,0.0017831560434854539,-0.003238892038555249,0.030942866735808223,0.005815099095520767,-0.023599317115933993,0.0,0.0,0.0,0.0,1.0,0.0,0.0,0.0,0.0,0.0,0.0,0.0,0.02446646428818786
BT_pH5_2,-0.007478518529754618,-0.02749265038286862,-0.03644019760515379,-0.013335380584973355,0.0008658023761666341,-0.003928519672025804,0.0018639752706107885,0.025744325578536675,0.006712922884718232,-0.02715778021222872,0.0,0.0,0.0,0.0,1.0,0.0,0.0,0.0,0.0,0.0,0.0,0.0,0.039343210450552515
BT_pH6_0,-0.008252795400178951,-0.0354984975055508,-0.05949311277950587,-0.016465365635636057,0.0003385395880626585,0.007113906708748443,0.0010168430533098148,0.023542323540086337,0.007092137079200019,-3.999939269345847e-05,0.0,0.0,0.0,0.0,1.0,0.0,0.0,0.0,0.0,0.0,0.0,0.0,0.16172687662413934
BT_pH6_1,-0.009497713632881643,-0.03676600214741801,-0.066553289760714,-0.011975239026157752,0.0008904116438782739,0.002255631119984647,-0.001398290151163288,0.025652375321673308,0.005086168961032578,0.01165992780872013,0.0,0.0,0.0,0.0,1.0,0.0,0.0,0.0,0.0,0.0,0.0,0.0,0.20214567479932488
BT_pH6_2,-0.016915968863860428,-0.025526105489419856,-0.06763011281904965,-0.013646942053152167,0.0007578053811322082,0.006209189349218552,0.00026581636913444723,0.02470116286660018,0.00527460106527028,0.005864534441219725,0.0,0.0,0.0,0.0,1.0,0.0,0.0,0.0,0.0,0.0,0.0,0.0,0.19208393008372077
BT_pH7_0,-0.016327587728915013,-0.029072181357313754,-0.0758374413540182,-0.019818103658440323,0.0017018024947332302,0.0017307729743745,-0.007772301197375937,0.027641845688871715,0.009513884471810383,0.02759328974167938,0.0,0.0,0.0,0.0,1.0,0.0,0.0,0.0,0.0,0.0,0.0,0.0,0.4761566893788473
BT_pH7_1,-0.010130140214510586,-0.03133188117943381,-0.08455976069783386,-0.013381710220938146,0.0017870910076991351,0.0035921889122413546,-0.005267597713872142,0.029271743001173377,0.007449424977859727,0.021924622199781568,0.0,0.0,0.0,0.0,1.0,0.0,0.0,0.0,0.0,0.0,0.0,0.0,0.48226683949395216
BT_pH7_2,-0.010557452367375729,-0.023269499956589678,-0.09224535889761605,-0.018334201895024462,0.001701038473326228,-0.0002335274656829637,-0.00549614446318668,0.03216697042403014,0.007339397318985151,0.028282758470462716,0.0,0.0,0.0,0.0,1.0,0.0,0.0,0.0,0.0,0.0,0.0,0.0,0.4811025384560845
BT_pH8_0,-0.01867978669864976,-0.035589752134097666,-0.07409166050346001,-0.019251826920587085,0.0014689308016196544,0.0035392706403913686,-0.009276877473229946,0.03179812433279079,0.009816292746235494,0.02962126548199551,0.0,0.0,0.0,0.0,1.0,0.0,0.0,0.0,0.0,0.0,0.0,0.0,0.6161936979692529
BT_pH8_1,-0.017717014157577704,-0.030774384529694273,-0.0817186653840801,-0.02001905577176291,0.0013645463145297505,0.0024175955549530347,-0.0047532107486673,0.03321399926977313,0.009564829946536086,0.027775339911813322,0.0,0.0,0.0,0.0,1.0,0.0,0.0,0.0,0.0,0.0,0.0,0.0,0.6417698578516113
BT_pH8_2,-0.01906729109585285,-0.03285710068338592,-0.08225998739995385,-0.022082829732933774,0.0013339884903119969,0.006046717647948991,-0.002679530390254829,0.03143425571043854,0.011605342861426915,0.027880414800475477,0.0,0.0,0.0,0.0,1.0,0.0,0.0,0.0,0.0,0.0,0.0,0.0,0.6440713470669853
BT_pH9_0,-0.016992427151164287,-0.025036144522221197,-0.07396833412835131,-0.026908668543657522,0.0034575381939825818,0.0054721833943672795,-0.009048706482609975,0.03219917516021624,0.007275900840759278,0.02290346388421629,0.0,0.0,0.0,0.0,1.0,0.0,0.0,0.0,0.0,0.0,0.0,0.0,0.7292859280132171
BT_pH9_1,-0.01629893186461667,-0.027140228239738422,-0.07755886100070632,-0.02326758465851131,0.0036446048124976773,0.0072049610073799675,-0.008688356419620307,0.0297090717372687,0.006220940424372321,0.025528363525543524,0.0,0.0,0.0,0.0,1.0,0.0,0.0,0.0,0.0,0.0,0.0,0.0,0.7412574926289346
BT_pH9_2,-0.010058795495525652,-0.026912883680475792,-0.07986762024948128,-0.019612123073767068,0.003595923574074455,-0.004940348983458852,-0.004314040229048417,0.030895914595736106,0.00789518540320189,0.02267276842794988,0.0,0.0,0.0,0.0,1.0,0.0,0.0,0.0,0.0,0.0,0.0,0.0,0.747526246417331
BV_pH4_0,-0.006138094879038955,-0.02962875926300236,-0.03220947784736105,-0.005866791461796864,-0.0009256661148822833,-0.0009861831269834356,0.00017207480157199103,0.019644895434055638,0.0029726045109007672,-0.027680621660597947,0.0,0.0,0.0,0.0,0.0,1.0,0.0,0.0,0.0,0.0,0.0,0.0,-0.0016139570379183382
BV_pH4_1,-0.005794730897506941,-0.027177689143497014,-0.03329623523451711,-0.012410432827537472,-0.0002814826855193024,-0.001137903608057811,-0.0005243303286640534,0.021655963852029777,0.002856065425211969,-0.024535243964713543,0.0,0.0,0.0,0.0,0.0,1.0,0.0,0.0,0.0,0.0,0.0,0.0,0.0004845233155374915
BV_pH4_2,-0.0145992071878003,-0.026107115144638912,-0.030035416286276744,-0.00631004760608725,-0.0001894627349532174,-0.001289624089132186,-0.004464423471818799,0.022577451516104782,0.002939526200618433,-0.023167700582872267,0.0,0.0,0.0,0.0,0.0,1.0,0.0,0.0,0.0,0.0,0.0,0.0,0.001874459798070219
BV_pH5_0,-0.005654340698991132,-0.027113912730761202,-0.03760607864869678,-0.011549837289621001,0.000908356653931348,-0.0011620960643757955,-0.00267367488178222,0.02707073348533847,0.003240233878402606,-0.02610540305790694,0.0,0.0,0.0,0.0,0.0,1.0,0.0,0.0,0.0,0.0,0.0,0.0,0.05114127579932972
BV_pH5_1,-0.007521454115276752,-0.028301107713385766,-0.04037135151093421,-0.010597726628184317,-0.0010333787747051405,-0.0009861831269834364,0.0024169200140496954,0.028235666827987064,0.002095897772713848,-0.024583302465793877,0.0,0.0,0.0,0.0,0.0,1.0,0.0,0.0,0.0,0.0,0.0,0.0,0.02446646428818786
BV_pH5_2,-0.008298833389645037,-0.03200444666101881,-0.027170177550743455,-0.011680903546512127,0.00015601884735667054,-0.0013016145805949757,-0.003160363225185353,0.02139142254448455,0.0038902447469856428,-0.022467366902400615,0.0,0.0,0.0,0.0,0.0,1.0,0.0,0.0,0.0,0.0,0.0,0.0,0.039343210450552515
BV_pH6_0,-0.008876759981655557,-0.028703198936646402,-0.0563471006780215,-0.011244590502718223,-0.0007672653946539633,-0.0026808159620217674,-0.0026126598728739695,0.02767993159592151,0.006476796233783599,-0.003570356302611207,0.0,0.0,0.0,0.0,0.0,1.0,0.0,0.0,0.0,0.0,0.0,0.0,0.16172687662413934
BV_pH6_1,-0.0029409187400470612,-0.040408772588100134,-0.05279473382655694,-0.011992463190918382,-0.000341663674815842,-0.0024938110910032113,1.8796374940354474e-05,0.025534568680045392,0.0011121821678850973,0.00366079559792643,0.0,0.0,0.0,0.0,0.0,1.0,0.0,0.0,0.0,0.0,0.0,0.0,0.20214567479932488
BV_pH6_2,-0.0087506348947468,-0.03668037842635228,-0.05739939211989226,-0.017928457091683926,0.004170102956502335,-0.0023673903650563706,-0.002234948972321074,0.0313875253158419,0.004604691061312736,0.004552862229554549,0.0,0.0,0.0,0.0,0.0,1.0,0.0,0.0,0.0,0.0,0.0,0.0,0.19208393008372077
BV_pH7_0,-0.012051748440641424,-0.035781424466682525,-0.07651437901122415,-0.016761419311489747,-8.008821179037529e-05,-0.0020474059069934105,-0.0014906577684957033,0.030774595293661826,0.007659024207488349,0.025647484261704538,0.0,0.0,0.0,0.0,0.0,1.0,0.0,0.0,0.0,0.0,0.0,0.0,0.4761566893788473
BV_pH7_1,-0.01600221005794795,-0.04239578847813865,-0.07985094731268676,-0.011065475874296998,-0.0015504406246802096,-0.0021816328718610445,-0.010172850232085456,0.0431809423637131,0.00868341627004354,0.030708967444041505,0.0,0.0,0.0,0.0,0.0,1.0,0.0,0.0,0.0,0.0,0.0,0.0,0.48226683949395216
BV_pH7_2,-0.0004066800893000935,-0.054400636045181236,-0.07722898559077927,-0.016204904014973532,-0.002503250194308551,-0.0018990135128083454,-0.000601777150903058,0.03670970094592676,0.003889075873986535,0.03200045007402483,0.0,0.0,0.0,0.0,0.0,1.0,0.0,0.0,0.0,0.0,0.0,0.0,0.4811025384560845
BV_pH8_0,-0.016491573809281637,-0.02790351456760064,-0.06412439280715972,-0.01819775794349287,-0.0030372171249726547,-0.0035096557989068686,-0.01853337129982917,0.03915332129792026,0.006011240346276242,0.02598690124147612,0.0,0.0,0.0,0.0,0.0,1.0,0.0,0.0,0.0,0.0,0.0,0.0,0.6161936979692529
BV_pH8_1,-0.010811923790885055,-0.048505308218300354,-0.07255101813732283,-0.02126333703489407,0.0019014099159318477,-0.004037906491886016,0.0018281285983064914,0.04076253239713286,0.003270673113672628,0.028760729341403304,0.0,0.0,0.0,0.0,0.0,1.0,0.0,0.0,0.0,0.0,0.0,0.0,0.6417698578516113
BV_pH8_2,-0.009178124674312449,-0.04036026801752008,-0.07219713082132131,-0.02463389648367529,1.2503174012122254e-05,-0.004604425297483156,0.0026545946818331027,0.04234865087853825,0.0051296359381597986,0.020182440697175005,0.0,0.0,0.0,0.0,0.0,1.0,0.0,0.0,0.0,0.0,0.0,0.0,0.6440713470669853
BV_pH9_0,-0.00905602812928998,-0.028817371419914386,-0.05641278960134671,-0.022088357977893044,-0.00301492272025865,-0.0013654843296693722,-0.005288716731188088,0.02814025771358739,0.0016726401334871423,0.015584753047188987,0.0,0.0,0.0,0.0,0.0,1.0,0.0,0.0,0.0,0.0,0.0,0.0,0.7292859280132171
BV_pH9_1,-0.019158742858663848,-0.027650102373698485,-0.06292894625307424,-0.02666472461722468,0.002217432271851146,-0.0010620433675206235,-0.006852848709601424,0.03598974159554294,0.004561600489136967,0.02090261410921812,0.0,0.0,0.0,0.0,0.0,1.0,0.0,0.0,0.0,0.0,0.0,0.0,0.7412574926289346
BV_pH9_2,-0.019278935347886186,-0.02679114979894264,-0.0644379369461018,-0.021851022019982336,-0.002106787217376025,-0.0012137638485949973,-0.004255795352484868,0.027071047170978527,0.010316204127410184,0.021902118747972925,0.0,0.0,0.0,0.0,0.0,1.0,0.0,0.0,0.0,0.0,0.0,0.0,0.747526246417331
CC_pH4_0,-0.007175629692881004,-0.02871791740474493,-0.03299796649619289,-0.005967967963736989,-0.0006414099863689868,-0.00020194624429163813,0.0019621942613435835,0.01653859332041896,0.008540271975747917,-0.031984241123756633,0.0,0.0,0.0,0.0,0.0,0.0,1.0,0.0,0.0,0.0,0.0,0.0,0.0032572508755295392
CC_pH4_1,-0.005562665075387644,-0.02449026086084221,-0.03819440586411435,-0.00838797080937935,-3.486357791268383e-05,0.0007056498802874389,0.0014171402998592543,0.01648726927845374,0.0045921875455457225,-0.027178100170972552,0.0,0.0,0.0,0.0,0.0,0.0,1.0,0.0,0.0,0.0,0.0,0.0,-0.004437627208196163
CC_pH4_2,-0.01055463322316823,-0.019049777855043828,-0.03188739128410816,-0.007549026137136894,-0.00041817724704742445,-0.0010334033794377167,0.0017441726767498515,0.016858868649148425,0.0017064855425902047,-0.030463137097008854,0.0,0.0,0.0,0.0,0.0,0.0,1.0,0.0,0.0,0.0,0.0,0.0,0.0011803763326671925
CC_pH5_0,-0.009385287440989327,-0.02599775594213735,-0.036483605771285045,-0.01415586782052465,0.000511732177565927,0.003139647200055744,0.0019913611836407507,0.018139915986229542,0.005451991425260252,-0.023858150352278486,0.0,0.0,0.0,0.0,0.0,0.0,1.0,0.0,0.0,0.0,0.0,0.0,0.08114687964645667
CC_pH5_1,-0.012312458230425484,-0.03424293026652026,-0.036808990784313364,-0.009154787095992463,-0.00195531675187142,0.0023775351533423285,0.0019848170844109165,0.025176932829553668,0.0058748559459396036,-0.021585677238586155,0.0,0.0,0.0,0.0,0.0,0.0,1.0,0.0,0.0,0.0,0.0,0.0,0.11230826956373989
CC_pH5_2,-0.0060445347395928,-0.03375347223618756,-0.046553976436995964,-0.009832803619944534,0.00034833074263904346,0.00013721723109483605,0.0017663369182011352,0.02743758442771176,0.005600582500514778,-0.019751284543586815,0.0,0.0,0.0,0.0,0.0,0.0,1.0,0.0,0.0,0.0,0.0,0.0,0.09911694942295314
CC_pH6_0,-0.003387012841260952,-0.04345968172602032,-0.07882917136925717,-0.013442196690517924,0.0025910424311523855,0.0044581911486128115,0.003712829144104666,0.025190560748071775,0.008827934354219748,0.013691485446432361,0.0,0.0,0.0,0.0,0.0,0.0,1.0,0.0,0.0,0.0,0.0,0.0,0.2884225051673924
CC_pH6_1,-0.0075589071845878755,-0.038041483222142514,-0.08233901701057737,-0.014669056359840475,-0.0005959816908706791,0.0012152120487197591,0.004786615112553472,0.0356607059340762,0.004487288905226669,0.016408604112980153,0.0,0.0,0.0,0.0,0.0,0.0,1.0,0.0,0.0,0.0,0.0,0.0,0.29127362738877827
CC_pH6_2,-0.008841246173757573,-0.055409735068678856,-0.07865174150175375,-0.01143650255125502,-9.345388930776766e-05,0.005222421541162159,0.004461446177700292,0.033160264919633455,0.012192073383409045,0.018750453808385394,0.0,0.0,0.0,0.0,0.0,0.0,1.0,0.0,0.0,0.0,0.0,0.0,0.2957269459022493
CC_pH7_0,-0.02017093646785487,-0.04360561101980832,-0.0868892708663707,-0.009186151061692962,-0.0022346058828027347,-0.0028707129427272353,0.0023817984241506327,0.040074284016762086,0.01379826477688292,0.028056921455199297,0.0,0.0,0.0,0.0,0.0,0.0,1.0,0.0,0.0,0.0,0.0,0.0,0.5922068579302491
CC_pH7_1,-0.011342430958605331,-0.03942330119078574,-0.07770021682200226,-0.018246686751751798,-0.0011907662823796275,-0.00014847189188003598,0.002707665497842043,0.03538596947393988,0.006942101553406405,0.02237011801775383,0.0,0.0,0.0,0.0,0.0,0.0,1.0,0.0,0.0,0.0,0.0,0.0,0.5480973412378645
CC_pH7_2,-0.014532608890339083,-0.0306152741206081,-0.09615850938241119,-0.017905710893480677,-0.0015966130258596469,0.0016698962271861392,0.002991298845280771,0.03494281645054402,0.004785885579236176,0.03577279985598896,0.0,0.0,0.0,0.0,0.0,0.0,1.0,0.0,0.0,0.0,0.0,0.0,0.5469120935714209
CC_pH8_0,-0.013726661981123947,-0.04247628028787997,-0.06698931191278543,-0.01530706712409206,-0.0008171750977635378,0.002041382993692937,0.001962194261343583,0.028935088552534582,0.008369072708098784,0.0173627385335124,0.0,0.0,0.0,0.0,0.0,0.0,1.0,0.0,0.0,0.0,0.0,0.0,0.8455353071301549
CC_pH8_1,-0.02291550702536884,-0.03134422319090885,-0.0628770628053209,-0.021964827452016913,0.0007015735607432266,-0.001470877839171369,0.0017441726767498515,0.030068769757838364,0.009959304050906845,0.017452658701526083,0.0,0.0,0.0,0.0,0.0,0.0,1.0,0.0,0.0,0.0,0.0,0.0,0.8378107178569503
CC_pH8_2,-0.010644303178009778,-0.044442565455708814,-0.06203308280881332,-0.027812549186789475,-0.0014760176238158475,0.005539304965540118,0.0018531834690467177,0.03579895812208238,0.006614138994203961,0.01595691334780144,0.0,0.0,0.0,0.0,0.0,0.0,1.0,0.0,0.0,0.0,0.0,0.0,0.8442380625189879
CC_pH9_0,-0.024696886434179284,-0.03424828042478666,-0.05170981939882041,-0.016669959084171317,-0.0020362998302216116,0.0016106429274963293,0.0015261510921561207,0.02320586455904919,0.012137105311064619,0.010235461529506289,0.0,0.0,0.0,0.0,0.0,0.0,1.0,0.0,0.0,0.0,0.0,0.0,1.003926186226973
CC_pH9_1,-0.029436055977383385,-0.03283712243094393,-0.05779070602648931,-0.029120347582451685,0.0011621349936594128,0.001133897798540799,0.0015261510921561207,0.03808869561747364,0.010576636188704035,0.016050696764951168,0.0,0.0,0.0,0.0,0.0,0.0,1.0,0.0,0.0,0.0,0.0,0.0,0.9964236708955914
CC_pH9_2,-0.030455364631893835,-0.031235534080668637,-0.05346071224983619,-0.023954231625665793,0.0027866659604984774,0.0020802844137601225,0.0017441726767498515,0.033620459196036276,0.00872430516325909,0.009503935823298018,0.0,0.0,0.0,0.0,0.0,0.0,1.0,0.0,0.0,0.0,0.0,0.0,0.9996501428774356
DF_pH4_0,-0.007324907343996609,-0.02481423331829517,-0.0255768026670684,-0.012557620317067789,0.000755450779005237,0.0032600009376588064,0.00019805778951748624,-0.0018988977437433999,0.0022633424368889436,-0.014950411504377486,0.0,0.0,0.0,0.0,0.0,0.0,0.0,1.0,0.0,0.0,0.0,0.0,-0.0016139570379183382
DF_pH4_1,-0.0009344847111598306,-0.02381732407633377,-0.03044794898642146,-0.010991819121915361,-0.0007931875664254895,0.0037989070590423502,0.0024404631571277335,-0.0018988977437433999,0.0023761693874131077,-0.020377897775691493,0.0,0.0,0.0,0.0,0.0,0.0,0.0,1.0,0.0,0.0,0.0,0.0,0.0004845233155374915
DF_pH4_2,-0.0050980379642999694,-0.01940419127273819,-0.029829410311320557,-0.009520836940602115,0.001908528783723064,0.005130600206877874,-0.00011167805317951222,-0.0014769204673559778,0.0032249759623537897,-0.025469050221145158,0.0,0.0,0.0,0.0,0.0,0.0,0.0,1.0,0.0,0.0,0.0,0.0,0.001874459798070219
DF_pH5_0,-0.0037938356836852817,-0.028078212235932768,-0.02725166137289742,-0.00825879363100166,0.0011806207150220872,0.003184240426382293,-0.0031171530922469884,-0.0013714261482591216,0.0035981934355652856,-0.016737992570776006,0.0,0.0,0.0,0.0,0.0,0.0,0.0,1.0,0.0,0.0,0.0,0.0,0.05114127579932972
DF_pH5_1,-0.0037251112059406622,-0.027113959505830117,-0.024882073094663414,-0.011253471899291743,0.0007328831663598181,0.004239232036406579,0.00221622063089972,-0.0016879091055496884,0.0014149878449414093,-0.020586819915991757,0.0,0.0,0.0,0.0,0.0,0.0,0.0,1.0,0.0,0.0,0.0,0.0,0.02446646428818786
DF_pH5_2,-0.004354486596649108,-0.023136447156253067,-0.02746565421800251,-0.011980448554715384,0.0018754003893422043,0.0039302031307116795,0.0024083617491566624,-0.0014769204673559782,0.0005762313371119295,-0.021022259699909583,0.0,0.0,0.0,0.0,0.0,0.0,0.0,1.0,0.0,0.0,0.0,0.0,0.039343210450552515
DF_pH6_0,-0.005909150247664555,-0.033606668675075405,-0.04287449587622414,-0.012672230390750846,-0.0009803048505083378,0.0074378674817474,-0.0016154200567499442,-0.002561172849458198,0.004825676451234715,0.00730987859322973,0.0,0.0,0.0,0.0,0.0,0.0,0.0,1.0,0.0,0.0,0.0,0.0,0.16172687662413934
DF_pH6_1,-0.01014669926594133,-0.02410076845761227,-0.0359014235501704,-0.019932276843034703,-0.0016547669745657755,0.009981816649113013,-0.00047970747332210065,-0.004749318043822829,0.00199538894807515,0.004341735656818617,0.0,0.0,0.0,0.0,0.0,0.0,0.0,1.0,0.0,0.0,0.0,0.0,0.20214567479932488
DF_pH6_2,-0.004568309338520403,-0.02917959301206081,-0.0328646084326117,-0.017607505295587626,-0.001451937036345835,0.003908757008612156,0.0020820000816298575,-0.00523271033945291,-0.00139629033272681,0.005664177342601447,0.0,0.0,0.0,0.0,0.0,0.0,0.0,1.0,0.0,0.0,0.0,0.0,0.19208393008372077
DF_pH7_0,-0.005382011369194674,-0.038643699202524584,-0.04245252377799024,-0.016629043721958347,-9.466625750064871e-05,0.004102517091061756,0.0014123771857956174,-0.004048780351877214,0.0023478882856990996,0.018741922323470536,0.0,0.0,0.0,0.0,0.0,0.0,0.0,1.0,0.0,0.0,0.0,0.0,0.4761566893788473
DF_pH7_1,-0.006023898076104082,-0.0270019732820599,-0.0430036190605682,-0.00848076699382585,-0.0037781027736871133,0.0041777579599748494,0.0016407473514909333,-0.004590093772048537,-0.002739198622496233,0.009153126939807252,0.0,0.0,0.0,0.0,0.0,0.0,0.0,1.0,0.0,0.0,0.0,0.0,0.48226683949395216
DF_pH7_2,0.0015335870113061818,-0.03766832957611137,-0.03814922647469717,-0.021535420493911144,2.9583939391633164e-05,0.004021949202794095,8.455277461072683e-05,-0.004860455244779588,-0.000555542641035888,0.01645328086517427,0.0,0.0,0.0,0.0,0.0,0.0,0.0,1.0,0.0,0.0,0.0,0.0,0.4811025384560845
DF_pH8_0,-0.002523845477920512,-0.04537965729994618,-0.04030947869724555,-0.017885488046576147,0.00015778529093317306,0.005505946544201477,0.0006993611043562069,-0.005600500929614771,0.004744777964509052,0.01994508019284062,0.0,0.0,0.0,0.0,0.0,0.0,0.0,1.0,0.0,0.0,0.0,0.0,0.6161936979692529
DF_pH8_1,-0.004121332924975001,-0.02805018763827242,-0.04854446725838859,-0.02238666514177685,0.0007365332948772795,0.0039031152864513184,-0.0015905219235497967,-0.003454393504754357,0.0038514633428143414,0.019010437113111435,0.0,0.0,0.0,0.0,0.0,0.0,0.0,1.0,0.0,0.0,0.0,0.0,0.6417698578516113
DF_pH8_2,-0.011474144528417485,-0.03621768202470697,-0.035714965985844956,-0.021561890459902908,-0.0012637138528668367,0.006510975534177344,0.0026747306679254,-0.004477008522852608,0.002428121890710748,0.018449557927315653,0.0,0.0,0.0,0.0,0.0,0.0,0.0,1.0,0.0,0.0,0.0,0.0,0.6440713470669853
DF_pH9_0,-0.010287282478226268,-0.026318964590520966,-0.039994686804711826,-0.015934921992213833,-0.0017375908986381867,0.0036091156805986937,-0.007104402077586753,-0.0010549431909685554,0.0037994618535689695,0.01437819457086532,0.0,0.0,0.0,0.0,0.0,0.0,0.0,1.0,0.0,0.0,0.0,0.0,0.7292859280132171
DF_pH9_1,-0.00966072588025228,-0.03115724220871926,-0.030988466998805173,-0.013831148118428562,-0.0036434271170393286,0.003800681683680284,-0.006114277335936607,-0.0016879091055496886,0.002147304480490478,0.010489189422324947,0.0,0.0,0.0,0.0,0.0,0.0,0.0,1.0,0.0,0.0,0.0,0.0,0.7412574926289346
DF_pH9_2,-0.012900956486878185,-0.031060397942429013,-0.03424301246424084,-0.016927416839677356,-0.0033646424552020823,0.004417810564779716,-0.0014528871975515191,-0.001793403424646544,0.0015704759761043226,0.015108410915278868,0.0,0.0,0.0,0.0,0.0,0.0,0.0,1.0,0.0,0.0,0.0,0.0,0.747526246417331
comm11_4_1,0.015040801588607867,0.04339900950860718,0.09605104371419419,0.020262132892790045,-0.003129291105205598,-0.0008563342285544977,0.0031991810934699112,-0.06251147908037122,0.0068429998664752256,-0.14856803343023942,1.0,1.0,1.0,1.0,1.0,1.0,1.0,1.0,0.0,0.0,0.0,0.0,-0.0016139570379183382
comm11_4_2,0.025475606215388878,0.03249089496777109,0.10550931964717479,0.028251617759790102,0.000542913822700148,0.0010148727667072532,0.003650101076649578,-0.056568064134082066,0.0050622543255272115,-0.17457805413914765,1.0,1.0,1.0,1.0,1.0,1.0,1.0,1.0,0.0,0.0,0.0,0.0,0.0004845233155374915
comm11_4_3,0.029922930185237655,0.04865903473580661,0.11766229221840271,0.022513115752650345,0.005747813107850758,0.005298554863294827,0.0028293596936956682,-0.04804059143461611,0.00783564550721127,-0.22083388420712693,1.0,1.0,1.0,1.0,1.0,1.0,1.0,1.0,0.0,0.0,0.0,0.0,0.001874459798070219
comm11_4_4,0.018617399953629658,0.05376543235195721,0.10342492715334109,0.027526261469592223,0.003568740223088991,-0.0017664189037421485,0.0019080603738193915,-0.066743841631257,0.005786790240394033,-0.17265278715802274,1.0,1.0,1.0,1.0,1.0,1.0,1.0,1.0,0.0,0.0,0.0,0.0,0.0053181834532889495
comm11_5_1,0.014638828157406783,0.06402595116878333,0.1275440767018691,0.03332134416569833,0.007903787697786869,-0.007418149445691836,-0.04762542700314004,-0.1057290821344308,0.0060002981223489914,-0.17330764559300046,1.0,1.0,1.0,1.0,1.0,1.0,1.0,1.0,0.0,0.0,0.0,0.0,0.05114127579932972
comm11_5_2,0.026685612104509194,0.04332688066136578,0.11030897077820873,0.019763904366156333,-0.001017912652181539,0.009716853206248384,-0.010917389953266016,-0.096456533709298,0.004464507321624652,-0.1865209114778301,1.0,1.0,1.0,1.0,1.0,1.0,1.0,1.0,0.0,0.0,0.0,0.0,0.02446646428818786
comm11_5_3,0.011125674129504222,0.04806052322620931,0.10339246257653702,0.021387395557502045,-0.0042764214393885246,-0.011617009858398333,-0.026398468785311862,-0.07715654396492502,0.005572482720017434,-0.1507361135162089,1.0,1.0,1.0,1.0,1.0,1.0,1.0,1.0,0.0,0.0,0.0,0.0,0.039343210450552515
comm11_5_4,0.02527584147032188,0.047591023791743355,0.11652758682389627,0.013733056416006195,-0.0009821476009876826,-0.015110175275932189,-0.029120164633445113,-0.08580334880591733,0.006067732909451359,-0.15882542440424796,1.0,1.0,1.0,1.0,1.0,1.0,1.0,1.0,0.0,0.0,0.0,0.0,0.02826352230444504
comm11_6_1,0.011656547253546503,0.10930177073925736,0.17714481132185975,0.0543379113742191,-0.0003637813290824107,-0.036783355608906436,-0.010668740998143734,-0.11444851755771943,0.017172624604857488,-0.05429403025656939,1.0,1.0,1.0,1.0,1.0,1.0,1.0,1.0,0.0,0.0,0.0,0.0,0.16172687662413934
comm11_6_2,0.013434943571362806,0.1351575726756583,0.1988490004626953,0.0545619534701109,0.00019905097944581052,-0.020491062623003257,-0.0031556855368873363,-0.13496924304767796,0.007060493410605449,-0.0053592286680055725,1.0,1.0,1.0,1.0,1.0,1.0,1.0,1.0,0.0,0.0,0.0,0.0,0.20214567479932488
comm11_6_3,0.006353401527132676,0.13428904622793197,0.18605111178982517,0.0713732905216191,0.018492193984920562,-0.025793295622519842,-0.004715716105116447,-0.13974284735386783,0.006960695413467673,-0.027267075854799018,1.0,1.0,1.0,1.0,1.0,1.0,1.0,1.0,0.0,0.0,0.0,0.0,0.19208393008372077
comm11_6_4,0.00037330493978831843,0.12228783139230115,0.18305353315466127,0.06754705348902423,0.00783961097345404,-0.0435562013251626,-0.0035567713091554883,-0.10120161439899515,0.0061410461544342656,-0.01378013947897631,1.0,1.0,1.0,1.0,1.0,1.0,1.0,1.0,0.0,0.0,0.0,0.0,0.19174196501252805
comm11_7_1,-0.012510624693139743,0.24861338877969463,0.2472245393596265,0.09150934674817583,0.0023428529986868783,-0.02001013334192659,0.03473084888704444,-0.22954135543302345,0.007361245903631913,0.10220004218104096,1.0,1.0,1.0,1.0,1.0,1.0,1.0,1.0,0.0,0.0,0.0,0.0,0.4761566893788473
comm11_7_2,-0.0010725117102265316,0.19610404688702973,0.26638131732040127,0.12924715070944764,0.01259268157508062,-0.03298127539617859,0.0002930853677832537,-0.2072283034204789,0.007089620938767561,0.10621556332577835,1.0,1.0,1.0,1.0,1.0,1.0,1.0,1.0,0.0,0.0,0.0,0.0,0.48226683949395216
comm11_7_3,0.02539083551615476,0.20455029535552735,0.22766621498148076,0.09541825931681239,0.011460457645032706,-0.04987252421029237,0.029754918152871335,-0.2081000677722951,0.004448355348861739,0.13502066726917808,1.0,1.0,1.0,1.0,1.0,1.0,1.0,1.0,0.0,0.0,0.0,0.0,0.4811025384560845
comm11_7_4,-0.001882011038453676,0.2007135658937952,0.247350166482122,0.057931509597793876,0.018274539030440465,-0.006838191749285093,0.030550094962767928,-0.2091348249691984,0.011118564824371237,0.127653998568978,1.0,1.0,1.0,1.0,1.0,1.0,1.0,1.0,0.0,0.0,0.0,0.0,0.4811025384560845
comm11_8_1,0.050963551053858316,0.18252640605620715,0.2888667968174686,0.11441426894910955,-0.00275373599937428,-0.023911187997006852,0.03263013987923445,-0.22285360105659643,0.014520480365532894,0.14619436090245194,1.0,1.0,1.0,1.0,1.0,1.0,1.0,1.0,0.0,0.0,0.0,0.0,0.6161936979692529
comm11_8_2,0.0547246914356947,0.16676937187981347,0.25784862664892616,0.08054473836946748,0.01274997634084328,-0.003319017634443615,0.053075930233234966,-0.20413213540840403,0.014682109503318427,0.1675063622888663,1.0,1.0,1.0,1.0,1.0,1.0,1.0,1.0,0.0,0.0,0.0,0.0,0.6417698578516113
comm11_8_3,0.033934894654413926,0.2130730648516962,0.2590586623889596,0.08526639922967424,0.02264217387398949,-0.02023200137783652,0.02834963528034479,-0.21626145332079866,0.02296967005114192,0.1734357208110715,1.0,1.0,1.0,1.0,1.0,1.0,1.0,1.0,0.0,0.0,0.0,0.0,0.6440713470669853
comm11_8_4,0.002140240291862377,0.2520430927043376,0.3172868362182508,0.09700616778724867,-0.014822723739173113,-0.027521424374502633,0.027982120504197856,-0.24417397685834888,0.027480671917614722,0.16132799633819123,1.0,1.0,1.0,1.0,1.0,1.0,1.0,1.0,0.0,0.0,0.0,0.0,0.6395779816459941
comm11_9_1,0.06884199893992882,0.15535917831179893,0.2640475953661876,0.11901035476475957,0.00040236180081316573,-0.031523181383052594,0.03390778704829838,-0.1536671296701483,0.02149970393627882,0.19050250412329384,1.0,1.0,1.0,1.0,1.0,1.0,1.0,1.0,0.0,0.0,0.0,0.0,0.7292859280132171
comm11_9_2,0.0692948919210745,0.19016167167250228,0.2643887425975307,0.10683820806119755,0.012026964196044486,-0.013334510132022526,0.031064018809601027,-0.18505916285288074,0.022132457658324552,0.18016085147371766,1.0,1.0,1.0,1.0,1.0,1.0,1.0,1.0,0.0,0.0,0.0,0.0,0.7412574926289346
comm11_9_3,0.0679341013438028,0.1632012178765043,0.2779186336647556,0.10585252668870533,0.005070714254094207,-0.010001031068032209,0.034994374916929256,-0.17594787656127106,0.02436511989358974,0.18673550724983212,1.0,1.0,1.0,1.0,1.0,1.0,1.0,1.0,0.0,0.0,0.0,0.0,0.747526246417331
comm11_9_4,0.07942316323518753,0.1534299622767645,0.31096004495964097,0.10795468974210648,0.006024792866538398,-0.015181309132148381,0.03579222658730074,-0.17534919717389602,0.026366463527083394,0.14797780413990436,1.0,1.0,1.0,1.0,1.0,1.0,1.0,1.0,0.0,0.0,0.0,0.0,0.7409024335149471
