Experiments,BL_OD<--AC_OD,BL_OD<--BA_OD,BL_OD<--BC_OD,BL_OD<--BL_OD,BL_OD<--BT_OD,BL_OD<--BV_OD,BL_OD<--CC_OD,BL_OD<--DF_OD,BL_OD<--wt_OD,BL_OD<--pH,AC_OD,BA_OD,BC_OD,BL_OD,BT_OD,BV_OD,CC_OD,DF_OD,wt_OD,delarc_OD,parc-_OD,parc+_OD,pH
5comm11wtaTc_1,0.07737704328909194,-0.06461106687865181,-0.005758949344086906,0.1741487327716111,-0.04512115337966901,0.02931656489472673,0.04765912840709739,0.002215924819769415,-0.19428109706946362,-0.026876891282508548,1.0,1.0,1.0,1.0,1.0,1.0,1.0,1.0,1.0,0.0,0.0,0.0,0.0997489321824637
5comm11wtaTc_2,0.12192999317391731,-0.09719977672697731,-0.007849032544814376,0.20273760130709928,-0.05914430147360849,0.03502171462563717,0.02967023792474167,0.004831430137805318,-0.18092647685183455,-0.05500315297475975,1.0,1.0,1.0,1.0,1.0,1.0,1.0,1.0,1.0,0.0,0.0,0.0,0.0997489321824637
5comm11wtaTc_3,0.05483626723613427,-0.07063312587854657,0.0025717204586481286,0.18854977497183115,-0.0660793973590531,0.0445995375805575,0.04688613455175705,0.004652849843968515,-0.17815060605497468,-0.03316491910944814,1.0,1.0,1.0,1.0,1.0,1.0,1.0,1.0,1.0,0.0,0.0,0.0,0.0997489321824637
5comm11wtaTc_4,0.07797657548652394,-0.04608015055687207,-0.006021388304703258,0.1636555501025008,-0.042424163496445705,0.035570752705325906,0.020759087080621852,0.013661112584902546,-0.1972364599115985,-0.02579267997092203,1.0,1.0,1.0,1.0,1.0,1.0,1.0,1.0,1.0,0.0,0.0,0.0,0.0997489321824637
6comm11wtaTc_1,0.14090553772068867,-0.2869281550508964,0.021634628951711497,0.3122085295896978,-0.06136273161670112,0.07663569043026022,0.12248591750293321,0.07634733423550168,-0.47515437651668574,0.1958855347428471,1.0,1.0,1.0,1.0,1.0,1.0,1.0,1.0,1.0,0.0,0.0,0.0,0.294943607271727
6comm11wtaTc_2,0.22505408856248404,-0.27812618056271704,0.02678238636287658,0.261008314187841,-0.061875284529169614,0.0897155027269669,0.09137601986972857,0.08233592897815548,-0.49189361294610023,0.17828074733929142,1.0,1.0,1.0,1.0,1.0,1.0,1.0,1.0,1.0,0.0,0.0,0.0,0.294943607271727
6comm11wtaTc_3,0.1483591764756357,-0.2318773703074649,0.041877041947420514,0.28921675931500357,-0.0630682547673907,0.060635956584516426,0.11661641682255208,0.04453339531005401,-0.4727145683145879,0.18907935692361838,1.0,1.0,1.0,1.0,1.0,1.0,1.0,1.0,1.0,0.0,0.0,0.0,0.294943607271727
6comm11wtaTc_4,0.16056869047248495,-0.2632955497065963,0.031363477911395224,0.3183957673163842,-0.07912248099587212,0.0758778435178101,0.10334245973995523,0.0747027652937433,-0.5225081197018533,0.22333305614190588,1.0,1.0,1.0,1.0,1.0,1.0,1.0,1.0,1.0,0.0,0.0,0.0,0.294943607271727
7comm11wtaTc_1,0.13858688865423852,-0.32416937496634607,0.005242630992003757,0.24093018258840815,-0.07054389464547452,0.04826879824309244,0.06104614113133564,0.03244368528056404,-0.4896326282652824,0.010474812937495501,1.0,1.0,1.0,1.0,1.0,1.0,1.0,1.0,1.0,0.0,0.0,0.0,0.5477367110758552
7comm11wtaTc_2,0.33130856379826107,-0.3971296910941601,0.038587191013376355,0.2091521346560963,-0.08065938112285476,0.029269684702562904,0.09708888880463067,-0.0007303973785399111,-0.5940598014074014,0.0198200499780638,1.0,1.0,1.0,1.0,1.0,1.0,1.0,1.0,1.0,0.0,0.0,0.0,0.5477367110758552
7comm11wtaTc_3,0.12542836777622932,-0.27631918539212125,-0.0026869349942907025,0.3059619369147265,-0.06021040030957564,0.05391110548263659,0.014454168105578943,0.06586654419484347,-0.5829465168912937,0.009188157063301491,1.0,1.0,1.0,1.0,1.0,1.0,1.0,1.0,1.0,0.0,0.0,0.0,0.5477367110758552
7comm11wtaTc_4,0.16674006024537524,-0.28963883951873237,0.005658330908450104,0.21917018123335485,-0.06390947036971541,0.005740912591876542,0.014867851448285842,0.03648817877528135,-0.4703854673452999,0.02791550398115878,1.0,1.0,1.0,1.0,1.0,1.0,1.0,1.0,1.0,0.0,0.0,0.0,0.5477367110758552
8comm11wtaTc_1,0.10472509019441258,-0.1606714845691686,0.010753730265423658,0.26719216239395677,-0.052625181138839426,0.036257291467779354,0.05150630717368229,-0.029919547706275532,-0.3114272723261915,-0.04695101227489824,1.0,1.0,1.0,1.0,1.0,1.0,1.0,1.0,1.0,0.0,0.0,0.0,0.8453285927693228
8comm11wtaTc_2,0.23462959379038734,-0.22019114156618064,0.02638578226020479,0.23150565560421218,-0.10781179778034922,0.05290662382810337,0.07295353343143411,-0.033439825436748255,-0.35478561293617217,-0.03331272771501024,1.0,1.0,1.0,1.0,1.0,1.0,1.0,1.0,1.0,0.0,0.0,0.0,0.8453285927693228
8comm11wtaTc_3,0.08753943824249764,-0.14489447401512573,0.014337625404738864,0.17276796541946088,-0.027460075428952343,0.03302268797248278,0.02920456658157965,-0.01403940156912026,-0.24683629471039314,-0.03480195441728699,1.0,1.0,1.0,1.0,1.0,1.0,1.0,1.0,1.0,0.0,0.0,0.0,0.8453285927693228
8comm11wtaTc_4,0.122741504341121,-0.13571671908761818,0.010676926926750204,0.1882188492478884,-0.05731045426881832,0.044807851196712135,0.029296639191553647,-0.007276882650735589,-0.2675384667260654,-0.059059164690906565,1.0,1.0,1.0,1.0,1.0,1.0,1.0,1.0,1.0,0.0,0.0,0.0,0.8453285927693228
wt_pH4_0,-0.026749329091981047,0.04214317217712169,-0.0032835627954615203,-0.06795565764541213,0.017881006210556497,-0.018148401164571226,-0.013891644604180175,-0.004620891528447039,-0.025213332523632313,-0.031321276104806554,0.0,0.0,0.0,0.0,0.0,0.0,0.0,0.0,1.0,0.0,0.0,0.0,0.0032572508755295392
wt_pH4_1,-0.02856362411711852,0.0318100436327412,-0.00805557748383802,-0.07243704424604126,0.01215551643267922,-0.010079092335603808,-0.014349364390920686,-0.0061651903666231946,-0.025486126364735164,-0.009989457815156682,0.0,0.0,0.0,0.0,0.0,0.0,0.0,0.0,1.0,0.0,0.0,0.0,-0.004437627208196163
wt_pH4_2,-0.03784208948562001,0.04367549416649601,-0.003920293195254129,-0.06028767823970512,0.017853954340047808,-0.009916100788699544,-0.008958943532779812,-0.008061328365912905,-0.021772836202188683,-0.04193008085631806,0.0,0.0,0.0,0.0,0.0,0.0,0.0,0.0,1.0,0.0,0.0,0.0,0.0011803763326671925
wt_pH5_0,-0.03178473114886361,0.04208456466865281,-0.003896534923140122,-0.06595870696170175,0.016955692435250337,-0.013067268728400057,-0.014744489346833334,-0.00973179555943479,-0.03601119876150851,-0.015005433853391717,0.0,0.0,0.0,0.0,0.0,0.0,0.0,0.0,1.0,0.0,0.0,0.0,0.08114687964645667
wt_pH5_1,-0.03399787241026111,0.03453828430734574,-0.003961407908278964,-0.07166761946257041,0.02048603646052272,-0.015141680083925956,-0.012739857780625643,-0.008897839486194048,-0.036648477243016606,-0.003129483305079782,0.0,0.0,0.0,0.0,0.0,0.0,0.0,0.0,1.0,0.0,0.0,0.0,0.11230826956373989
wt_pH5_2,-0.03394089578205477,0.026656168556326753,-0.005559782309700612,-0.06990417156611448,0.014316590611377486,-0.010856725458946564,-0.0124038591571962,-0.006339146937041179,-0.02660414708089893,-0.006523947395870219,0.0,0.0,0.0,0.0,0.0,0.0,0.0,0.0,1.0,0.0,0.0,0.0,0.09911694942295314
wt_pH6_0,-0.06041974969127256,0.06435678288866967,-0.008945743407568204,-0.12401895896410169,0.01944460900905339,-0.013287306803319118,-0.01924534051193167,-0.013465328129089404,-0.042657740664384936,0.0670788592128488,0.0,0.0,0.0,0.0,0.0,0.0,0.0,0.0,1.0,0.0,0.0,0.0,0.2884225051673924
wt_pH6_1,-0.0500385687880866,0.062002863230426676,0.00015940040916852474,-0.11685708917596417,0.01804011849403058,-0.02083776758416839,-0.020498076852653986,-0.009537869216874243,-0.04562848118862705,0.05203555376714338,0.0,0.0,0.0,0.0,0.0,0.0,0.0,0.0,1.0,0.0,0.0,0.0,0.29127362738877827
wt_pH6_2,-0.04160392889591014,0.06841015650931262,-0.00560420167591909,-0.12497531762670563,0.01828266331156635,-0.023881392938125398,-0.015669679791950015,-0.007355678210682845,-0.04124063529843546,0.04247811312746742,0.0,0.0,0.0,0.0,0.0,0.0,0.0,0.0,1.0,0.0,0.0,0.0,0.2957269459022493
wt_pH7_0,-0.06288139609417515,0.04735251632802511,-0.005452188454244447,-0.058148543973979734,0.030536647057160745,-0.01845212384896434,-0.02713868429357915,-0.0018354579369011142,-0.050838771684743135,0.0156980863812825,0.0,0.0,0.0,0.0,0.0,0.0,0.0,0.0,1.0,0.0,0.0,0.0,0.5922068579302491
wt_pH7_1,-0.04946129011516661,0.04335628858079081,-0.008236229037056154,-0.07181524264828666,0.02425588256557999,-0.017937525908827134,-0.01612320247632654,-0.005220949353407259,-0.04459111306532893,0.01461347942766936,0.0,0.0,0.0,0.0,0.0,0.0,0.0,0.0,1.0,0.0,0.0,0.0,0.5480973412378645
wt_pH7_2,-0.0481851617615346,0.061728588470622237,-0.00594994815795318,-0.08364985040753431,0.017796896576638455,-0.02978474714347849,-0.026264542427885795,-0.0048057715963248345,-0.03212085069481122,0.02007548537753199,0.0,0.0,0.0,0.0,0.0,0.0,0.0,0.0,1.0,0.0,0.0,0.0,0.5469120935714209
wt_pH8_0,-0.03205690834954704,0.043420695117472305,-0.005604938034211162,-0.06206990820558176,0.015087890941649673,-0.012103265632429848,-0.018625834252604324,-0.004340305016173619,-0.04078379813581706,-0.014083545416107643,0.0,0.0,0.0,0.0,0.0,0.0,0.0,0.0,1.0,0.0,0.0,0.0,0.8455353071301549
wt_pH8_1,-0.027365693405027616,0.05714242876912263,-0.005952087208304713,-0.06989239194551888,0.017868894863792735,-0.021604592769771166,-0.020057147161468215,-0.005837674915142683,-0.04516042198094985,-0.010301230766850966,0.0,0.0,0.0,0.0,0.0,0.0,0.0,0.0,1.0,0.0,0.0,0.0,0.8378107178569503
wt_pH8_2,-0.0453046546228554,0.06039607252480219,-0.00946349641956065,-0.057269874994197605,0.020174595276298727,-0.031561874584902234,-0.015310853472303437,0.0009589501498671978,-0.04954588117239915,-0.004232899655142556,0.0,0.0,0.0,0.0,0.0,0.0,0.0,0.0,1.0,0.0,0.0,0.0,0.8442380625189879
wt_pH9_0,-0.028637407320835022,0.053740335050970305,-0.0029517007319499623,-0.04204237277255111,0.017213150507001125,-0.019831048012913566,-0.013492120486562668,-0.007807749337314265,-0.06305063293517932,-0.024300370480784258,0.0,0.0,0.0,0.0,0.0,0.0,0.0,0.0,1.0,0.0,0.0,0.0,1.003926186226973
wt_pH9_1,-0.04732155188108268,0.051140236020412136,-0.007877876697837011,-0.05399710627758632,0.0242283584954946,-0.01849423379758778,-0.019912914541428507,0.003465832358874056,-0.03948832950271343,-0.02290233069666378,0.0,0.0,0.0,0.0,0.0,0.0,0.0,0.0,1.0,0.0,0.0,0.0,0.9964236708955914
wt_pH9_2,-0.028144347351854265,0.04455709167796633,-0.0033148908663703067,-0.05747428969723052,0.010593559784085856,-0.018703013912815116,-0.01449810804191815,-0.0076641764597076435,-0.03449474573864237,-0.02201698091852924,0.0,0.0,0.0,0.0,0.0,0.0,0.0,0.0,1.0,0.0,0.0,0.0,0.9996501428774356
AC_pH4_0,0.013063248444510548,0.05377357400913277,-0.010127170595299937,-0.10911526930477954,0.02612095061973061,-0.023039102074892622,-0.022224282137239752,-0.009520811006912721,0.027814494865420068,-0.07790553694914865,1.0,0.0,0.0,0.0,0.0,0.0,0.0,0.0,0.0,0.0,0.0,0.0,-0.0016139570379183382
AC_pH4_1,0.014307060436062188,0.039054113958516844,-0.009509197582045327,-0.123244632638019,0.019601067513956322,-0.024244929103423723,-0.014970840915389689,-0.001835901940484411,0.019968126042057638,-0.05028478118671995,1.0,0.0,0.0,0.0,0.0,0.0,0.0,0.0,0.0,0.0,0.0,0.0,0.0004845233155374915
AC_pH4_2,0.017908526150428733,0.049875325493352565,-0.012096510756274924,-0.11339095932876929,0.020980251171099754,-0.02149311404189338,-0.02067810747448517,-0.009283457748672884,0.02352527933681141,-0.06650714809398936,1.0,0.0,0.0,0.0,0.0,0.0,0.0,0.0,0.0,0.0,0.0,0.0,0.001874459798070219
AC_pH5_0,0.018726701415751286,0.05231211308632856,-0.010760321316673701,-0.12101402775424978,0.025927249501742747,-0.03086797582633469,-0.01794862727270178,-0.006363758236655725,0.02190467583906391,-0.06307594616694942,1.0,0.0,0.0,0.0,0.0,0.0,0.0,0.0,0.0,0.0,0.0,0.0,0.05114127579932972
AC_pH5_1,0.020602234177615336,0.0518796957106046,-0.010638375504995167,-0.11650230007003184,0.025047132043248935,-0.029520410588416073,-0.023108496126597343,-0.004577369459945224,0.031080928867601828,-0.07542294537810529,1.0,0.0,0.0,0.0,0.0,0.0,0.0,0.0,0.0,0.0,0.0,0.0,0.02446646428818786
AC_pH5_2,0.018555799628729403,0.0502684040983086,-0.012736358270049096,-0.13738030381176783,0.03197064290390067,-0.02446799446221279,-0.018574606747083045,-0.006851077952786633,0.034812183757515054,-0.06675659734917723,1.0,0.0,0.0,0.0,0.0,0.0,0.0,0.0,0.0,0.0,0.0,0.0,0.039343210450552515
AC_pH6_0,0.023968953619832582,0.05949536034027518,-0.0078915482038713,-0.2165765952440384,0.029484395258452575,-0.035295775602369205,-0.027313354941004,-0.0131102559318685,0.03323222230957903,0.02284669006081378,1.0,0.0,0.0,0.0,0.0,0.0,0.0,0.0,0.0,0.0,0.0,0.0,0.16172687662413934
AC_pH6_1,0.02480948601080023,0.06235359947885508,-0.006444762157195289,-0.24948772771041028,0.03778317627456526,-0.04540878906481615,-0.03815788716158789,-0.016276048130720207,0.04633556719464451,0.053333479954010755,1.0,0.0,0.0,0.0,0.0,0.0,0.0,0.0,0.0,0.0,0.0,0.0,0.20214567479932488
AC_pH6_2,0.025026044489248934,0.06767648890776479,-0.017856211986230764,-0.24106294493231442,0.033102931303336566,-0.04274091005082364,-0.02431642408037316,-0.02594186517369488,0.044852047805552894,0.05010093997030154,1.0,0.0,0.0,0.0,0.0,0.0,0.0,0.0,0.0,0.0,0.0,0.0,0.19208393008372077
AC_pH7_0,0.03799592251363008,0.10905091821904414,-0.02541845476983682,-0.31615365741936413,0.046770478827149964,-0.02818923994007966,-0.04222820679535685,-0.02003403714007658,0.047672134067701245,0.059374226856490846,1.0,0.0,0.0,0.0,0.0,0.0,0.0,0.0,0.0,0.0,0.0,0.0,0.4761566893788473
AC_pH7_1,0.04260860585972019,0.10660273518980196,-0.020234421891686706,-0.3280331655939959,0.044387476965785023,-0.057142740114308574,-0.045589403362296846,-0.00394604474630045,0.05281334813522256,0.07737369409397891,1.0,0.0,0.0,0.0,0.0,0.0,0.0,0.0,0.0,0.0,0.0,0.0,0.48226683949395216
AC_pH7_2,0.04410873613927675,0.10644188138615826,-0.022539479595649503,-0.3577883540992827,0.04141023705308528,-0.05388351881026249,-0.03492513159370941,-0.00015044975944835502,0.05199241013711562,0.09417376191638734,1.0,0.0,0.0,0.0,0.0,0.0,0.0,0.0,0.0,0.0,0.0,0.0,0.4811025384560845
AC_pH8_0,0.054455422703986574,0.12644142077304424,-0.018469124310852392,-0.3295836523734032,0.04534108758782562,-0.05904298681603826,-0.04787383694566138,0.00425919633804132,0.0477014521776658,0.045611116849290936,1.0,0.0,0.0,0.0,0.0,0.0,0.0,0.0,0.0,0.0,0.0,0.0,0.6161936979692529
AC_pH8_1,0.04105726161728734,0.13820987642175805,-0.019320659838697823,-0.3169102370528424,0.05052437162188732,-0.061097968180218454,-0.05089775175585048,0.0008501443639397589,0.05005459999665616,0.036370456885222516,1.0,0.0,0.0,0.0,0.0,0.0,0.0,0.0,0.0,0.0,0.0,0.0,0.6417698578516113
AC_pH8_2,0.05470492882897026,0.11796176848609165,-0.024136925126709372,-0.3310169557206657,0.05800653401195355,-0.05938541816871452,-0.04631734910218612,0.010870558223484652,0.04944294924888275,0.03871000447027061,1.0,0.0,0.0,0.0,0.0,0.0,0.0,0.0,0.0,0.0,0.0,0.0,0.6440713470669853
AC_pH9_0,0.040907197931538464,0.12362618319123338,-0.019323465573884865,-0.28582801777545525,0.052175591942732746,-0.060538726994848774,-0.0482496372424066,0.0012664114489503526,0.04362145929394856,0.02118309994349661,1.0,0.0,0.0,0.0,0.0,0.0,0.0,0.0,0.0,0.0,0.0,0.0,0.7292859280132171
AC_pH9_1,0.038890953779868453,0.11261518489164506,-0.03120368408444136,-0.3301011269636776,0.05081061285798964,-0.05663392865058521,-0.03325330934244329,0.009363920913766255,0.058988347882809856,0.0493631205201635,1.0,0.0,0.0,0.0,0.0,0.0,0.0,0.0,0.0,0.0,0.0,0.0,0.7412574926289346
AC_pH9_2,0.03694114133715629,0.13680408139429662,-0.021114632245153187,-0.3116926768628637,0.056156749255631286,-0.05116784927151774,-0.04841640903492984,0.009346761256051448,0.03995967151111234,0.022023258242432196,1.0,0.0,0.0,0.0,0.0,0.0,0.0,0.0,0.0,0.0,0.0,0.0,0.747526246417331
BA_pH4_0,-0.0329788106141369,-0.004511195136153179,-0.005807038611206023,-0.06847035960739721,0.011157251851147285,-0.02043111978382196,-0.014855264521244428,-0.006359010761927653,0.0282345396782393,-0.017138909013617948,0.0,1.0,0.0,0.0,0.0,0.0,0.0,0.0,0.0,0.0,0.0,0.0,-0.0016139574737368786
BA_pH4_1,-0.030325974191984396,-0.0057237766618313994,-0.004625298942884671,-0.06118598373120893,0.013778431564569475,-0.012236758593226907,-0.012318752547726033,-0.010025427992982065,0.01185591069981456,-0.020352286401245253,0.0,1.0,0.0,0.0,0.0,0.0,0.0,0.0,0.0,0.0,0.0,0.0,0.00048452299554619434
BA_pH4_2,-0.04731895456738446,-0.0038607262690430093,-0.010838538150748478,-0.05699871903730799,0.019761375768677047,-0.022715329825068294,-0.012523664270082247,-0.003967161469728404,0.026076512525425005,-0.018774711490487275,0.0,1.0,0.0,0.0,0.0,0.0,0.0,0.0,0.0,0.0,0.0,0.0,0.0018744598294293093
BA_pH5_0,-0.03819997442886233,-0.00416959780713786,-0.008618456286823619,-0.06727078613541697,0.02919882713533614,-0.02105060257584504,-0.02169221609304457,-0.0007782599755117439,0.019378284582787234,-0.017957122357076277,0.0,1.0,0.0,0.0,0.0,0.0,0.0,0.0,0.0,0.0,0.0,0.0,0.0511412745403946
BA_pH5_1,-0.03744259444510807,-0.0031618434206947023,-0.003499409879517294,-0.05936672303906601,0.020748809111183108,-0.022134029298777808,-0.018062766542172305,-0.00880922542318054,0.023291912301564993,-0.022724045894068224,0.0,1.0,0.0,0.0,0.0,0.0,0.0,0.0,0.0,0.0,0.0,0.0,0.024466462930343342
BA_pH5_2,-0.03307441066140713,-0.003472199903234191,-0.010248771820865244,-0.07360075616966123,0.024022011898619976,-0.01901642416239432,-0.008346400236225002,-0.005358634471245435,0.026691009090889405,-0.028755340084595533,0.0,1.0,0.0,0.0,0.0,0.0,0.0,0.0,0.0,0.0,0.0,0.0,0.03934321135483189
BA_pH6_0,-0.06878760371154742,-0.011848843019941577,-0.004296812179052956,-0.07619270485015989,0.02865391902463592,-0.020788362450573753,-0.018251430954703173,-0.016501327375273985,0.02101010688297127,0.03584314211352688,0.0,1.0,0.0,0.0,0.0,0.0,0.0,0.0,0.0,0.0,0.0,0.0,0.16172687666300212
BA_pH6_1,-0.05807564877621505,-0.011651343471654085,-0.011624558585007555,-0.08050162747502329,0.020415635373767303,-0.027025577788362686,-0.02844476881234543,-0.0026958419504049037,0.02788211388958861,0.04056170107553834,0.0,1.0,0.0,0.0,0.0,0.0,0.0,0.0,0.0,0.0,0.0,0.0,0.20214567404454245
BA_pH6_2,-0.07390606537785219,-0.012582708660351199,0.0008677286695203066,-0.06843034575814787,0.023390909943567666,-0.02148050725055129,-0.01963873681814774,-0.018292864380485337,0.02408383125844209,0.03482884185388685,0.0,1.0,0.0,0.0,0.0,0.0,0.0,0.0,0.0,0.0,0.0,0.0,0.19208393160174653
BA_pH7_0,-0.04315505326725542,-0.009133755869191627,-0.012193193042893768,-0.07924549962596399,0.02418770467700518,-0.01762661158350175,-0.004284824677540556,-0.017806263524310098,0.02641111417309097,0.0016864662010060711,0.0,1.0,0.0,0.0,0.0,0.0,0.0,0.0,0.0,0.0,0.0,0.0,0.47615668850189524
BA_pH7_1,-0.07260719234123826,-0.007972089031144328,0.0018194521858316396,-0.05198554744093638,0.019366480627137684,-0.022594441839129377,-0.0277134472520455,-0.012289096459179472,0.018675429480474282,0.024140535812501022,0.0,1.0,0.0,0.0,0.0,0.0,0.0,0.0,0.0,0.0,0.0,0.0,0.48226683981394347
BA_pH7_2,-0.06457926929563933,-0.00966924278308516,-0.01502553187958572,-0.06553404996212087,0.016510453944539896,-0.026898796296799966,-0.006092971076621958,-0.018202337152932,0.027033531007397433,0.03129829697472893,0.0,1.0,0.0,0.0,0.0,0.0,0.0,0.0,0.0,0.0,0.0,0.0,0.48110253833913064
BA_pH8_0,-0.04841982717666289,-0.0056659089190804444,-0.008815461434423922,-0.05738451912918169,0.027366576364830787,-0.024057083636441302,-0.028039868203518187,-0.011557769710602971,0.020659892390198685,0.004754052934763227,0.0,1.0,0.0,0.0,0.0,0.0,0.0,0.0,0.0,0.0,0.0,0.0,0.6161936980952847
BA_pH8_1,-0.05846984093239449,-0.005442447474469309,-0.011598333904681646,-0.06043378140129473,0.02973865347023568,-0.019278856758433188,-0.02811413661495823,-0.01417266932842524,0.028388581704348326,0.008222914719954134,0.0,1.0,0.0,0.0,0.0,0.0,0.0,0.0,0.0,0.0,0.0,0.0,0.6417698583743298
BA_pH8_2,-0.05651378196137754,-0.005551545498487742,-0.012703632135754045,-0.06544345500636035,0.027889417663783486,-0.0326888385856443,-0.030571552055037542,0.007227745235533169,0.030356946779495998,0.0068387790437301876,0.0,1.0,0.0,0.0,0.0,0.0,0.0,0.0,0.0,0.0,0.0,0.0,0.64407134594908
BA_pH9_0,-0.0457815214416579,-0.006343309568322223,-0.005733937761219946,-0.055429445548064046,0.021642959275809316,-0.020470080828375144,-0.026294492593682973,-0.006048207657573663,0.022029815467641402,-0.008731695926221819,0.0,1.0,0.0,0.0,0.0,0.0,0.0,0.0,0.0,0.0,0.0,0.0,0.7292859295671521
BA_pH9_1,-0.07203031030766989,-0.006254045929273833,-0.005716871622868853,-0.04764885171559517,0.031812931616264195,-0.022725111938527096,-0.01880702568623035,-0.007586556844332298,0.025265532176860648,-0.00746960626874605,0.0,1.0,0.0,0.0,0.0,0.0,0.0,0.0,0.0,0.0,0.0,0.0,0.741257491587475
BA_pH9_2,-0.041200980787448896,-0.00597016453742981,-0.00511119934365801,-0.04998744951966017,0.0142009542360092,-0.03381977240554988,-0.028726045295758097,-0.0029917014438820924,0.025987597290507477,-0.003541154713248431,0.0,1.0,0.0,0.0,0.0,0.0,0.0,0.0,0.0,0.0,0.0,0.0,0.74752624576109
BC_pH4_0,-0.052298928870131135,0.03191342088920266,-0.0003123062460318861,-0.07292127044709482,0.020971167176233037,-0.018363135789075623,-0.014926077719048964,-0.004414245555906193,0.027121992035080554,-0.04793052159816674,0.0,0.0,1.0,0.0,0.0,0.0,0.0,0.0,0.0,0.0,0.0,0.0,-0.0016139570379183382
BC_pH4_1,-0.0513650908248256,0.04297494573194695,-0.00022741723319758586,-0.0824662310767757,0.01879331589797917,-0.02795910785460602,-0.023115499037034484,-0.0005542137012209579,0.03698107444316796,-0.04422169048784545,0.0,0.0,1.0,0.0,0.0,0.0,0.0,0.0,0.0,0.0,0.0,0.0,0.0004845233155374915
BC_pH4_2,-0.03390633685757284,0.04506206584122517,-0.00035002506297567514,-0.0807384099463082,0.022588191914331656,-0.022526579130764886,-0.017076763038159068,-0.006392828916887875,0.028528643913324114,-0.06634787425155873,0.0,0.0,1.0,0.0,0.0,0.0,0.0,0.0,0.0,0.0,0.0,0.0,0.001874459798070219
BC_pH5_0,-0.038998323059033446,0.03968869110447881,-0.0010256317776182434,-0.0787931004377163,0.01914853243359729,-0.028371071740984913,-0.020644761000800392,-0.010431339083563378,0.022771974441635864,-0.03450488758151945,0.0,0.0,1.0,0.0,0.0,0.0,0.0,0.0,0.0,0.0,0.0,0.0,0.05114127579932972
BC_pH5_1,-0.03694899533834795,0.05605009124533313,-0.0003325419257516442,-0.08360690335054759,0.023469926337913977,-0.027378725507094158,-0.017696646781152358,-0.014867049622470922,0.025018333630717322,-0.054867397081106904,0.0,0.0,1.0,0.0,0.0,0.0,0.0,0.0,0.0,0.0,0.0,0.0,0.02446646428818786
BC_pH5_2,-0.04900204592667843,0.04006350637858976,-0.0006722740893778608,-0.08068621618065819,0.017414470335225696,-0.019843507394923462,-0.010830465599327632,-0.007929179328696235,0.024683635923201625,-0.04435783206930627,0.0,0.0,1.0,0.0,0.0,0.0,0.0,0.0,0.0,0.0,0.0,0.0,0.039343210450552515
BC_pH6_0,-0.062150948403160204,0.04649118753271581,-0.0022036802379981333,-0.10407107880662966,0.020066392263802496,-0.026322083481304024,-0.019218192612752316,-0.015546379012825049,0.02209249871782958,0.009702377018073331,0.0,0.0,1.0,0.0,0.0,0.0,0.0,0.0,0.0,0.0,0.0,0.0,0.16172687662413934
BC_pH6_1,-0.08600009448542868,0.061999030142374664,-0.0019709165329518537,-0.1461850737213441,0.03113046437218462,-0.039175124902926066,-0.029060740391116426,-0.008774757963078828,0.0364231542368298,0.05045415207419706,0.0,0.0,1.0,0.0,0.0,0.0,0.0,0.0,0.0,0.0,0.0,0.0,0.20214567479932488
BC_pH6_2,-0.06101665707993442,0.053049857539894135,-0.005647555971923083,-0.14051549579381295,0.029226502836884365,-0.03413507897730755,-0.027647460948513895,-0.02119998632687265,0.029547893085881422,0.04717807649229854,0.0,0.0,1.0,0.0,0.0,0.0,0.0,0.0,0.0,0.0,0.0,0.0,0.19208393008372077
BC_pH7_0,-0.09940108589423093,0.09141069514272004,0.0022340812566487697,-0.1914766179454391,0.04069317520960518,-0.03397168588217186,-0.028772781977187037,-0.011787635945593535,0.04088492377701661,0.05902701719947483,0.0,0.0,1.0,0.0,0.0,0.0,0.0,0.0,0.0,0.0,0.0,0.0,0.4761566893788473
BC_pH7_1,-0.11884402366962446,0.06469030569428984,0.0018641637265682188,-0.14659158188525748,0.037311591251307875,-0.03688906727520669,-0.03012986408546567,-0.0021875924244523014,0.037006537300413075,0.06260961624024354,0.0,0.0,1.0,0.0,0.0,0.0,0.0,0.0,0.0,0.0,0.0,0.0,0.48226683949395216
BC_pH7_2,-0.08905499766499775,0.09409828957453693,0.0033212918755800834,-0.1744646999219676,0.03604052248977772,-0.036476748776419654,-0.03686055273424995,0.012475013229186118,0.03640665393808614,0.023355320446679123,0.0,0.0,1.0,0.0,0.0,0.0,0.0,0.0,0.0,0.0,0.0,0.0,0.4811025384560845
BC_pH8_0,-0.08083687532733641,0.0722577024826213,0.002830038388138232,-0.14321850315870147,0.03462743385249505,-0.025913860955397074,-0.03674848084823917,0.0009983572432690335,0.03438256811026646,0.01046171512454748,0.0,0.0,1.0,0.0,0.0,0.0,0.0,0.0,0.0,0.0,0.0,0.0,0.6161936979692529
BC_pH8_1,-0.11099084595866175,0.07336554238005827,0.00105429944784745,-0.15250823907675629,0.04077713544399517,-0.045903096637162175,-0.046557709443909315,0.019713071625598745,0.04309349226238934,0.04679644796187463,0.0,0.0,1.0,0.0,0.0,0.0,0.0,0.0,0.0,0.0,0.0,0.0,0.6417698578516113
BC_pH8_2,-0.08111301767882771,0.0889722003326144,0.001584932156231094,-0.14895514782599137,0.03843429876450936,-0.055498106333062694,-0.03285600099672119,-0.0029523354465060916,0.03718026190753217,0.024043009536259846,0.0,0.0,1.0,0.0,0.0,0.0,0.0,0.0,0.0,0.0,0.0,0.0,0.6440713470669853
BC_pH9_0,-0.07018602116316881,0.04728963447613237,0.000687929191019223,-0.11404974061590824,0.029222441054070767,-0.04275278148808233,-0.035623585849028576,0.0049762011606894144,0.029754184778455813,0.019521835975186985,0.0,0.0,1.0,0.0,0.0,0.0,0.0,0.0,0.0,0.0,0.0,0.0,0.7292859280132171
BC_pH9_1,-0.0675370525609216,0.061976606019813085,0.0007707839815512936,-0.11002115990885579,0.02835674595492689,-0.04338564818158098,-0.024888706931682384,-0.0010438569355756058,0.018989925907681816,0.005622455292259869,0.0,0.0,1.0,0.0,0.0,0.0,0.0,0.0,0.0,0.0,0.0,0.0,0.7412574926289346
BC_pH9_2,-0.0797660891395872,0.09792091197982104,0.000466067719718684,-0.13799364795827349,0.032466233055633696,-0.04280411859893281,-0.02766019647455086,-0.008742093351953058,0.017729509376880268,0.017223515941397014,0.0,0.0,1.0,0.0,0.0,0.0,0.0,0.0,0.0,0.0,0.0,0.0,0.747526246417331
BL_pH4_0,-0.07402662982880746,0.07392979765715806,-0.006192151573284162,0.17393783269854995,0.0277789544508509,-0.026395574902467762,-0.03208927927781707,-0.00958198560401797,0.04185832905299637,-0.1490096376338245,0.0,0.0,0.0,1.0,0.0,0.0,0.0,0.0,0.0,0.0,0.0,0.0,-0.0016139570379183382
BL_pH4_1,-0.07788218781271058,0.08026045944258246,-0.0076024968375492325,0.1769178513121669,0.027672124960176334,-0.030324835838021133,-0.03867683502481036,-0.006126403698049811,0.032885301075065924,-0.13708660801670147,0.0,0.0,0.0,1.0,0.0,0.0,0.0,0.0,0.0,0.0,0.0,0.0,0.0004845233155374915
BL_pH4_2,-0.08096220293041803,0.06374455116162805,-0.004142498526641208,0.17329205791425448,0.02929272331580844,-0.029843600968141922,-0.033814956137667544,-0.005376843284086692,0.022379478226699265,-0.11464701854583363,0.0,0.0,0.0,1.0,0.0,0.0,0.0,0.0,0.0,0.0,0.0,0.0,0.001874459798070219
BL_pH5_0,-0.09931112701923628,0.05495966845111032,-0.003376231671351451,0.1845688594715751,0.03208328390574974,-0.028290614088106413,-0.025104635557888638,-0.000746553107367263,0.04536316033857673,-0.11271903562521482,0.0,0.0,0.0,1.0,0.0,0.0,0.0,0.0,0.0,0.0,0.0,0.0,0.05114127579932972
BL_pH5_1,-0.06965640601013665,0.05117603710933547,-0.00821807664859554,0.1789930697724871,0.029831815126311535,-0.031822728268073315,-0.03497078336046441,-0.0004776916179158111,0.03664596658078548,-0.1353822150632091,0.0,0.0,0.0,1.0,0.0,0.0,0.0,0.0,0.0,0.0,0.0,0.0,0.02446646428818786
BL_pH5_2,-0.11345055372170779,0.0783683463833902,-0.008864241723052174,0.1800893363753414,0.03396659572851723,-0.03673938809124672,-0.0347182736063943,0.007373737678255723,0.040039890406086395,-0.11680350253722915,0.0,0.0,0.0,1.0,0.0,0.0,0.0,0.0,0.0,0.0,0.0,0.0,0.039343210450552515
BL_pH6_0,-0.14907682638939307,0.11320390973280628,0.019583735133966686,0.2757889030023439,0.05148546992193746,-0.04635028647623308,-0.029964016916473272,0.002248487206904788,0.049739009613252214,0.07933343059666778,0.0,0.0,0.0,1.0,0.0,0.0,0.0,0.0,0.0,0.0,0.0,0.0,0.16172687662413934
BL_pH6_1,-0.1841471717680764,0.1350562956010032,0.0070055672777411685,0.31387883611914263,0.06283691634909938,-0.038922456491981505,-0.057211859901638136,0.003724952105270782,0.0635341663642422,0.17587292059122225,0.0,0.0,0.0,1.0,0.0,0.0,0.0,0.0,0.0,0.0,0.0,0.0,0.20214567479932488
BL_pH6_2,-0.18404265695332506,0.1441402493838383,0.016824761090557215,0.3086764436895432,0.06617725692001049,-0.052730529350431085,-0.04975014753963638,0.015326798844515632,0.052661126642285484,0.13451118920119884,0.0,0.0,0.0,1.0,0.0,0.0,0.0,0.0,0.0,0.0,0.0,0.0,0.19208393008372077
BL_pH7_0,-0.2664484419220168,0.18250722595207075,-0.03494762879026973,0.2699365570355693,0.11813107200169366,-0.1106044424969055,-0.15282427555638484,0.02496005524840692,0.0706363398265903,0.1379205154153802,0.0,0.0,0.0,1.0,0.0,0.0,0.0,0.0,0.0,0.0,0.0,0.0,0.4761566893788473
BL_pH7_1,-0.2814809548393216,0.14889669082046525,-0.0351957288303453,0.26068860015386475,0.11425832847052295,-0.09678025736675966,-0.12132944795910432,0.023320483722035656,0.07240197095453092,0.1406809187073098,0.0,0.0,0.0,1.0,0.0,0.0,0.0,0.0,0.0,0.0,0.0,0.0,0.48226683949395216
BL_pH7_2,-0.2793033957542123,0.1780221790302059,-0.030650761604066122,0.26806982110133,0.10648523325424479,-0.09248518846281197,-0.13539862842056086,0.01603637350723146,0.0718856991685765,0.12542968445902933,0.0,0.0,0.0,1.0,0.0,0.0,0.0,0.0,0.0,0.0,0.0,0.0,0.4811025384560845
BL_pH8_0,-0.2801178935465768,0.1736904880145322,-0.02666987274935388,0.20590805327762723,0.0701603471086887,-0.11364667171369432,-0.13732709955262096,0.013903118766358365,0.05956809925360846,0.0068538969058705435,0.0,0.0,0.0,1.0,0.0,0.0,0.0,0.0,0.0,0.0,0.0,0.0,0.6161936979692529
BL_pH8_1,-0.2530482148654435,0.13425919986289486,-0.03699170592686403,0.20427241663974915,0.07140780721669611,-0.09002087191921537,-0.12416294169207306,0.01462578622867232,0.0580159976940764,-0.006315909623289878,0.0,0.0,0.0,1.0,0.0,0.0,0.0,0.0,0.0,0.0,0.0,0.0,0.6417698578516113
BL_pH8_2,-0.2629006669143945,0.14279369264598127,-0.03738536667402673,0.2000413068311046,0.0733922920120961,-0.10145682732696118,-0.1386407114257631,0.01472231925505659,0.06298442900990663,0.01846612189491481,0.0,0.0,0.0,1.0,0.0,0.0,0.0,0.0,0.0,0.0,0.0,0.0,0.6440713470669853
BL_pH9_0,-0.27206298099547305,0.14462147132534045,-0.02719514699774268,0.19254643743614794,0.07009773974225898,-0.08643309170906636,-0.11654589584745143,0.011558346392019936,0.0582600845647571,0.0019102293876526245,0.0,0.0,0.0,1.0,0.0,0.0,0.0,0.0,0.0,0.0,0.0,0.0,0.7292859280132171
BL_pH9_1,-0.2821765795916967,0.147190731531414,-0.02388969738684272,0.19536977604517466,0.06160664553308615,-0.0886558419385034,-0.11203570551643871,0.00564256315888918,0.06863846148485724,0.00680154882411918,0.0,0.0,0.0,1.0,0.0,0.0,0.0,0.0,0.0,0.0,0.0,0.0,0.7412574926289346
BL_pH9_2,-0.2661983377583649,0.14962337933318767,-0.016771552395480477,0.19373310720386067,0.07074570537504296,-0.08599847735391689,-0.10168727604915266,-0.00536707584624706,0.06603771796126083,-0.024716643449728903,0.0,0.0,0.0,1.0,0.0,0.0,0.0,0.0,0.0,0.0,0.0,0.0,0.747526246417331
BT_pH4_0,-0.04660125873132569,0.0455539924485366,-0.009749494346830504,-0.07237587465702192,-0.007074399661758668,-0.01955187974173737,-0.01884127469287943,-0.008872872177187519,0.02347320596080111,-0.01712004844585191,0.0,0.0,0.0,0.0,1.0,0.0,0.0,0.0,0.0,0.0,0.0,0.0,-0.0016139570379183382
BT_pH4_1,-0.045520655344361845,0.0382805968436372,-0.003112827090384518,-0.07535038245598905,-0.005850796197419578,-0.011746681760591658,-0.012212200530845185,-0.009214670494117819,0.02454894286539892,-0.03098122945946195,0.0,0.0,0.0,0.0,1.0,0.0,0.0,0.0,0.0,0.0,0.0,0.0,0.0004845233155374915
BT_pH4_2,-0.04642449824382429,0.04172499599097215,-0.003310849851645206,-0.056979409870084215,-0.005444684890301333,-0.020030215908165856,-0.01707849951218004,-0.0043387534279052346,0.015218775926724725,-0.03449676424912784,0.0,0.0,0.0,0.0,1.0,0.0,0.0,0.0,0.0,0.0,0.0,0.0,0.001874459798070219
BT_pH5_0,-0.046734229920269994,0.043294105831857596,-0.005647004756104687,-0.07720156515988968,-0.0066004604101181025,-0.021590364705771206,-0.018030358120475123,-0.0021737949404379607,0.0229416178089931,-0.019417852131730837,0.0,0.0,0.0,0.0,1.0,0.0,0.0,0.0,0.0,0.0,0.0,0.0,0.05114127579932972
BT_pH5_1,-0.037503884448062456,0.047444990549803424,-0.005429681608777329,-0.07821861846858394,-0.005822836125026579,-0.019101726978450365,-0.01868259584328727,-0.006756356033375083,0.01843989784302919,-0.025529093389277877,0.0,0.0,0.0,0.0,1.0,0.0,0.0,0.0,0.0,0.0,0.0,0.0,0.02446646428818786
BT_pH5_2,-0.03371888828747297,0.033614118102452024,-0.008152238158509134,-0.08068792385332607,-0.005960818493495816,-0.021050686972296756,-0.008373154769449132,-0.004480093272159929,0.019377587976582022,-0.02172780580899638,0.0,0.0,0.0,0.0,1.0,0.0,0.0,0.0,0.0,0.0,0.0,0.0,0.039343210450552515
BT_pH6_0,-0.04161909248436922,0.034669598800170676,-0.009238705559755147,-0.1052858462087486,-0.008952888801046036,-0.02842925976030529,-0.019910741030522015,-0.004966090394022025,0.021838501562242922,0.030734619993068594,0.0,0.0,0.0,0.0,1.0,0.0,0.0,0.0,0.0,0.0,0.0,0.0,0.16172687662413934
BT_pH6_1,-0.06980692163190763,0.04316173137044129,-0.002264530950266382,-0.10114939842211162,-0.01026701320124709,-0.0247601013638727,-0.026237995304653185,-0.006755664368848441,0.028062969797655286,0.038857007425116455,0.0,0.0,0.0,0.0,1.0,0.0,0.0,0.0,0.0,0.0,0.0,0.0,0.20214567479932488
BT_pH6_2,-0.05130293498666067,0.04028752130577745,-0.010037563797896318,-0.10378095994743959,-0.010641901101107182,-0.02996502774727086,-0.024482327109283726,-0.017242169822768674,0.020423197369698602,0.05558224888599437,0.0,0.0,0.0,0.0,1.0,0.0,0.0,0.0,0.0,0.0,0.0,0.0,0.19208393008372077
BT_pH7_0,-0.09288898490247843,0.0825021647921075,-0.02232499322934967,-0.07300891946920235,-0.01760518472803676,-0.038210597698293304,-0.035075230193121934,0.0012647033547577638,0.027163897028354853,0.037023238460330864,0.0,0.0,0.0,0.0,1.0,0.0,0.0,0.0,0.0,0.0,0.0,0.0,0.4761566893788473
BT_pH7_1,-0.08599508600188013,0.06662676654108193,-0.013690822322488479,-0.10447580001033518,-0.01245851252713929,-0.029789245050481476,-0.03148604708764216,-0.00944897673173767,0.03835989686174562,0.05119792212165243,0.0,0.0,0.0,0.0,1.0,0.0,0.0,0.0,0.0,0.0,0.0,0.0,0.48226683949395216
BT_pH7_2,-0.09917933825484437,0.07298372169308688,-0.01578753817583555,-0.060543463405869594,-0.015822735781902856,-0.03608050288065621,-0.037036512531745044,-0.003812266973697623,0.02468628852749648,0.03943244481742707,0.0,0.0,0.0,0.0,1.0,0.0,0.0,0.0,0.0,0.0,0.0,0.0,0.4811025384560845
BT_pH8_0,-0.06881626069626731,0.06588471388768241,-0.007199842643964547,-0.10133270340607221,-0.007383742037674655,-0.030613921219078088,-0.024330959754145665,-0.0017797373773773093,0.03158872028812766,0.012823816305836259,0.0,0.0,0.0,0.0,1.0,0.0,0.0,0.0,0.0,0.0,0.0,0.0,0.6161936979692529
BT_pH8_1,-0.07499763623082442,0.0823912134138948,-0.0131831268099663,-0.08326239594946737,-0.007379833838861918,-0.04851106073585864,-0.02624387988577719,-0.0027054349871595287,0.023892648677625083,0.018839589272342302,0.0,0.0,0.0,0.0,1.0,0.0,0.0,0.0,0.0,0.0,0.0,0.0,0.6417698578516113
BT_pH8_2,-0.12075840559180664,0.09867477750810592,-0.019227917425982326,-0.072849102501312,-0.006295344285343002,-0.02487159290796388,-0.03754631542074291,-0.002452286908645995,0.035127279676658955,0.019038991161986537,0.0,0.0,0.0,0.0,1.0,0.0,0.0,0.0,0.0,0.0,0.0,0.0,0.6440713470669853
BT_pH9_0,-0.07767871972254436,0.069784221181484,-0.012607494479288219,-0.09172949038769888,-0.008071194180975785,-0.022179016771361876,-0.024890780053708865,-0.0026437899624199993,0.02275507128392549,0.016101276572469788,0.0,0.0,0.0,0.0,1.0,0.0,0.0,0.0,0.0,0.0,0.0,0.0,0.7292859280132171
BT_pH9_1,-0.06301817183828226,0.08278968645705152,-0.016161557232718105,-0.10993131977384508,-0.0074695777018432994,-0.04256379732376208,-0.023981017277616524,-0.0061171282548457395,0.03360046051685577,0.02169251821530253,0.0,0.0,0.0,0.0,1.0,0.0,0.0,0.0,0.0,0.0,0.0,0.0,0.7412574926289346
BT_pH9_2,-0.08414249201993579,0.06661749808522668,-0.018008091669205733,-0.07570699148851892,-0.006462285939766014,-0.023230425586276082,-0.03284548392681323,-0.0029817600017818433,0.02997680931311587,0.015623306214971388,0.0,0.0,0.0,0.0,1.0,0.0,0.0,0.0,0.0,0.0,0.0,0.0,0.747526246417331
BV_pH4_0,-0.044782381459017806,0.03580851063780162,-0.010829448741253302,-0.09375915158863952,0.020945711469925618,0.005693658233984653,-0.017609310587868094,-0.0028235297791821797,0.026849863172063358,-0.05065383803990225,0.0,0.0,0.0,0.0,0.0,1.0,0.0,0.0,0.0,0.0,0.0,0.0,-0.0016139570379183382
BV_pH4_1,-0.04511953104044431,0.04198243005687129,-0.00896555701756607,-0.09691918613551107,0.02202645862475038,0.00472294429398101,-0.01740506293859495,-0.010737454231990424,0.018800127245485784,-0.03954508513414665,0.0,0.0,0.0,0.0,0.0,1.0,0.0,0.0,0.0,0.0,0.0,0.0,0.0004845233155374915
BV_pH4_2,-0.03749146818061886,0.040843415139243,-0.008742228668668996,-0.06663583703501068,0.021198810383515516,0.0034320799909208118,-0.022542044013414694,-0.009682054394127233,0.029629322404608777,-0.08116991170601029,0.0,0.0,0.0,0.0,0.0,1.0,0.0,0.0,0.0,0.0,0.0,0.0,0.001874459798070219
BV_pH5_0,-0.06308809668392591,0.03916299285893531,0.0002597575918163969,-0.09558878406477363,0.023300972002274968,0.00379470693676368,-0.014578000750878586,-0.010151274997902957,0.03356726523164821,-0.047839454644076206,0.0,0.0,0.0,0.0,0.0,1.0,0.0,0.0,0.0,0.0,0.0,0.0,0.05114127579932972
BV_pH5_1,-0.03212428847246843,0.03817215046642915,-0.0062602882216805985,-0.10604137154619978,0.012184985011168147,0.0050633085195137114,-0.016083910028733637,-0.010136042420306931,0.021560307899085075,-0.037494767879176404,0.0,0.0,0.0,0.0,0.0,1.0,0.0,0.0,0.0,0.0,0.0,0.0,0.02446646428818786
BV_pH5_2,-0.053223421146040374,0.03553826969359879,-0.006527494193743102,-0.09644204040503374,0.01802080461107519,0.00485140938149846,-0.012285089834552749,-0.005215806542369337,0.021481007680134924,-0.037357555887783354,0.0,0.0,0.0,0.0,0.0,1.0,0.0,0.0,0.0,0.0,0.0,0.0,0.039343210450552515
BV_pH6_0,-0.0722392009328241,0.06153336955153423,-0.014276033044671234,-0.15596132425186424,0.028420624319140025,0.004393366086094273,-0.01782270430627724,-0.01621313603028007,0.036202726419205244,0.014802395158001911,0.0,0.0,0.0,0.0,0.0,1.0,0.0,0.0,0.0,0.0,0.0,0.0,0.16172687662413934
BV_pH6_1,-0.07599883320498402,0.06590602770893145,-0.0031875403435981803,-0.18568385458186915,0.026681838221038173,0.004389889305052549,-0.0253641724890179,-0.029038563745258286,0.032695031731348974,0.05844026181117995,0.0,0.0,0.0,0.0,0.0,1.0,0.0,0.0,0.0,0.0,0.0,0.0,0.20214567479932488
BV_pH6_2,-0.08043929046019911,0.06539288403709297,-0.007467695629710087,-0.1731953170952265,0.03021548553167478,0.0051906157706094825,-0.025902370849786246,-0.020074711044359466,0.038865143948275116,0.03625533984164181,0.0,0.0,0.0,0.0,0.0,1.0,0.0,0.0,0.0,0.0,0.0,0.0,0.19208393008372077
BV_pH7_0,-0.09606512701624763,0.0773088862216505,-0.019419752097405166,-0.19960666353611844,0.046490602554024554,0.009482989871631497,-0.03489787603445028,-0.013196894298105137,0.030342026483267545,0.06840189178190802,0.0,0.0,0.0,0.0,0.0,1.0,0.0,0.0,0.0,0.0,0.0,0.0,0.4761566893788473
BV_pH7_1,-0.10754606438395768,0.08520467436669961,-0.020136391411171014,-0.20560114795018156,0.05232502639293671,0.011736389609134711,-0.05750985507407914,0.0035954308744681903,0.052012552340393474,0.054759469240417954,0.0,0.0,0.0,0.0,0.0,1.0,0.0,0.0,0.0,0.0,0.0,0.0,0.48226683949395216
BV_pH7_2,-0.08187220522405012,0.08462492461842687,-0.027532270410219613,-0.19993004814600165,0.024555077798178667,0.010615952173652856,-0.03754060054683816,0.0035505195047058485,0.036619246514595076,0.0557494868443388,0.0,0.0,0.0,0.0,0.0,1.0,0.0,0.0,0.0,0.0,0.0,0.0,0.4811025384560845
BV_pH8_0,-0.12747035932848635,0.1056967401828455,-0.023262290250833918,-0.19086398016499437,0.04715826460524745,0.012607082815273946,-0.03731513151817996,0.006398312003230269,0.04474477208745868,0.031146673748026734,0.0,0.0,0.0,0.0,0.0,1.0,0.0,0.0,0.0,0.0,0.0,0.0,0.6161936979692529
BV_pH8_1,-0.09484683889409769,0.07081463005069803,-0.018983087886691737,-0.17911786660471044,0.053284851121513765,0.013583477913685464,-0.0520612677745521,0.01203829313061483,0.038128027046180284,0.025999866569333754,0.0,0.0,0.0,0.0,0.0,1.0,0.0,0.0,0.0,0.0,0.0,0.0,0.6417698578516113
BV_pH8_2,-0.10446824411254216,0.08743455796381054,-0.018190664298346503,-0.1741747217759004,0.028057772223230297,0.010680183386025216,-0.03946134927480118,-0.0019841816312754948,0.04222905320155881,0.03871767848811072,0.0,0.0,0.0,0.0,0.0,1.0,0.0,0.0,0.0,0.0,0.0,0.0,0.6440713470669853
BV_pH9_0,-0.10470834643944453,0.09336486875929909,-0.023932558284343576,-0.1898125219701425,0.03245675445007889,0.009843387040107147,-0.03130549923071395,0.011133622637261512,0.03255079910402065,0.0392495866395209,0.0,0.0,0.0,0.0,0.0,1.0,0.0,0.0,0.0,0.0,0.0,0.0,0.7292859280132171
BV_pH9_1,-0.08043313892963141,0.06538522304562122,-0.02539897764506548,-0.16794559105663842,0.03974948420229813,0.009482292471372562,-0.032812779204838945,0.010213143097479706,0.03406129160572006,0.016539135919478927,0.0,0.0,0.0,0.0,0.0,1.0,0.0,0.0,0.0,0.0,0.0,0.0,0.7412574926289346
BV_pH9_2,-0.0766705063123094,0.07366659846075851,-0.017548241771595637,-0.15930773423174802,0.025903089703263146,0.0086306278731512,-0.03642345909353185,-0.0024322581169721894,0.03082517012143912,0.02219679744023343,0.0,0.0,0.0,0.0,0.0,1.0,0.0,0.0,0.0,0.0,0.0,0.0,0.747526246417331
CC_pH4_0,-0.03590407009034054,0.04264159521290465,-0.00986519505229333,-0.11402747289723031,0.01790471569351528,-0.019104949939672065,0.010735255732484485,-0.0025401856138816356,0.021094708352795116,-0.04209431791840041,0.0,0.0,0.0,0.0,0.0,0.0,1.0,0.0,0.0,0.0,0.0,0.0,0.0032572508755295392
CC_pH4_1,-0.0599935295926812,0.04783501936527698,-0.005356451726478076,-0.08527484614402056,0.014812078671124966,-0.011899584867060184,0.010087346952894458,-0.0019541967166182782,0.025175074857214225,-0.06459082731977105,0.0,0.0,0.0,0.0,0.0,0.0,1.0,0.0,0.0,0.0,0.0,0.0,-0.004437627208196163
CC_pH4_2,-0.054486356588161505,0.053050142545253046,-0.008323543621227144,-0.11085875258619049,0.015412192219949291,-0.027980569227315157,0.010731406101714006,0.0003855779459295052,0.022464654973667602,-0.03155466828373788,0.0,0.0,0.0,0.0,0.0,0.0,1.0,0.0,0.0,0.0,0.0,0.0,0.0011803763326671925
CC_pH5_0,-0.04884598655059286,0.04653808613348266,-0.006766320720072026,-0.1231057956555615,0.02077727815217298,-0.011936816382829262,0.012533138161120203,-0.0037618794608051363,0.015954742034816224,-0.03254636223184997,0.0,0.0,0.0,0.0,0.0,0.0,1.0,0.0,0.0,0.0,0.0,0.0,0.08114687964645667
CC_pH5_1,-0.05537543280293113,0.04156663245723947,-0.0061594614317721655,-0.12785906892593793,0.022472901399368826,-0.024197140887946535,0.008724146310402001,-0.009969139519431024,0.027472829757987163,-0.007836182877097439,0.0,0.0,0.0,0.0,0.0,0.0,1.0,0.0,0.0,0.0,0.0,0.0,0.11230826956373989
CC_pH5_2,-0.05325762149634893,0.03086662188901201,-0.0008967658512942173,-0.11573769911030388,0.025931066737874695,-0.01927921665103539,0.011182027893221891,-0.007677922591405071,0.027889059756113135,-0.030179467429609405,0.0,0.0,0.0,0.0,0.0,0.0,1.0,0.0,0.0,0.0,0.0,0.0,0.09911694942295314
CC_pH6_0,-0.07917877226136624,0.07355719426282396,-0.00616554536573265,-0.217714147121524,0.032030695407934816,-0.03260965823924735,0.015321573206911914,-0.014824253886776119,0.03255854143720606,0.06586445603965094,0.0,0.0,0.0,0.0,0.0,0.0,1.0,0.0,0.0,0.0,0.0,0.0,0.2884225051673924
CC_pH6_1,-0.09840554168326375,0.08769940425439375,-0.007591108666408966,-0.22507371858896125,0.03470132443122566,-0.047327294044358564,0.015312854109898853,-0.007188090776781675,0.039696831949379126,0.07701542249475807,0.0,0.0,0.0,0.0,0.0,0.0,1.0,0.0,0.0,0.0,0.0,0.0,0.29127362738877827
CC_pH6_2,-0.12227530950437422,0.08585698671800934,-0.0002811819019362982,-0.20911011603903834,0.03245168085048058,-0.02286916128562197,0.01604754159631936,-0.018316765042507774,0.044690784182723445,0.06264562390582715,0.0,0.0,0.0,0.0,0.0,0.0,1.0,0.0,0.0,0.0,0.0,0.0,0.2957269459022493
CC_pH7_0,-0.07045626832172273,0.08392671810706022,-0.018079058270010613,-0.22544252549703023,0.0269059951149899,-0.03349513094710267,0.02192291330384171,0.010519555141420464,0.031063904843252638,0.04197397963913238,0.0,0.0,0.0,0.0,0.0,0.0,1.0,0.0,0.0,0.0,0.0,0.0,0.5922068579302491
CC_pH7_1,-0.1005346352590815,0.10280645767469768,-0.02927354949971904,-0.2334239482207467,0.051300503429349366,-0.05573311288557623,0.024501700362433553,0.01804184161612521,0.03250069159204545,0.05865413467035345,0.0,0.0,0.0,0.0,0.0,0.0,1.0,0.0,0.0,0.0,0.0,0.0,0.5480973412378645
CC_pH7_2,-0.13793317524311335,0.12125782898505745,-0.024337409891026174,-0.22091279205866157,0.051178349416864964,-0.030927963849238082,0.02450488239526748,0.00024071582471546835,0.036843029444470356,0.04892661845554476,0.0,0.0,0.0,0.0,0.0,0.0,1.0,0.0,0.0,0.0,0.0,0.0,0.5469120935714209
CC_pH8_0,-0.08697051770823157,0.07891959304313943,-0.016638890034721597,-0.18600916078800084,0.04790793232660255,-0.03395153737748446,0.016169305404891136,-0.002147079755592608,0.039863543312834655,0.011696895056444662,0.0,0.0,0.0,0.0,0.0,0.0,1.0,0.0,0.0,0.0,0.0,0.0,0.8455353071301549
CC_pH8_1,-0.09389108795672653,0.07303464813319885,-0.009423345295793334,-0.16702414251944941,0.03485877568064177,-0.033086861874098365,0.017087680509556894,-0.002165248842666982,0.034171249766064726,0.015278415707466395,0.0,0.0,0.0,0.0,0.0,0.0,1.0,0.0,0.0,0.0,0.0,0.0,0.8378107178569503
CC_pH8_2,-0.08305513986386359,0.06112182760003791,-0.015436910361699443,-0.15244752046368693,0.03238202050814163,-0.02611233549799932,0.015089055947635478,0.008277087953022639,0.03374324172978168,-0.004721244071488795,0.0,0.0,0.0,0.0,0.0,0.0,1.0,0.0,0.0,0.0,0.0,0.0,0.8442380625189879
CC_pH9_0,-0.07331446812488139,0.07148222482155846,-0.009084444943329557,-0.1595097770400183,0.04112134690760918,-0.041146570763996124,0.014243237570576044,-0.005354252304962799,0.03610186218324563,-0.005699075078591702,0.0,0.0,0.0,0.0,0.0,0.0,1.0,0.0,0.0,0.0,0.0,0.0,1.003926186226973
CC_pH9_1,-0.07946924684326286,0.07032710671910772,-0.010660904110206856,-0.14107154547034398,0.042452958645703996,-0.03682314923883456,0.014159097496582111,0.0048760311240735234,0.03500562312648347,-0.029955888222093174,0.0,0.0,0.0,0.0,0.0,0.0,1.0,0.0,0.0,0.0,0.0,0.0,0.9964236708955914
CC_pH9_2,-0.07771382552045193,0.08219255073238975,-0.01121973543508869,-0.16655033502525288,0.03806578464563126,-0.02978088701791737,0.014177944355684775,0.00830564050125363,0.036295979090196925,-0.02493303284656418,0.0,0.0,0.0,0.0,0.0,0.0,1.0,0.0,0.0,0.0,0.0,0.0,0.9996501428774356
DF_pH4_0,-0.04541035641835111,0.03722683128333935,-0.00660383619044138,-0.0696422888354763,0.018599334148204198,-0.023669789801149265,-0.01043103374054898,-0.0026249239172624513,0.023879543985847546,-0.05248338386942834,0.0,0.0,0.0,0.0,0.0,0.0,0.0,1.0,0.0,0.0,0.0,0.0,-0.0016139570379183382
DF_pH4_1,-0.03065258589370743,0.04142862825209031,-0.008612821239006257,-0.0657921286303874,0.017807174992302197,-0.02157949948561904,-0.020984011621254947,-0.0029162488440456612,0.024220368967432043,-0.06407877954532917,0.0,0.0,0.0,0.0,0.0,0.0,0.0,1.0,0.0,0.0,0.0,0.0,0.0004845233155374915
DF_pH4_2,-0.026316195225100158,0.0340857316861334,-0.009988265358235524,-0.08352107677568235,0.019055055819613777,-0.02185878023262257,-0.014172675074685526,-0.0029139714153564506,0.01608373748138547,-0.04161346519689845,0.0,0.0,0.0,0.0,0.0,0.0,0.0,1.0,0.0,0.0,0.0,0.0,0.001874459798070219
DF_pH5_0,-0.055030344223360644,0.0424502596647843,-0.005938958191596294,-0.08351513486355545,0.02217823539779562,-0.020249000275912494,-0.017663344888259536,-0.004121635794315651,0.026710727507167534,-0.035980711215702094,0.0,0.0,0.0,0.0,0.0,0.0,0.0,1.0,0.0,0.0,0.0,0.0,0.05114127579932972
DF_pH5_1,-0.032562080728619,0.040082649104702085,-0.006865373429963767,-0.07949591013076511,0.01898488838792495,-0.018080099006385908,-0.00890003798569998,-0.0029753021507159545,0.025463262345317917,-0.06681190063245594,0.0,0.0,0.0,0.0,0.0,0.0,0.0,1.0,0.0,0.0,0.0,0.0,0.02446646428818786
DF_pH5_2,-0.05823268534372682,0.04460545624889758,-0.007446316608997142,-0.09944095000948593,0.02057352857988166,-0.01775364259419882,-0.015571148709353545,-0.003334774834954221,0.028226863436562867,-0.02278623349073788,0.0,0.0,0.0,0.0,0.0,0.0,0.0,1.0,0.0,0.0,0.0,0.0,0.039343210450552515
DF_pH6_0,-0.0620181360480416,0.05005856191779931,-0.009326478591512725,-0.10567368813102013,0.01835292362527031,-0.03213076281887682,-0.029851541662912644,-0.012633918322946715,0.02292390942006656,0.029139229310676452,0.0,0.0,0.0,0.0,0.0,0.0,0.0,1.0,0.0,0.0,0.0,0.0,0.16172687662413934
DF_pH6_1,-0.07416250141418498,0.06087028977461159,-0.008940001969509153,-0.12589286705438538,0.0228889122945459,-0.04049367639074183,-0.03165331919191649,-0.013158306735365284,0.030275041155679066,0.04910651301114779,0.0,0.0,0.0,0.0,0.0,0.0,0.0,1.0,0.0,0.0,0.0,0.0,0.20214567479932488
DF_pH6_2,-0.06585471136333503,0.05211162379983326,-0.011123316366954345,-0.12363505609131056,0.029021994828691958,-0.03591117737531339,-0.029438234865260513,-0.010397826570855537,0.034132936467295094,0.02993385101709028,0.0,0.0,0.0,0.0,0.0,0.0,0.0,1.0,0.0,0.0,0.0,0.0,0.19208393008372077
DF_pH7_0,-0.07205025420443195,0.08103288514377631,-0.010509356098330539,-0.14900363427384394,0.026666008677009655,-0.0427078640266605,-0.03107115070619013,-0.007278592298212262,0.03510884946212172,0.03865320077125469,0.0,0.0,0.0,0.0,0.0,0.0,0.0,1.0,0.0,0.0,0.0,0.0,0.4761566893788473
DF_pH7_1,-0.09688441304692431,0.07666725276442976,-0.018879841928896694,-0.11107586764042146,0.029333829733583595,-0.047806498821338875,-0.039000448837228446,-0.009146095810701018,0.034121450327498755,0.05151072719012913,0.0,0.0,0.0,0.0,0.0,0.0,0.0,1.0,0.0,0.0,0.0,0.0,0.48226683949395216
DF_pH7_2,-0.09448814630953839,0.08737107866079263,-0.017285817911767434,-0.1381399557925761,0.030945733299721848,-0.04079330209116249,-0.0391690797690788,-0.007438477998518427,0.031504969900554944,0.05633309353871839,0.0,0.0,0.0,0.0,0.0,0.0,0.0,1.0,0.0,0.0,0.0,0.0,0.4811025384560845
DF_pH8_0,-0.07224266532363129,0.07667033197358251,-0.011233701321255903,-0.13407852325386,0.021303674276999158,-0.023446837979490334,-0.021796077446931083,-0.004924602069608546,0.029451739796153877,0.009136744827922922,0.0,0.0,0.0,0.0,0.0,0.0,0.0,1.0,0.0,0.0,0.0,0.0,0.6161936979692529
DF_pH8_1,-0.07014643298785969,0.09476481869776288,-0.011027768046554665,-0.1486832604937903,0.030343272877938077,-0.03743693337694781,-0.03506609178229195,-0.0036270883711783807,0.034294778939498505,0.015424788023304681,0.0,0.0,0.0,0.0,0.0,0.0,0.0,1.0,0.0,0.0,0.0,0.0,0.6417698578516113
DF_pH8_2,-0.12307278802577891,0.07923471915981045,-0.011770551892645332,-0.10325520947697046,0.03911235017701983,-0.03534936488889482,-0.026656732097996957,-0.003199778272081978,0.036579284978949494,0.017218153818469976,0.0,0.0,0.0,0.0,0.0,0.0,0.0,1.0,0.0,0.0,0.0,0.0,0.6440713470669853
DF_pH9_0,-0.07736080759609847,0.07361817663656953,-0.012289059352453635,-0.11417590920529931,0.029021175216235543,-0.029977368789765497,-0.03098159228734996,-0.0026212834194302573,0.0254820680456317,0.00812468366494969,0.0,0.0,0.0,0.0,0.0,0.0,0.0,1.0,0.0,0.0,0.0,0.0,0.7292859280132171
DF_pH9_1,-0.08859886512929653,0.081471005331158,-0.01754819147369784,-0.10631582220692345,0.024879368627848824,-0.02657031895633301,-0.026313601357700386,-0.001985943953952065,0.029930721560250166,-0.00010825692392561574,0.0,0.0,0.0,0.0,0.0,0.0,0.0,1.0,0.0,0.0,0.0,0.0,0.7412574926289346
DF_pH9_2,-0.07585601590533296,0.06902859123585663,-0.01529706484759631,-0.11526249416010537,0.026457238191657743,-0.025061024875663543,-0.021795548905173073,-0.0024104520646126416,0.03060987652400913,-0.0015730217131583587,0.0,0.0,0.0,0.0,0.0,0.0,0.0,1.0,0.0,0.0,0.0,0.0,0.747526246417331
comm11_4_1,0.12174941735180171,-0.11907262922669556,0.017654903776052853,0.28988253541736186,-0.05380670520112564,0.04950973504789822,0.05001465287019055,-0.004214089637946175,0.05802081679439413,-0.3985737186500236,1.0,1.0,1.0,1.0,1.0,1.0,1.0,1.0,0.0,0.0,0.0,0.0,-0.0016139570379183382
comm11_4_2,0.1204743386691679,-0.09486355544837273,0.01787963000450121,0.26732836640075497,-0.05354859396207915,0.05417647174195103,0.036175533708023,-0.02396242280814634,0.0578780591998087,-0.3697152310897312,1.0,1.0,1.0,1.0,1.0,1.0,1.0,1.0,0.0,0.0,0.0,0.0,0.0004845233155374915
comm11_4_3,0.11768434608314671,-0.10075881268059753,0.01477560352372086,0.24274600511902694,-0.06474759467310555,0.06199506995835057,0.0457179805705243,-0.007478404509956431,0.06324632580432554,-0.3609223321424392,1.0,1.0,1.0,1.0,1.0,1.0,1.0,1.0,0.0,0.0,0.0,0.0,0.001874459798070219
comm11_4_4,0.08868788161436499,-0.041295112231341406,0.009110481567761817,0.23799894936342272,-0.040531801193466645,0.031177219991855656,0.02876817387245272,-0.011249619279380724,0.06234445908390309,-0.35167315460539056,1.0,1.0,1.0,1.0,1.0,1.0,1.0,1.0,0.0,0.0,0.0,0.0,0.0053181834532889495
comm11_5_1,0.13265878169513914,-0.07122459780100895,0.0004523019091752611,0.2497277321958024,-0.08237967202196952,0.057408187347666714,0.02745809377454546,0.00833376546997739,0.06073639122526283,-0.34797861304943994,1.0,1.0,1.0,1.0,1.0,1.0,1.0,1.0,0.0,0.0,0.0,0.0,0.05114127579932972
comm11_5_2,0.15008139634059497,-0.07713358151038055,0.0026370610547778377,0.21650019240160678,-0.04757981974672042,0.04898375229586077,0.02510228688059295,-0.0032240704803363184,0.056347940726529634,-0.35098253163711535,1.0,1.0,1.0,1.0,1.0,1.0,1.0,1.0,0.0,0.0,0.0,0.0,0.02446646428818786
comm11_5_3,0.07376189766856642,-0.0337261984270552,-0.013925285630899923,0.2588187135383486,-0.0754107545453893,0.03731590755648262,0.027013546626447983,0.005594290175434687,0.05908108348836715,-0.3104984822849055,1.0,1.0,1.0,1.0,1.0,1.0,1.0,1.0,0.0,0.0,0.0,0.0,0.039343210450552515
comm11_5_4,0.1079253235503869,-0.06145717169522593,0.0075864552151735645,0.2762884572290046,-0.05554863676833719,0.03823124764892071,0.0401917594132702,-0.0024712931052984096,0.05512402063235639,-0.383276425316201,1.0,1.0,1.0,1.0,1.0,1.0,1.0,1.0,0.0,0.0,0.0,0.0,0.02826352230444504
comm11_6_1,0.35303051080230774,-0.10438422636493389,0.03024905929584867,0.44474002237917615,-0.13025907789073563,0.15471073302156899,0.09601092241016099,0.09107500197608835,0.11199741523753362,0.16628780465937507,1.0,1.0,1.0,1.0,1.0,1.0,1.0,1.0,0.0,0.0,0.0,0.0,0.16172687662413934
comm11_6_2,0.48090065867316156,-0.15895342280602323,0.0643659668253816,0.5531302966331334,-0.11681413928775682,0.1382076368638841,0.151580170692633,0.1275604037106361,0.1315611425532109,0.2993831929706198,1.0,1.0,1.0,1.0,1.0,1.0,1.0,1.0,0.0,0.0,0.0,0.0,0.20214567479932488
comm11_6_3,0.4146531717284867,-0.08299043675844114,0.05015350827866274,0.5087249723890716,-0.1181822834670058,0.2219157918255129,0.12981872793853935,0.15562876009868215,0.13172733048382015,0.24295901668581948,1.0,1.0,1.0,1.0,1.0,1.0,1.0,1.0,0.0,0.0,0.0,0.0,0.19208393008372077
comm11_6_4,0.4852524779141759,-0.11316591967666603,0.05067478083398034,0.5004066789178584,-0.10638436024725113,0.17186215173939007,0.1308315003448692,0.13679532980343895,0.13996637100272855,0.25481261550813267,1.0,1.0,1.0,1.0,1.0,1.0,1.0,1.0,0.0,0.0,0.0,0.0,0.19174196501252805
comm11_7_1,0.5236355181836078,-0.528510276760663,0.09968678854162928,0.6080548280335802,-0.12176771320726558,0.20293268711346651,0.17225625593539162,0.07595235283365068,0.15225488814403834,0.3613109451074802,1.0,1.0,1.0,1.0,1.0,1.0,1.0,1.0,0.0,0.0,0.0,0.0,0.4761566893788473
comm11_7_2,0.48480753723936865,-0.3678111174054768,0.08697871438308578,0.6104167656596428,-0.2222217928456223,0.14961179072644726,0.14012887966657137,0.11043609977416369,0.15765999664916946,0.3764561431433844,1.0,1.0,1.0,1.0,1.0,1.0,1.0,1.0,0.0,0.0,0.0,0.0,0.48226683949395216
comm11_7_3,0.5508507025326884,-0.5552526702015134,0.05941872572161906,0.6108456360281486,-0.2220333280564164,0.22072068033982878,0.2302504920858242,0.16269808523640356,0.1520487929111266,0.32063773349899316,1.0,1.0,1.0,1.0,1.0,1.0,1.0,1.0,0.0,0.0,0.0,0.0,0.4811025384560845
comm11_7_4,0.4669794692556657,-0.5289290156409792,0.08383181344069869,0.6289839263442579,-0.2228480970612525,0.2006299964484313,0.22805764654124888,0.14128657838977549,0.16278654205612844,0.3694059903227278,1.0,1.0,1.0,1.0,1.0,1.0,1.0,1.0,0.0,0.0,0.0,0.0,0.4811025384560845
comm11_8_1,0.4820555865869899,-0.3671554199496851,0.08533689184640733,0.4643079129250154,-0.19513456172431287,0.1770685851901932,0.22680489076139485,-0.07556825781443521,0.1431652328570414,0.1574490261154816,1.0,1.0,1.0,1.0,1.0,1.0,1.0,1.0,0.0,0.0,0.0,0.0,0.6161936979692529
comm11_8_2,0.45863899916450934,-0.4963104570466699,0.09868093108839324,0.5216414243436376,-0.12622520017073208,0.14383196624724762,0.18928258569668166,-0.07150909621430482,0.13300251812107217,0.1655344977679298,1.0,1.0,1.0,1.0,1.0,1.0,1.0,1.0,0.0,0.0,0.0,0.0,0.6417698578516113
comm11_8_3,0.426340270706088,-0.4225858226774827,0.09992355726132897,0.49593881115114874,-0.21562085328502179,0.18193542596803083,0.2356869050374498,-0.06953238372083591,0.12417803285198045,0.15294722440045166,1.0,1.0,1.0,1.0,1.0,1.0,1.0,1.0,0.0,0.0,0.0,0.0,0.6440713470669853
comm11_8_4,0.4368969438362705,-0.4819253958688806,0.12497101336758092,0.5919529457839774,-0.23768557103512739,0.16759273145145367,0.22598438181023559,-0.08838318970216355,0.13956430127196337,0.14460665350536936,1.0,1.0,1.0,1.0,1.0,1.0,1.0,1.0,0.0,0.0,0.0,0.0,0.6395779816459941
comm11_9_1,0.4704835022042464,-0.4345854179395121,0.08157941077147488,0.42081181009178575,-0.13990339412677874,0.11011928159581579,0.18869135516452723,-0.10023307412700808,0.10499124223852288,0.034844807361293084,1.0,1.0,1.0,1.0,1.0,1.0,1.0,1.0,0.0,0.0,0.0,0.0,0.7292859280132171
comm11_9_2,0.4981646915966564,-0.518205015812393,0.0977461116825757,0.4766793619942568,-0.19498004847003714,0.20172267987068912,0.1503014812310753,-0.13169630455379575,0.10761578421148921,0.011180427212916,1.0,1.0,1.0,1.0,1.0,1.0,1.0,1.0,0.0,0.0,0.0,0.0,0.7412574926289346
comm11_9_3,0.33619569414295253,-0.3666243412519764,0.0546990436113075,0.48020433436593285,-0.18231200855225324,0.20954172908490443,0.13037447988663028,-0.09311811003145637,0.10439541193373172,0.008387492944526936,1.0,1.0,1.0,1.0,1.0,1.0,1.0,1.0,0.0,0.0,0.0,0.0,0.747526246417331
comm11_9_4,0.35909314108445584,-0.3951566276561631,0.09512546310160797,0.4997859599874559,-0.21198040868925014,0.1564060610127838,0.1827449145811893,-0.07491509193311567,0.11894797214266406,-0.030387997289957547,1.0,1.0,1.0,1.0,1.0,1.0,1.0,1.0,0.0,0.0,0.0,0.0,0.7409024335149471
