Experiments,BT_OD<--AC_OD,BT_OD<--BA_OD,BT_OD<--BC_OD,BT_OD<--BL_OD,BT_OD<--BT_OD,BT_OD<--BV_OD,BT_OD<--CC_OD,BT_OD<--DF_OD,BT_OD<--wt_OD,BT_OD<--pH,AC_OD,BA_OD,BC_OD,BL_OD,BT_OD,BV_OD,CC_OD,DF_OD,wt_OD,delarc_OD,parc-_OD,parc+_OD,pH
5comm11wtaTc_1,0.0535175254787116,0.05454807977394562,-0.014802293830308256,0.02730480981140356,0.13872223576874995,-0.003342172667465131,-0.0025494325237915565,-0.09492726812827523,-0.12002127739884279,-0.14402707805857065,1.0,1.0,1.0,1.0,1.0,1.0,1.0,1.0,1.0,0.0,0.0,0.0,0.0997489321824637
5comm11wtaTc_2,0.04221647462969565,0.032756636630460294,-0.011816244297255966,0.033316043415309304,0.14103342354520346,-0.0148204089741668,-0.007877181350132045,-0.08904858147401523,-0.08795765728082347,-0.14337937646444243,1.0,1.0,1.0,1.0,1.0,1.0,1.0,1.0,1.0,0.0,0.0,0.0,0.0997489321824637
5comm11wtaTc_3,0.03610596437736051,0.004123139206077097,-0.01452679480000844,0.030149616147998888,0.13993692364523427,-0.010167815143080511,0.007906376589089633,-0.05305360995253304,-0.12219108172591125,-0.12385958986154394,1.0,1.0,1.0,1.0,1.0,1.0,1.0,1.0,1.0,0.0,0.0,0.0,0.0997489321824637
5comm11wtaTc_4,0.05006359742670927,0.04652273693364922,-0.024594484252814682,0.05117948882868919,0.112669940414717,-0.006199802485618583,-0.0018413118222404446,-0.07416450096415762,-0.1359276844453795,-0.12328485140799669,1.0,1.0,1.0,1.0,1.0,1.0,1.0,1.0,1.0,0.0,0.0,0.0,0.0997489321824637
6comm11wtaTc_1,0.10475797881271041,0.06856942336783621,-0.007961902113266934,0.072968170250685,0.23857160379320538,0.01143970448139083,0.02097224557326863,-0.07894258157613324,-0.22118900337904365,0.11895198156996425,1.0,1.0,1.0,1.0,1.0,1.0,1.0,1.0,1.0,0.0,0.0,0.0,0.294943607271727
6comm11wtaTc_2,0.10353479931211988,0.06668882796986274,-0.008502317021155495,0.08804041975036099,0.22139861811478825,0.02540371701607238,0.04532572751480113,-0.09597092061809709,-0.2087103712117381,0.0909291199536022,1.0,1.0,1.0,1.0,1.0,1.0,1.0,1.0,1.0,0.0,0.0,0.0,0.294943607271727
6comm11wtaTc_3,0.12682002955703472,0.09409559079891308,0.0023631040425971177,0.0554048716177678,0.21452925168463705,0.02408098165998641,0.047672197107509084,-0.05446868232714579,-0.28321479046757786,0.10085506710689514,1.0,1.0,1.0,1.0,1.0,1.0,1.0,1.0,1.0,0.0,0.0,0.0,0.294943607271727
6comm11wtaTc_4,0.12444441402594202,0.046243457802085455,0.006061149373367103,0.09761474224759024,0.22598038814617724,0.021603078805112638,0.030322281303410623,-0.1040584668280233,-0.21589597532687627,0.09582255123183131,1.0,1.0,1.0,1.0,1.0,1.0,1.0,1.0,1.0,0.0,0.0,0.0,0.294943607271727
7comm11wtaTc_1,0.16352716439626297,0.03071383807889145,0.024031765808189377,0.06628874331024354,0.23538813323835306,0.036909257061981955,0.01970313037705162,-0.11081927449766385,-0.26480966400760025,0.19144876753729156,1.0,1.0,1.0,1.0,1.0,1.0,1.0,1.0,1.0,0.0,0.0,0.0,0.5477367110758552
7comm11wtaTc_2,0.15619139453659397,-0.002397335825852392,0.023828614522176595,0.06827767259603283,0.2221171904713644,0.045314177034179795,0.05093616202230687,0.0015482433136228522,-0.3746571250751857,0.20122286770776246,1.0,1.0,1.0,1.0,1.0,1.0,1.0,1.0,1.0,0.0,0.0,0.0,0.5477367110758552
7comm11wtaTc_3,0.20420532629298777,0.01425610585948047,0.013474847074274137,0.08395841361448651,0.21476835299546462,0.02365458941026388,0.03837609019089976,-0.12344784169356623,-0.22501368981219178,0.14814966737090243,1.0,1.0,1.0,1.0,1.0,1.0,1.0,1.0,1.0,0.0,0.0,0.0,0.5477367110758552
7comm11wtaTc_4,0.12766571340252358,0.029496861273908763,0.01703096407283421,0.06282683656449711,0.27154235416739847,0.024403942577419402,0.03504898532637923,-0.07202866443959267,-0.26700964583124476,0.16340451418887825,1.0,1.0,1.0,1.0,1.0,1.0,1.0,1.0,1.0,0.0,0.0,0.0,0.5477367110758552
8comm11wtaTc_1,0.17347444995630373,-0.025327514048422806,0.03859088704070969,0.08622435686988353,0.2234241189838023,0.02988554299606578,0.04055144750411904,-0.06353077460849738,-0.36208493256354296,0.08888975592390834,1.0,1.0,1.0,1.0,1.0,1.0,1.0,1.0,1.0,0.0,0.0,0.0,0.8453285927693228
8comm11wtaTc_2,0.1621061264033146,-0.015452435316679914,0.03423659867647551,0.07838909548302384,0.19787588942127882,0.02745987354575292,0.03619105817000989,0.013564575602624404,-0.4291981666316481,0.12492472270017728,1.0,1.0,1.0,1.0,1.0,1.0,1.0,1.0,1.0,0.0,0.0,0.0,0.8453285927693228
8comm11wtaTc_3,0.13913186395682556,-1.64414695261618e-05,0.0302707827275457,0.08510948519303421,0.20897789815177573,0.03167699131385787,0.052006911361670995,-0.11585214669978165,-0.3500662699291158,0.14885826344804268,1.0,1.0,1.0,1.0,1.0,1.0,1.0,1.0,1.0,0.0,0.0,0.0,0.8453285927693228
8comm11wtaTc_4,0.1595457654993009,-0.01048202012260647,0.01989193512592464,0.08158883935225238,0.22739477994041915,0.023732837050667276,0.048027831381794214,-0.06107305272684798,-0.3656478198429408,0.10711824239636566,1.0,1.0,1.0,1.0,1.0,1.0,1.0,1.0,1.0,0.0,0.0,0.0,0.8453285927693228
wt_pH4_0,-0.019899132087745748,-0.0043958556032537115,0.0017125588617004132,-0.010842005315277238,-0.03932009951596189,-0.0004540791368597883,0.001519547971572889,0.02147051281984086,-0.023938087594249976,-0.03831664264607041,0.0,0.0,0.0,0.0,0.0,0.0,0.0,0.0,1.0,0.0,0.0,0.0,0.0032572508755295392
wt_pH4_1,-0.01951623319749437,-0.012254385466727875,9.772435761988152e-05,-0.01162595400708201,-0.037908994477120754,-0.0009563545945464915,-0.00035845776068289717,0.020331203358895752,-0.02180151706217262,-0.02847031339051445,0.0,0.0,0.0,0.0,0.0,0.0,0.0,0.0,1.0,0.0,0.0,0.0,-0.004437627208196163
wt_pH4_2,-0.01809003954105404,-0.012771540804482673,0.0025350076259802214,-0.007698576903051655,-0.033284518111740116,-0.001976656068683318,-0.001336407024696794,0.017769671772890117,-0.0200610142711388,-0.03754920753225199,0.0,0.0,0.0,0.0,0.0,0.0,0.0,0.0,1.0,0.0,0.0,0.0,0.0011803763326671925
wt_pH5_0,-0.02033304325588372,-0.020486472357752857,0.006350797539698364,-0.011213479975400412,-0.038821121495541025,0.0002594907834882966,0.0024949497243632436,0.02728853786040259,-0.02476861779760245,-0.03323432167627566,0.0,0.0,0.0,0.0,0.0,0.0,0.0,0.0,1.0,0.0,0.0,0.0,0.08114687964645667
wt_pH5_1,-0.02716268680179897,-0.016731453680878753,0.004094154706386768,-0.01575433660804739,-0.04596707759627505,-0.0004888079943054393,0.0027367482563156785,0.03754598773368027,-0.025390098572951617,-0.02534571171434515,0.0,0.0,0.0,0.0,0.0,0.0,0.0,0.0,1.0,0.0,0.0,0.0,0.11230826956373989
wt_pH5_2,-0.017132199812356547,-0.009812633628025652,0.0011965430606885453,-0.018667688229040285,-0.04002535143178766,-0.002357027690817158,-0.0035069232427960514,0.020157879345199987,-0.023578126175005158,-0.01873775325756034,0.0,0.0,0.0,0.0,0.0,0.0,0.0,0.0,1.0,0.0,0.0,0.0,0.09911694942295314
wt_pH6_0,-0.02419235669116935,-0.020461840986517134,0.00023242591718292843,-0.02074222064941474,-0.06874202279495481,0.0015679928761623476,0.003627418305360428,0.03958412994691373,-0.045019495569817394,0.02168268749429642,0.0,0.0,0.0,0.0,0.0,0.0,0.0,0.0,1.0,0.0,0.0,0.0,0.2884225051673924
wt_pH6_1,-0.020879520811343002,-0.016176569389948704,0.0026662119583267226,-0.018953763863638694,-0.072031148723934,-0.002720276460092029,-0.0008282407960328072,0.03588808059489921,-0.0393791241214975,0.01995107003143462,0.0,0.0,0.0,0.0,0.0,0.0,0.0,0.0,1.0,0.0,0.0,0.0,0.29127362738877827
wt_pH6_2,-0.01966843630288444,-0.017174907027055385,0.0027157315421525545,-0.01530079145753837,-0.06713206942112225,-0.00037382193436117246,-0.0007488610125754203,0.014735984364929405,-0.031652351203779495,0.022136241608177832,0.0,0.0,0.0,0.0,0.0,0.0,0.0,0.0,1.0,0.0,0.0,0.0,0.2957269459022493
wt_pH7_0,-0.03303259267775423,-0.004325992438496779,5.463834770995704e-05,-0.017394747072020947,-0.05614353086941105,-0.011910213101655244,-0.001682647779259994,0.03174503562324073,-0.056717291932310086,0.03694406083845736,0.0,0.0,0.0,0.0,0.0,0.0,0.0,0.0,1.0,0.0,0.0,0.0,0.5922068579302491
wt_pH7_1,-0.02487779711170688,-0.01667943551488545,0.0028601667892349807,-0.016472852670628094,-0.06933781148339417,-0.00414214032681902,-0.0056881751925886995,0.034038301569045235,-0.0451061959726655,0.03294265832407804,0.0,0.0,0.0,0.0,0.0,0.0,0.0,0.0,1.0,0.0,0.0,0.0,0.5480973412378645
wt_pH7_2,-0.03437301497562261,-0.007883597178911066,-0.0020135814518384325,-0.01977502284207098,-0.06277399174059214,-0.007626929319787609,-0.002631722213700414,0.045546960876039835,-0.04793318184031903,0.02700079976338083,0.0,0.0,0.0,0.0,0.0,0.0,0.0,0.0,1.0,0.0,0.0,0.0,0.5469120935714209
wt_pH8_0,-0.03464226304836895,-0.010418757944894224,-0.0002170554099037593,-0.02081266188346173,-0.057704342081535444,-0.0064224343665915985,-0.0030485217775339667,0.03259508697255313,-0.036075814393875395,0.024283481783678992,0.0,0.0,0.0,0.0,0.0,0.0,0.0,0.0,1.0,0.0,0.0,0.0,0.8455353071301549
wt_pH8_1,-0.05174847687473116,-0.009602083778818665,0.0017108649027574316,-0.024126563028472915,-0.05946738716073173,-0.0052144899259766835,-0.0024590638650419288,0.04152801440056898,-0.02692927804168152,0.023845182310627846,0.0,0.0,0.0,0.0,0.0,0.0,0.0,0.0,1.0,0.0,0.0,0.0,0.8378107178569503
wt_pH8_2,-0.02291612750344464,-0.003998363501108857,-0.0023486898446698555,-0.017249909493181368,-0.07308609738783992,-0.006549305980620177,0.00018730572303352156,0.0380168865862019,-0.04652226713850446,0.022003285720053566,0.0,0.0,0.0,0.0,0.0,0.0,0.0,0.0,1.0,0.0,0.0,0.0,0.8442380625189879
wt_pH9_0,-0.05014146766807559,-0.008986976025828528,0.002637339772089668,-0.020033749403108075,-0.07275388968075908,-0.0026913347070955714,-0.004628771822089735,0.04153782639632244,-0.027442622726337747,0.030040364803381927,0.0,0.0,0.0,0.0,0.0,0.0,0.0,0.0,1.0,0.0,0.0,0.0,1.003926186226973
wt_pH9_1,-0.024264853554575343,-0.010502250267030753,6.531526739506613e-05,-0.01804670796365194,-0.061626937476837125,-0.0004651874660149888,-0.0019879193365087977,0.025204000363085902,-0.03659585117585147,0.015757110548489116,0.0,0.0,0.0,0.0,0.0,0.0,0.0,0.0,1.0,0.0,0.0,0.0,0.9964236708955914
wt_pH9_2,-0.03054560090698626,-0.012995858288208102,0.00012604379317844748,-0.023192964228194043,-0.04401448263685502,-0.0017702534740142856,-0.004127717918878341,0.04344783609145847,-0.060380903569090615,0.020990620129539263,0.0,0.0,0.0,0.0,0.0,0.0,0.0,0.0,1.0,0.0,0.0,0.0,0.9996501428774356
AC_pH4_0,0.010504082623545243,-0.026826729315697493,0.0030863287569145147,-0.013420218868262095,-0.07399532222674915,-0.0028829501648231053,0.004340811805475665,0.028938528993774373,0.023558295097445017,-0.0657661071423765,1.0,0.0,0.0,0.0,0.0,0.0,0.0,0.0,0.0,0.0,0.0,0.0,-0.0016139570379183382
AC_pH4_1,0.01050408262354524,-0.016982142612662007,0.0017730837967246769,-0.017818693873755957,-0.06677919714347173,-0.0031754312870781068,0.0028048750559758885,0.03425041974886603,0.014932191817737786,-0.07197246943964909,1.0,0.0,0.0,0.0,0.0,0.0,0.0,0.0,0.0,0.0,0.0,0.0,0.0004845233155374915
AC_pH4_2,0.01125437423951276,-0.030453700496734154,0.0023384386426566735,-0.018048312669295973,-0.07869725689069246,0.001953726313279375,0.006108221847604475,0.0390746707116942,0.017321387411135696,-0.06331483038284047,1.0,0.0,0.0,0.0,0.0,0.0,0.0,0.0,0.0,0.0,0.0,0.0,0.001874459798070219
AC_pH5_0,0.012254709270580309,-0.030923263751496764,0.008395911401299676,-0.02422900425999061,-0.09049010105026156,-0.000881497163487518,0.008510409589532924,0.042025109833592304,0.025618842381012183,-0.06274439754227742,1.0,0.0,0.0,0.0,0.0,0.0,0.0,0.0,0.0,0.0,0.0,0.0,0.05114127579932972
AC_pH5_1,0.010840015058689144,-0.028388185939427622,0.006166827217068359,-0.02208040328777355,-0.07619607705197741,0.003212207950570661,0.005979855921443391,0.030794455735012893,0.024710117501166206,-0.06750209361395756,1.0,0.0,0.0,0.0,0.0,0.0,0.0,0.0,0.0,0.0,0.0,0.0,0.02446646428818786
AC_pH5_2,0.007467438755556941,-0.025176239571048194,0.007530270340326041,-0.01945090870069259,-0.07724956041971302,-0.0049186447768917564,0.003282100912385984,0.05225662547487603,0.016582921272467657,-0.07278728377782617,1.0,0.0,0.0,0.0,0.0,0.0,0.0,0.0,0.0,0.0,0.0,0.0,0.039343210450552515
AC_pH6_0,0.015773036494122254,-0.029181697233175125,0.006110177356952233,-0.01796645701316226,-0.14805934324577125,0.001688208224089896,-0.0003374296376157711,0.049057570177980736,0.02386855534034903,-0.013415900715829236,1.0,0.0,0.0,0.0,0.0,0.0,0.0,0.0,0.0,0.0,0.0,0.0,0.16172687662413934
AC_pH6_1,0.015364751757487005,-0.038560748248482525,0.007561380265726016,-0.018033678890408383,-0.17227478813299024,-0.0020136664127526085,0.006838700627584173,0.05672863832958366,0.027110732172251396,0.004815399728350991,1.0,0.0,0.0,0.0,0.0,0.0,0.0,0.0,0.0,0.0,0.0,0.0,0.20214567479932488
AC_pH6_2,0.01448798946995774,-0.042213072926210966,0.00981156640058464,-0.015781960184078504,-0.15557796533017057,-0.00024938856818429943,0.004205507219809554,0.04663990227039903,0.02722595142079112,-0.0010118087308238378,1.0,0.0,0.0,0.0,0.0,0.0,0.0,0.0,0.0,0.0,0.0,0.0,0.19208393008372077
AC_pH7_0,0.02360731218982003,-0.02908979430632747,0.006975178097212769,-0.04256118341834973,-0.2397034228536423,-0.006929245037836552,0.00027431065439368144,0.06797622684308367,0.04024290964979193,0.06674442675956727,1.0,0.0,0.0,0.0,0.0,0.0,0.0,0.0,0.0,0.0,0.0,0.0,0.4761566893788473
AC_pH7_1,0.02134551770661189,-0.03640726939127172,0.007019292211322034,-0.034853118639034425,-0.24343574187819567,-0.004649295331505329,0.002750421626817271,0.0770991523999154,0.03198645199770513,0.06668130795430877,1.0,0.0,0.0,0.0,0.0,0.0,0.0,0.0,0.0,0.0,0.0,0.0,0.48226683949395216
AC_pH7_2,0.02308457713209741,-0.03546435716460743,0.008699418831535657,-0.03226671636671475,-0.23855802853186817,-0.002764661101745847,-0.0019966314664191524,0.06832188962148908,0.025041656920119476,0.0734395715740064,1.0,0.0,0.0,0.0,0.0,0.0,0.0,0.0,0.0,0.0,0.0,0.0,0.4811025384560845
AC_pH8_0,0.02856740290784966,-0.029123588030671946,-0.0006244036674742496,-0.047011692235651215,-0.2652295150445856,-0.006650853647607499,0.001999692865849833,0.07412918185794969,0.0445784700020095,0.08690202599431833,1.0,0.0,0.0,0.0,0.0,0.0,0.0,0.0,0.0,0.0,0.0,0.0,0.6161936979692529
AC_pH8_1,0.03934146353772479,-0.032910783398167595,0.006165010592616772,-0.056648349360684316,-0.26104489140981896,-0.0026924064532732185,-0.0006595331159136864,0.07927733460603201,0.03661703577568836,0.08009184032658358,1.0,0.0,0.0,0.0,0.0,0.0,0.0,0.0,0.0,0.0,0.0,0.0,0.6417698578516113
AC_pH8_2,0.021428979860375764,-0.03099353167532093,0.009086983863507276,-0.044379657639757444,-0.25975831330025007,-0.0034863097500056036,0.0012011492884029514,0.05928407096972122,0.04524668518777775,0.08990666417688455,1.0,0.0,0.0,0.0,0.0,0.0,0.0,0.0,0.0,0.0,0.0,0.0,0.6440713470669853
AC_pH9_0,0.03136901999013904,-0.024354487222659846,0.008608578214138421,-0.04986274407629895,-0.2780462268531404,-0.002060162129649972,0.0012557906843721875,0.07697524985298512,0.038626834500338075,0.08502486587421078,1.0,0.0,0.0,0.0,0.0,0.0,0.0,0.0,0.0,0.0,0.0,0.0,0.7292859280132171
AC_pH9_1,0.026329725824458448,-0.02434718118494619,0.004134569226602174,-0.03936849900744046,-0.2703620731073391,-0.007730961166241245,-0.003612198537296576,0.07411157415471159,0.04080057801476316,0.08758118515611506,1.0,0.0,0.0,0.0,0.0,0.0,0.0,0.0,0.0,0.0,0.0,0.0,0.7412574926289346
AC_pH9_2,0.026462109684134306,-0.023462770123480133,0.005089680951331623,-0.03130323849780405,-0.26028851161791894,-0.0044173204580969785,0.0020226861884736487,0.06508827380572811,0.026419410251242958,0.08192640033813761,1.0,0.0,0.0,0.0,0.0,0.0,0.0,0.0,0.0,0.0,0.0,0.0,0.747526246417331
BA_pH4_0,-0.0332842982025898,-0.003322313278913498,0.000980109301314729,-0.018438080227731368,-0.05704038138906271,-0.004056295386070144,0.0016716492929212418,0.03119922932460095,0.020786998381676226,-0.05095989887764595,0.0,1.0,0.0,0.0,0.0,0.0,0.0,0.0,0.0,0.0,0.0,0.0,-0.0016139574737368786
BA_pH4_1,-0.030318828426787393,-0.004429751064466392,0.004156356097360994,-0.024063840116495674,-0.05462789403234164,0.0006845435957707774,0.004432096670422217,0.027790412345860646,0.01822549294518388,-0.054311869495507814,0.0,1.0,0.0,0.0,0.0,0.0,0.0,0.0,0.0,0.0,0.0,0.0,0.00048452299554619434
BA_pH4_2,-0.03592867782784869,-0.0038760321846474767,0.004074359337758758,-0.018497874569552746,-0.04426320620002629,-0.0006313668948638687,-0.0012332843679367848,0.020959024278689987,0.014275519198778534,-0.047341742228676126,0.0,1.0,0.0,0.0,0.0,0.0,0.0,0.0,0.0,0.0,0.0,0.0,0.0018744598294293093
BA_pH5_0,-0.03451025826613541,-0.004552562563963559,0.006662331802325079,-0.021759261351240712,-0.07060591148131568,-0.0067593424131526915,-0.006841554347952098,0.04930439978473537,0.012204914854272551,-0.03560603688794958,0.0,1.0,0.0,0.0,0.0,0.0,0.0,0.0,0.0,0.0,0.0,0.0,0.0511412745403946
BA_pH5_1,-0.030413267192957193,-0.004502011380441811,0.0014510432424266703,-0.01790837146787216,-0.07132079227098628,-0.0011005381768083456,0.0012374389019754258,0.03260367636508106,0.018157623463067353,-0.040668082535266874,0.0,1.0,0.0,0.0,0.0,0.0,0.0,0.0,0.0,0.0,0.0,0.0,0.024466462930343342
BA_pH5_2,-0.034793336160642944,-0.0037596714812452394,0.001511399212657759,-0.016276755845984033,-0.0682674651734693,-0.0027089409935085675,-0.0013435765716206774,0.040142430357796986,0.023175621702052326,-0.05014298610753664,0.0,1.0,0.0,0.0,0.0,0.0,0.0,0.0,0.0,0.0,0.0,0.0,0.03934321135483189
BA_pH6_0,-0.045490715351846574,-0.005190684730591979,0.005621836598274175,-0.027334588122675602,-0.13012818023440956,0.00402301153046605,-0.0029535575607872516,0.05376013834940513,0.02802421706181992,0.007205241398845358,0.0,1.0,0.0,0.0,0.0,0.0,0.0,0.0,0.0,0.0,0.0,0.0,0.16172687666300212
BA_pH6_1,-0.04765827766822084,-0.006479102664667624,0.002116031262861645,-0.031519020459128785,-0.1246370131813962,-0.007116450610489625,0.0004092254021974344,0.054724275700788444,0.025087834799905177,0.022609216356649996,0.0,1.0,0.0,0.0,0.0,0.0,0.0,0.0,0.0,0.0,0.0,0.0,0.20214567404454245
BA_pH6_2,-0.046212131765306655,-0.0066316824228219344,0.0033168511479364144,-0.03138899638519987,-0.128694786241521,-0.004269919398281239,-0.007862979593565283,0.05303387139923871,0.028527645889831633,0.027718846308188917,0.0,1.0,0.0,0.0,0.0,0.0,0.0,0.0,0.0,0.0,0.0,0.0,0.19208393160174653
BA_pH7_0,-0.07135857145646182,-0.014930128754804959,0.0007219933094861712,-0.030852005352144652,-0.1112389379346986,-0.0012864949056149832,-0.011133012693658793,0.056187427083192305,0.027664516609486028,0.04376193271140041,0.0,1.0,0.0,0.0,0.0,0.0,0.0,0.0,0.0,0.0,0.0,0.0,0.47615668850189524
BA_pH7_1,-0.0693535353474157,-0.014910674796480198,0.005237059301251302,-0.036767174442015264,-0.14544532778713365,-0.0048463327040814816,0.0015061019166656164,0.06884565276478458,0.03390783576841427,0.04936311370085762,0.0,1.0,0.0,0.0,0.0,0.0,0.0,0.0,0.0,0.0,0.0,0.0,0.48226683981394347
BA_pH7_2,-0.06173950987888257,-0.012777940279439737,0.0022665446715267445,-0.024237199125649492,-0.14736529232731654,-9.728606182919923e-05,-0.010227766539901496,0.06410233858324911,0.029785267978339743,0.04782756191840315,0.0,1.0,0.0,0.0,0.0,0.0,0.0,0.0,0.0,0.0,0.0,0.0,0.48110253833913064
BA_pH8_0,-0.07425133888083309,-0.013892098749461382,0.0017775788431501234,-0.0334049621457234,-0.10870870109161605,-0.0033179276815170186,-0.0016946202008377624,0.043849888444959136,0.03389915648726342,0.04327974391311568,0.0,1.0,0.0,0.0,0.0,0.0,0.0,0.0,0.0,0.0,0.0,0.0,0.6161936980952847
BA_pH8_1,-0.07716174288207422,-0.008874147050082683,0.00215453230532939,-0.04167369540477091,-0.12355044620050847,-0.0013741623784374946,-0.00816244566590404,0.06162505449362747,0.030010305057968138,0.054543466663352504,0.0,1.0,0.0,0.0,0.0,0.0,0.0,0.0,0.0,0.0,0.0,0.0,0.6417698583743298
BA_pH8_2,-0.065664638538197,-0.010100266530137993,0.001230699747152951,-0.032448838530918185,-0.11599865502434906,0.005589052532273141,-0.0029451518299301043,0.04896178880726675,0.024489175863564014,0.034423552441775154,0.0,1.0,0.0,0.0,0.0,0.0,0.0,0.0,0.0,0.0,0.0,0.0,0.64407134594908
BA_pH9_0,-0.058167137961186784,-0.00859597010133059,0.0038873488844736763,-0.03177146783503502,-0.11747490774678152,-0.00471484639722368,-0.0003347732171254324,0.04389343738353446,0.024793667420339973,0.036021368115249544,0.0,1.0,0.0,0.0,0.0,0.0,0.0,0.0,0.0,0.0,0.0,0.0,0.7292859295671521
BA_pH9_1,-0.0689299420526494,-0.010568246911077394,-0.0015037844176201724,-0.029477472325139076,-0.10013195042579393,-0.004656083303827631,-0.005827333504010154,0.0440502826154799,0.02622728478487419,0.038353964478263385,0.0,1.0,0.0,0.0,0.0,0.0,0.0,0.0,0.0,0.0,0.0,0.0,0.741257491587475
BA_pH9_2,-0.07958967418288408,-0.008807645477354525,0.0025920546795848904,-0.037986854697456184,-0.1239345637660312,-0.0036309166248563863,0.0025677796461335985,0.059965360432701266,0.023210140263418784,0.053151038665243476,0.0,1.0,0.0,0.0,0.0,0.0,0.0,0.0,0.0,0.0,0.0,0.0,0.74752624576109
BC_pH4_0,-0.012373062145855764,-0.01851078514738575,-0.0026493835704320154,-0.010093785015785176,-0.0612639663749091,0.0011764477586130736,-0.000150870514588188,0.023884606365438394,0.010650931639677803,-0.0431334131213067,0.0,0.0,1.0,0.0,0.0,0.0,0.0,0.0,0.0,0.0,0.0,0.0,-0.0016139570379183382
BC_pH4_1,-0.02291497741542433,-0.014816085070209657,-0.0026493835704320154,-0.011128287948870465,-0.04966814853858365,-0.0019076333589770878,-0.001743626179295067,0.03260422779287657,0.008725307111263925,-0.04896467417012901,0.0,0.0,1.0,0.0,0.0,0.0,0.0,0.0,0.0,0.0,0.0,0.0,0.0004845233155374915
BC_pH4_2,-0.027974610253966047,-0.01688939995537309,-0.003612795777861839,-0.01516743425786009,-0.04926943935028723,-0.004235491933827491,-0.00039009898334093837,0.03724175240844487,0.018098655106580777,-0.050264418096403064,0.0,0.0,1.0,0.0,0.0,0.0,0.0,0.0,0.0,0.0,0.0,0.0,0.001874459798070219
BC_pH5_0,-0.022120996116174626,-0.015717219265947196,-0.0034644520549994453,-0.015671346760557398,-0.052548019235710716,-0.0010431249717088506,-0.0007133859679426837,0.030688673065691858,0.01264664473457505,-0.044520054872593154,0.0,0.0,1.0,0.0,0.0,0.0,0.0,0.0,0.0,0.0,0.0,0.0,0.05114127579932972
BC_pH5_1,-0.028123358173862748,-0.017716567075365907,-0.0033399969805032017,-0.012834654770103161,-0.04768865632318444,-0.004603481056452124,-0.0006444135885280768,0.03546696915210266,0.012814968598237182,-0.045794090020227364,0.0,0.0,1.0,0.0,0.0,0.0,0.0,0.0,0.0,0.0,0.0,0.0,0.02446646428818786
BC_pH5_2,-0.019788470847289207,-0.0271456225398604,-0.0040169280965853,-0.018147313904381637,-0.04973537880745109,-0.0005188448563137132,0.0016560597069885416,0.03546447793446967,0.018328437698276148,-0.048559696542747006,0.0,0.0,1.0,0.0,0.0,0.0,0.0,0.0,0.0,0.0,0.0,0.0,0.039343210450552515
BC_pH6_0,-0.025781086981296532,-0.03263451424204623,-0.008866680881170473,-0.023054834333977293,-0.08915114204743473,0.006777554625118884,0.0010209347540512668,0.05259157498225408,0.017032393790862486,-0.01039748004435197,0.0,0.0,1.0,0.0,0.0,0.0,0.0,0.0,0.0,0.0,0.0,0.0,0.16172687662413934
BC_pH6_1,-0.03158215717392286,-0.03478758231129336,-0.008501860133736674,-0.020578568321450254,-0.10452868550327485,0.0036064139287918795,0.0022632681523733172,0.042899284187461376,0.02588214319806709,0.012864465285497513,0.0,0.0,1.0,0.0,0.0,0.0,0.0,0.0,0.0,0.0,0.0,0.0,0.20214567479932488
BC_pH6_2,-0.023151151371674374,-0.03199336369218224,-0.0073782417489944565,-0.023337983847595754,-0.09399228705984096,6.922879539753722e-05,0.0023331516859648018,0.040294514606990246,0.01675449940335491,0.007938354583254655,0.0,0.0,1.0,0.0,0.0,0.0,0.0,0.0,0.0,0.0,0.0,0.0,0.19208393008372077
BC_pH7_0,-0.03145113677049623,-0.013919808301953189,-0.007252399923036926,-0.028370676078914626,-0.13503984876766637,0.00040698590769391965,-0.004672715709261274,0.04876636837386404,0.017063248448640753,0.042006701548259875,0.0,0.0,1.0,0.0,0.0,0.0,0.0,0.0,0.0,0.0,0.0,0.0,0.4761566893788473
BC_pH7_1,-0.045608556225248,-0.01568628764549351,-0.011224779768887416,-0.03199229793238413,-0.13090404122217517,-0.003842330351876826,-0.007525806865533412,0.06871664538837809,0.016322846435739297,0.04928132701746147,0.0,0.0,1.0,0.0,0.0,0.0,0.0,0.0,0.0,0.0,0.0,0.0,0.48226683949395216
BC_pH7_2,-0.03245297320227584,-0.02063297729392577,-0.010091571880342513,-0.029694737664869297,-0.13407013803275059,0.0008035548288456131,-0.0067589715609083995,0.049380525015294545,0.024618020615661925,0.04643598899002308,0.0,0.0,1.0,0.0,0.0,0.0,0.0,0.0,0.0,0.0,0.0,0.0,0.4811025384560845
BC_pH8_0,-0.04958172091303149,-0.020971205300125095,-0.006729032546281812,-0.035344312102128954,-0.12709386850707233,-0.004965946646204785,-0.0003691262249713362,0.05885866205086526,0.02682683993637077,0.04690643136875461,0.0,0.0,1.0,0.0,0.0,0.0,0.0,0.0,0.0,0.0,0.0,0.0,0.6161936979692529
BC_pH8_1,-0.06755142604567757,-0.016167392276996827,-0.0068568428391185795,-0.03940843043585672,-0.11336920653753309,-0.0006664993047066367,-0.0015425608720144482,0.051859674603759266,0.029185072707579196,0.05205433207867748,0.0,0.0,1.0,0.0,0.0,0.0,0.0,0.0,0.0,0.0,0.0,0.0,0.6417698578516113
BC_pH8_2,-0.0685878994376601,-0.015500409065583804,-0.007352811757313169,-0.0387387626911716,-0.11939517221089613,-0.009350065523151147,0.0030562489467632504,0.062294198317534265,0.025181159970917456,0.055930234501948166,0.0,0.0,1.0,0.0,0.0,0.0,0.0,0.0,0.0,0.0,0.0,0.0,0.6440713470669853
BC_pH9_0,-0.05276447714346906,-0.015432902580410567,-0.007324059318913066,-0.028122432848195666,-0.11576383882971565,-0.0011217821739695,-0.006555745615421431,0.05718844076598306,0.01963600890467996,0.037797508101464955,0.0,0.0,1.0,0.0,0.0,0.0,0.0,0.0,0.0,0.0,0.0,0.0,0.7292859280132171
BC_pH9_1,-0.054853439619562225,-0.01483090008386289,-0.00700045286556301,-0.03275072235290123,-0.10015520082179293,-0.0024495194508167713,-0.004676655472013289,0.03490811639850069,0.021848121739761993,0.047497372031211856,0.0,0.0,1.0,0.0,0.0,0.0,0.0,0.0,0.0,0.0,0.0,0.0,0.7412574926289346
BC_pH9_2,-0.062137481022990604,-0.01832700068677735,-0.007490556654317871,-0.040457496296452435,-0.13695187604095296,-0.0008414904663906165,-0.0036580523781721353,0.07691660169127357,0.019168551079119026,0.06131552161122471,0.0,0.0,1.0,0.0,0.0,0.0,0.0,0.0,0.0,0.0,0.0,0.0,0.747526246417331
BL_pH4_0,-0.028787669460086717,-0.0171784648578614,0.002371158317622282,0.009298325638570215,-0.0721804980636048,-0.0018410154239719976,-0.0020195530727505693,0.038876895990384665,0.02282060398963158,-0.06382306442474542,0.0,0.0,0.0,1.0,0.0,0.0,0.0,0.0,0.0,0.0,0.0,0.0,-0.0016139570379183382
BL_pH4_1,-0.022733821748229476,-0.016784793379433127,0.008073141473628904,0.007735192925142858,-0.06094115626147908,0.0021610228873222407,0.005915457550436258,0.00620923064649105,0.008313744543525186,-0.050411299698905135,0.0,0.0,0.0,1.0,0.0,0.0,0.0,0.0,0.0,0.0,0.0,0.0,0.0004845233155374915
BL_pH4_2,-0.0383076121520413,-0.02395469610822265,0.004002248668314321,0.00883351998768099,-0.0692652584903914,-0.0015646768725760618,0.004425366580000389,0.02952762069767747,0.03185161095153055,-0.05801140432347262,0.0,0.0,0.0,1.0,0.0,0.0,0.0,0.0,0.0,0.0,0.0,0.0,0.001874459798070219
BL_pH5_0,-0.025209371523283744,-0.02130595870113567,0.004729622961224421,0.011100766048564215,-0.0809457577380311,0.00024875486350577585,0.0017629902113390989,0.03223044797494683,0.01773942832430096,-0.05281420348293107,0.0,0.0,0.0,1.0,0.0,0.0,0.0,0.0,0.0,0.0,0.0,0.0,0.05114127579932972
BL_pH5_1,-0.02919333906236874,-0.02096985550941494,0.010098321503028272,0.011029310858120091,-0.07973865895714288,0.0016140765457859495,0.004941694291875413,0.04431148320881894,0.01883124298740016,-0.07338755729446267,0.0,0.0,0.0,1.0,0.0,0.0,0.0,0.0,0.0,0.0,0.0,0.0,0.02446646428818786
BL_pH5_2,-0.02784426743812535,-0.02475816295239265,0.004377824541019356,0.009726679021411617,-0.07455780276178343,0.0007400273264426241,0.0037830571522531288,0.03249410311853431,0.020982776849085224,-0.05740751639332461,0.0,0.0,0.0,1.0,0.0,0.0,0.0,0.0,0.0,0.0,0.0,0.0,0.039343210450552515
BL_pH6_0,-0.03450365255262864,-0.026819031355578612,-0.0008913919752787646,0.01647576498880011,-0.15889591468579098,0.006431191219624295,0.004208979274389213,0.052343420792249566,0.022587855786247092,0.006599497032635238,0.0,0.0,0.0,1.0,0.0,0.0,0.0,0.0,0.0,0.0,0.0,0.0,0.16172687662413934
BL_pH6_1,-0.036583655699277705,-0.021758914159651362,0.004681098243302629,0.015274584141924334,-0.16608633921036248,0.0027607299510956453,0.0012452644150218238,0.05056334311749948,0.021270883231950193,0.016169724544996152,0.0,0.0,0.0,1.0,0.0,0.0,0.0,0.0,0.0,0.0,0.0,0.0,0.20214567479932488
BL_pH6_2,-0.03369058326048696,-0.01938743677476178,0.009517746908873644,0.01493178572222267,-0.17377176564348784,0.0024934218744949803,0.007165548967035568,0.04315043067883539,0.023166886295556376,0.013960683860451633,0.0,0.0,0.0,1.0,0.0,0.0,0.0,0.0,0.0,0.0,0.0,0.0,0.19208393008372077
BL_pH7_0,-0.05640853005461395,-0.02344081658060135,0.0074366103991380175,0.016375338060619395,-0.20997493696196576,0.0033201739916820868,-0.003351031736592239,0.06007477595875768,0.03230582758824787,0.061199308273827906,0.0,0.0,0.0,1.0,0.0,0.0,0.0,0.0,0.0,0.0,0.0,0.0,0.4761566893788473
BL_pH7_1,-0.0666607642299293,-0.006331686431380068,0.0037900324692220796,0.01714905881241936,-0.2166758818693621,-0.0006330779721231586,-0.001187769523214388,0.06653242835208124,0.030838105770678297,0.06071627356010772,0.0,0.0,0.0,1.0,0.0,0.0,0.0,0.0,0.0,0.0,0.0,0.0,0.48226683949395216
BL_pH7_2,-0.05122894350155864,-0.02289820461169534,0.001641784455910648,0.017142228612514295,-0.20964039982377514,-0.004147739035036904,-0.008037549866889804,0.07303490602249363,0.028121761235448982,0.06354887495303282,0.0,0.0,0.0,1.0,0.0,0.0,0.0,0.0,0.0,0.0,0.0,0.0,0.4811025384560845
BL_pH8_0,-0.053034753727362195,-0.018290759619811303,0.006160909497462535,0.0194561855883702,-0.20945653799334144,-0.00275713756194581,-0.0035919953793611247,0.052198982575462884,0.029065432648943814,0.06778639245170937,0.0,0.0,0.0,1.0,0.0,0.0,0.0,0.0,0.0,0.0,0.0,0.0,0.6161936979692529
BL_pH8_1,-0.03748132299267403,-0.02372395115621063,0.00045619114504560335,0.021356196542391962,-0.22853866064151657,0.0003983445380530905,-0.0012587336029695434,0.054484088396977465,0.029907159599597045,0.07193740646678791,0.0,0.0,0.0,1.0,0.0,0.0,0.0,0.0,0.0,0.0,0.0,0.0,0.6417698578516113
BL_pH8_2,-0.06910028090680259,-0.022479853642213606,0.005295431842298608,0.019168509666038603,-0.21690812404631926,0.00028602463598160485,-0.0014868309705153757,0.06292869818457605,0.03453453597329233,0.07529860781181764,0.0,0.0,0.0,1.0,0.0,0.0,0.0,0.0,0.0,0.0,0.0,0.0,0.6440713470669853
BL_pH9_0,-0.07910903725935065,-0.013780789055618579,0.005916833221385985,0.020639336662690924,-0.1892239227959805,-0.0009547972286363016,-0.005471652440686266,0.06005870538217056,0.028277878710676146,0.061184164302666544,0.0,0.0,0.0,1.0,0.0,0.0,0.0,0.0,0.0,0.0,0.0,0.0,0.7292859280132171
BL_pH9_1,-0.04768310226358312,-0.015604610872130999,-0.005431053065694865,0.018646842040445498,-0.24084728413544929,-0.008079193561418872,0.002002845730470575,0.07819864627986173,0.03910983891590782,0.06722378944411225,0.0,0.0,0.0,1.0,0.0,0.0,0.0,0.0,0.0,0.0,0.0,0.0,0.7412574926289346
BL_pH9_2,-0.07392406738322711,-0.023733266943903725,0.006011196628779819,0.01862177815774213,-0.21047725827716618,-0.00023913674704406564,-0.003409787882119414,0.06531785710836234,0.03322804719452625,0.07614135669220401,0.0,0.0,0.0,1.0,0.0,0.0,0.0,0.0,0.0,0.0,0.0,0.0,0.747526246417331
BT_pH4_0,-0.04362285364479961,-0.023065841592564848,0.011571077400737482,-0.034827905014440746,0.0972444107156733,0.0021096873994025838,-0.0010937103598743065,0.049148084681845554,0.02529983832440136,-0.19522606861433414,0.0,0.0,0.0,0.0,1.0,0.0,0.0,0.0,0.0,0.0,0.0,0.0,-0.0016139570379183382
BT_pH4_1,-0.05512617572190482,-0.01605549777513775,0.005569416691508631,-0.03197757118503037,0.09777341747089573,-0.002057257560689166,-0.0034290136022331282,0.05213330026088364,0.027255842852122757,-0.18654974090947735,0.0,0.0,0.0,0.0,1.0,0.0,0.0,0.0,0.0,0.0,0.0,0.0,0.0004845233155374915
BT_pH4_2,-0.04067161420076761,-0.018005673102224645,0.006181533453864573,-0.03120091320825336,0.09636158006873143,0.0022211662722427562,-0.00018232027595134058,0.04166492205518095,0.02145598890421831,-0.19028794958337175,0.0,0.0,0.0,0.0,1.0,0.0,0.0,0.0,0.0,0.0,0.0,0.0,0.001874459798070219
BT_pH5_0,-0.05654148049551345,-0.01935107726097593,0.01229528566478225,-0.042885924459070635,0.10055913127918281,0.009623688647483029,-0.0021309927725435595,0.05511840567417929,0.025822083487823274,-0.1902441463724751,0.0,0.0,0.0,0.0,1.0,0.0,0.0,0.0,0.0,0.0,0.0,0.0,0.05114127579932972
BT_pH5_1,-0.034894042717616855,-0.020829472837605223,0.00655224977526814,-0.04092352383162664,0.09482733247599201,0.0017821879170673044,-0.00312229478225598,0.04467268733226734,0.034114763395982274,-0.21032909867110777,0.0,0.0,0.0,0.0,1.0,0.0,0.0,0.0,0.0,0.0,0.0,0.0,0.02446646428818786
BT_pH5_2,-0.05361106294531212,-0.018734241192148105,0.006038751857071787,-0.03328032719457279,0.09164550265783204,-0.00483832694509107,0.000798440462828653,0.053229464839172104,0.03033353428437335,-0.18999234021378109,0.0,0.0,0.0,0.0,1.0,0.0,0.0,0.0,0.0,0.0,0.0,0.0,0.039343210450552515
BT_pH6_0,-0.05747887052899308,-0.032910851995744124,0.026857067155044358,-0.05658585150786875,0.2239731461117449,0.03136571601458378,0.027370066918513687,0.08005243341155029,0.03838471421324042,0.043565422451811976,0.0,0.0,0.0,0.0,1.0,0.0,0.0,0.0,0.0,0.0,0.0,0.0,0.16172687662413934
BT_pH6_1,-0.08036552761964823,-0.030784860676680906,0.03468918475869071,-0.06351278259378412,0.2673170168880049,0.019388193209331658,0.004988360839855416,0.09822567352579661,0.05335439252849346,0.11990037451943626,0.0,0.0,0.0,0.0,1.0,0.0,0.0,0.0,0.0,0.0,0.0,0.0,0.20214567479932488
BT_pH6_2,-0.07490819035583864,-0.021509728047834797,0.026148711878239462,-0.06758259386026665,0.26317141697377616,0.028910466519022432,0.024680395746482137,0.10049897358833772,0.0407240187652085,0.10560028781547494,0.0,0.0,0.0,0.0,1.0,0.0,0.0,0.0,0.0,0.0,0.0,0.0,0.19208393008372077
BT_pH7_0,-0.12990850844157292,0.011572813875568305,0.030379721909842415,-0.09428800092949328,0.29223141831548316,0.010265454833152828,-0.009164667174058127,0.12045862927870907,0.07031640397789686,0.20536458846647299,0.0,0.0,0.0,0.0,1.0,0.0,0.0,0.0,0.0,0.0,0.0,0.0,0.4761566893788473
BT_pH7_1,-0.13478790751941827,0.029246310937906736,0.03685823684072365,-0.09641314258920429,0.28505731341591023,0.01968794048176674,-0.013961951690118594,0.1062297441156419,0.08118887445929905,0.19300383507071625,0.0,0.0,0.0,0.0,1.0,0.0,0.0,0.0,0.0,0.0,0.0,0.0,0.48226683949395216
BT_pH7_2,-0.13855546729922621,0.02914329497993965,0.03019207839712339,-0.09333094620975949,0.28715373307992903,0.029289754038150217,-0.014963895595308549,0.11281623955937504,0.0678023861342555,0.19679149309557897,0.0,0.0,0.0,0.0,1.0,0.0,0.0,0.0,0.0,0.0,0.0,0.0,0.4811025384560845
BT_pH8_0,-0.16374442532921774,0.007736944820853358,0.027345978269636955,-0.10021993168852412,0.24557629457958363,0.0053027883817887145,-0.024428668141203085,0.12037973138139296,0.06902372367842044,0.14257349323785015,0.0,0.0,0.0,0.0,1.0,0.0,0.0,0.0,0.0,0.0,0.0,0.0,0.6161936979692529
BT_pH8_1,-0.15956094088053088,0.02194601662598713,0.008240744713693864,-0.10510779839859384,0.2368687313017638,0.0040053930923180745,-0.024462531451135864,0.10789693325312566,0.0706705757813609,0.1426286289897626,0.0,0.0,0.0,0.0,1.0,0.0,0.0,0.0,0.0,0.0,0.0,0.0,0.6417698578516113
BT_pH8_2,-0.165615863908973,0.014099607193518592,0.018469973578846655,-0.10601731544522487,0.235904277741666,0.00518727848407529,-0.01989642339090452,0.11578762191489501,0.06128756190447701,0.1418436310841176,0.0,0.0,0.0,0.0,1.0,0.0,0.0,0.0,0.0,0.0,0.0,0.0,0.6440713470669853
BT_pH9_0,-0.1934950940161133,0.01820165627555031,0.01158714851607447,-0.10659876572474349,0.22049939636262533,0.003352851495956598,-0.02839704177463832,0.12011528897868554,0.05907339358945254,0.11554790087590891,0.0,0.0,0.0,0.0,1.0,0.0,0.0,0.0,0.0,0.0,0.0,0.0,0.7292859280132171
BT_pH9_1,-0.18112906925623182,0.015640708763030885,0.021587913115103937,-0.10011530779707041,0.20838955251904934,0.0001836761451609775,-0.02906222192732536,0.11359360229061999,0.05568180699913721,0.10334347014112966,0.0,0.0,0.0,0.0,1.0,0.0,0.0,0.0,0.0,0.0,0.0,0.0,0.7412574926289346
BT_pH9_2,-0.1880018146319882,0.013465246529439867,0.01870458315673244,-0.10748416362775728,0.21317529076791325,0.0021151030122342953,-0.029732099380141697,0.10779187360150817,0.06316464027835299,0.1087507421713647,0.0,0.0,0.0,0.0,1.0,0.0,0.0,0.0,0.0,0.0,0.0,0.0,0.747526246417331
BV_pH4_0,-0.023100150669520002,-0.007368514668196441,0.004499552163457417,-0.023539383551308322,-0.06341633570825925,-0.0029117374761920916,0.00048116129013183275,0.036932399873216844,0.021230405942010488,-0.05527067868889351,0.0,0.0,0.0,0.0,0.0,1.0,0.0,0.0,0.0,0.0,0.0,0.0,-0.0016139570379183382
BV_pH4_1,-0.02872363303221114,-0.014584273773286008,0.006944971666873798,-0.018204646289105654,-0.04982505318870688,-0.00291173747619209,0.000903068227167039,0.04795198009754329,0.014423970669184043,-0.0684379282121992,0.0,0.0,0.0,0.0,0.0,1.0,0.0,0.0,0.0,0.0,0.0,0.0,0.0004845233155374915
BV_pH4_2,-0.026564401091359876,-0.018900767700017796,0.0027449077926576144,-0.018578304169982997,-0.05640358246356735,-0.003951643726019108,0.0018537379315365934,0.03882448059628191,0.0199004737753421,-0.051388182112461205,0.0,0.0,0.0,0.0,0.0,1.0,0.0,0.0,0.0,0.0,0.0,0.0,0.001874459798070219
BV_pH5_0,-0.024159132252325834,-0.019935721890676928,-0.0005514722021863501,-0.01970436626640351,-0.0639681434801415,-0.003992758951676281,-0.0016248290586973674,0.0449510556090947,0.028526229087627784,-0.052004141656115006,0.0,0.0,0.0,0.0,0.0,1.0,0.0,0.0,0.0,0.0,0.0,0.0,0.05114127579932972
BV_pH5_1,-0.01387408558157799,-0.017405097667208835,0.004217318057528008,-0.016438012943886544,-0.0688733349562339,-0.001152352246901264,-0.002034556971579467,0.03593222700889505,0.014605108506410667,-0.04744049481075743,0.0,0.0,0.0,0.0,0.0,1.0,0.0,0.0,0.0,0.0,0.0,0.0,0.02446646428818786
BV_pH5_2,-0.026272988413339075,-0.02261695990946306,0.0032234394281049784,-0.019450247628087905,-0.07302038630065709,-0.0030162869972865216,0.004308905137257407,0.04582774062721949,0.025032512211119354,-0.046479009533220005,0.0,0.0,0.0,0.0,0.0,1.0,0.0,0.0,0.0,0.0,0.0,0.0,0.039343210450552515
BV_pH6_0,-0.03563433750208629,-0.021733466295282475,-0.0008516635000705708,-0.01652930500998121,-0.09435136061505937,-0.008232480336142626,-0.0003450624488861019,0.05457954568504963,0.011299286461232795,-0.0006644377104290153,0.0,0.0,0.0,0.0,0.0,1.0,0.0,0.0,0.0,0.0,0.0,0.0,0.16172687662413934
BV_pH6_1,-0.029277390951452698,-0.0206945946118187,0.005835967380148561,-0.026212650337054035,-0.11188078174266314,-0.007851242273641023,0.0006064150324496226,0.04423716160529496,0.02252685150091091,0.010246982277249517,0.0,0.0,0.0,0.0,0.0,1.0,0.0,0.0,0.0,0.0,0.0,0.0,0.20214567479932488
BV_pH6_2,-0.033386302620132015,-0.03033628288615981,0.011352319113262324,-0.023916781764558474,-0.10279160091511744,-0.009515436763024849,0.0035966356515722427,0.052483532835688934,0.01632833890535909,0.003722296042529788,0.0,0.0,0.0,0.0,0.0,1.0,0.0,0.0,0.0,0.0,0.0,0.0,0.19208393008372077
BV_pH7_0,-0.0344656746941821,-0.024098810374777284,0.0033963690605014556,-0.032348958399227794,-0.15013035015911674,-0.008043395662680272,-0.008309587741513616,0.05913991187031016,0.03070922583867998,0.05168798896281615,0.0,0.0,0.0,0.0,0.0,1.0,0.0,0.0,0.0,0.0,0.0,0.0,0.4761566893788473
BV_pH7_1,-0.05826794518279316,-0.014869767276408234,0.006773195558268092,-0.03372850953054655,-0.12309796141237832,-0.007638251088235693,-0.0071064696122851686,0.064446789322259,0.015834131760765677,0.04519150618990155,0.0,0.0,0.0,0.0,0.0,1.0,0.0,0.0,0.0,0.0,0.0,0.0,0.48226683949395216
BV_pH7_2,-0.04217902962806756,-0.02335844331785389,0.007699271115757848,-0.02719612302015657,-0.143206684878501,-0.008045835332621052,0.0026752442066841162,0.048479375541615084,0.025741367798460563,0.04692757602801303,0.0,0.0,0.0,0.0,0.0,1.0,0.0,0.0,0.0,0.0,0.0,0.0,0.4811025384560845
BV_pH8_0,-0.050772960687096684,-0.016549056677714634,0.0005847648205235589,-0.030429580722247135,-0.17892951385442007,-0.004838756460129567,-0.005235826747249003,0.07872787323476667,0.03827544565676995,0.05670432969846802,0.0,0.0,0.0,0.0,0.0,1.0,0.0,0.0,0.0,0.0,0.0,0.0,0.6161936979692529
BV_pH8_1,-0.0476064256147441,-0.018800389492560344,-0.0028195214275594624,-0.03257850727957229,-0.1361392969127907,-0.004743377753411945,-0.008775941482947571,0.06594508527170705,0.020841508462782137,0.052213584059727904,0.0,0.0,0.0,0.0,0.0,1.0,0.0,0.0,0.0,0.0,0.0,0.0,0.6417698578516113
BV_pH8_2,-0.059904680120272814,-0.008798220188599886,0.0015788812125506605,-0.029240816681159906,-0.12395533064582746,-0.004766882729271184,-0.005302668425214032,0.06065750521567205,0.021629188108946314,0.035639742523553265,0.0,0.0,0.0,0.0,0.0,1.0,0.0,0.0,0.0,0.0,0.0,0.0,0.6440713470669853
BV_pH9_0,-0.03998375944104855,-0.006382121187027381,0.0008973251181938079,-0.03892153420303341,-0.12025817236903573,-0.005175447548618136,-0.006708955923297807,0.05115095480426175,0.01662212902599055,0.03629630140798247,0.0,0.0,0.0,0.0,0.0,1.0,0.0,0.0,0.0,0.0,0.0,0.0,0.7292859280132171
BV_pH9_1,-0.066891055819376,-0.02219439838688983,0.005176065656882914,-0.033854362115911814,-0.10396028512481437,-0.005449746030018381,-0.007208434621722478,0.06137465983993656,0.015891779979043036,0.044652495138023204,0.0,0.0,0.0,0.0,0.0,1.0,0.0,0.0,0.0,0.0,0.0,0.0,0.7412574926289346
BV_pH9_2,-0.07386614842137891,-0.019971222368109488,0.004660738410590136,-0.026083369027499276,-0.1305718939099461,-0.00549077879394526,-0.0031136745819821936,0.06318286909701547,0.020457152375627462,0.05833304526122367,0.0,0.0,0.0,0.0,0.0,1.0,0.0,0.0,0.0,0.0,0.0,0.0,0.747526246417331
CC_pH4_0,-0.023282632926155043,-0.015597387898875324,0.002546754242123469,-0.01761003763941319,-0.06825814734395268,-0.003366216872008924,0.0010716706251158662,0.043691861780522305,0.016061724546648885,-0.04772086957550568,0.0,0.0,0.0,0.0,0.0,0.0,1.0,0.0,0.0,0.0,0.0,0.0,0.0032572508755295392
CC_pH4_1,-0.023657320873487903,-0.014182657479187072,0.003685128564096016,-0.01715869289883615,-0.05148510868539628,-0.0005934136630157426,0.0011541068270478556,0.028957085218280554,0.0073023634456583966,-0.04648477151665999,0.0,0.0,0.0,0.0,0.0,0.0,1.0,0.0,0.0,0.0,0.0,0.0,-0.004437627208196163
CC_pH4_2,-0.026784478010123847,-0.00938578184572575,0.0013595804547810045,-0.018929748306374835,-0.056503174021516146,-0.007098897291428369,0.0016487240386397937,0.04298932053796623,0.021357975594456423,-0.06111680221217481,0.0,0.0,0.0,0.0,0.0,0.0,1.0,0.0,0.0,0.0,0.0,0.0,0.0011803763326671925
CC_pH5_0,-0.02708513887801572,-0.021793187745725327,0.0018016943485354593,-0.013273291605646194,-0.05203624336453884,-0.0022429201581879795,0.0005849921104052798,0.03572231252718231,0.013613853912557596,-0.0477553522080669,0.0,0.0,0.0,0.0,0.0,0.0,1.0,0.0,0.0,0.0,0.0,0.0,0.08114687964645667
CC_pH5_1,-0.02988246025355613,-0.03108512438388299,0.0028512007654037173,-0.022415814968230936,-0.06535621650597973,-0.006497104736449927,-0.0007843041266112226,0.04779915302789405,0.02262174184596085,-0.029714351726048024,0.0,0.0,0.0,0.0,0.0,0.0,1.0,0.0,0.0,0.0,0.0,0.0,0.11230826956373989
CC_pH5_2,-0.019525852114488575,-0.028694028225524925,0.005328192999586463,-0.013687811259828186,-0.053990993226432915,-0.0020552025194806246,-0.0009640768073175273,0.025891543311350376,0.008765120009446275,-0.033530173684753806,0.0,0.0,0.0,0.0,0.0,0.0,1.0,0.0,0.0,0.0,0.0,0.0,0.09911694942295314
CC_pH6_0,-0.043099021445757335,-0.02280081384693799,0.00649869564637218,-0.024746047803200787,-0.1467814733596195,-0.0029799847987116036,0.004298598714091855,0.071764279680691,0.012910364088804827,0.032472122062767006,0.0,0.0,0.0,0.0,0.0,0.0,1.0,0.0,0.0,0.0,0.0,0.0,0.2884225051673924
CC_pH6_1,-0.029959826391473737,-0.04250850852943309,0.006678800813894231,-0.02828232598450521,-0.16117295358046563,0.0031351253714250486,0.003614520864642183,0.06760518815145708,0.026208908158637904,0.042217790064320956,0.0,0.0,0.0,0.0,0.0,0.0,1.0,0.0,0.0,0.0,0.0,0.0,0.29127362738877827
CC_pH6_2,-0.029804585525037154,-0.04729501664759996,0.008229919422174924,-0.01624395623418462,-0.15034147094206315,-0.0008608520239510635,0.003672320266132769,0.07255990019554029,0.020093092289550796,0.02752736813793687,0.0,0.0,0.0,0.0,0.0,0.0,1.0,0.0,0.0,0.0,0.0,0.0,0.2957269459022493
CC_pH7_0,-0.03405233616292801,-0.013665355077094357,0.005267344861817747,-0.03735965275894042,-0.17088858158044196,-0.0018671227428738199,0.003949345836172934,0.055960418362089474,0.021492396723883953,0.05870026097470975,0.0,0.0,0.0,0.0,0.0,0.0,1.0,0.0,0.0,0.0,0.0,0.0,0.5922068579302491
CC_pH7_1,-0.04448391881406955,-0.02481556279382304,0.005460383389954982,-0.02458976548043607,-0.1678687712388194,0.0031220616497423326,0.0034476392659480173,0.0630484428232455,0.020023236466247745,0.0541929736705092,0.0,0.0,0.0,0.0,0.0,0.0,1.0,0.0,0.0,0.0,0.0,0.0,0.5480973412378645
CC_pH7_2,-0.0372497205901891,-0.01748587243157722,0.0048637476940031924,-0.0311763890893401,-0.15586100796095867,-0.005899388835886896,0.003587536033971801,0.052560729997273056,0.02673707285450528,0.04746001126669834,0.0,0.0,0.0,0.0,0.0,0.0,1.0,0.0,0.0,0.0,0.0,0.0,0.5469120935714209
CC_pH8_0,-0.07874427201833738,-0.02576240306315215,0.008625049849000315,-0.02970775845055671,-0.1301914920475658,-0.004957341787445806,0.004073763503085658,0.050062745310285164,0.029131286689282762,0.06500714095390361,0.0,0.0,0.0,0.0,0.0,0.0,1.0,0.0,0.0,0.0,0.0,0.0,0.8455353071301549
CC_pH8_1,-0.055821161460657805,-0.006862862744044675,0.007231772013777946,-0.031923073207473625,-0.1432300412770279,-0.00946957481134197,0.006815098988135222,0.053594519112907024,0.022960079763813514,0.044241962212178375,0.0,0.0,0.0,0.0,0.0,0.0,1.0,0.0,0.0,0.0,0.0,0.0,0.8378107178569503
CC_pH8_2,-0.059329573208385174,-0.01718455707451896,0.00357633332580166,-0.034363451430412084,-0.14612900168209783,-0.0022150786516621055,0.005709572978641676,0.06060542829739658,0.023983495322501526,0.05288355106123438,0.0,0.0,0.0,0.0,0.0,0.0,1.0,0.0,0.0,0.0,0.0,0.0,0.8442380625189879
CC_pH9_0,-0.05883797127874972,-0.0024512546436618226,0.0045889081998282824,-0.0406531256125511,-0.16531291493619585,-0.0008232376185934186,0.005374964073543315,0.07275962803472318,0.03602003297910256,0.03687168930859669,0.0,0.0,0.0,0.0,0.0,0.0,1.0,0.0,0.0,0.0,0.0,0.0,1.003926186226973
CC_pH9_1,-0.06187392161794656,0.008050936739284387,0.00688190742780495,-0.03825906213899346,-0.1405149161503853,0.001372609990648925,0.007146403602445904,0.04882616203075842,0.02776325988036621,0.02814333877364255,0.0,0.0,0.0,0.0,0.0,0.0,1.0,0.0,0.0,0.0,0.0,0.0,0.9964236708955914
CC_pH9_2,-0.053813121660572026,-0.01756370029331225,-0.0013499002608106181,-0.03690429857122185,-0.15181964719931235,-0.00939167179025548,0.006550806406480464,0.07286496606938864,0.039493957421054014,0.039469328817061104,0.0,0.0,0.0,0.0,0.0,0.0,1.0,0.0,0.0,0.0,0.0,0.0,0.9996501428774356
DF_pH4_0,-0.02354289178898477,-0.012885817712901726,0.00607515189331025,-0.01896933204696879,-0.035220756113286254,0.004150032364236919,0.0019858412750308274,-0.006956455734274959,0.013104296898388346,-0.040203350235748544,0.0,0.0,0.0,0.0,0.0,0.0,0.0,1.0,0.0,0.0,0.0,0.0,-0.0016139570379183382
DF_pH4_1,-0.01846858191567109,-0.01392008314496311,0.0070651425676339355,-0.016271497947771267,-0.042455399747452015,0.0024021993439806537,0.005801254367536824,-0.0057970464452291315,0.008455128693224295,-0.03927439500658734,0.0,0.0,0.0,0.0,0.0,0.0,0.0,1.0,0.0,0.0,0.0,0.0,0.0004845233155374915
DF_pH4_2,-0.017409240083526012,-0.015043434899948213,0.0048243183237702955,-0.01757069524863492,-0.04157419566753442,0.0033071737240433024,0.0031955102679279176,-0.005797046445229132,0.014417576306782988,-0.040813245429940845,0.0,0.0,0.0,0.0,0.0,0.0,0.0,1.0,0.0,0.0,0.0,0.0,0.001874459798070219
DF_pH5_0,-0.018411301929584668,-0.01902816111829294,0.007150333998319895,-0.015642628811461768,-0.050217987169795066,0.0026817435216482557,0.005539630087011534,-0.007007849798740256,0.014752713711932305,-0.03227977294758286,0.0,0.0,0.0,0.0,0.0,0.0,0.0,1.0,0.0,0.0,0.0,0.0,0.05114127579932972
DF_pH5_1,-0.021012047987593263,-0.01687456303883506,0.006694199535185874,-0.023685628059522613,-0.04543346969856193,0.00224900030530989,-0.00014530864281013018,-0.006785956485925809,0.01159217069492392,-0.01906167712487766,0.0,0.0,0.0,0.0,0.0,0.0,0.0,1.0,0.0,0.0,0.0,0.0,0.02446646428818786
DF_pH5_2,-0.008338536860259331,-0.03012691496911904,0.0055536899786523515,-0.017295872007051242,-0.041461169777600004,0.0037736568915779163,0.004637993453272982,-0.004495418550365644,0.01299681432201001,-0.03770752306561917,0.0,0.0,0.0,0.0,0.0,0.0,0.0,1.0,0.0,0.0,0.0,0.0,0.039343210450552515
DF_pH6_0,-0.02971569489080297,-0.015628559024518596,0.01053083155506655,-0.020087130013448393,-0.0652096788338183,0.005662437299185472,0.00465393919457236,-0.010968444454281226,0.01160702400597865,-0.003308005119552431,0.0,0.0,0.0,0.0,0.0,0.0,0.0,1.0,0.0,0.0,0.0,0.0,0.16172687662413934
DF_pH6_1,-0.020929952169889996,-0.02195036822363086,0.005777546894615111,-0.024061111862082846,-0.07161515935587331,0.0031702592292719546,0.003413092852367654,-0.012536916547738338,0.015993075708494234,0.010276252412966086,0.0,0.0,0.0,0.0,0.0,0.0,0.0,1.0,0.0,0.0,0.0,0.0,0.20214567479932488
DF_pH6_2,-0.02124427283668648,-0.019602760522140435,0.0006604471049554969,-0.021003606309709343,-0.06975944663519443,0.008026786643971242,0.0007466965500751252,-0.011298764083210544,0.013079966734892326,0.007931672291546735,0.0,0.0,0.0,0.0,0.0,0.0,0.0,1.0,0.0,0.0,0.0,0.0,0.19208393008372077
DF_pH7_0,-0.025637547341377843,-0.02885144616456946,0.012807280296945698,-0.026200998075630352,-0.0925811418807944,-3.0201394920763895e-05,-0.0006777082930278526,-0.013607410784891763,0.021728793535705494,0.04058710108308688,0.0,0.0,0.0,0.0,0.0,0.0,0.0,1.0,0.0,0.0,0.0,0.0,0.4761566893788473
DF_pH7_1,-0.039031380789111496,-0.01549017650358703,0.008976029474490688,-0.023331529498100283,-0.09186842287607166,0.0022708632699821292,-0.0003070229646223401,-0.015389282779525153,0.014936734426604665,0.04677090852723821,0.0,0.0,0.0,0.0,0.0,0.0,0.0,1.0,0.0,0.0,0.0,0.0,0.48226683949395216
DF_pH7_2,-0.030020039216615262,-0.015883229879824365,0.01345435373991242,-0.027854736102340016,-0.09544094359542686,-0.0020275449766979925,0.0018518145078712188,-0.01243344239931068,0.016683542121849634,0.039206945174778615,0.0,0.0,0.0,0.0,0.0,0.0,0.0,1.0,0.0,0.0,0.0,0.0,0.4811025384560845
DF_pH8_0,-0.02763961282153817,-0.027542854585968283,0.0031753920381078914,-0.02593753633413302,-0.07822642666611658,0.002571464865468441,0.002466902959605921,-0.012909743325865789,0.01510094563719695,0.03647818717174232,0.0,0.0,0.0,0.0,0.0,0.0,0.0,1.0,0.0,0.0,0.0,0.0,0.6161936979692529
DF_pH8_1,-0.041272123654818416,-0.012145933325847857,0.007466897967312,-0.03218134096540187,-0.08408586948583632,0.0050157336706457565,0.0038047396172971822,-0.015609605128512427,0.019662824542788063,0.036881395700873565,0.0,0.0,0.0,0.0,0.0,0.0,0.0,1.0,0.0,0.0,0.0,0.0,0.6417698578516113
DF_pH8_2,-0.0406328573288477,-0.01506041662686545,0.0066027310770004986,-0.032275661655256284,-0.0793265041210891,0.00020174610894173312,0.004856069914632194,-0.012988587847465404,0.021226899757495386,0.03493329965995382,0.0,0.0,0.0,0.0,0.0,0.0,0.0,1.0,0.0,0.0,0.0,0.0,0.6440713470669853
DF_pH9_0,-0.04052858191744788,-0.009377870562729306,0.0024067459338466108,-0.03024953691491291,-0.08365713572575022,0.00337597281915014,0.0007854927505326013,-0.011913077027091516,0.017026648560295937,0.03966806033747676,0.0,0.0,0.0,0.0,0.0,0.0,0.0,1.0,0.0,0.0,0.0,0.0,0.7292859280132171
DF_pH9_1,-0.05332878756134406,-0.03034623215501399,0.0069084045805199,-0.025703426031395787,-0.06711833149154225,0.002002450984740713,0.0018078919113411179,-0.011372305799032683,0.017189446648825765,0.04749760882362075,0.0,0.0,0.0,0.0,0.0,0.0,0.0,1.0,0.0,0.0,0.0,0.0,0.7412574926289346
DF_pH9_2,-0.044234448236858716,-0.014286774273799813,0.002739498139885457,-0.019714575726133977,-0.08085603339273645,0.002643005786787557,-0.0022837965129672197,-0.011265093110420786,0.01445449125993511,0.04034044500480852,0.0,0.0,0.0,0.0,0.0,0.0,0.0,1.0,0.0,0.0,0.0,0.0,0.747526246417331
comm11_4_1,0.04926918876823039,0.03945065655583596,-0.003754683879366065,0.026168597622815034,0.17604876491018445,0.01213327785488218,-0.0008158003638053044,-0.1163222970951187,0.026368981177878115,-0.334788935327214,1.0,1.0,1.0,1.0,1.0,1.0,1.0,1.0,0.0,0.0,0.0,0.0,-0.0016139570379183382
comm11_4_2,0.09828605829353405,0.04160461725444411,-0.014018408644580002,0.04118053383133171,0.16327740404248728,0.0021757513286707816,-0.01615120369536073,-0.10569070897247318,0.028315371731701105,-0.3644464775095896,1.0,1.0,1.0,1.0,1.0,1.0,1.0,1.0,0.0,0.0,0.0,0.0,0.0004845233155374915
comm11_4_3,0.09590071910303895,0.04388543610562287,-0.03153536309083194,0.03922458409534201,0.1559778871668665,-0.0041287183405264586,-0.01230938058326264,-0.09278584161712589,0.030706421799309887,-0.34988936037675517,1.0,1.0,1.0,1.0,1.0,1.0,1.0,1.0,0.0,0.0,0.0,0.0,0.001874459798070219
comm11_4_4,0.10095989304635186,0.020714558274282712,-0.012545733427142968,0.04852191265773675,0.1371777520681043,0.0014964461450100574,-0.019222385604541918,-0.07102100711275376,0.029432855744886643,-0.3591958299277188,1.0,1.0,1.0,1.0,1.0,1.0,1.0,1.0,0.0,0.0,0.0,0.0,0.0053181834532889495
comm11_5_1,0.08183278913933621,0.047952770886173404,-0.026286569134048796,0.053607742382901835,0.18180661043010496,-0.010926954411577594,-0.017042257290778927,-0.1251185232969811,0.028907451342548365,-0.3111641272392286,1.0,1.0,1.0,1.0,1.0,1.0,1.0,1.0,0.0,0.0,0.0,0.0,0.05114127579932972
comm11_5_2,0.04231833591449845,0.036818751177102656,-0.030429294005279297,0.043377242904844814,0.15523508966110805,-0.007981728258664196,-0.02115391053016419,-0.05000508414601665,0.024880926862116085,-0.3079373994708548,1.0,1.0,1.0,1.0,1.0,1.0,1.0,1.0,0.0,0.0,0.0,0.0,0.02446646428818786
comm11_5_3,0.04929601335452626,0.014772355900267549,-0.03367846141690793,0.041733590281446985,0.161569899049709,0.005416957461072693,-0.02399434609055195,-0.06247427499164705,0.026989063726049728,-0.285176853138508,1.0,1.0,1.0,1.0,1.0,1.0,1.0,1.0,0.0,0.0,0.0,0.0,0.039343210450552515
comm11_5_4,0.03845292797170417,0.03501545778576933,-0.015190462545977668,0.05058022839219673,0.1910785018120203,-0.003713569157230465,-0.034409195006136664,-0.0991073676994394,0.028533667715104377,-0.3037356192697569,1.0,1.0,1.0,1.0,1.0,1.0,1.0,1.0,0.0,0.0,0.0,0.0,0.02826352230444504
comm11_6_1,0.13368879686312182,0.10781911412415943,-0.032929308540795156,0.08369200182248555,0.2463503486013201,-0.02599146196740153,-0.030291260524409943,-0.19203889590485584,0.045566779136981664,-0.1018773373105037,1.0,1.0,1.0,1.0,1.0,1.0,1.0,1.0,0.0,0.0,0.0,0.0,0.16172687662413934
comm11_6_2,0.18031386198091276,0.12485088380276348,-0.046520739439469966,0.1264508091702895,0.30401042886159335,-0.021401147855769683,-0.01759655675506623,-0.2579129532584921,0.046430148357403986,-0.024395863902350167,1.0,1.0,1.0,1.0,1.0,1.0,1.0,1.0,0.0,0.0,0.0,0.0,0.20214567479932488
comm11_6_3,0.1410742898548589,0.12387641589683678,-0.05216584023736094,0.12004557717773735,0.30151905756605696,-0.02285030550890319,-0.014830451986711955,-0.2228258921556256,0.0433834716398269,-0.02725898549892008,1.0,1.0,1.0,1.0,1.0,1.0,1.0,1.0,0.0,0.0,0.0,0.0,0.19208393008372077
comm11_6_4,0.12219244770685452,0.15280503417972635,-0.055838423799925846,0.14524856540840111,0.3066591197871804,-0.023830055347643774,-0.018592423426149328,-0.23452327845759854,0.04541268879284516,-0.05100555176846683,1.0,1.0,1.0,1.0,1.0,1.0,1.0,1.0,0.0,0.0,0.0,0.0,0.19174196501252805
comm11_7_1,0.2811975240529231,0.1287352136154052,-0.030883499796340322,0.16966119735623184,0.46592454253493437,-0.0022537098128510642,-0.02710256499258558,-0.5146886579854333,0.06606483772538767,0.2119050851547282,1.0,1.0,1.0,1.0,1.0,1.0,1.0,1.0,0.0,0.0,0.0,0.0,0.4761566893788473
comm11_7_2,0.24332944441809437,0.18361979659019123,-0.03530974452039631,0.14971093752320205,0.4381693492096888,0.002723737859329136,-0.014708870052278998,-0.4731323428263726,0.06258686503861101,0.2016330717333957,1.0,1.0,1.0,1.0,1.0,1.0,1.0,1.0,0.0,0.0,0.0,0.0,0.48226683949395216
comm11_7_3,0.2501009111970906,0.14908314954044052,-0.038170294448652366,0.14898403141283148,0.42223357647272725,-0.015118955704383564,-0.03808202384606651,-0.40701168848464836,0.06257709820491626,0.22197305914075313,1.0,1.0,1.0,1.0,1.0,1.0,1.0,1.0,0.0,0.0,0.0,0.0,0.4811025384560845
comm11_7_4,0.2286976725956344,0.13937275490764042,-0.022258436232197875,0.1586995618033182,0.48330954778919244,0.0189013519613882,-0.004306779297919059,-0.5516491237965047,0.06455549639993871,0.24124681735451786,1.0,1.0,1.0,1.0,1.0,1.0,1.0,1.0,0.0,0.0,0.0,0.0,0.4811025384560845
comm11_8_1,0.2878814183831539,0.12474694501466888,-0.038015834009477306,0.21681136979316565,0.5260191322806413,-0.028609069309440332,0.014196706031165685,-0.47804680483294226,0.08114495938076922,0.2885691796998372,1.0,1.0,1.0,1.0,1.0,1.0,1.0,1.0,0.0,0.0,0.0,0.0,0.6161936979692529
comm11_8_2,0.31664746180035,0.10285171068030528,-0.026746613032832413,0.21365422283582713,0.5151168859195288,-0.025415995679390818,-0.012845558425937955,-0.44169395830563235,0.09067672030453608,0.3075368875499977,1.0,1.0,1.0,1.0,1.0,1.0,1.0,1.0,0.0,0.0,0.0,0.0,0.6417698578516113
comm11_8_3,0.29438475089856303,0.09865789917905043,-0.04530375587349027,0.2259885118830867,0.46652857099902695,-0.029664640831153676,-0.0010890345176196104,-0.32755405671469384,0.07132222455399838,0.2905675093562384,1.0,1.0,1.0,1.0,1.0,1.0,1.0,1.0,0.0,0.0,0.0,0.0,0.6440713470669853
comm11_8_4,0.2832225522959767,0.09828534359638778,-0.05053510939317715,0.216769765288893,0.45467090355880224,-0.019833513882780526,0.003712708903476602,-0.33556765576865033,0.07349574642924023,0.3116963769278853,1.0,1.0,1.0,1.0,1.0,1.0,1.0,1.0,0.0,0.0,0.0,0.0,0.6395779816459941
comm11_9_1,0.3095169395493829,0.09844801863736431,-0.016802423620677517,0.19556126138600324,0.5599503804129832,0.004124589324523877,-0.0037826804454316964,-0.38261103605021435,0.08832593970486652,0.3413160592862203,1.0,1.0,1.0,1.0,1.0,1.0,1.0,1.0,0.0,0.0,0.0,0.0,0.7292859280132171
comm11_9_2,0.3496523953939828,0.08458758349530397,-0.01142072502037752,0.21218758861169865,0.4626785042084267,0.019517799932307203,0.00853521774806404,-0.3856379229142127,0.08968759410063049,0.3853616794840555,1.0,1.0,1.0,1.0,1.0,1.0,1.0,1.0,0.0,0.0,0.0,0.0,0.7412574926289346
comm11_9_3,0.2685462292455865,0.1232680845013617,-0.027528783741164135,0.26176100930259766,0.4866777349996339,-0.01019390971703537,0.0010152306178908609,-0.34502306835624674,0.08332567913477995,0.3773182660638881,1.0,1.0,1.0,1.0,1.0,1.0,1.0,1.0,0.0,0.0,0.0,0.0,0.747526246417331
comm11_9_4,0.38430043290106003,0.05237106981160848,-0.012432873420538774,0.1934234673017636,0.49582147870961896,0.027675401813593566,0.027382661323468,-0.37833810719418454,0.07898000356417309,0.34534033145917503,1.0,1.0,1.0,1.0,1.0,1.0,1.0,1.0,0.0,0.0,0.0,0.0,0.7409024335149471
